"Time_Iter","Inner_Iter",    "rms[Rho]"    ,    "rms[RhoU]"   ,    "rms[RhoV]"   ,    "rms[RhoE]"   ,     "rms[nu]"    ,    "RefForce"    ,       "CD"       ,       "CL"       ,       "CSF"      ,       "CMx"      ,       "CMy"      ,       "CMz"      ,       "CFx"      ,       "CFy"      ,       "CFz"      ,      "CEff"      ,     "Buffet"     ,   "relrms[Rho]"  ,  "relrms[RhoU]"  ,  "relrms[RhoV]"  ,  "relrms[RhoE]"  ,   "relrms[nu]"   , "tavg[RefForce]" ,    "tavg[CD]"    ,    "tavg[CL]"    ,    "tavg[CSF]"   ,    "tavg[CMx]"   ,    "tavg[CMy]"   ,    "tavg[CMz]"   ,    "tavg[CFx]"   ,    "tavg[CFy]"   ,    "tavg[CFz]"   ,   "tavg[CEff]"   ,  "tavg[Buffet]"  ,"Cauchy[tavg[CD]]","Cauchy[tavg[CL]]"
          0,           9,      -6.159734147,      -3.466142484,      -3.305351806,    -0.09893181358,      -2.447831421,      0.9329898399,       1.229739706,       2.473386831,                 0,                 0,                 0,      0.5521883011,      0.4528576052,       2.724852684,                 0,       2.011309238,     0.06508206543,      -1.459604847,      -3.417826471,      -2.838283755,      -2.069348612,      -5.050322256,                 0,                 0,                 0,                 0,                 0,                 0,                 0,                 0,                 0,                 0,                 0,                 0,                 1,                 1
          1,           9,      -7.622590822,      -4.111163204,       -3.81820154,      -1.832644845,      -2.794294771,      0.9329898399,      0.5103898522,       1.375413038,                 0,                 0,                 0,      0.0714857205,     0.08595638834,       1.464537581,                 0,        2.69482834,      0.1104406076,      -1.944522618,     -0.9040201512,      -0.776746589,      -1.709795205,     -0.8255545805,                 0,                 0,                 0,                 0,                 0,                 0,                 0,                 0,                 0,                 0,                 0,                 0,                 1,                 1
          2,           9,      -7.746363053,      -4.028728305,      -3.837067432,      -1.924199391,      -2.841673836,      0.9329898399,      0.2494570712,      0.8003682688,                 0,                 0,                 0,      -0.160780253,    0.004551948457,      0.8383301711,                 0,       3.208440895,      0.5359051182,      -2.079984964,     -0.9618220421,     -0.7656646329,      -1.727277019,     -0.7716774809,                 0,                 0,                 0,                 0,                 0,                 0,                 0,                 0,                 0,                 0,                 0,                 0,                 1,                 1
          3,           9,       -7.85163479,        -4.0406265,      -3.914579491,      -1.878953852,       -2.92450339,      0.9329898399,      0.2072788579,      0.7293292556,                 0,                 0,                 0,     -0.1498455147,    -0.01501348019,      0.7580635088,                 0,       3.518589706,      0.8007033241,      -2.258097356,      -1.005536193,     -0.8502297792,      -1.756489965,     -0.8509595822,                 0,                 0,                 0,                 0,                 0,                 0,                 0,                 0,                 0,                 0,                 0,                 0,                 1,                 1
          4,           9,      -8.014151849,      -4.088243955,      -4.107432896,      -1.966903328,      -2.958853105,      0.9329898399,      0.2719701252,      0.9025670866,                 0,                 0,                 0,     -0.0556672014,   -0.003798753565,      0.9426455666,                 0,       3.318625846,      0.9258497719,       -2.46883401,      -1.070245241,       -1.07957924,      -1.892563836,      -0.904176891,                 0,                 0,                 0,                 0,                 0,                 0,                 0,                 0,                 0,                 0,                 0,                 0,                 1,                 1
          5,           9,      -8.061743227,      -4.156284472,      -4.284018564,      -2.091501248,      -3.190732541,      0.9329898399,      0.3503285129,       1.105875758,                 0,                 0,                 0,     0.02092831157,     0.01169404262,       1.159980391,                 0,       3.156682133,      0.9615301931,      -2.555888008,      -1.152283102,      -1.296866155,      -2.055694625,      -1.163634128,                 0,                 0,                 0,                 0,                 0,                 0,                 0,                 0,                 0,                 0,                 0,                 0,                 1,                 1
          6,           9,      -8.082294746,      -4.207085455,      -4.337679827,      -2.228243271,       -3.19741795,      0.9329898399,      0.4039446269,       1.245560607,                 0,                 0,                 0,     0.06153135157,     0.02212748993,       1.309237511,                 0,       3.083493439,      0.9763525117,       -2.60987528,      -1.222080606,      -1.388226664,      -2.225809767,      -1.195286353,                 0,                 0,                 0,                 0,                 0,                 0,                 0,                 0,                 0,                 0,                 0,                 0,                 1,                 1
          7,           9,       -8.11119616,      -4.269585581,      -4.440792316,      -2.384087039,      -3.463857995,      0.9329898399,      0.4349732403,       1.322849168,                 0,                 0,                 0,     0.08799824424,     0.02920331193,       1.392220819,                 0,       3.041219657,      0.9857780004,       -2.66479075,       -1.31268855,      -1.521186485,      -2.408781366,      -1.484399536,                 0,                 0,                 0,                 0,                 0,                 0,                 0,                 0,                 0,                 0,                 0,                 0,                 1,                 1
          8,           9,      -8.143374214,      -4.312779096,      -4.502251977,      -2.500159272,      -3.776045747,      0.9329898399,      0.4602129029,       1.370444056,                 0,                 0,                 0,      0.1153146931,     0.03942472303,       1.445115399,                 0,       2.977847963,      0.9920502591,      -2.717215268,      -1.389341053,      -1.606240864,      -2.546790538,      -1.815086979,                 0,                 0,                 0,                 0,                 0,                 0,                 0,                 0,                 0,                 0,                 0,                 0,                 1,                 1
          9,           9,      -8.138662975,      -4.341769354,      -4.575258754,      -2.553015999,      -3.851406411,      0.9329898399,      0.4898783552,       1.412084671,                 0,                 0,                 0,       0.147744902,     0.05561939834,       1.493609857,                 0,       2.882521051,        1.00030076,      -2.728201015,      -1.451605697,      -1.699149544,      -2.617182784,       -1.90890939,                 0,                 0,                 0,                 0,                 0,                 0,                 0,                 0,                 0,                 0,                 0,                 0,                 1,                 1
         10,           9,      -8.187379752,      -4.354129211,      -4.528554382,      -2.550642133,      -4.076823113,      0.9329898399,      0.5241087204,       1.450837294,                 0,                 0,                 0,      0.1835007077,     0.07702388903,       1.540677164,                 0,       2.768199111,       1.000219243,      -2.788676034,      -1.493631754,      -1.671015642,      -2.628338333,      -2.151304082,                 0,                 0,                 0,                 0,                 0,                 0,                 0,                 0,                 0,                 0,                 0,                 0,                 1,                 1
         11,           9,      -8.219134439,      -4.362121092,      -4.324678182,      -2.494050266,      -4.234164433,      0.9329898399,      0.5572791093,       1.476563786,                 0,                 0,                 0,      0.2170671301,      0.1012231914,       1.574977614,                 0,       2.649594721,      0.8920558938,       -2.82898308,      -1.526604989,      -1.485650227,      -2.581930164,      -2.321615953,                 0,                 0,                 0,                 0,                 0,                 0,                 0,                 0,                 0,                 0,                 0,                 0,                 1,                 1
         12,           9,      -8.179721396,      -4.380639384,      -4.125524603,      -2.435801707,      -4.325234831,      0.9329898399,      0.5829668154,       1.475343629,                 0,                 0,                 0,      0.2415757343,      0.1261452063,       1.581321131,                 0,       2.530750619,      0.8164060723,      -2.795634643,      -1.565921111,      -1.305302203,      -2.531260204,      -2.428659679,                 0,                 0,                 0,                 0,                 0,                 0,                 0,                 0,                 0,                 0,                 0,                 0,                 1,                 1
         13,           9,      -8.089330066,      -4.405187887,      -3.973366951,      -2.363279967,      -3.935417722,      0.9329898399,      0.5962323325,       1.435776588,                 0,                 0,                 0,      0.2513336526,      0.1503993665,       1.547361443,                 0,       2.408082404,      0.8163270245,      -2.709289737,      -1.608194695,      -1.172029243,      -2.464239003,      -2.051034935,                 0,                 0,                 0,                 0,                 0,                 0,                 0,                 0,                 0,                 0,                 0,                 0,                 1,                 1
         14,           9,      -8.004057356,      -4.391007844,       -3.87619555,       -2.25249534,      -3.709641888,      0.9329898399,      0.5948006544,       1.352718603,                 0,                 0,                 0,      0.2439295881,      0.1733140507,       1.467514115,                 0,       2.274238593,      0.7702837366,      -2.626439629,      -1.609899158,      -1.093330404,        -2.3573319,      -1.843340935,                 0,                 0,                 0,                 0,                 0,                 0,                 0,                 0,                 0,                 0,                 0,                 0,                 1,                 1
         15,           9,      -7.962978634,      -4.272666302,      -3.815582392,      -2.121298536,      -3.592870938,      0.9329898399,      0.5788061053,       1.227460629,                 0,                 0,                 0,      0.2190368456,      0.1946402748,       1.343052965,                 0,       2.120676713,      0.7170014816,      -2.586734345,      -1.506563639,      -1.050420328,      -2.228988171,      -1.746737241,                 0,                 0,                 0,                 0,                 0,                 0,                 0,                 0,                 0,                 0,                 0,                 0,                 1,                 1
         16,           9,      -7.927204433,      -4.115394224,      -3.813893224,      -2.000755332,      -3.657205387,      0.9329898399,      0.5526271156,       1.074922746,                 0,                 0,                 0,      0.1840952209,      0.2142029433,       1.189526266,                 0,       1.945114012,      0.6333248038,      -2.551706539,      -1.364195491,      -1.065739573,      -2.110686469,      -1.839333554,                 0,                 0,                 0,                 0,                 0,                 0,                 0,                 0,                 0,                 0,                 0,                 0,                 1,                 1
         17,           9,      -7.874164524,      -3.993635045,      -3.844466911,      -1.921724275,      -3.715755939,      0.9329898399,      0.5181229874,      0.9083884774,                 0,                 0,                 0,       0.141194664,      0.2298963893,       1.020180722,                 0,       1.753229445,      0.5825927054,       -2.49916768,      -1.258006451,      -1.112987604,      -2.033668332,      -1.937774505,                 0,                 0,                 0,                 0,                 0,                 0,                 0,                 0,                 0,                 0,                 0,                 0,                 1,                 1
         18,           9,      -7.809706127,      -3.923529714,      -3.916325201,       -1.89673021,      -3.758438297,      0.9329898399,      0.4865970417,      0.7635859332,                 0,                 0,                 0,      0.1075451117,      0.2420841443,      0.8724880661,                 0,       1.569236694,      0.4964447808,      -2.435506348,       -1.20450531,      -1.202100921,      -2.010933144,      -2.032503344,                 0,                 0,                 0,                 0,                 0,                 0,                 0,                 0,                 0,                 0,                 0,                 0,                 1,                 1
         19,           9,      -7.798175096,      -3.887419959,      -3.998878435,      -1.895568794,      -3.679433018,      0.9329898399,      0.4563458441,      0.6440639124,                 0,                 0,                 0,     0.07804915506,       0.248099637,       0.749343995,                 0,        1.41135045,      0.3476361484,      -2.425322292,      -1.185606652,      -1.303234633,      -2.012439196,      -2.017558839,                 0,                 0,                 0,                 0,                 0,                 0,                 0,                 0,                 0,                 0,                 0,                 0,                 1,                 1
         20,           9,      -7.817878859,      -3.888717903,      -4.074868291,      -1.955348854,      -3.713579109,      0.9329898399,      0.4288893825,      0.5570261031,                 0,                 0,                 0,     0.05470445573,      0.2472902849,      0.6580818315,                 0,       1.298764031,      0.3475666168,      -2.447105711,      -1.204035637,      -1.399366975,      -2.075418511,      -2.112658873,                 0,                 0,                 0,                 0,                 0,                 0,                 0,                 0,                 0,                 0,                 0,                 0,                 1,                 1
         21,           9,      -7.919672461,      -3.891952937,      -3.953327756,      -2.047154759,      -3.728120261,      0.9329898399,      0.4018689457,      0.4997890285,                 0,                 0,                 0,     0.03297082046,      0.2381850138,      0.5954457337,                 0,       1.243661731,      0.3346806829,      -2.552123838,      -1.223645967,      -1.299886135,      -2.171276429,      -2.176622483,                 0,                 0,                 0,                 0,                 0,                 0,                 0,                 0,                 0,                 0,                 0,                 0,                 1,                 1
         22,           9,      -7.913512303,      -3.902818264,      -3.814353655,      -2.129537889,      -3.735069034,      0.9329898399,      0.3783170688,      0.4726235305,                 0,                 0,                 0,     0.01477341385,      0.2236046649,      0.5625813363,                 0,       1.249278897,      0.3346148239,      -2.550468325,      -1.249513454,      -1.184701728,      -2.258627748,      -2.221512741,                 0,                 0,                 0,                 0,                 0,                 0,                 0,                 0,                 0,                 0,                 0,                 0,                 1,                 1
         23,           9,      -7.829921401,       -3.88887406,      -3.711430122,      -2.151493732,      -3.728349149,      0.9329898399,      0.3619534522,      0.4799298967,                 0,                 0,                 0,    0.003341992407,      0.2058198857,      0.5647841906,                 0,       1.325943692,      0.3324209888,      -2.472576929,      -1.249001388,      -1.106513238,      -2.286335705,      -2.243137502,                 0,                 0,                 0,                 0,                 0,                 0,                 0,                 0,                 0,                 0,                 0,                 0,                 1,                 1
         24,           9,      -7.735063966,      -3.834712984,      -3.621013161,      -2.080196585,      -3.696036493,      0.9329898399,      0.3578160909,      0.5237940337,                 0,                 0,                 0,    0.003457691282,      0.1890386749,       0.605522026,                 0,       1.463863831,      0.5669371524,       -2.38451099,      -1.207246649,      -1.041121477,      -2.221487565,       -2.23620465,                 0,                 0,                 0,                 0,                 0,                 0,                 0,                 0,                 0,                 0,                 0,                 0,                 1,                 1
         25,           9,      -7.659906972,      -3.774262608,      -3.585158446,      -1.968289842,      -3.469003934,      0.9329898399,      0.3743156613,      0.6147804478,                 0,                 0,                 0,     0.02522742991,      0.1782154396,      0.6973567741,                 0,        1.64241177,      0.6780216428,      -2.317275536,      -1.159394667,      -1.030339999,      -2.116882967,      -2.033362073,                 0,                 0,                 0,                 0,                 0,                 0,                 0,                 0,                 0,                 0,                 0,                 0,                 1,                 1
         26,           9,      -7.632971099,      -3.728302246,      -3.607359619,      -1.871140629,      -3.198822663,      0.9329898399,      0.4113987695,      0.7456095558,                 0,                 0,                 0,     0.06585347862,       0.175427463,      0.8333113238,                 0,       1.812376728,       0.780941283,      -2.299364621,      -1.127576518,      -1.077766319,      -2.028010207,      -1.800013016,                 0,                 0,                 0,                 0,                 0,                 0,                 0,                 0,                 0,                 0,                 0,                 0,                 1,                 1
         27,           9,      -7.701221988,      -3.722392661,      -3.753441983,      -1.821851971,      -2.922704416,      0.9329898399,      0.4630815075,      0.8959370399,                 0,                 0,                 0,      0.1156865525,      0.1809004083,      0.9921807821,                 0,       1.934728607,      0.8756054023,      -2.377613421,      -1.137916201,      -1.249777091,      -1.987898067,      -1.570955373,                 0,                 0,                 0,                 0,                 0,                 0,                 0,                 0,                 0,                 0,                 0,                 0,                 1,                 1
         28,           9,      -7.730039566,      -3.736250568,      -3.856262017,      -1.821302023,      -2.713690621,      0.9329898399,        0.51260333,       1.023208618,                 0,                 0,                 0,      0.1550792503,      0.1910477544,       1.128369977,                 0,       1.996102168,        1.01445145,      -2.417329527,      -1.169805343,      -1.379225912,      -1.997296499,      -1.415627024,                 0,                 0,                 0,                 0,                 0,                 0,                 0,                 0,                 0,                 0,                 0,                 0,                 1,                 1
         29,           9,      -7.729659068,      -3.780350499,      -3.810355886,        -1.8576829,      -2.685488177,      0.9329898399,      0.5419702429,       1.088605557,                 0,                 0,                 0,      0.1665767975,      0.2000112584,       1.199495435,                 0,       2.008607615,        1.01967519,      -2.428701772,      -1.232641129,      -1.360666376,      -2.044247672,      -1.446130067,                 0,                 0,                 0,                 0,                 0,                 0,                 0,                 0,                 0,                 0,                 0,                 0,                 1,                 1
         30,           9,      -7.719229087,      -3.814025617,         -3.663103,      -1.889842524,      -2.745449262,      0.9329898399,          0.553227,       1.089717297,                 0,                 0,                 0,      0.1572743511,      0.2104511075,       1.203849755,                 0,       1.969747132,       1.007699692,      -2.430817561,      -1.284630842,      -1.240628558,      -2.087516317,      -1.562339365,                 0,                 0,                 0,                 0,                 0,                 0,                 0,                 0,                 0,                 0,                 0,                 0,                 1,                 1
         31,           9,      -7.658105426,      -3.829480936,       -3.56454122,      -1.899691545,      -2.635745438,      0.9329898399,      0.5522950494,       1.046498738,                 0,                 0,                 0,      0.1399739407,      0.2221957624,       1.162247166,                 0,       1.894818248,      0.9574942538,      -2.382923307,      -1.317419172,      -1.168946316,      -2.109025152,      -1.503115661,                 0,                 0,                 0,                 0,                 0,                 0,                 0,                 0,                 0,                 0,                 0,                 0,                 1,                 1
         32,           9,      -7.596174839,      -3.783605727,      -3.506329258,       -1.85326072,       -2.55523184,      0.9329898399,      0.5438650412,      0.9804154592,                 0,                 0,                 0,      0.1210081239,      0.2334549864,       1.096586716,                 0,        1.80268152,      0.9123068534,      -2.334591865,      -1.288285721,      -1.136831363,      -2.074707339,      -1.468779714,                 0,                 0,                 0,                 0,                 0,                 0,                 0,                 0,                 0,                 0,                 0,                 0,                 1,                 1
         33,           9,      -7.596104607,      -3.695561271,      -3.555612592,      -1.763674181,      -2.498673847,      0.9329898399,      0.5332370706,      0.9153236379,                 0,                 0,                 0,      0.1070243031,      0.2423224143,        1.03123178,                 0,       1.716541644,      0.8588531444,      -2.348219677,      -1.216954303,      -1.210951816,      -1.997570528,      -1.455167287,                 0,                 0,                 0,                 0,                 0,                 0,                 0,                 0,                 0,                 0,                 0,                 0,                 1,                 1
         34,           9,      -7.582782525,      -3.616378979,      -3.660651393,      -1.680801714,      -2.606918181,      0.9329898399,      0.5166848132,      0.8542038868,                 0,                 0,                 0,     0.09174824659,      0.2443630977,      0.9679432592,                 0,        1.65323978,      0.7136684539,       -2.34832898,      -1.155477929,       -1.33969825,      -1.927329448,      -1.602373586,                 0,                 0,                 0,                 0,                 0,                 0,                 0,                 0,                 0,                 0,                 0,                 0,                 1,                 1
         35,           9,      -7.599571864,      -3.595773077,       -3.71112464,      -1.662752668,      -2.700928511,      0.9329898399,      0.5040281336,      0.8214570837,                 0,                 0,                 0,     0.08930184468,      0.2418336934,      0.9329268806,                 0,        1.62978419,      0.6438685263,      -2.377940652,      -1.153107581,      -1.412664598,      -1.921962183,       -1.73090901,                 0,                 0,                 0,                 0,                 0,                 0,                 0,                 0,                 0,                 0,                 0,                 0,                 1,                 1
         36,           9,      -7.662963108,      -3.579853108,      -3.731727312,      -1.656680178,      -2.866115083,      0.9329898399,      0.4961511272,      0.8141762732,                 0,                 0,                 0,     0.09343624767,      0.2364295777,      0.9236611931,                 0,       1.640984427,      0.6539433993,      -2.453835501,      -1.154488088,      -1.453936327,      -1.928580417,      -1.927103187,                 0,                 0,                 0,                 0,                 0,                 0,                 0,                 0,                 0,                 0,                 0,                 0,                 1,                 1
         37,           9,      -7.581027234,      -3.615677024,      -3.748584172,      -1.658073257,      -2.911697885,      0.9329898399,       0.493564922,       0.831656195,                 0,                 0,                 0,      0.1004533972,      0.2288457428,      0.9396211923,                 0,       1.684998585,      0.6467430491,      -2.384077992,      -1.205976514,      -1.489294796,      -1.942578557,      -1.993608621,                 0,                 0,                 0,                 0,                 0,                 0,                 0,                 0,                 0,                 0,                 0,                 0,                 1,                 1
         38,           9,      -7.598996159,      -3.649354588,      -3.735271424,      -1.683176847,      -2.994604085,      0.9329898399,      0.5004868596,      0.8724248577,                 0,                 0,                 0,      0.1118917276,      0.2235456212,       0.980632237,                 0,       1.743152375,      0.7258325279,      -2.413211164,      -1.254034556,      -1.492176273,      -1.979718612,      -2.094213467,                 0,                 0,                 0,                 0,                 0,                 0,                 0,                 0,                 0,                 0,                 0,                 0,                 1,                 1
         39,           9,      -7.652287632,      -3.690694655,      -3.772614509,      -1.755603585,      -3.059709059,      0.9329898399,      0.5134530801,      0.9215290341,                 0,                 0,                 0,      0.1261807625,      0.2215886078,        1.03138175,                 0,       1.794767759,      0.7461083826,      -2.477310453,      -1.309443906,      -1.543334786,      -2.063853557,      -2.172311437,                 0,                 0,                 0,                 0,                 0,                 0,                 0,                 0,                 0,                 0,                 0,                 0,                 1,                 1
         40,           9,      -7.648010608,       -3.78074049,      -3.843576349,      -1.860312566,      -2.951315875,      0.9329898399,      0.5294598067,      0.9688052844,                 0,                 0,                 0,      0.1417295369,      0.2230736787,       1.081272167,                 0,        1.82979949,       0.714972692,      -2.483211283,      -1.413303912,      -1.625857969,       -2.17939772,      -2.081618609,                 0,                 0,                 0,                 0,                 0,                 0,                 0,                 0,                 0,                 0,                 0,                 0,                 1,                 1
         41,           9,      -7.670692928,      -3.803063415,      -3.861645587,      -1.882971068,       -2.86853655,      0.9329898399,      0.5430934655,      0.9987770833,                 0,                 0,                 0,      0.1515563953,      0.2273487055,       1.113920437,                 0,       1.839051925,      0.7564914413,       -2.51484205,      -1.448977646,      -1.653886707,      -2.211947417,      -2.005912463,                 0,                 0,                 0,                 0,                 0,                 0,                 0,                 0,                 0,                 0,                 0,                 0,                 1,                 1
         42,           9,      -7.666792996,      -3.819377368,      -3.808352297,      -1.882316837,      -2.900370788,      0.9329898399,      0.5501133432,      0.9997213902,                 0,                 0,                 0,      0.1519785279,      0.2337857593,       1.116875896,                 0,       1.817300748,      0.9381128216,      -2.520219253,      -1.477515251,      -1.609026382,      -2.220810999,      -2.049551482,                 0,                 0,                 0,                 0,                 0,                 0,                 0,                 0,                 0,                 0,                 0,                 0,                 1,                 1
         43,           9,       -7.69382631,        -3.8903183,      -3.725954301,       -1.93899049,      -3.009807145,      0.9329898399,      0.5467337552,      0.9650230979,                 0,                 0,                 0,      0.1407311066,      0.2406986422,       1.082705658,                 0,        1.76506954,      0.9690758549,      -2.555255299,      -1.558440771,      -1.533915785,      -2.285413593,      -2.164667779,                 0,                 0,                 0,                 0,                 0,                 0,                 0,                 0,                 0,                 0,                 0,                 0,                 1,                 1
         44,           9,      -7.690984566,      -3.919949744,      -3.629987022,      -1.969671973,      -2.729313911,      0.9329898399,      0.5363653529,      0.9050367958,                 0,                 0,                 0,      0.1248572955,      0.2483215871,       1.022309045,                 0,       1.687351338,      0.8204197652,      -2.559522979,      -1.595868504,      -1.444482473,      -2.323195137,      -1.886086981,                 0,                 0,                 0,                 0,                 0,                 0,                 0,                 0,                 0,                 0,                 0,                 0,                 1,                 1
         45,           9,      -7.681727103,      -3.880937809,      -3.629133515,      -1.940628414,      -2.812477626,      0.9329898399,      0.5193066035,      0.8297411397,                 0,                 0,                 0,       0.105522153,      0.2540225433,       0.945315955,                 0,       1.597786614,      0.6441289933,      -2.557399617,       -1.56252505,      -1.449242016,      -2.300749387,      -1.976798049,                 0,                 0,                 0,                 0,                 0,                 0,                 0,                 0,                 0,                 0,                 0,                 0,                 1,                 1
         46,           9,      -7.694885453,      -3.801485718,      -3.692540166,      -1.887532136,      -2.949699952,      0.9329898399,       0.497152431,      0.7490817229,                 0,                 0,                 0,     0.08326701475,      0.2564189339,       0.861703718,                 0,       1.506744564,      0.4372052793,      -2.576231839,      -1.486966064,      -1.517669165,      -2.252903846,      -2.115989551,                 0,                 0,                 0,                 0,                 0,                 0,                 0,                 0,                 0,                 0,                 0,                 0,                 1,                 1
         47,           9,      -7.665535699,      -3.742864934,      -3.707833876,      -1.854655468,      -3.042153065,      0.9329898399,      0.4752157173,       0.686763974,                 0,                 0,                 0,     0.06681821442,      0.2536606968,      0.7956952839,                 0,       1.445162584,      0.2920661678,      -2.551836748,      -1.431263534,      -1.537425107,      -2.224980112,       -2.20769105,                 0,                 0,                 0,                 0,                 0,                 0,                 0,                 0,                 0,                 0,                 0,                 0,                 1,                 1
         48,           9,      -7.700160487,      -3.738712424,      -3.857353099,      -1.843479488,      -3.085690742,      0.9329898399,      0.4546036924,      0.6472328063,                 0,                 0,                 0,     0.05431877717,      0.2455071142,      0.7518650674,                 0,       1.423729761,      0.2920754356,      -2.591638436,      -1.429081499,       -1.69004243,      -2.218754385,      -2.250506224,                 0,                 0,                 0,                 0,                 0,                 0,                 0,                 0,                 0,                 0,                 0,                 0,                 1,                 1
         49,           9,      -7.761396949,      -3.762157824,      -3.800327089,      -1.876878003,      -2.981975169,      0.9329898399,      0.4430854626,      0.6467318782,                 0,                 0,                 0,     0.05236884342,      0.2346386334,       0.748018423,                 0,       1.459609788,      0.3989392094,      -2.657043243,      -1.453233982,      -1.634781483,      -2.256200761,      -2.145504937,                 0,                 0,                 0,                 0,                 0,                 0,                 0,                 0,                 0,                 0,                 0,                 0,                 1,                 1
         50,           9,      -7.789825324,      -3.789359165,      -3.761575371,      -1.893927166,      -2.965575548,      0.9329898399,      0.4394376943,      0.6748682934,                 0,                 0,                 0,     0.05578285232,      0.2229239636,      0.7738589064,                 0,        1.53575422,      0.5593717356,       -2.68863445,      -1.480110758,      -1.596504401,      -2.276930918,      -2.126068809,                 0,                 0,                 0,                 0,                 0,                 0,                 0,                 0,                 0,                 0,                 0,                 0,                 1,                 1
         51,           9,      -7.706499291,      -3.795980208,      -3.728959255,       -1.87229871,      -2.998557881,      0.9329898399,      0.4475954307,       0.737900326,                 0,                 0,                 0,     0.06980843094,      0.2122964629,      0.8365218303,                 0,        1.64858771,      0.6057027529,      -2.608213086,      -1.485524111,      -1.562673087,      -2.258852954,      -2.157043544,                 0,                 0,                 0,                 0,                 0,                 0,                 0,                 0,                 0,                 0,                 0,                 0,                 1,                 1
         52,           9,      -7.621819952,      -3.771567708,      -3.718740976,      -1.840341514,      -3.033304036,      0.9329898399,      0.4667973177,      0.8228415238,                 0,                 0,                 0,     0.09053547224,      0.2058249159,      0.9233655901,                 0,       1.762738329,      0.7466814249,      -2.525933712,      -1.458958558,      -1.549050322,      -2.229829539,       -2.18864001,                 0,                 0,                 0,                 0,                 0,                 0,                 0,                 0,                 0,                 0,                 0,                 0,                 1,                 1
         53,           9,      -7.602301742,      -3.761589512,      -3.735960597,      -1.857376676,      -3.035264581,      0.9329898399,      0.4954381862,      0.9204642571,                 0,                 0,                 0,      0.1191540413,      0.2046721898,       1.025096454,                 0,       1.857879111,      0.8920963799,      -2.508063371,       -1.44647331,      -1.561070492,      -2.249045262,      -2.195514715,                 0,                 0,                 0,                 0,                 0,                 0,                 0,                 0,                 0,                 0,                 0,                 0,                 1,                 1
         54,           9,      -7.601125964,      -3.745855462,      -3.794157123,      -1.833780246,      -2.841187074,      0.9329898399,      0.5256594136,       1.010366996,                 0,                 0,                 0,      0.1474367252,      0.2072878763,       1.119906702,                 0,       1.922094363,      0.9474455574,      -2.507701589,      -1.428822441,      -1.613288537,      -2.227105936,      -2.004577309,                 0,                 0,                 0,                 0,                 0,                 0,                 0,                 0,                 0,                 0,                 0,                 0,                 1,                 1
         55,           9,      -7.615130268,      -3.752274566,      -3.848628941,      -1.815294932,      -2.794766527,      0.9329898399,      0.5495162684,       1.070654344,                 0,                 0,                 0,      0.1663581085,      0.2124759851,        1.18453485,                 0,       1.948357866,       1.025806911,      -2.522695228,      -1.434046266,      -1.661560012,      -2.210509203,       -1.96511499,                 0,                 0,                 0,                 0,                 0,                 0,                 0,                 0,                 0,                 0,                 0,                 0,                 1,                 1
         56,           9,      -7.623045982,      -3.793668089,      -3.749311617,      -1.843718124,       -2.76433917,      0.9329898399,      0.5576311968,       1.078860011,                 0,                 0,                 0,       0.166151865,       0.217837225,       1.194754543,                 0,       1.934719609,       1.020567956,      -2.531712583,      -1.474388598,      -1.555721929,       -2.24066642,      -1.942902147,                 0,                 0,                 0,                 0,                 0,                 0,                 0,                 0,                 0,                 0,                 0,                 0,                 1,                 1
         57,           9,      -7.661400063,      -3.834960848,      -3.640841803,      -1.893255922,      -2.738552609,      0.9329898399,      0.5514423702,       1.039560084,                 0,                 0,                 0,      0.1516249796,      0.2234090072,       1.155362399,                 0,       1.885165414,       1.006925139,      -2.571021481,      -1.514208062,      -1.440751368,      -2.291320322,      -1.921127076,                 0,                 0,                 0,                 0,                 0,                 0,                 0,                 0,                 0,                 0,                 0,                 0,                 1,                 1
         58,           9,      -7.623705592,      -3.831196728,      -3.551522309,       -1.90153334,      -2.546061283,      0.9329898399,      0.5347168176,      0.9666200086,                 0,                 0,                 0,      0.1305216738,       0.228739896,       1.080719379,                 0,       1.807723223,      0.9441720538,      -2.534431068,      -1.508722934,      -1.345440417,      -2.300147172,      -1.731358968,                 0,                 0,                 0,                 0,                 0,                 0,                 0,                 0,                 0,                 0,                 0,                 0,                 1,                 1
         59,           9,      -7.529567447,      -3.768410542,      -3.500243036,      -1.818804037,      -2.398445713,      0.9329898399,      0.5119881575,      0.8818650767,                 0,                 0,                 0,      0.1083816013,      0.2317843142,      0.9930226174,                 0,       1.722432567,      0.7850916889,       -2.44058961,      -1.444153295,      -1.289165594,      -2.217042589,      -1.587180124,                 0,                 0,                 0,                 0,                 0,                 0,                 0,                 0,                 0,                 0,                 0,                 0,                 1,                 1
         60,           9,      -7.569484699,      -3.683795393,      -3.621141814,      -1.740955022,      -2.398687105,      0.9329898399,      0.4817669059,       0.786046095,                 0,                 0,                 0,     0.08102605362,      0.2308983466,      0.8925546306,                 0,        1.63159006,      0.6537794228,      -2.479674536,      -1.357717763,      -1.406806575,      -2.138112473,      -1.587311755,                 0,                 0,                 0,                 0,                 0,                 0,                 0,                 0,                 0,                 0,                 0,                 0,                 1,                 1
         61,           9,      -7.489238145,      -3.624880665,      -3.602331113,      -1.674826244,      -2.596819881,      0.9329898399,      0.4536207015,      0.7118687994,                 0,                 0,                 0,     0.06228506472,      0.2256693398,      0.8133893763,                 0,        1.56930404,        0.61451745,      -2.398945025,       -1.29699943,      -1.385722072,      -2.071078531,      -1.784973276,                 0,                 0,                 0,                 0,                 0,                 0,                 0,                 0,                 0,                 0,                 0,                 0,                 1,                 1
         62,           9,      -7.568205361,       -3.60100034,      -3.679255141,      -1.669401343,      -2.611765133,      0.9329898399,      0.4249011564,      0.6520120647,                 0,                 0,                 0,     0.04547706716,      0.2157051178,      0.7477513138,                 0,       1.534502919,       0.562843819,      -2.477369789,      -1.270720678,       -1.46088951,      -2.064321205,      -1.801835651,                 0,                 0,                 0,                 0,                 0,                 0,                 0,                 0,                 0,                 0,                 0,                 0,                 1,                 1
         63,           9,      -7.543965783,      -3.580359944,      -3.660516575,      -1.642228021,      -2.735781724,      0.9329898399,       0.411918814,      0.6451438644,                 0,                 0,                 0,     0.04923128129,      0.2052981095,      0.7373875516,                 0,       1.566191789,      0.5628977145,       -2.45101497,      -1.246927265,      -1.440674108,      -2.034963095,      -1.926897258,                 0,                 0,                 0,                 0,                 0,                 0,                 0,                 0,                 0,                 0,                 0,                 0,                 1,                 1
         64,           9,       -7.51469564,      -3.585923564,      -3.655783581,      -1.627625404,      -2.741855141,      0.9329898399,      0.3986275208,      0.6439395091,                 0,                 0,                 0,     0.04809321621,       0.192939702,      0.7323498229,                 0,       1.615391501,      0.5970757394,       -2.42055193,      -1.248497698,      -1.434193853,      -2.018771183,        -1.9309528,                 0,                 0,                 0,                 0,                 0,                 0,                 0,                 0,                 0,                 0,                 0,                 0,                 1,                 1
         65,           9,      -7.488383826,      -3.601227857,      -3.719747628,      -1.624272611,      -2.745739612,      0.9329898399,      0.4030642166,      0.6907667945,                 0,                 0,                 0,     0.06629476741,       0.183491562,       0.778428143,                 0,       1.713788439,      0.6768786496,      -2.392563836,      -1.258618548,      -1.495848298,      -2.013436239,      -1.933558615,                 0,                 0,                 0,                 0,                 0,                 0,                 0,                 0,                 0,                 0,                 0,                 0,                 1,                 1
         66,           9,      -7.566268248,      -3.639091702,      -3.727532511,       -1.69208911,      -2.776117095,      0.9329898399,      0.4111111842,      0.7449319783,                 0,                 0,                 0,     0.08188055764,      0.1753505483,      0.8325792714,                 0,       1.811996382,       0.681966901,      -2.467993774,      -1.291926018,      -1.501388021,      -2.079163092,      -1.962765208,                 0,                 0,                 0,                 0,                 0,                 0,                 0,                 0,                 0,                 0,                 0,                 0,                 1,                 1
         67,           9,      -7.604663707,      -3.716101937,      -3.771152688,      -1.787352623,      -2.715171321,      0.9329898399,      0.4229427848,        0.80372905,                 0,                 0,                 0,     0.09883185424,      0.1694745641,       0.892266416,                 0,       1.900325715,          0.739254,      -2.504354471,      -1.366005195,      -1.542397029,      -2.172815974,      -1.909855935,                 0,                 0,                 0,                 0,                 0,                 0,                 0,                 0,                 0,                 0,                 0,                 0,                 1,                 1
         68,           9,      -7.588652822,      -3.750915782,      -3.836200295,      -1.819408693,      -2.650557764,      0.9329898399,      0.4330933092,      0.8496696116,                 0,                 0,                 0,      0.1121421372,      0.1657498386,      0.9391673197,                 0,       1.961862706,       0.819378703,      -2.485652258,      -1.400182225,      -1.604190241,      -2.202827624,      -1.842758119,                 0,                 0,                 0,                 0,                 0,                 0,                 0,                 0,                 0,                 0,                 0,                 0,                 1,                 1
         69,           9,      -7.562067419,      -3.743511618,      -3.799744716,      -1.802697105,      -2.565416076,      0.9329898399,      0.4362358369,      0.8677303492,                 0,                 0,                 0,      0.1150923833,      0.1634746041,      0.9573576752,                 0,       1.989131282,       1.013824474,      -2.456618329,      -1.394674727,      -1.564583859,      -2.184402216,      -1.765363655,                 0,                 0,                 0,                 0,                 0,                 0,                 0,                 0,                 0,                 0,                 0,                 0,                 1,                 1
         70,           9,      -7.623251889,      -3.780294585,      -3.743257632,      -1.855042109,      -2.557786891,      0.9329898399,      0.4311281809,      0.8523841063,                 0,                 0,                 0,      0.1065919598,      0.1630769356,       0.941188656,                 0,       1.977101345,       1.002560184,      -2.515293831,      -1.434755173,      -1.505985232,      -2.235395155,      -1.765683487,                 0,                 0,                 0,                 0,                 0,                 0,                 0,                 0,                 0,                 0,                 0,                 0,                 1,                 1
         71,           9,      -7.654855826,      -3.854740671,      -3.680870179,      -1.933346957,       -2.52864712,      0.9329898399,      0.4180117192,      0.8048994104,                 0,                 0,                 0,     0.08897255782,      0.1644167824,      0.8919439332,                 0,       1.925542691,      0.9627816771,      -2.545374092,      -1.513637827,       -1.44190512,      -2.313471448,      -1.737821301,                 0,                 0,                 0,                 0,                 0,                 0,                 0,                 0,                 0,                 0,                 0,                 0,                 1,                 1
         72,           9,      -7.662060709,      -3.886795029,      -3.587612506,      -1.984495626,      -2.476714549,      0.9329898399,      0.4030929924,      0.7467464204,                 0,                 0,                 0,     0.07245174415,      0.1671522218,      0.8319701387,                 0,        1.85254131,      0.9172874008,      -2.552327272,      -1.550434762,      -1.346776654,      -2.365208181,       -1.68818364,                 0,                 0,                 0,                 0,                 0,                 0,                 0,                 0,                 0,                 0,                 0,                 0,                 1,                 1
         73,           9,      -7.597553743,      -3.860961298,      -3.571952059,      -1.935034692,      -2.419147962,      0.9329898399,       0.382396497,       0.672853795,                 0,                 0,                 0,     0.05054697846,      0.1689641777,         0.7552552,                 0,       1.759571022,      0.7869270715,      -2.486316828,      -1.529135326,      -1.329700969,      -2.315535766,      -1.633065035,                 0,                 0,                 0,                 0,                 0,                 0,                 0,                 0,                 0,                 0,                 0,                 0,                 1,                 1
         74,           9,      -7.588838328,      -3.789866903,      -3.641430636,      -1.860736183,       -2.42479588,      0.9329898399,      0.3614121643,       0.605009478,                 0,                 0,                 0,     0.03261860358,      0.1687325191,      0.6842401318,                 0,        1.67401526,       0.701958606,      -2.475267932,      -1.463324179,      -1.398266256,      -2.240755218,      -1.636483704,                 0,                 0,                 0,                 0,                 0,                 0,                 0,                 0,                 0,                 0,                 0,                 0,                 1,                 1
         75,           9,      -7.525439438,      -3.721699756,      -3.685840685,      -1.773811775,      -2.475550962,      0.9329898399,      0.3413591435,      0.5500405485,                 0,                 0,                 0,     0.01910140548,      0.1656270796,      0.6258101473,                 0,       1.611325078,      0.6225918653,      -2.410252614,      -1.400308341,      -1.440720028,      -2.153247973,      -1.683432195,                 0,                 0,                 0,                 0,                 0,                 0,                 0,                 0,                 0,                 0,                 0,                 0,                 1,                 1
         76,           9,      -7.613986103,       -3.70748818,      -3.759798945,      -1.781670537,      -2.596492824,      0.9329898399,      0.3280929612,      0.5272995117,                 0,                 0,                 0,     0.01630344376,      0.1595894021,      0.6001841292,                 0,       1.607164963,      0.6045636801,      -2.496796034,      -1.389097862,        -1.5112119,      -2.159434837,      -1.805328856,                 0,                 0,                 0,                 0,                 0,                 0,                 0,                 0,                 0,                 0,                 0,                 0,                 1,                 1
         77,           9,      -7.674065526,      -3.698819821,      -3.767292641,      -1.783578188,      -2.655931468,      0.9329898399,      0.3188434412,      0.5254764779,                 0,                 0,                 0,     0.01909358721,      0.1512770456,      0.5957364554,                 0,       1.648070526,      0.6497244448,      -2.553820031,      -1.382110524,      -1.514743918,      -2.159007853,      -1.866106666,                 0,                 0,                 0,                 0,                 0,                 0,                 0,                 0,                 0,                 0,                 0,                 0,                 1,                 1
         78,           9,      -7.653802799,      -3.713478693,      -3.768882661,      -1.772476321,      -2.725596521,      0.9329898399,      0.3219628117,       0.567266806,                 0,                 0,                 0,     0.03836836305,       0.142041805,      0.6366127606,                 0,        1.76190164,      0.6433519153,      -2.530938407,      -1.397578702,      -1.511448989,        -2.1458648,      -1.936527212,                 0,                 0,                 0,                 0,                 0,                 0,                 0,                 0,                 0,                 0,                 0,                 0,                 1,                 1
         79,           9,      -7.631838765,      -3.727135016,      -3.766548748,      -1.778238235,      -2.709071795,      0.9329898399,      0.3243190965,       0.605804532,                 0,                 0,                 0,     0.05020313419,      0.1330277907,      0.6741554822,                 0,       1.867927416,      0.7059783268,      -2.507158327,      -1.410147926,       -1.50289695,       -2.14952401,      -1.924919389,                 0,                 0,                 0,                 0,                 0,                 0,                 0,                 0,                 0,                 0,                 0,                 0,                 1,                 1
         80,           9,      -7.629188782,      -3.749331978,      -3.845991385,      -1.800356441,      -2.721209647,      0.9329898399,      0.3328516534,       0.663458119,                 0,                 0,                 0,     0.06929561949,      0.1243312379,      0.7317845599,                 0,       1.993254689,      0.7114548631,      -2.503093788,      -1.429199045,      -1.575324341,      -2.169208744,      -1.942857315,                 0,                 0,                 0,                 0,                 0,                 0,                 0,                 0,                 0,                 0,                 0,                 0,                 1,                 1
         81,           9,      -7.642982397,      -3.826683452,      -4.014579897,      -1.865520766,      -2.672491345,      0.9329898399,      0.3334725642,      0.6924287083,                 0,                 0,                 0,     0.07261575525,      0.1164548373,       0.759670809,                 0,        2.07641882,      0.7501282531,      -2.515207665,      -1.502712397,      -1.737623754,      -2.231611798,      -1.899013654,                 0,                 0,                 0,                 0,                 0,                 0,                 0,                 0,                 0,                 0,                 0,                 0,                 1,                 1
         82,           9,      -7.709784853,      -3.834071042,      -4.011235952,      -1.901391359,       -2.63219464,      0.9329898399,      0.3305556902,      0.7058405147,                 0,                 0,                 0,     0.07071877809,      0.1097441841,      0.7716437718,                 0,       2.135314973,      0.7946517795,      -2.579651615,      -1.506655366,      -1.728919224,      -2.264194943,      -1.864873912,                 0,                 0,                 0,                 0,                 0,                 0,                 0,                 0,                 0,                 0,                 0,                 0,                 1,                 1
         83,           9,      -7.739416096,      -3.858807465,      -4.021033107,      -1.920748777,      -2.638171873,      0.9329898399,      0.3219958485,      0.6904785884,                 0,                 0,                 0,     0.05930832472,      0.1060497594,      0.7544504331,                 0,       2.144371089,      0.9729130704,      -2.606451177,      -1.528276583,      -1.734269075,      -2.279929076,      -1.874783823,                 0,                 0,                 0,                 0,                 0,                 0,                 0,                 0,                 0,                 0,                 0,                 0,                 1,                 1
         84,           9,      -7.721448624,       -3.89002865,      -3.921913931,      -1.957602144,      -2.562217538,      0.9329898399,      0.3094014987,      0.6530850623,                 0,                 0,                 0,     0.04301074537,      0.1049385317,      0.7150085947,                 0,       2.110801224,      0.9331472816,      -2.585591316,      -1.556657502,      -1.631748552,      -2.313291293,      -1.799628588,                 0,                 0,                 0,                 0,                 0,                 0,                 0,                 0,                 0,                 0,                 0,                 0,                 1,                 1
         85,           9,      -7.713244539,      -3.923416239,         -3.825249,      -2.001064578,      -2.658347924,      0.9329898399,      0.2959274891,      0.6070587534,                 0,                 0,                 0,     0.02813640474,      0.1055100626,      0.6670539974,                 0,       2.051376691,      0.9159688667,      -2.575122663,      -1.587447634,      -1.531846324,      -2.353677533,      -1.895756066,                 0,                 0,                 0,                 0,                 0,                 0,                 0,                 0,                 0,                 0,                 0,                 0,                 1,                 1
         86,           9,        -7.6524161,      -3.947667996,       -3.83161047,      -2.001229063,      -2.589443074,      0.9329898399,      0.2831883638,      0.5592032284,                 0,                 0,                 0,     0.01523380551,      0.1073191779,      0.6175649715,                 0,       1.974668807,      0.8979378414,      -2.511321753,      -1.609353268,      -1.535257219,      -2.350739201,      -1.825862812,                 0,                 0,                 0,                 0,                 0,                 0,                 0,                 0,                 0,                 0,                 0,                 0,                 1,                 1
         87,           9,      -7.632725817,      -3.928217127,      -3.902558907,      -1.956937452,       -2.53188083,      0.9329898399,       0.273706094,      0.5241873247,                 0,                 0,                 0,    0.009880988608,      0.1084888977,      0.5813067489,                 0,       1.915146707,      0.8782417497,       -2.48814418,      -1.588670613,      -1.603584433,      -2.303871161,      -1.765724923,                 0,                 0,                 0,                 0,                 0,                 0,                 0,                 0,                 0,                 0,                 0,                 0,                 1,                 1
         88,           9,      -7.627965006,      -3.889859872,      -3.959908479,      -1.909795823,      -2.579490326,      0.9329898399,      0.2674746218,      0.5038756806,                 0,                 0,                 0,     0.01110963581,      0.1084682613,       0.560060721,                 0,       1.883826126,      0.8183405737,      -2.480992162,      -1.550297681,      -1.657130448,        -2.2550393,      -1.811639189,                 0,                 0,                 0,                 0,                 0,                 0,                 0,                 0,                 0,                 0,                 0,                 0,                 1,                 1
         89,           9,       -7.65998182,      -3.863308539,      -3.983711336,      -1.902595981,      -2.565833644,      0.9329898399,      0.2643001504,      0.5017908952,                 0,                 0,                 0,     0.01839138399,      0.1060420314,      0.5571389051,                 0,       1.898564546,      0.7881990857,      -2.510273923,       -1.52366975,      -1.675310967,      -2.245835352,      -1.796789856,                 0,                 0,                 0,                 0,                 0,                 0,                 0,                 0,                 0,                 0,                 0,                 0,                 1,                 1
         90,           9,      -7.685972078,      -3.854680577,      -4.047498093,      -1.892723381,      -2.567713996,      0.9329898399,      0.2620283359,      0.5063157538,                 0,                 0,                 0,     0.02525202776,      0.1025465438,      0.5608018346,                 0,       1.932293895,      0.7599962103,       -2.53222344,      -1.515311611,      -1.732628927,      -2.233448539,      -1.799884415,                 0,                 0,                 0,                 0,                 0,                 0,                 0,                 0,                 0,                 0,                 0,                 0,                 1,                 1
         91,           9,      -7.631115686,      -3.847610045,      -4.041253895,      -1.867273794,       -2.69645764,      0.9329898399,      0.2610852316,      0.5192510015,                 0,                 0,                 0,     0.03357237745,     0.09786274825,      0.5728961365,                 0,       1.988817974,      0.7159995453,      -2.473521298,      -1.508951993,      -1.719148881,      -2.205543263,      -1.929682994,                 0,                 0,                 0,                 0,                 0,                 0,                 0,                 0,                 0,                 0,                 0,                 0,                 1,                 1
         92,           9,      -7.625230475,      -3.849235515,      -4.074560474,      -1.866796339,      -2.749052556,      0.9329898399,      0.2565548222,      0.5175728132,                 0,                 0,                 0,     0.03321325191,     0.09402095097,      0.5699667135,                 0,        2.01739655,       0.680368148,      -2.464406532,      -1.511258329,      -1.744324036,      -2.202434962,       -1.98478899,                 0,                 0,                 0,                 0,                 0,                 0,                 0,                 0,                 0,                 0,                 0,                 0,                 1,                 1
         93,           9,      -7.693659774,      -3.899490141,      -4.053146353,      -1.941350102,      -2.711440482,      0.9329898399,      0.2479978581,      0.5003065918,                 0,                 0,                 0,     0.02443780409,     0.09088603999,      0.5509531297,                 0,       2.017382714,      0.6768925162,      -2.529469895,      -1.561725075,      -1.714453011,      -2.273912124,       -1.94852871,                 0,                 0,                 0,                 0,                 0,                 0,                 0,                 0,                 0,                 0,                 0,                 0,                 1,                 1
         94,           9,      -7.731329865,      -3.966247749,      -4.013462624,      -2.018234311,       -2.76219149,      0.9329898399,      0.2370079831,      0.4681733204,                 0,                 0,                 0,     0.01024270381,      0.0897712296,       0.517010801,                 0,       1.975348317,      0.6793409494,      -2.563109117,      -1.628502966,       -1.66659508,      -2.347258667,      -2.000469164,                 0,                 0,                 0,                 0,                 0,                 0,                 0,                 0,                 0,                 0,                 0,                 0,                 1,                 1
         95,           9,       -7.68230655,      -3.970691383,       -3.92900722,      -2.009160995,      -2.707801631,      0.9329898399,      0.2249232016,      0.4295170564,                 0,                 0,                 0,   -0.004718179561,      0.0895164934,      0.4765103836,                 0,       1.909616497,      0.7194236244,      -2.509770941,      -1.632746377,      -1.574211944,      -2.334211751,       -1.94646829,                 0,                 0,                 0,                 0,                 0,                 0,                 0,                 0,                 0,                 0,                 0,                 0,                 1,                 1
         96,           9,      -7.665132595,      -3.980740841,      -3.964854919,      -2.010154865,      -2.692840797,      0.9329898399,      0.2144691604,      0.3944736455,                 0,                 0,                 0,    -0.01613798044,      0.0897649459,      0.4399417373,                 0,       1.839302419,      0.8257692882,      -2.488424484,      -1.642063991,      -1.602890904,      -2.331134575,      -1.930894125,                 0,                 0,                 0,                 0,                 0,                 0,                 0,                 0,                 0,                 0,                 0,                 0,                 1,                 1
         97,           9,      -7.660324288,      -3.971090411,      -3.899215022,      -2.009481684,      -2.673492452,      0.9329898399,      0.2074215829,      0.3745396063,                 0,                 0,                 0,    -0.01982904882,     0.08885346306,      0.4188182086,                 0,       1.805692547,      0.8258480486,      -2.480392811,      -1.631040613,       -1.53046764,      -2.326830438,      -1.910981789,                 0,                 0,                 0,                 0,                 0,                 0,                 0,                 0,                 0,                 0,                 0,                 0,                 1,                 1
         98,           9,       -7.62702592,      -3.969452777,       -3.84613127,      -1.999742448,      -2.708777842,      0.9329898399,       0.205283045,      0.3777206272,                 0,                 0,                 0,     -0.0138734653,     0.08587832857,      0.4212349861,                 0,       1.839999145,      0.8385221461,      -2.444187762,      -1.627044752,      -1.470313307,      -2.313573638,      -1.944891825,                 0,                 0,                 0,                 0,                 0,                 0,                 0,                 0,                 0,                 0,                 0,                 0,                 1,                 1
         99,           9,      -7.659137418,      -3.960734288,      -3.854236757,      -2.009482389,      -2.666734759,      0.9329898399,      0.2074635009,      0.4036584647,                 0,                 0,                 0,  -5.251645602e-05,     0.08038001916,       0.446676967,                 0,       1.945684243,      0.8457113006,      -2.472630284,      -1.615252648,      -1.471718594,       -2.31967586,       -1.90201048,                 0,                 0,                 0,                 0,                 0,                 0,                 0,                 0,                 0,                 0,                 0,                 0,                 1,                 1
        100,           9,      -7.658785926,      -3.930345906,      -3.855735194,      -1.997749991,      -2.749843824,      0.9329898399,      0.2131838174,      0.4490312676,                 0,                 0,                 0,     0.01963891419,     0.07258466128,      0.4917396529,                 0,       2.106310287,      0.8132503649,      -2.468763326,      -1.581398062,       -1.46676792,      -2.304483353,      -1.984289275,                 0,                 0,                 0,                 0,                 0,                 0,                 0,                 0,                 0,                 0,                 0,                 0,                 1,                 1
        101,           9,      -7.618607124,      -3.907361947,      -3.855479825,      -1.953883006,      -2.681557975,      0.9329898399,      0.2186073977,      0.4927521056,                 0,                 0,                 0,     0.03458641778,     0.06498852096,      0.5351357996,                 0,       2.254050461,      0.7417824262,       -2.42561202,      -1.554372775,       -1.45996481,      -2.257177197,      -1.915601842,                 0,                 0,                 0,                 0,                 0,                 0,                 0,                 0,                 0,                 0,                 0,                 0,                 1,                 1
        102,           9,      -7.600538553,      -3.873441198,      -3.811899198,      -1.929612517,      -2.504076464,      0.9329898399,      0.2211331567,      0.5237327961,                 0,                 0,                 0,     0.04233127127,     0.05834603902,      0.5655012418,                 0,       2.368404648,       0.711415348,      -2.404295326,       -1.51614891,      -1.410150088,      -2.229300907,      -1.736537807,                 0,                 0,                 0,                 0,                 0,                 0,                 0,                 0,                 0,                 0,                 0,                 0,                 1,                 1
        103,           9,      -7.641522546,      -3.849683424,      -3.802963848,      -1.947971925,      -2.400683465,      0.9329898399,      0.2179254278,      0.5243136795,                 0,                 0,                 0,     0.03498228735,     0.05510863874,      0.5651188941,                 0,       2.405931629,      0.7281227324,      -2.441395592,      -1.488446243,      -1.395611176,      -2.243999676,      -1.631693869,                 0,                 0,                 0,                 0,                 0,                 0,                 0,                 0,                 0,                 0,                 0,                 0,                 1,                 1
        104,           9,      -7.618266444,      -3.809292998,      -3.676834558,      -1.954334175,      -2.436806936,      0.9329898399,      0.2099889629,      0.5025524167,                 0,                 0,                 0,     0.02056217416,     0.05388133716,      0.5419880972,                 0,       2.393232528,      0.7924925681,      -2.414264958,       -1.44454888,      -1.264394536,      -2.246986901,      -1.665573186,                 0,                 0,                 0,                 0,                 0,                 0,                 0,                 0,                 0,                 0,                 0,                 0,                 1,                 1
        105,           9,      -7.630171374,      -3.779954168,      -3.643758047,      -1.956954112,       -2.40191587,      0.9329898399,       0.198663158,      0.4564867508,                 0,                 0,                 0,   -0.001769339424,     0.05651871334,       0.494623937,                 0,       2.297792683,      0.8484112888,      -2.422882384,      -1.411847416,      -1.226256941,      -2.246753672,      -1.627732121,                 0,                 0,                 0,                 0,                 0,                 0,                 0,                 0,                 0,                 0,                 0,                 0,                 1,                 1
        106,           9,      -7.581227629,      -3.761522656,      -3.558471184,      -1.925340752,      -2.353049278,      0.9329898399,      0.1890389385,      0.4155599729,                 0,                 0,                 0,    -0.01716094411,     0.05928085828,      0.4526716152,                 0,       2.198277118,      0.8484782964,      -2.370952014,      -1.390013778,      -1.135387096,      -2.212588123,      -1.575610395,                 0,                 0,                 0,                 0,                 0,                 0,                 0,                 0,                 0,                 0,                 0,                 0,                 1,                 1
        107,           9,      -7.570891655,      -3.779134114,      -3.539075634,      -1.951689023,       -2.35251343,      0.9329898399,      0.1808483279,      0.3774029545,                 0,                 0,                 0,    -0.02833070326,     0.06260417091,      0.4137871743,                 0,       2.086847907,      0.8485436222,      -2.357407478,      -1.404198422,      -1.110121207,      -2.236454884,      -1.572106871,                 0,                 0,                 0,                 0,                 0,                 0,                 0,                 0,                 0,                 0,                 0,                 0,                 1,                 1
        108,           9,      -7.507093841,      -3.803056291,      -3.545314049,      -1.917396662,      -2.319764168,      0.9329898399,      0.1765016957,      0.3551391851,                 0,                 0,                 0,    -0.03190399912,     0.06495676207,      0.3912253934,                 0,       2.012100698,      0.8486071979,      -2.290678959,      -1.424649369,      -1.110135113,      -2.199890294,      -1.536698266,                 0,                 0,                 0,                 0,                 0,                 0,                 0,                 0,                 0,                 0,                 0,                 0,                 1,                 1
        109,           9,      -7.499481778,      -3.820680717,       -3.53667048,      -1.915881987,      -2.306811472,      0.9329898399,       0.175781342,       0.356900423,                 0,                 0,                 0,    -0.02329082099,     0.06375294825,      0.3926990626,                 0,       2.030365789,      0.8409129406,      -2.280586655,      -1.438577492,      -1.095176561,      -2.196265471,      -1.521330538,                 0,                 0,                 0,                 0,                 0,                 0,                 0,                 0,                 0,                 0,                 0,                 0,                 1,                 1
        110,           9,      -7.545240482,      -3.843431511,      -3.579216213,      -1.919860322,      -2.311324392,      0.9329898399,      0.1767777521,      0.3669263506,                 0,                 0,                 0,    -0.01273616038,     0.06177452245,      0.4025782269,                 0,       2.075636477,      0.8479228485,      -2.324089061,      -1.457403348,       -1.13196022,      -2.198207039,      -1.523798028,                 0,                 0,                 0,                 0,                 0,                 0,                 0,                 0,                 0,                 0,                 0,                 0,                 1,                 1
        111,           9,      -7.542709058,      -3.851059073,      -3.675207705,      -1.896153759,       -2.33098949,      0.9329898399,      0.1809219041,      0.3952894344,                 0,                 0,                 0,    0.003666757389,     0.05744503152,      0.4309136116,                 0,       2.184862228,      0.8593138513,      -2.319515555,      -1.460975754,      -1.222887696,       -2.17254374,      -1.541379757,                 0,                 0,                 0,                 0,                 0,                 0,                 0,                 0,                 0,                 0,                 0,                 0,                 1,                 1
        112,           9,      -7.547720129,      -3.865222454,      -3.736323722,      -1.890848319,      -2.344274865,      0.9329898399,      0.1824811998,      0.4114968712,                 0,                 0,                 0,     0.01093446642,      0.0541975975,      0.4468687545,                 0,       2.255009676,      0.8354961852,      -2.322672331,      -1.470929842,      -1.279671996,      -2.165292631,       -1.55235121,                 0,                 0,                 0,                 0,                 0,                 0,                 0,                 0,                 0,                 0,                 0,                 0,                 1,                 1
        113,           9,      -7.517339891,      -3.897187871,      -3.773807002,      -1.869528155,      -2.367341593,      0.9329898399,      0.1816025178,      0.4184693671,                 0,                 0,                 0,     0.01165729677,     0.05131874925,      0.4532796837,                 0,       2.304314787,      0.8355500577,      -2.290363333,      -1.498439626,      -1.313534245,      -2.141948771,      -1.572478315,                 0,                 0,                 0,                 0,                 0,                 0,                 0,                 0,                 0,                 0,                 0,                 0,                 1,                 1
        114,           9,      -7.552398037,      -3.944048574,      -3.933005324,      -1.887696226,      -2.464237098,      0.9329898399,      0.1771400926,      0.4036830891,                 0,                 0,                 0,    0.003082716047,      0.0513744001,      0.4378348089,                 0,       2.278891713,      0.8303281422,      -2.323404068,      -1.540413458,      -1.469481243,      -2.158063933,      -1.665939045,                 0,                 0,                 0,                 0,                 0,                 0,                 0,                 0,                 0,                 0,                 0,                 0,                 1,                 1
        115,           9,       -7.66376269,      -4.000173568,      -3.968798506,       -1.98207213,      -2.594984721,      0.9329898399,      0.1710288952,      0.3813993811,                 0,                 0,                 0,   -0.007680793279,     0.05204535864,      0.4147380517,                 0,       2.230028912,      0.7981851905,      -2.432753136,      -1.591241846,       -1.50202889,      -2.250451462,      -1.793479716,                 0,                 0,                 0,                 0,                 0,                 0,                 0,                 0,                 0,                 0,                 0,                 0,                 1,                 1
        116,           9,      -7.714688423,      -4.068764498,      -3.956964623,      -2.066125991,      -2.657399106,      0.9329898399,      0.1650553259,      0.3546974509,                 0,                 0,                 0,    -0.01788869939,     0.05413969479,      0.3874563662,                 0,       2.148960956,      0.7982325621,      -2.481962228,      -1.653935664,      -1.486364652,      -2.332686183,       -1.85243103,                 0,                 0,                 0,                 0,                 0,                 0,                 0,                 0,                 0,                 0,                 0,                 0,                 1,                 1
        117,           9,      -7.719100301,      -4.112300284,      -3.947186559,      -2.107032131,      -2.667388551,      0.9329898399,       0.160816594,      0.3373395202,                 0,                 0,                 0,    -0.02220395049,     0.05516114307,      0.3696176092,                 0,       2.097666117,      0.7982776674,      -2.484702159,      -1.690851811,       -1.47222551,      -2.371843826,      -1.858839767,                 0,                 0,                 0,                 0,                 0,                 0,                 0,                 0,                 0,                 0,                 0,                 0,                 1,                 1
        118,           9,      -7.701442578,      -4.140584458,      -3.902665777,      -2.116325798,        -2.6576526,      0.9329898399,      0.1583997587,      0.3291770692,                 0,                 0,                 0,    -0.02244179918,      0.0552363817,      0.3611052043,                 0,       2.078141229,      0.7956059236,      -2.465360579,      -1.711954217,      -1.422943738,      -2.379420297,      -1.845721223,                 0,                 0,                 0,                 0,                 0,                 0,                 0,                 0,                 0,                 0,                 0,                 0,                 1,                 1
        119,           9,      -7.712425035,      -4.197382552,      -3.925277076,      -2.133207833,      -2.656329515,      0.9329898399,      0.1592185295,       0.341790615,                 0,                 0,                 0,    -0.01365089705,     0.05233153227,      0.3734069836,                 0,       2.146676119,       0.773312413,      -2.474819937,      -1.760828523,      -1.440349601,      -2.394589917,      -1.840760761,                 0,                 0,                 0,                 0,                 0,                 0,                 0,                 0,                 0,                 0,                 0,                 0,                 1,                 1
        120,           9,      -7.741392472,      -4.228871618,      -3.931156124,      -2.157601407,      -2.624211799,      0.9329898399,      0.1612493771,      0.3613089392,                 0,                 0,                 0,   -0.004825783651,      0.0485670357,      0.3926662122,                 0,       2.240684248,        0.77122049,      -2.502239718,      -1.783895783,      -1.440852626,      -2.417273544,      -1.805538472,                 0,                 0,                 0,                 0,                 0,                 0,                 0,                 0,                 0,                 0,                 0,                 0,                 1,                 1
        121,           9,      -7.797969097,      -4.244416309,      -4.010586975,      -2.187322839,      -2.644222317,      0.9329898399,      0.1639795957,      0.3877024675,                 0,                 0,                 0,     0.00481332911,     0.04346123591,      0.4187047075,                 0,       2.364333598,      0.7765297725,      -2.557293736,      -1.790705658,      -1.514726693,      -2.445333086,      -1.822484015,                 0,                 0,                 0,                 0,                 0,                 0,                 0,                 0,                 0,                 0,                 0,                 0,                 1,                 1
        122,           9,      -7.744976302,      -4.207966843,      -3.957998384,      -2.147612696,      -2.618516737,      0.9329898399,      0.1654744328,       0.405684068,                 0,                 0,                 0,    0.008717329423,     0.03963344453,      0.4363376457,                 0,       2.451641992,      0.7428197066,      -2.502915141,       -1.74525124,      -1.456433627,       -2.40399992,      -1.794397014,                 0,                 0,                 0,                 0,                 0,                 0,                 0,                 0,                 0,                 0,                 0,                 0,                 1,                 1
        123,           9,       -7.77371505,      -4.175198532,      -3.993124217,      -2.156306659,      -2.559462081,      0.9329898399,      0.1653439059,      0.4137092781,                 0,                 0,                 0,     0.00787272422,      0.0371622767,      0.4439740299,                 0,       2.502113857,      0.7428503485,      -2.530194589,      -1.703233562,      -1.485875515,      -2.411048745,      -1.733618619,                 0,                 0,                 0,                 0,                 0,                 0,                 0,                 0,                 0,                 0,                 0,                 0,                 1,                 1
        124,           9,      -7.782987986,       -4.14078593,      -3.959260947,      -2.171480496,      -2.549178336,      0.9329898399,      0.1633169978,      0.4079306817,                 0,                 0,                 0,    0.001480389004,     0.03691343295,      0.4378553201,                 0,       2.497784597,      0.7368190648,       -2.53788502,      -1.659322478,      -1.446263363,        -2.4245706,       -1.72239974,                 0,                 0,                 0,                 0,                 0,                 0,                 0,                 0,                 0,                 0,                 0,                 0,                 1,                 1
        125,           9,      -7.850594372,      -4.139670659,      -4.056090392,      -2.221467147,      -2.541524336,      0.9329898399,      0.1593823889,      0.3911461985,                 0,                 0,                 0,    -0.00809088666,     0.03805805571,      0.4206538706,                 0,       2.454136879,      0.7368446192,      -2.603893186,       -1.64850647,      -1.537160014,      -2.472933054,      -1.715150883,                 0,                 0,                 0,                 0,                 0,                 0,                 0,                 0,                 0,                 0,                 0,                 0,                 1,                 1
        126,           9,      -7.861541591,      -4.148140771,      -4.075146999,      -2.224087129,      -2.582088252,      0.9329898399,      0.1561204882,      0.3724670615,                 0,                 0,                 0,     -0.0160861182,     0.04039993564,      0.4018372356,                 0,       2.385766697,      0.7368675915,      -2.613317095,      -1.647210778,      -1.550111829,       -2.47401238,      -1.757058242,                 0,                 0,                 0,                 0,                 0,                 0,                 0,                 0,                 0,                 0,                 0,                 0,                 1,                 1
        127,           9,      -7.856724074,      -4.188084142,      -4.078102394,      -2.240338071,      -2.582438146,      0.9329898399,      0.1533386982,      0.3578643779,                 0,                 0,                 0,     -0.0209721983,     0.04200910811,      0.3870593031,                 0,       2.333816461,      0.7368879596,      -2.606989519,      -1.677477586,      -1.546974782,       -2.48883725,      -1.760564931,                 0,                 0,                 0,                 0,                 0,                 0,                 0,                 0,                 0,                 0,                 0,                 0,                 1,                 1
        128,           9,      -7.863496064,      -4.255905069,      -4.066567695,      -2.275973486,      -2.581805348,      0.9329898399,      0.1521279887,      0.3496323187,                 0,                 0,                 0,    -0.02220522298,      0.0432581221,      0.3788329686,                 0,       2.298277402,      0.7369057039,      -2.612331827,      -1.736014232,      -1.529369491,       -2.52322085,      -1.765069537,                 0,                 0,                 0,                 0,                 0,                 0,                 0,                 0,                 0,                 0,                 0,                 0,                 1,                 1
        129,           9,      -7.852729825,      -4.359706389,      -4.135600098,      -2.295905148,      -2.579488584,      0.9329898399,      0.1523761785,       0.351629954,                 0,                 0,                 0,    -0.01890956387,     0.04291141512,      0.3808158804,                 0,       2.307643868,      0.7369208074,      -2.600338273,      -1.831324842,      -1.592302255,      -2.542081618,      -1.770060967,                 0,                 0,                 0,                 0,                 0,                 0,                 0,                 0,                 0,                 0,                 0,                 0,                 1,                 1
        130,           9,       -7.92922341,       -4.44506704,      -4.204582601,      -2.360333244,      -2.605972158,      0.9329898399,      0.1534774243,      0.3586308272,                 0,                 0,                 0,    -0.01455846077,     0.04191768449,      0.3878328219,                 0,       2.336700846,      0.7369332559,      -2.675756288,      -1.909293616,      -1.655277872,      -2.605593068,      -1.806600998,                 0,                 0,                 0,                 0,                 0,                 0,                 0,                 0,                 0,                 0,                 0,                 0,                 1,                 1
        131,           9,      -7.935598912,      -4.495258291,      -4.339978141,      -2.346656123,      -2.616802499,      0.9329898399,      0.1550180106,      0.3704882462,                 0,                 0,                 0,   -0.009420537323,     0.03992418072,      0.3996225519,                 0,       2.389969041,      0.7103124938,       -2.68118027,      -1.953461814,      -1.784926877,      -2.591140363,      -1.830130197,                 0,                 0,                 0,                 0,                 0,                 0,                 0,                 0,                 0,                 0,                 0,                 0,                 1,                 1
        132,           9,      -7.926898475,      -4.506153235,      -4.386629073,      -2.325165392,       -2.64750695,      0.9329898399,      0.1563932042,        0.38102478,                 0,                 0,                 0,   -0.006037115157,     0.03815870047,       0.410100757,                 0,       2.436325683,      0.7103195992,      -2.671725168,      -1.959972027,      -1.826130323,       -2.56902322,        -1.8759788,                 0,                 0,                 0,                 0,                 0,                 0,                 0,                 0,                 0,                 0,                 0,                 0,                 1,                 1
        133,           9,      -7.953802855,      -4.525091568,      -4.461319891,      -2.336449998,      -2.797441121,      0.9329898399,      0.1570623644,      0.3895879337,                 0,                 0,                 0,   -0.004495802349,      0.0362949977,      0.4184853851,                 0,       2.480466503,      0.7103240217,      -2.698108954,      -1.976200227,      -1.895652343,      -2.579810668,      -2.043146029,                 0,                 0,                 0,                 0,                 0,                 0,                 0,                 0,                 0,                 0,                 0,                 0,                 1,                 1
        134,           9,      -8.029630273,      -4.553842185,      -4.512245866,      -2.401343105,      -2.616965698,      0.9329898399,       0.157238027,      0.3935345016,                 0,                 0,                 0,   -0.005026631679,     0.03530911993,      0.4223108655,                 0,       2.502794706,      0.7103257571,      -2.773574341,      -2.003995742,      -1.941738818,      -2.644305009,        -1.8817538,                 0,                 0,                 0,                 0,                 0,                 0,                 0,                 0,                 0,                 0,                 0,                 0,                 1,                 1
        135,           9,      -8.126112554,      -4.593015459,      -4.607094972,      -2.496711356,      -2.665584987,      0.9329898399,      0.1570104507,      0.3958180649,                 0,                 0,                 0,   -0.006105536971,     0.03442383838,      0.4244281111,                 0,       2.520966363,      0.7103248039,      -2.869825264,      -2.044119676,      -2.032044093,      -2.739361457,      -1.951247863,                 0,                 0,                 0,                 0,                 0,                 0,                 0,                 0,                 0,                 0,                 0,                 0,                 1,                 1
        136,           9,      -8.135525831,      -4.616102481,       -4.63327566,      -2.529498719,      -2.682580243,      0.9329898399,      0.1567008494,        0.39694461,                 0,                 0,                 0,   -0.007405221372,     0.03379839527,      0.4254149129,                 0,         2.5331363,      0.7103211629,       -2.87919145,      -2.070232464,        -2.0540344,      -2.771939821,      -1.990324575,                 0,                 0,                 0,                 0,                 0,                 0,                 0,                 0,                 0,                 0,                 0,                 0,                 1,                 1
        137,           9,      -8.127488889,      -4.678621645,      -4.670234863,      -2.540584447,      -2.674059275,      0.9329898399,      0.1567394829,      0.4001944091,                 0,                 0,                 0,   -0.007515454461,     0.03288519132,      0.4285340066,                 0,        2.55324569,      0.7103148375,      -2.871291133,      -2.137964556,      -2.087284491,      -2.782919576,      -2.004733096,                 0,                 0,                 0,                 0,                 0,                 0,                 0,                 0,                 0,                 0,                 0,                 0,                 1,                 1
        138,           9,      -8.163934925,      -4.778916309,      -4.673042828,      -2.589186267,      -2.650498535,      0.9329898399,      0.1571994764,      0.4054847291,                 0,                 0,                 0,   -0.006661810857,      0.0317783454,      0.4337276538,                 0,       2.579427988,      0.7103058337,        -2.9080512,      -2.245650407,      -2.086910249,      -2.831522326,      -2.004634061,                 0,                 0,                 0,                 0,                 0,                 0,                 0,                 0,                 0,                 0,                 0,                 0,                 1,                 1
        139,           9,      -8.235232383,      -4.881573038,      -4.677987878,      -2.663883317,      -2.644335439,      0.9329898399,      0.1582490463,      0.4143016519,                 0,                 0,                 0,   -0.004460233493,     0.03020423536,      0.4424661835,                 0,       2.618035695,        0.71029416,      -2.979854928,      -2.357853316,      -2.089177383,      -2.906345047,      -2.022359534,                 0,                 0,                 0,                 0,                 0,                 0,                 0,                 0,                 0,                 0,                 0,                 0,                 1,                 1
        140,           9,        -8.2819205,      -4.949330305,      -4.722526529,      -2.709439926,      -2.650706112,      0.9329898399,      0.1595898839,      0.4243124145,                 0,                 0,                 0,    -0.00239369728,     0.02855962101,      0.4524315464,                 0,       2.658767612,      0.7155535006,       -3.02724998,      -2.437212684,      -2.131559353,      -2.952187079,      -2.052673481,                 0,                 0,                 0,                 0,                 0,                 0,                 0,                 0,                 0,                 0,                 0,                 0,                 1,                 1
        141,           9,      -8.266371749,      -4.932654779,      -4.762810134,      -2.687341574,      -2.652594097,      0.9329898399,      0.1610820467,      0.4353929415,                 0,                 0,                 0,  -0.0001730569012,     0.02674695084,      0.4634641733,                 0,       2.702926555,       0.715536523,      -3.012620047,      -2.434032418,      -2.170224033,      -2.930561654,      -2.078377127,                 0,                 0,                 0,                 0,                 0,                 0,                 0,                 0,                 0,                 0,                 0,                 0,                 1,                 1
        142,           9,      -8.269785191,      -4.908000804,       -4.83104435,       -2.68017913,      -2.655201963,      0.9329898399,      0.1625669657,      0.4459381827,                 0,                 0,                 0,    0.001368771661,     0.02508385577,      0.4739827859,                 0,       2.743104547,      0.7155169164,      -3.017167051,      -2.424569701,      -2.237400472,      -2.924061127,      -2.104549628,                 0,                 0,                 0,                 0,                 0,                 0,                 0,                 0,                 0,                 0,                 0,                 0,                 1,                 1
        143,           9,       -8.31583879,      -4.911999016,      -4.903664991,      -2.717713774,      -2.657433797,      0.9329898399,      0.1639630706,      0.4555164526,                 0,                 0,                 0,    0.002339174393,     0.02361854248,      0.4835507125,                 0,       2.778164929,      0.7154946996,      -3.064557123,      -2.445139503,       -2.30958432,      -2.962434485,      -2.129746803,                 0,                 0,                 0,                 0,                 0,                 0,                 0,                 0,                 0,                 0,                 0,                 0,                 1,                 1
        144,           9,      -8.398909599,      -4.941302114,      -5.021852595,      -2.790330457,      -2.660466651,      0.9329898399,      0.1651700816,      0.4634430738,                 0,                 0,                 0,    0.002514030587,     0.02245529304,       0.491483874,                 0,       2.805853635,       0.748159833,      -3.149155997,      -2.492046012,      -2.427978673,      -3.036061039,      -2.155135044,                 0,                 0,                 0,                 0,                 0,                 0,                 0,                 0,                 0,                 0,                 0,                 0,                 1,                 1
        145,           9,      -8.418456991,      -4.959590926,      -5.046795537,      -2.812970343,      -2.759937328,      0.9329898399,      0.1662980127,      0.4703417472,                 0,                 0,                 0,    0.002476229165,     0.02151696203,      0.4984108832,                 0,       2.828306481,      0.7481324625,      -3.170419103,      -2.528654908,      -2.453742647,      -3.059886833,      -2.276202345,                 0,                 0,                 0,                 0,                 0,                 0,                 0,                 0,                 0,                 0,                 0,                 0,                 1,                 1
        146,           9,      -8.391154016,      -4.989434345,      -5.026542657,      -2.801200517,      -2.772084157,      0.9329898399,      0.1673925858,      0.4763899741,                 0,                 0,                 0,    0.002220314513,     0.02079537707,      0.5045148536,                 0,       2.845944292,      0.7508171014,      -3.145014055,      -2.577263584,      -2.434912659,      -3.049488044,      -2.309152246,                 0,                 0,                 0,                 0,                 0,                 0,                 0,                 0,                 0,                 0,                 0,                 0,                 1,                 1
        147,           9,      -8.385962111,      -5.036290396,      -5.011345473,       -2.81062699,      -2.772434211,      0.9329898399,      0.1687023898,      0.4825343159,                 0,                 0,                 0,    0.002211913051,     0.02025151716,      0.5107736665,                 0,       2.860269594,      0.7455110086,      -3.141886594,      -2.643095605,      -2.421736903,      -3.060470721,      -2.329455061,                 0,                 0,                 0,                 0,                 0,                 0,                 0,                 0,                 0,                 0,                 0,                 0,                 1,                 1
        148,           9,      -8.425573428,      -5.053491614,      -5.014039092,      -2.862970653,      -2.759916306,      0.9329898399,      0.1702148407,      0.4892369399,                 0,                 0,                 0,    0.002622159437,     0.01973822353,      0.5176256155,                 0,       2.874231988,      0.7454761112,      -3.183708472,      -2.679285576,      -2.427009724,      -3.114540184,       -2.33595023,                 0,                 0,                 0,                 0,                 0,                 0,                 0,                 0,                 0,                 0,                 0,                 0,                 1,                 1
        149,           9,      -8.462391638,      -4.998687285,      -5.036415554,      -2.909512194,      -2.691377796,      0.9329898399,      0.1720018135,      0.4966584669,                 0,                 0,                 0,    0.003412249438,     0.01927726967,      0.5252453175,                 0,       2.887518781,      0.7760382706,      -3.222862949,      -2.643315167,      -2.452463544,      -3.162956222,      -2.285461107,                 0,                 0,                 0,                 0,                 0,                 0,                 0,                 0,                 0,                 0,                 0,                 0,                 1,                 1
        150,           9,      -8.415965278,      -4.905994736,      -5.068054691,      -2.871325297,      -2.661237362,      0.9329898399,      0.1740169801,      0.5045562506,                 0,                 0,                 0,    0.004431420679,      0.0188952946,      0.5333871833,                 0,       2.899465617,      0.7759985241,      -3.178888514,      -2.569153843,      -2.487625681,      -3.126784569,      -2.272473416,                 0,                 0,                 0,                 0,                 0,                 0,                 0,                 0,                 0,                 0,                 0,                 0,                 1,                 1
        151,           9,      -8.391024108,      -4.817968313,      -5.031054695,       -2.83644862,       -2.66344006,      0.9329898399,      0.1761623595,       0.512437795,                 0,                 0,                 0,     0.00544223075,     0.01864259055,      0.5415515898,                 0,       2.908894933,       0.775956411,      -3.156518449,      -2.499233077,      -2.454539974,      -3.094064701,      -2.290934851,                 0,                 0,                 0,                 0,                 0,                 0,                 0,                 0,                 0,                 0,                 0,                 0,                 1,                 1
        152,           9,      -8.389164416,      -4.753893914,      -4.991378174,      -2.827605975,      -2.661828661,      0.9329898399,      0.1784666783,      0.5203186722,                 0,                 0,                 0,    0.006507439054,     0.01854207599,      0.5497618278,                 0,       2.915494799,      0.7759119736,      -3.157354459,      -2.452729623,       -2.41910813,       -3.08751888,      -2.304319298,                 0,                 0,                 0,                 0,                 0,                 0,                 0,                 0,                 0,                 0,                 0,                 0,                 1,                 1
        153,           9,      -8.406654369,      -4.706099629,      -4.943568294,      -2.846640142,      -2.661696723,      0.9329898399,      0.1809067258,      0.5281710062,                 0,                 0,                 0,    0.007606738522,     0.01857970481,       0.557984453,                 0,       2.919576394,      0.8042585992,      -3.177654752,      -2.421880034,      -2.375811747,      -3.108975304,      -2.318139923,                 0,                 0,                 0,                 0,                 0,                 0,                 0,                 0,                 0,                 0,                 0,                 0,                 1,                 1
        154,           8,      -8.423623548,      -4.660844503,      -4.852149524,      -2.866927956,      -2.651132378,      0.9329898399,      0.1835023377,      0.5362669775,                 0,                 0,                 0,    0.008919598483,     0.01869486784,      0.5664855524,                 0,       2.922398615,      0.8042096497,      -3.197524406,       -2.39287275,      -2.289116847,      -3.131783993,      -2.320596039,                 0,                 0,                 0,                 0,                 0,                 0,                 0,                 0,                 0,                 0,                 0,                 0,                 1,                 1
        155,           8,      -8.410638972,      -4.622177209,      -4.790530059,      -2.868464302,      -2.650304014,      0.9329898399,      0.1862408362,       0.544215461,                 0,                 0,                 0,     0.01018907212,     0.01898979534,      0.5748873844,                 0,       2.922105979,      0.8041585176,      -3.187508068,      -2.369704342,      -2.232385968,      -3.135911653,      -2.331851023,                 0,                 0,                 0,                 0,                 0,                 0,                 0,                 0,                 0,                 0,                 0,                 0,                 1,                 1
        156,           8,      -8.394390176,      -4.586867206,      -4.748813368,      -2.865988839,       -2.64947182,      0.9329898399,      0.1890666569,      0.5517639901,                 0,                 0,                 0,     0.01130914457,     0.01948516476,      0.5829322686,                 0,        2.91835694,      0.8333751715,       -3.17428348,      -2.349106539,      -2.195690674,      -3.136075813,       -2.34196698,                 0,                 0,                 0,                 0,                 0,                 0,                 0,                 0,                 0,                 0,                 0,                 0,                 1,                 1
        157,           8,        -8.3723303,      -4.553201282,      -4.724718448,      -2.851258568,      -2.649441415,      0.9329898399,      0.1920113364,      0.5589657629,                 0,                 0,                 0,     0.01239343938,     0.02019558119,      0.5906802992,                 0,       2.911108133,      0.8333198311,      -3.155291549,      -2.329338493,      -2.176720099,      -3.124009187,      -2.351977996,                 0,                 0,                 0,                 0,                 0,                 0,                 0,                 0,                 0,                 0,                 0,                 0,                 1,                 1
        158,           8,      -8.374398982,       -4.52009992,       -4.70476937,      -2.844898994,      -2.649468383,      0.9329898399,      0.1951154202,      0.5659448024,                 0,                 0,                 0,     0.01358065815,     0.02112355759,      0.5982619342,                 0,       2.900564199,      0.8332624713,      -3.160454388,       -2.30930531,      -2.161962155,       -3.12031343,      -2.361171151,                 0,                 0,                 0,                 0,                 0,                 0,                 0,                 0,                 0,                 0,                 0,                 0,                 1,                 1
        159,           8,      -8.373907794,      -4.488958508,       -4.69353925,      -2.829054189,      -2.649650198,      0.9329898399,      0.1983802087,      0.5725417274,                 0,                 0,                 0,     0.01476369493,     0.02231693623,      0.6055251367,                 0,       2.886082896,      0.8570767497,      -3.163056379,      -2.290395041,      -2.155945778,      -3.107105396,      -2.369641531,                 0,                 0,                 0,                 0,                 0,                 0,                 0,                 0,                 0,                 0,                 0,                 0,                 1,                 1
        160,           8,      -8.369567986,      -4.459402583,      -4.685062207,      -2.807533691,      -2.649369064,      0.9329898399,      0.2018499955,      0.5789663245,                 0,                 0,                 0,     0.01607560742,     0.02375673944,      0.6126834769,                 0,       2.868299913,      0.8570155309,      -3.161777474,      -2.272237457,      -2.152666562,      -3.088166701,      -2.376686081,                 0,                 0,                 0,                 0,                 0,                 0,                 0,                 0,                 0,                 0,                 0,                 0,                 1,                 1
        161,           8,      -8.365993277,      -4.432858475,      -4.680458987,      -2.789088787,      -2.647743838,      0.9329898399,      0.2054995515,      0.5850394115,                 0,                 0,                 0,     0.01741871226,     0.02547122836,      0.6195582258,                 0,       2.846913326,      0.8569524769,      -3.161200906,      -2.256267632,      -2.153213914,       -3.07222158,       -2.38155097,                 0,                 0,                 0,                 0,                 0,                 0,                 0,                 0,                 0,                 0,                 0,                 0,                 1,                 1
        162,           8,      -8.360787789,      -4.410226863,      -4.678768405,      -2.773999092,      -2.646229116,      0.9329898399,      0.2093291619,      0.5907244509,                 0,                 0,                 0,     0.01878253322,      0.0274713584,      0.6261145257,                 0,       2.821988324,       0.878548402,       -3.15890287,      -2.243396366,       -2.15660391,      -3.059524104,      -2.385754187,                 0,                 0,                 0,                 0,                 0,                 0,                 0,                 0,                 0,                 0,                 0,                 0,                 1,                 1
        163,           8,      -8.361837847,      -4.389622705,      -4.659026522,        -2.7632128,      -2.644809974,      0.9329898399,      0.2133714477,      0.5963274058,                 0,                 0,                 0,     0.02039347354,     0.02969887005,      0.6326545082,                 0,       2.794785395,       0.872422481,      -3.162743661,      -2.231750313,      -2.141853957,      -3.050998726,      -2.389335963,                 0,                 0,                 0,                 0,                 0,                 0,                 0,                 0,                 0,                 0,                 0,                 0,                 1,                 1
        164,           8,       -8.35628776,      -4.373579571,      -4.668617529,      -2.749446837,      -2.643579904,      0.9329898399,      0.2175528044,      0.6013124502,                 0,                 0,                 0,     0.02187630217,     0.03224003542,      0.6386442403,                 0,       2.763983906,      0.8723543235,      -3.159843829,      -2.223877032,      -2.156329542,      -3.039342499,      -2.392346872,                 0,                 0,                 0,                 0,                 0,                 0,                 0,                 0,                 0,                 0,                 0,                 0,                 1,                 1
        165,           8,      -8.349500582,      -4.357845539,      -4.655295457,      -2.734832028,      -2.642733091,      0.9329898399,      0.2218679465,      0.6057338711,                 0,                 0,                 0,     0.02332973268,     0.03507392797,      0.6441340915,                 0,       2.730154944,         0.8954373,      -3.155545805,      -2.215541723,      -2.147766186,      -3.026671133,      -2.394953904,                 0,                 0,                 0,                 0,                 0,                 0,                 0,                 0,                 0,                 0,                 0,                 0,                 1,                 1
        166,           8,      -8.343857648,      -4.343780703,      -4.645117646,      -2.719331288,      -2.642099532,      0.9329898399,      0.2263150252,      0.6096816649,                 0,                 0,                 0,     0.02481467913,     0.03817246721,      0.6492095855,                 0,       2.693951338,      0.8953660939,      -3.152215503,      -2.208123206,      -2.142206287,      -3.012937845,      -2.397009989,                 0,                 0,                 0,                 0,                 0,                 0,                 0,                 0,                 0,                 0,                 0,                 0,                 1,                 1
        167,           8,      -8.339759547,      -4.330782677,      -4.638921211,      -2.703528755,      -2.641506139,      0.9329898399,       0.230860704,      0.6130135759,                 0,                 0,                 0,     0.02624226307,     0.04154536505,      0.6537249357,                 0,       2.655339627,      0.8952934763,       -3.15024301,      -2.201040456,      -2.140472587,      -2.998721819,      -2.398463802,                 0,                 0,                 0,                 0,                 0,                 0,                 0,                 0,                 0,                 0,                 0,                 0,                 1,                 1
        168,           9,      -8.484763773,      -4.328108075,      -4.716790215,       -2.74817699,      -2.728928872,      0.9329898399,      0.2352264117,      0.6143991026,                 0,                 0,                 0,     0.02694024346,     0.04531522322,      0.6563263308,                 0,       2.611947775,       0.912732297,      -3.297178493,      -2.203571382,      -2.222635765,      -3.044773629,      -2.487347644,                 0,                 0,                 0,                 0,                 0,                 0,                 0,                 0,                 0,                 0,                 0,                 0,                 1,                 1
        169,           9,      -8.476753279,       -4.32877884,      -4.737832026,       -2.72734636,      -2.686171142,      0.9329898399,      0.2396843976,      0.6149722159,                 0,                 0,                 0,     0.02763452723,     0.04941085423,      0.6581777908,                 0,       2.565758231,        0.91265709,      -3.290899424,      -2.208758509,      -2.247787343,       -3.02516383,       -2.44539997,                 0,                 0,                 0,                 0,                 0,                 0,                 0,                 0,                 0,                 0,                 0,                 0,                 1,                 1
        170,           9,      -8.479261698,      -4.330997299,      -4.751217464,      -2.715569854,      -2.687116307,      0.9329898399,      0.2442796236,      0.6153506641,                 0,                 0,                 0,     0.02860460261,     0.05369464316,      0.6598832167,                 0,       2.519042133,      0.9056306771,      -3.294934294,      -2.214824523,      -2.265088873,      -3.014426352,      -2.446544272,                 0,                 0,                 0,                 0,                 0,                 0,                 0,                 0,                 0,                 0,                 0,                 0,                 1,                 1
        171,           9,      -8.481107421,      -4.331676204,      -4.776337024,      -2.702433192,       -2.73314139,      0.9329898399,       0.248992637,      0.6156523361,                 0,                 0,                 0,     0.02967196237,     0.05811351998,      0.6615496587,                 0,       2.472572456,      0.9211772489,      -3.298096983,      -2.218701595,      -2.293916495,      -3.002149067,      -2.492282833,                 0,                 0,                 0,                 0,                 0,                 0,                 0,                 0,                 0,                 0,                 0,                 0,                 1,                 1
        172,           8,      -8.386534192,      -4.323263077,       -4.71236124,      -2.663578805,      -2.681818779,      0.9329898399,       0.253908164,      0.6167161993,                 0,                 0,                 0,     0.03120413732,     0.06250321832,      0.6640041972,                 0,       2.428894721,       0.921098766,      -3.204624192,      -2.212856123,      -2.233424849,      -2.963973968,       -2.44012315,                 0,                 0,                 0,                 0,                 0,                 0,                 0,                 0,                 0,                 0,                 0,                 0,                 1,                 1
        173,           8,      -8.383120729,      -4.313745158,      -4.733340562,      -2.656667853,      -2.695781564,      0.9329898399,      0.2588888956,      0.6177564181,                 0,                 0,                 0,     0.03263648119,     0.06696218508,      0.6664551884,                 0,       2.386183527,      0.9130637339,      -3.202087655,      -2.205293464,      -2.257650342,       -2.95756091,      -2.452823022,                 0,                 0,                 0,                 0,                 0,                 0,                 0,                 0,                 0,                 0,                 0,                 0,                 1,                 1
        174,           8,      -8.384261641,       -4.30656053,      -4.769141859,       -2.65588714,      -2.698620446,      0.9329898399,      0.2638130278,      0.6183820461,                 0,                 0,                 0,     0.03379734887,      0.0714882402,      0.6684931563,                 0,       2.344016333,      0.9129834906,      -3.203878458,      -2.199468763,      -2.296441732,      -2.957098054,      -2.453950945,                 0,                 0,                 0,                 0,                 0,                 0,                 0,                 0,                 0,                 0,                 0,                 0,                 1,                 1
        175,           8,      -8.386450795,      -4.301531065,      -4.802652927,      -2.659163026,      -2.709468113,      0.9329898399,      0.2686189166,      0.6185273074,                 0,                 0,                 0,     0.03472163983,     0.07604166422,      0.6700371763,                 0,       2.302620066,      0.9267790361,      -3.206488876,      -2.195221392,      -2.332671597,      -2.960513054,       -2.46270177,                 0,                 0,                 0,                 0,                 0,                 0,                 0,                 0,                 0,                 0,                 0,                 0,                 1,                 1
        176,           8,      -8.389260363,       -4.29834762,      -4.843776811,      -2.663846657,      -2.703693242,      0.9329898399,      0.2732745791,       0.618301474,                 0,                 0,                 0,     0.03544332754,     0.08055992374,      0.6711823948,                 0,       2.262564912,      0.9308738424,      -3.209497037,      -2.192258889,      -2.376229893,      -2.965164663,      -2.454247555,                 0,                 0,                 0,                 0,                 0,                 0,                 0,                 0,                 0,                 0,                 0,                 0,                 1,                 1
        177,           8,      -8.394177243,      -4.297303771,      -4.893841821,      -2.669951567,      -2.697944643,      0.9329898399,      0.2778379911,      0.6180705543,                 0,                 0,                 0,     0.03607378349,     0.08499145066,      0.6722957776,                 0,        2.22457178,      0.9217057521,      -3.214399781,      -2.190891004,      -2.428433794,      -2.971077176,      -2.445402005,                 0,                 0,                 0,                 0,                 0,                 0,                 0,                 0,                 0,                 0,                 0,                 0,                 1,                 1
        178,           8,      -8.400645131,      -4.298382557,      -4.951604991,      -2.678268383,       -2.71880409,      0.9329898399,       0.282379518,      0.6181421949,                 0,                 0,                 0,     0.03670105269,     0.08931358878,      0.6736921019,                 0,        2.18904756,      0.9216230577,      -3.220652369,       -2.19111635,      -2.488031743,      -2.979053203,      -2.462825547,                 0,                 0,                 0,                 0,                 0,                 0,                 0,                 0,                 0,                 0,                 0,                 0,                 1,                 1
        179,           8,      -8.398345932,      -4.297616846,      -4.961110692,      -2.686822816,      -2.724257696,      0.9329898399,      0.2869336676,      0.6187124325,                 0,                 0,                 0,     0.03737263146,     0.09350202238,      0.6755689273,                 0,       2.156290817,      0.9338153437,      -3.217948719,      -2.188982412,      -2.499062727,      -2.987130911,      -2.464547721,                 0,                 0,                 0,                 0,                 0,                 0,                 0,                 0,                 0,                 0,                 0,                 0,                 1,                 1
        180,           8,      -8.401497972,      -4.298987073,      -4.996069576,      -2.699132404,      -2.731354176,      0.9329898399,      0.2915442528,      0.6199211931,                 0,                 0,                 0,     0.03813282349,      0.0975577395,      0.6780728755,                 0,       2.126336524,      0.8785637195,      -3.220517808,      -2.188481474,        -2.5352348,      -2.998839122,      -2.467617464,                 0,                 0,                 0,                 0,                 0,                 0,                 0,                 0,                 0,                 0,                 0,                 0,                 1,                 1
        181,           8,      -8.403135184,      -4.302067029,       -5.00382391,      -2.715129361,      -2.736489813,      0.9329898399,      0.2962287555,      0.6218621171,                 0,                 0,                 0,     0.03900916615,      0.1014700804,      0.6812986064,                 0,       2.099263173,      0.8784801729,      -3.221402955,      -2.189197808,      -2.543891223,      -3.014120201,      -2.468108401,                 0,                 0,                 0,                 0,                 0,                 0,                 0,                 0,                 0,                 0,                 0,                 0,                 1,                 1
        182,           8,      -8.402214335,      -4.306532081,      -4.968644904,      -2.734330381,      -2.742793936,      0.9329898399,      0.3010065484,      0.6245940216,                 0,                 0,                 0,     0.04003020263,      0.1052403749,       0.685308031,                 0,       2.075018052,      0.8783965375,      -3.219568803,      -2.190815802,      -2.509306743,      -3.032499103,      -2.469430056,                 0,                 0,                 0,                 0,                 0,                 0,                 0,                 0,                 0,                 0,                 0,                 0,                 1,                 1
        183,           8,      -8.399438844,      -4.312178508,      -4.910691467,      -2.756617073,      -2.747972449,      0.9329898399,      0.3059036245,      0.6281732237,                 0,                 0,                 0,     0.04123454208,      0.1088770147,      0.6901626056,                 0,       2.053500428,      0.8391454875,      -3.215726867,      -2.193139268,       -2.45164634,      -3.053865297,      -2.469377209,                 0,                 0,                 0,                 0,                 0,                 0,                 0,                 0,                 0,                 0,                 0,                 0,                 1,                 1
        184,           8,      -8.396690902,      -4.319717697,       -4.85140835,      -2.782170339,      -2.750295448,      0.9329898399,      0.3109947258,      0.6326596987,                 0,                 0,                 0,     0.04264467742,      0.1124339407,      0.6959415369,                 0,       2.034310058,       0.832620701,      -3.211767551,       -2.19688599,      -2.392363078,      -3.078406794,      -2.466235484,                 0,                 0,                 0,                 0,                 0,                 0,                 0,                 0,                 0,                 0,                 0,                 0,                 1,                 1
        185,           8,      -8.393765158,       -4.32733383,      -4.798752237,      -2.808232083,      -2.749262743,      0.9329898399,      0.3162666461,      0.6378951817,                 0,                 0,                 0,     0.04421410489,      0.1159447961,      0.7024896145,                 0,       2.016953699,      0.8325374003,      -3.207493653,      -2.200244463,      -2.339422632,      -3.103371399,      -2.459414037,                 0,                 0,                 0,                 0,                 0,                 0,                 0,                 0,                 0,                 0,                 0,                 0,                 1,                 1
        186,           8,      -8.400837401,      -4.334289136,      -4.760742155,      -2.838987925,      -2.752702072,      0.9329898399,      0.3217173525,       0.643720041,                 0,                 0,                 0,     0.04594126204,      0.1194543085,      0.7096535876,                 0,       2.000886915,      0.8717651968,      -3.213091646,      -2.202482574,      -2.300855025,      -3.132951749,      -2.456596812,                 0,                 0,                 0,                 0,                 0,                 0,                 0,                 0,                 0,                 0,                 0,                 0,                 1,                 1
        187,           8,      -8.401078325,      -4.340432997,      -4.731422094,      -2.861709554,      -2.749295737,      0.9329898399,      0.3272924355,      0.6499004387,                 0,                 0,                 0,     0.04776257941,      0.1229788135,      0.7171939278,                 0,       1.985687319,      0.8764933824,      -3.211744999,      -2.203453737,      -2.270716432,      -3.154427191,      -2.446561094,                 0,                 0,                 0,                 0,                 0,                 0,                 0,                 0,                 0,                 0,                 0,                 0,                 1,                 1
        188,           8,      -8.404036184,      -4.345599149,      -4.714697386,       -2.88030329,       -2.75259555,      0.9329898399,       0.332954928,      0.6561988848,                 0,                 0,                 0,     0.04963434725,      0.1265523946,      0.7248727143,                 0,       1.970833976,      0.8378198209,      -3.213016251,       -2.20299482,      -2.252925374,      -3.171711924,      -2.442972893,                 0,                 0,                 0,                 0,                 0,                 0,                 0,                 0,                 0,                 0,                 0,                 0,                 1,                 1
        189,           8,      -8.411036466,       -4.34976836,      -4.707632101,      -2.895520304,      -2.777105105,      0.9329898399,      0.3386364981,      0.6623401903,                 0,                 0,                 0,      0.0514724233,      0.1301901631,      0.7324068043,                 0,       1.955903141,      0.8472469256,      -3.218247486,      -2.201089206,      -2.244560815,      -3.185566172,       -2.46037826,                 0,                 0,                 0,                 0,                 0,                 0,                 0,                 0,                 0,                 0,                 0,                 0,                 1,                 1
        190,           8,      -8.423072019,      -4.356194339,      -4.722076796,      -2.905538818,       -2.76203867,      0.9329898399,      0.3443513009,      0.6683295623,                 0,                 0,                 0,     0.05336514207,      0.1339041333,      0.7398053158,                 0,       1.940836467,      0.8471662353,      -3.228449271,       -2.20099281,      -2.257490511,       -3.19417761,      -2.437936029,                 0,                 0,                 0,                 0,                 0,                 0,                 0,                 0,                 0,                 0,                 0,                 0,                 1,                 1
        191,           8,      -8.436612459,      -4.363442986,      -4.744690738,      -2.912524155,      -2.784854339,      0.9329898399,      0.3500110988,      0.6739080128,                 0,                 0,                 0,     0.05518534437,      0.1376856438,      0.7467947794,                 0,        1.92539041,      0.9035156853,      -3.240109511,      -2.201272345,      -2.278393041,       -3.19972129,      -2.453101004,                 0,                 0,                 0,                 0,                 0,                 0,                 0,                 0,                 0,                 0,                 0,                 0,                 1,                 1
        192,           8,      -8.453013234,      -4.372041327,      -4.774110225,      -2.915835845,      -2.767981495,      0.9329898399,       0.355562772,       0.678956374,                 0,                 0,                 0,     0.05690129105,      0.1415187374,      0.7532457033,                 0,       1.909526046,      0.9034367768,      -3.254600851,      -2.202455247,      -2.305926674,       -3.20156575,      -2.428200887,                 0,                 0,                 0,                 0,                 0,                 0,                 0,                 0,                 0,                 0,                 0,                 0,                 1,                 1
        193,           8,      -8.469062362,      -4.381948284,      -4.809797036,      -2.914682041,      -2.768413447,      0.9329898399,      0.3609329203,      0.6833440676,                 0,                 0,                 0,     0.05844697611,      0.1453713983,       0.759011755,                 0,       1.893271655,      0.9033589201,       -3.26872725,      -2.204499278,      -2.339576776,      -3.198927725,       -2.42026995,                 0,                 0,                 0,                 0,                 0,                 0,                 0,                 0,                 0,                 0,                 0,                 0,                 1,                 1
        194,           8,      -8.484781318,      -4.394200965,      -4.851804652,      -2.908537813,      -2.769549981,      0.9329898399,      0.3661244056,      0.6871076073,                 0,                 0,                 0,     0.05986779562,      0.1492356878,      0.7641286893,                 0,       1.876705286,      0.8265066186,      -3.282524515,      -2.208439717,      -2.379422148,      -3.191290367,      -2.412795139,                 0,                 0,                 0,                 0,                 0,                 0,                 0,                 0,                 0,                 0,                 0,                 0,                 1,                 1
        195,           8,      -8.488674519,      -4.401309756,      -4.862794632,      -2.884123662,      -2.771422685,      0.9329898399,      0.3710863782,      0.6902154446,                 0,                 0,                 0,     0.06112651443,      0.1530722022,      0.7685514694,                 0,       1.859985936,      0.8347638175,      -3.284509233,      -2.206784049,      -2.388152171,       -3.16538152,      -2.405815741,                 0,                 0,                 0,                 0,                 0,                 0,                 0,                 0,                 0,                 0,                 0,                 0,                 1,                 1
        196,           8,      -8.501178914,      -4.415862654,      -4.903873148,      -2.870767088,      -2.794968733,      0.9329898399,       0.375774803,      0.6925686531,                 0,                 0,                 0,     0.06215742594,      0.1568677536,      0.7721726165,                 0,       1.843041757,      0.8346897628,      -3.295127358,      -2.212116589,       -2.42690246,      -3.150534407,      -2.420250931,                 0,                 0,                 0,                 0,                 0,                 0,                 0,                 0,                 0,                 0,                 0,                 0,                 1,                 1
        197,           8,      -8.514754363,      -4.432459891,      -4.934985064,      -2.854923586,      -2.777212075,      0.9329898399,      0.3802232322,      0.6943739434,                 0,                 0,                 0,     0.06306759757,      0.1605939917,       0.775199619,                 0,       1.826227028,      0.8401508118,      -3.306845592,      -2.219033147,      -2.455648689,      -3.133209398,      -2.393083487,                 0,                 0,                 0,                 0,                 0,                 0,                 0,                 0,                 0,                 0,                 0,                 0,                 1,                 1
        198,           8,      -8.522188281,      -4.450162274,      -4.951133086,      -2.840526465,      -2.776965038,      0.9329898399,       0.384424625,      0.6956744755,                 0,                 0,                 0,     0.06383813689,      0.1642315648,      0.7776716925,                 0,       1.809651178,      0.8400798274,      -3.312457121,      -2.226589803,      -2.469425729,      -3.117344986,      -2.383190788,                 0,                 0,                 0,                 0,                 0,                 0,                 0,                 0,                 0,                 0,                 0,                 0,                 1,                 1
        199,           8,      -8.525105876,      -4.467965695,      -4.954309687,      -2.831034032,      -2.777678305,      0.9329898399,      0.3883648906,      0.6965172206,                 0,                 0,                 0,     0.06445574618,      0.1677532648,      0.7796296357,                 0,       1.793460834,        0.82274866,      -3.313591377,      -2.233777423,      -2.470258849,      -3.106404081,      -2.374037616,                 0,                 0,                 0,                 0,                 0,                 0,                 0,                 0,                 0,                 0,                 0,                 0,                 1,                 1
        200,           8,      -8.525304158,      -4.484572013,      -4.948598869,      -2.828196316,      -2.778737929,      0.9329898399,      0.3920220947,      0.6969353015,                 0,                 0,                 0,     0.06491071422,      0.1711284314,      0.7810987116,                 0,       1.777795974,      0.8226811688,      -3.312049612,      -2.239292559,      -2.462265089,      -3.102141989,      -2.364913314,                 0,                 0,                 0,                 0,                 0,                 0,                 0,                 0,                 0,                 0,                 0,                 0,                 1,                 1
        201,           8,      -8.524772622,       -4.49886077,      -4.939717311,      -2.831549154,      -2.779379067,      0.9329898399,      0.3953741862,      0.6969604463,                 0,                 0,                 0,     0.06519747005,      0.1743267008,      0.7821028143,                 0,       1.762786926,      0.7863565171,       -3.30982638,      -2.242009586,      -2.451194161,      -3.104100985,      -2.355098459,                 0,                 0,                 0,                 0,                 0,                 0,                 0,                 0,                 0,                 0,                 0,                 0,                 1,                 1
        202,           8,      -8.524475956,      -4.509972921,      -4.934133897,      -2.839435638,      -2.779881019,      0.9329898399,      0.3984336722,      0.6966500806,                 0,                 0,                 0,     0.06533532295,      0.1773432441,      0.7827005172,                 0,       1.748471902,      0.7935774985,      -3.307892674,      -2.241065955,      -2.443547465,      -3.110631983,      -2.344934921,                 0,                 0,                 0,                 0,                 0,                 0,                 0,                 0,                 0,                 0,                 0,                 0,                 1,                 1
        203,           8,      -8.532112234,      -4.524828933,      -4.970450409,      -2.853350254,      -2.780460179,      0.9329898399,      0.4012604114,      0.6960932071,                 0,                 0,                 0,     0.06532684583,      0.1802092822,      0.7829944351,                 0,       1.734766718,      0.7935160131,      -3.313954169,      -2.243380172,      -2.477958291,      -3.123238522,      -2.334653196,                 0,                 0,                 0,                 0,                 0,                 0,                 0,                 0,                 0,                 0,                 0,                 0,                 1,                 1
        204,           8,      -8.415163592,      -4.532522388,      -4.944352355,      -2.796133001,      -2.781583229,      0.9329898399,      0.4038565726,      0.6954306785,                 0,                 0,                 0,     0.06530477457,      0.1828857082,      0.7831198999,                 0,       1.721974398,      0.7934567265,      -3.195501652,      -2.238045508,      -2.450142428,      -3.064770643,      -2.324713317,                 0,                 0,                 0,                 0,                 0,                 0,                 0,                 0,                 0,                 0,                 0,                 0,                 1,                 1
        205,           8,      -8.422227808,      -4.541524361,      -4.946336217,      -2.808438379,      -2.783026562,      0.9329898399,       0.406276635,       0.694748902,                 0,                 0,                 0,     0.06526169482,      0.1853993574,      0.7831754715,                 0,       1.710039028,      0.7933997337,      -3.201143526,      -2.233538154,      -2.450625686,      -3.075894895,      -2.314916478,                 0,                 0,                 0,                 0,                 0,                 0,                 0,                 0,                 0,                 0,                 0,                 0,                 1,                 1
        206,           8,       -8.42832875,      -4.554789884,      -4.971002028,      -2.827404594,      -2.784332347,      0.9329898399,      0.4085047589,      0.6940310175,                 0,                 0,                 0,     0.06516418011,      0.1877400121,      0.7831403956,                 0,       1.698954547,      0.7800412573,      -3.205912268,      -2.232822255,      -2.474034915,       -3.09375903,      -2.304804682,                 0,                 0,                 0,                 0,                 0,                 0,                 0,                 0,                 0,                 0,                 0,                 0,                 1,                 1
        207,           8,      -8.435285493,      -4.573882078,      -4.992055061,      -2.844788473,      -2.785756469,      0.9329898399,      0.4106240164,      0.6935049704,                 0,                 0,                 0,     0.06513879559,      0.1899204694,      0.7832569451,                 0,       1.688905039,      0.7799891259,      -3.211638232,      -2.237475427,      -2.494101399,      -3.110131771,      -2.294587203,                 0,                 0,                 0,                 0,                 0,                 0,                 0,                 0,                 0,                 0,                 0,                 0,                 1,                 1
        208,           8,      -8.448312362,      -4.587187834,      -4.944278589,      -2.858493712,      -2.788109608,      0.9329898399,      0.4125926119,      0.6931235688,                 0,                 0,                 0,     0.06513566639,      0.1919145577,      0.7834677706,                 0,       1.679922395,      0.7799395566,        -3.2235471,      -2.235907944,      -2.445632531,      -3.122928608,      -2.285138044,                 0,                 0,                 0,                 0,                 0,                 0,                 0,                 0,                 0,                 0,                 0,                 0,                 1,                 1
        209,           8,      -8.462354557,      -4.604433246,      -4.898553628,      -2.875068066,      -2.789659007,      0.9329898399,       0.414483587,      0.6930078103,                 0,                 0,                 0,     0.06522265235,      0.1937567506,      0.7839099378,                 0,       1.671978896,      0.7798926327,       -3.23659445,      -2.237877999,       -2.39953117,      -3.138708111,      -2.274595953,                 0,                 0,                 0,                 0,                 0,                 0,                 0,                 0,                 0,                 0,                 0,                 0,                 1,                 1
        210,           8,      -8.475822493,      -4.625669787,      -4.851663019,       -2.89458083,      -2.792254999,      0.9329898399,        0.41631379,      0.6932036952,                 0,                 0,                 0,     0.06540733764,      0.1954497113,      0.7846323631,                 0,       1.665099048,      0.7798484338,      -3.249203293,      -2.243481929,      -2.352600747,       -3.15755307,       -2.26500542,                 0,                 0,                 0,                 0,                 0,                 0,                 0,                 0,                 0,                 0,                 0,                 0,                 1,                 1
        211,           8,      -8.487704252,      -4.650285854,      -4.806554235,      -2.916526937,      -2.842241412,      0.9329898399,      0.4180703795,      0.6936892008,                 0,                 0,                 0,     0.06566677412,      0.1969875981,      0.7856102314,                 0,       1.659264169,       0.779807036,      -3.260373371,      -2.252168352,      -2.307807246,       -3.17897098,      -2.302773833,                 0,                 0,                 0,                 0,                 0,                 0,                 0,                 0,                 0,                 0,                 0,                 0,                 1,                 1
        212,           8,      -8.503044556,      -4.671602941,      -4.746598431,      -2.940978534,      -2.848411873,      0.9329898399,      0.4197411657,      0.6942874882,                 0,                 0,                 0,      0.0659872798,      0.1984104565,      0.7866708671,                 0,       1.654084814,      0.7930723804,      -3.275157112,      -2.257336308,      -2.248537385,      -3.203041204,       -2.29673952,                 0,                 0,                 0,                 0,                 0,                 0,                 0,                 0,                 0,                 0,                 0,                 0,                 1,                 1
        213,           8,      -8.508955642,      -4.699871397,      -4.747017464,      -2.976352736,      -2.850308245,      0.9329898399,      0.4212622206,      0.6949825305,                 0,                 0,                 0,      0.0663467253,      0.1996618379,      0.7877802528,                 0,       1.649762301,      0.7584381221,      -3.280674655,       -2.26933647,      -2.250026355,      -3.238189001,       -2.28649433,                 0,                 0,                 0,                 0,                 0,                 0,                 0,                 0,                 0,                 0,                 0,                 0,                 1,                 1
        214,           8,      -8.519836203,       -4.72161112,      -4.731427882,       -2.99986816,       -2.85868131,      0.9329898399,      0.4227157086,      0.6958818109,                 0,                 0,                 0,     0.06677457045,      0.2007888912,      0.7890651976,                 0,        1.64621706,      0.7584055409,       -3.29133511,      -2.274815599,      -2.235901275,      -3.261645506,      -2.282848178,                 0,                 0,                 0,                 0,                 0,                 0,                 0,                 0,                 0,                 0,                 0,                 0,                 1,                 1
        215,           8,      -8.528115651,      -4.741515639,      -4.720503138,      -3.020834722,      -2.863330434,      0.9329898399,      0.4241059361,      0.6969040042,                 0,                 0,                 0,     0.06727544597,       0.201819512,      0.7904491891,                 0,       1.643230959,      0.7647308983,       -3.29957272,      -2.278624295,      -2.226842893,      -3.282725688,      -2.275689954,                 0,                 0,                 0,                 0,                 0,                 0,                 0,                 0,                 0,                 0,                 0,                 0,                 1,                 1
        216,           7,      -8.402011455,      -4.749983848,      -4.659120729,       -2.90502778,      -2.877489309,      0.9329898399,      0.4249635739,      0.6969811593,                 0,                 0,                 0,     0.06725574125,      0.2026171171,       0.790773722,                 0,       1.640096239,      0.7647044923,        -3.1736083,      -2.271353134,      -2.167732468,      -3.167208635,      -2.278319834,                 0,                 0,                 0,                 0,                 0,                 0,                 0,                 0,                 0,                 0,                 0,                 0,                 1,                 1
        217,           9,      -8.522901761,      -4.778150063,      -4.749859285,      -3.009528048,      -2.860074568,      0.9329898399,       0.426460006,      0.6986190479,                 0,                 0,                 0,     0.06825172022,        0.20356929,      0.7927775571,                 0,       1.638181865,       0.788298024,      -3.294825369,      -2.284365088,      -2.261150032,      -3.272183054,      -2.249721952,                 0,                 0,                 0,                 0,                 0,                 0,                 0,                 0,                 0,                 0,                 0,                 0,                 1,                 1
        218,           8,      -8.409565253,      -4.795444762,      -4.715293227,      -2.904554281,      -2.804471276,      0.9329898399,      0.4272153451,      0.6988655251,                 0,                 0,                 0,     0.06850779252,      0.2042195614,      0.7932341041,                 0,       1.635862413,      0.7882779844,      -3.182003765,      -2.287355207,      -2.229662593,       -3.16786911,      -2.183453056,                 0,                 0,                 0,                 0,                 0,                 0,                 0,                 0,                 0,                 0,                 0,                 0,                 1,                 1
        219,           8,      -8.427235997,      -4.816897195,      -4.720868707,      -2.925189074,      -2.800407067,      0.9329898399,      0.4276432086,      0.6985779749,                 0,                 0,                 0,     0.06860025214,      0.2047128008,      0.7930842137,                 0,       1.633553301,      0.7882611856,      -3.200379354,      -2.295650257,      -2.238712925,      -3.189352685,       -2.16932463,                 0,                 0,                 0,                 0,                 0,                 0,                 0,                 0,                 0,                 0,                 0,                 0,                 1,                 1
        220,           8,      -8.455655348,      -4.851732531,      -4.765535846,      -2.949875449,      -2.758622902,      0.9329898399,      0.4277438748,      0.6977848828,                 0,                 0,                 0,     0.06854446559,      0.2050409461,      0.7923552079,                 0,       1.631314728,      0.7882476583,      -3.229692416,      -2.318793302,      -2.287235962,      -3.215076925,      -2.118191334,                 0,                 0,                 0,                 0,                 0,                 0,                 0,                 0,                 0,                 0,                 0,                 0,                 1,                 1
        221,           8,       -8.47996923,        -4.9059472,      -4.846231558,      -2.972279997,      -2.781973029,      0.9329898399,      0.4274798399,      0.6963295574,                 0,                 0,                 0,     0.06830991895,      0.2052139442,       0.790886277,                 0,       1.628917887,      0.7882374275,      -3.255089832,      -2.363106437,      -2.372154315,      -3.238710564,      -2.133035518,                 0,                 0,                 0,                 0,                 0,                 0,                 0,                 0,                 0,                 0,                 0,                 0,                 1,                 1
        222,           8,      -8.495432395,      -4.963195732,      -4.905101375,       -2.98537596,      -2.773922934,      0.9329898399,       0.426801164,      0.6941535207,                 0,                 0,                 0,     0.06784090686,      0.2052011348,      0.7886068971,                 0,       1.626409624,       0.788230512,      -3.271824953,      -2.412551263,       -2.43559425,      -3.253226876,      -2.117448901,                 0,                 0,                 0,                 0,                 0,                 0,                 0,                 0,                 0,                 0,                 0,                 0,                 1,                 1
        223,           8,      -8.530307086,      -5.032785122,      -4.971510519,      -3.009944174,      -2.788355622,      0.9329898399,      0.4256881557,      0.6912261812,                 0,                 0,                 0,     0.06712898626,      0.2049926309,      0.7854820563,                 0,       1.623785327,      0.7882269245,      -3.308157948,      -2.476697691,      -2.506897982,      -3.279405763,       -2.12544685,                 0,                 0,                 0,                 0,                 0,                 0,                 0,                 0,                 0,                 0,                 0,                 0,                 1,                 1
        224,           7,       -8.41468953,      -5.092686995,      -4.923847651,      -2.903047014,      -2.774284483,      0.9329898399,      0.4239014836,      0.6870993046,                 0,                 0,                 0,     0.06587117224,      0.2044906098,      0.7810131322,                 0,       1.620893842,      0.7882266717,      -3.194182534,      -2.533712107,      -2.464429702,      -3.174308111,      -2.106150714,                 0,                 0,                 0,                 0,                 0,                 0,                 0,                 0,                 0,                 0,                 0,                 0,                 1,                 1
        225,           7,      -8.443054356,      -5.182947065,      -5.037524754,      -2.913914995,      -2.797075396,      0.9329898399,      0.4218835214,      0.6827502423,                 0,                 0,                 0,       0.064625674,      0.2038323657,      0.7762641082,                 0,       1.618338256,       0.788229754,      -3.224369041,      -2.623742544,      -2.583574523,      -3.187161054,      -2.125010854,                 0,                 0,                 0,                 0,                 0,                 0,                 0,                 0,                 0,                 0,                 0,                 0,                 1,                 1
        226,           7,      -8.473154706,      -5.270724436,      -5.133666409,      -2.940387825,      -2.812411873,      0.9329898399,      0.4196335394,      0.6781945877,                 0,                 0,                 0,     0.06338261179,      0.2030126417,       0.771249683,                 0,       1.616159158,      0.7882361658,      -3.256464648,      -2.713945766,      -2.685428564,      -3.215799184,      -2.137776706,                 0,                 0,                 0,                 0,                 0,                 0,                 0,                 0,                 0,                 0,                 0,                 0,                 1,                 1
        227,           7,      -8.504139245,      -5.311852621,      -5.125995374,      -2.951878086,      -2.821113558,      0.9329898399,      0.4171587041,      0.6735010069,                 0,                 0,                 0,     0.06210271369,      0.2020182152,      0.7660376174,                 0,       1.614495875,      0.7882458952,      -3.289612731,      -2.760051383,      -2.683685536,      -3.229630801,      -2.145335572,                 0,                 0,                 0,                 0,                 0,                 0,                 0,                 0,                 0,                 0,                 0,                 0,                 1,                 1
        228,           7,       -8.57035303,      -5.329333859,      -5.146489871,      -2.976662625,      -2.822548917,      0.9329898399,      0.4145792532,      0.6689421837,                 0,                 0,                 0,     0.06094299575,      0.2008843449,      0.7609238347,                 0,       1.613544765,      0.7882589243,      -3.358155937,      -2.784868333,      -2.710294804,      -3.256932778,      -2.147063184,                 0,                 0,                 0,                 0,                 0,                 0,                 0,                 0,                 0,                 0,                 0,                 0,                 1,                 1
        229,           6,      -8.456523471,      -5.267201109,      -5.050340221,      -2.892767664,      -2.848394845,      0.9329898399,      0.4115042572,      0.6637032291,                 0,                 0,                 0,     0.05934085281,      0.1994754337,      0.7550147557,                 0,        1.61287087,      0.7882752291,      -3.246813545,      -2.732166478,      -2.620416954,      -3.175723334,      -2.174512639,                 0,                 0,                 0,                 0,                 0,                 0,                 0,                 0,                 0,                 0,                 0,                 0,                 1,                 1
        230,           6,      -8.496107068,      -5.202697933,      -4.985616013,      -2.921112037,      -2.858338765,      0.9329898399,      0.4084945042,      0.6589546435,                 0,                 0,                 0,     0.05802575034,      0.1979855447,      0.7495936941,                 0,       1.613129765,      0.7882947797,      -3.289027873,      -2.678880454,      -2.562092031,       -3.20690566,      -2.187382074,                 0,                 0,                 0,                 0,                 0,                 0,                 0,                 0,                 0,                 0,                 0,                 0,                 1,                 1
        231,           6,      -8.481835951,      -5.135125939,       -4.95712418,       -2.92211216,      -2.865052531,      0.9329898399,      0.4055298724,      0.6546500575,                 0,                 0,                 0,     0.05691271369,      0.1964089923,      0.7446104236,                 0,       1.614307853,      0.7819626419,      -3.277512526,      -2.623984087,      -2.540096101,      -3.210874573,      -2.198320237,                 0,                 0,                 0,                 0,                 0,                 0,                 0,                 0,                 0,                 0,                 0,                 0,                 1,                 1
        232,           6,      -8.425694113,      -5.059667895,      -4.890714927,      -2.885980009,      -2.819818322,      0.9329898399,       0.402560104,      0.6506111519,                 0,                 0,                 0,     0.05592486504,      0.1947498504,      0.7398797227,                 0,       1.616183883,      0.7756336944,      -3.224236813,        -2.5623402,      -2.480251625,      -3.177825917,      -2.158434801,                 0,                 0,                 0,                 0,                 0,                 0,                 0,                 0,                 0,                 0,                 0,                 0,                 1,                 1
        233,           7,      -8.511706667,      -5.001987695,      -4.943129136,      -2.968226898,      -2.865573884,      0.9329898399,      0.3999904575,      0.6477575484,                 0,                 0,                 0,     0.05562481096,      0.1931267982,      0.7363995162,                 0,       1.619432504,      0.7756627455,      -3.313210872,      -2.519314811,      -2.539272887,      -3.263254065,      -2.210499114,                 0,                 0,                 0,                 0,                 0,                 0,                 0,                 0,                 0,                 0,                 0,                 0,                 1,                 1
        234,           7,      -8.440866106,      -4.943714167,      -4.934673054,      -2.912739946,      -2.812716496,      0.9329898399,      0.3970586249,      0.6444026908,                 0,                 0,                 0,       0.054961951,      0.1913039382,       0.732334065,                 0,       1.622940922,      0.7756948663,      -3.245414028,      -2.476272675,      -2.537441701,      -3.211031195,      -2.164463088,                 0,                 0,                 0,                 0,                 0,                 0,                 0,                 0,                 0,                 0,                 0,                 0,                 1,                 1
        235,           7,      -8.377762103,      -4.891546966,      -4.901575879,       -2.85145765,      -2.866765435,      0.9329898399,      0.3939079661,      0.6407019505,                 0,                 0,                 0,     0.05412398364,      0.1893729399,       0.727873866,                 0,       1.626527021,      0.7757299996,      -3.185423954,      -2.439683385,      -2.510965616,       -3.15308279,      -2.225632301,                 0,                 0,                 0,                 0,                 0,                 0,                 0,                 0,                 0,                 0,                 0,                 0,                 1,                 1
        236,           8,      -8.487710024,      -4.864318718,      -5.052018933,      -2.933950692,      -2.829236858,      0.9329898399,      0.3908781916,      0.6373879346,                 0,                 0,                 0,     0.05361069837,      0.1874444766,      0.7238188364,                 0,       1.630656169,      0.7757680831,      -3.298541283,      -2.428187764,      -2.668003536,      -3.238962532,      -2.195473808,                 0,                 0,                 0,                 0,                 0,                 0,                 0,                 0,                 0,                 0,                 0,                 0,                 1,                 1
        237,           8,      -8.453238945,      -4.839850872,       -5.04962902,      -2.900811363,       -2.78552128,      0.9329898399,      0.3874104479,      0.6332568657,                 0,                 0,                 0,     0.05272057023,      0.1853360645,      0.7188544055,                 0,       1.634589023,      0.7758090501,      -3.267281609,      -2.419455857,      -2.672164495,      -3.209247403,      -2.158497849,                 0,                 0,                 0,                 0,                 0,                 0,                 0,                 0,                 0,                 0,                 0,                 0,                 1,                 1
        238,           8,      -8.424308131,      -4.820676529,      -5.036304254,      -2.876972365,      -2.771304338,      0.9329898399,      0.3835916431,      0.6284490731,                 0,                 0,                 0,     0.05156854876,      0.1830897858,      0.7131401801,                 0,       1.638328375,      0.7758528293,      -3.241591414,      -2.415875632,      -2.665327565,      -3.188855514,      -2.151194405,                 0,                 0,                 0,                 0,                 0,                 0,                 0,                 0,                 0,                 0,                 0,                 0,                 1,                 1
        239,           8,      -8.403153358,      -4.802596009,      -5.021067229,      -2.862713925,      -2.769368319,      0.9329898399,      0.3794802915,      0.6230565411,                 0,                 0,                 0,     0.05023455406,      0.1807347045,      0.7067812333,                 0,       1.641867984,      0.7758993453,      -3.223694818,      -2.413134714,       -2.65649889,      -3.178054035,      -2.155955475,                 0,                 0,                 0,                 0,                 0,                 0,                 0,                 0,                 0,                 0,                 0,                 0,                 1,                 1
        240,           8,      -8.388514815,       -4.78472694,      -5.028695477,      -2.854228106,      -2.768675342,      0.9329898399,      0.3750764691,      0.6171397946,                 0,                 0,                 0,     0.04872191083,      0.1782531974,      0.6998354673,                 0,       1.645370599,      0.8105471928,      -3.212317921,      -2.410266937,      -2.670440089,      -3.173018731,      -2.161890511,                 0,                 0,                 0,                 0,                 0,                 0,                 0,                 0,                 0,                 0,                 0,                 0,                 1,                 1
        241,           8,      -8.390611179,      -4.761395353,      -4.989255663,      -2.859928961,      -2.767776963,      0.9329898399,      0.3705034125,      0.6110016443,                 0,                 0,                 0,     0.04717588836,      0.1756745832,      0.6926284927,                 0,       1.649112056,      0.8105989414,      -3.217666287,      -2.401533283,      -2.637203153,      -3.182148816,      -2.167930116,                 0,                 0,                 0,                 0,                 0,                 0,                 0,                 0,                 0,                 0,                 0,                 0,                 1,                 1
        242,           8,      -8.387000162,      -4.736738761,      -4.979290546,      -2.857642434,      -2.761361551,      0.9329898399,      0.3658190952,      0.6048113831,                 0,                 0,                 0,     0.04565297416,      0.1730048054,      0.6853391546,                 0,       1.653307307,      0.8106531788,      -3.217284987,       -2.39101937,      -2.633316999,      -3.183255653,       -2.16884981,                 0,                 0,                 0,                 0,                 0,                 0,                 0,                 0,                 0,                 0,                 0,                 0,                 1,                 1
        243,           8,       -8.37819357,      -4.712726799,      -4.972217246,      -2.848152986,      -2.748215453,      0.9329898399,      0.3610622913,      0.5986886275,                 0,                 0,                 0,     0.04417456947,      0.1702459718,      0.6780931794,                 0,       1.658131137,      0.8265672978,      -3.211675907,      -2.380668391,       -2.63218733,      -3.177111201,      -2.163385383,                 0,                 0,                 0,                 0,                 0,                 0,                 0,                 0,                 0,                 0,                 0,                 0,                 1,                 1
        244,           8,      -8.366132388,      -4.690303271,      -4.954073331,      -2.832714286,      -2.705687991,      0.9329898399,      0.3562754334,      0.5927479597,                 0,                 0,                 0,      0.0427685469,        0.16740516,      0.6710125488,                 0,       1.663735145,      0.8266262428,      -3.202768015,      -2.371394133,      -2.619836979,      -3.164956914,      -2.128831546,                 0,                 0,                 0,                 0,                 0,                 0,                 0,                 0,                 0,                 0,                 0,                 0,                 1,                 1
        245,           7,      -8.420079089,      -4.671099348,      -4.928548028,      -2.886355044,      -2.774157861,      0.9329898399,      0.3514211466,      0.5868632125,                 0,                 0,                 0,     0.04123769334,       0.164483516,      0.6639656809,                 0,       1.669971253,      0.8194028326,      -3.259811079,      -2.364810883,      -2.599941074,      -3.221807639,      -2.205429517,                 0,                 0,                 0,                 0,                 0,                 0,                 0,                 0,                 0,                 0,                 0,                 0,                 1,                 1
        246,           7,      -8.392309804,      -4.653144664,       -4.90033452,      -2.856996755,      -2.756825594,      0.9329898399,      0.3466576397,      0.5813499006,                 0,                 0,                 0,     0.03990764993,      0.1615400881,      0.6573005599,                 0,       1.677014536,      0.8194661076,      -3.235070588,      -2.358939045,      -2.577180981,      -3.195573389,      -2.196259274,                 0,                 0,                 0,                 0,                 0,                 0,                 0,                 0,                 0,                 0,                 0,                 0,                 1,                 1
        247,           7,      -8.356644753,      -4.636863925,      -4.872007591,       -2.82053767,       -2.74326668,      0.9329898399,      0.3419734831,      0.5762202087,                 0,                 0,                 0,       0.038753451,      0.1585603836,      0.6510254963,                 0,       1.684985056,      0.8195314004,      -3.202356492,      -2.354203379,      -2.554121485,      -3.162141719,      -2.190986458,                 0,                 0,                 0,                 0,                 0,                 0,                 0,                 0,                 0,                 0,                 0,                 0,                 1,                 1
        248,           8,      -8.487120101,      -4.634573347,      -4.960784681,      -2.910231152,      -2.683223199,      0.9329898399,      0.3376264594,       0.572093247,                 0,                 0,                 0,     0.03811648316,       0.155609911,      0.6458079165,                 0,       1.694456199,      0.8140649913,      -3.335695325,      -2.362919727,      -2.647970376,      -3.254756511,      -2.139218779,                 0,                 0,                 0,                 0,                 0,                 0,                 0,                 0,                 0,                 0,                 0,                 0,                 1,                 1
        249,           8,      -8.469916786,      -4.626045318,      -4.965910448,      -2.884402403,      -2.682627005,      0.9329898399,      0.3331678237,      0.5678002392,                 0,                 0,                 0,     0.03730709287,      0.1526012504,      0.6403989138,                 0,       1.704246926,      0.8141340142,      -3.321258647,       -2.36485526,      -2.657965073,      -3.231733995,       -2.14672889,                 0,                 0,                 0,                 0,                 0,                 0,                 0,                 0,                 0,                 0,                 0,                 0,                 1,                 1
        250,           8,      -8.450860497,      -4.611992978,      -4.957967199,      -2.854024294,      -2.682683748,      0.9329898399,      0.3285282278,      0.5630780076,                 0,                 0,                 0,      0.0362381435,      0.1495450298,      0.6345265347,                 0,       1.713941025,      0.7748939655,      -3.304864914,      -2.360723984,      -2.654682097,      -3.204040419,       -2.15476176,                 0,                 0,                 0,                 0,                 0,                 0,                 0,                 0,                 0,                 0,                 0,                 0,                 1,                 1
        251,           8,       -8.43709656,       -4.59482874,      -4.939851416,      -2.827072766,      -2.681702211,      0.9329898399,      0.3236451138,      0.5576615523,                 0,                 0,                 0,     0.03484667616,      0.1464589029,      0.6279190683,                 0,       1.723064951,      0.8112253658,       -3.29365061,      -2.352943394,      -2.641011969,      -3.179643823,      -2.161342548,                 0,                 0,                 0,                 0,                 0,                 0,                 0,                 0,                 0,                 0,                 0,                 0,                 1,                 1
        252,           8,      -8.414678274,      -4.576916935,      -4.901467647,      -2.807238295,      -2.680306161,      0.9329898399,      0.3185662851,      0.5516013412,                 0,                 0,                 0,     0.03324315515,      0.1433738291,      0.6206387538,                 0,       1.731511987,      0.8112992026,      -3.273661094,      -2.343883368,      -2.606854197,      -3.162227837,      -2.167136164,                 0,                 0,                 0,                 0,                 0,                 0,                 0,                 0,                 0,                 0,                 0,                 0,                 1,                 1
        253,           8,      -8.389159546,      -4.563688752,      -4.872644051,      -2.795713587,      -2.677954709,      0.9329898399,       0.313293566,      0.5447999036,                 0,                 0,                 0,     0.03143849504,      0.1403200506,      0.6125929128,                 0,       1.738943798,      0.8030418022,      -3.250443984,      -2.338981375,      -2.582032661,      -3.152979962,      -2.171552305,                 0,                 0,                 0,                 0,                 0,                 0,                 0,                 0,                 0,                 0,                 0,                 0,                 1,                 1
        254,           8,      -8.370561187,      -4.552181203,      -4.839088408,      -2.797342313,       -2.67636359,      0.9329898399,      0.3078616053,      0.5373788529,                 0,                 0,                 0,     0.02948691365,       0.137295146,      0.6039079751,                 0,       1.745520856,      0.8031183142,      -3.234014233,      -2.335280332,      -2.552250206,      -3.156738809,      -2.176307304,                 0,                 0,                 0,                 0,                 0,                 0,                 0,                 0,                 0,                 0,                 0,                 0,                 1,                 1
        255,           8,      -8.356347035,      -4.539148008,      -4.794521713,      -2.809248097,      -2.739475164,      0.9329898399,      0.3023209564,        0.52955899,                 0,                 0,                 0,      0.0274581596,      0.1342829038,      0.5948098741,                 0,       1.751644994,      0.8031960021,      -3.221831212,       -2.32953915,      -2.511221342,      -3.170624173,      -2.245249374,                 0,                 0,                 0,                 0,                 0,                 0,                 0,                 0,                 0,                 0,                 0,                 0,                 1,                 1
        256,           8,      -8.363126202,      -4.526255109,      -4.782410056,      -2.834481665,      -2.762418741,      0.9329898399,      0.2968042504,       0.521755279,                 0,                 0,                 0,      0.0255434256,      0.1312888359,      0.5857342194,                 0,       1.757910401,       0.803274758,      -3.230499442,      -2.323430331,       -2.50240488,      -3.197682907,      -2.273579564,                 0,                 0,                 0,                 0,                 0,                 0,                 0,                 0,                 0,                 0,                 0,                 0,                 1,                 1
        257,           8,      -8.362701028,      -4.512804455,      -4.769058204,      -2.848377507,      -2.767578442,      0.9329898399,      0.2912651265,      0.5140536255,                 0,                 0,                 0,     0.02363964203,      0.1282434909,      0.5767496084,                 0,       1.764899326,      0.8033544746,      -3.231817758,      -2.316263692,      -2.492098258,      -3.213246724,      -2.283661157,                 0,                 0,                 0,                 0,                 0,                 0,                 0,                 0,                 0,                 0,                 0,                 0,                 1,                 1
        258,           8,      -8.352464762,      -4.498749359,      -4.759825452,      -2.843510834,      -2.765657965,      0.9329898399,       0.285909409,      0.5069099512,                 0,                 0,                 0,     0.02203187371,      0.1252104011,      0.5683522185,                 0,       1.772974009,      0.7986242945,      -3.223175166,      -2.308001046,      -2.485652897,      -3.209887576,      -2.286224702,                 0,                 0,                 0,                 0,                 0,                 0,                 0,                 0,                 0,                 0,                 0,                 0,                 1,                 1
        259,           8,      -8.345357694,      -4.487399257,      -4.751829844,      -2.827822009,      -2.692481789,      0.9329898399,      0.2808098755,      0.5006205678,                 0,                 0,                 0,     0.02081184112,      0.1221725306,      0.5608466919,                 0,       1.782774081,      0.8358911341,      -3.217507166,      -2.301958225,      -2.480179342,      -3.195542439,      -2.217093611,                 0,                 0,                 0,                 0,                 0,                 0,                 0,                 0,                 0,                 0,                 0,                 0,                 1,                 1
        260,           8,      -8.321076915,      -4.485412008,      -4.752653039,      -2.792939177,      -2.672798372,      0.9329898399,      0.2758923619,      0.4949872412,                 0,                 0,                 0,     0.01973412959,      0.1191169143,      0.5540217731,                 0,       1.794131732,      0.8359730923,      -3.194506142,      -2.304797655,      -2.483252966,       -3.16183667,      -2.200877953,                 0,                 0,                 0,                 0,                 0,                 0,                 0,                 0,                 0,                 0,                 0,                 0,                 1,                 1
        261,           8,      -8.292852273,      -4.481350079,      -4.716186921,      -2.753857992,      -2.675564073,      0.9329898399,      0.2712232191,      0.4901013683,                 0,                 0,                 0,     0.01893807935,      0.1160802818,      0.5479842643,                 0,       1.807003729,      0.8360555879,      -3.167397998,      -2.305086184,      -2.448760039,      -3.123764441,      -2.206601659,                 0,                 0,                 0,                 0,                 0,                 0,                 0,                 0,                 0,                 0,                 0,                 0,                 1,                 1
        262,           8,      -8.272580298,      -4.485269549,      -4.753400684,      -2.716802619,      -2.679971678,      0.9329898399,      0.2667304252,      0.4856585358,                 0,                 0,                 0,     0.01822227857,      0.1130827601,      0.5424219966,                 0,        1.82078417,      0.8361385171,       -3.14807294,      -2.312881641,      -2.487664151,      -3.087546209,      -2.213465654,                 0,                 0,                 0,                 0,                 0,                 0,                 0,                 0,                 0,                 0,                 0,                 0,                 1,                 1
        263,           9,      -8.409360596,      -4.489945089,       -4.82133465,      -2.781897308,      -2.688090523,      0.9329898399,      0.2624391688,      0.4817290236,                 0,                 0,                 0,     0.01766447586,      0.1101278894,      0.5374095435,                 0,        1.83558356,      0.8362217766,      -3.285629098,      -2.320961543,      -2.557002678,      -3.153306766,      -2.223592661,                 0,                 0,                 0,                 0,                 0,                 0,                 0,                 0,                 0,                 0,                 0,                 0,                 1,                 1
        264,           9,      -8.422281049,      -4.485599397,       -4.82544419,      -2.764845775,      -2.679295516,      0.9329898399,      0.2580495441,      0.4772078543,                 0,                 0,                 0,     0.01673956087,      0.1072519324,      0.5318025258,                 0,       1.849287725,      0.8640761733,      -3.299153798,      -2.319553626,      -2.562228844,      -3.136750556,      -2.216281215,                 0,                 0,                 0,                 0,                 0,                 0,                 0,                 0,                 0,                 0,                 0,                 0,                 1,                 1
        265,           8,      -8.389109807,      -4.470656057,      -4.749928549,      -2.733131187,      -2.682096669,      0.9329898399,      0.2534060856,      0.4714373972,                 0,                 0,                 0,     0.01525179022,      0.1044984894,      0.5249265944,                 0,       1.860402824,      0.8641597876,      -3.266415704,      -2.307087298,      -2.487540511,      -3.105361787,      -2.220063926,                 0,                 0,                 0,                 0,                 0,                 0,                 0,                 0,                 0,                 0,                 0,                 0,                 1,                 1
        266,           9,      -8.405452293,      -4.460459543,       -4.78530887,      -2.733011058,       -2.68024608,      0.9329898399,      0.2484819143,      0.4643542659,                 0,                 0,                 0,     0.01319387402,      0.1018603881,      0.5167132738,                 0,       1.868764844,      0.9035542101,      -3.283019148,      -2.298911166,       -2.52345723,      -3.105396873,      -2.218809556,                 0,                 0,                 0,                 0,                 0,                 0,                 0,                 0,                 0,                 0,                 0,                 0,                 1,                 1
        267,           9,      -8.359111376,      -4.457690113,      -4.814149094,      -2.725500402,      -2.682172461,      0.9329898399,      0.2433972691,      0.4559179169,                 0,                 0,                 0,      0.0108474395,     0.09946446744,      0.5071589468,                 0,       1.873143107,      0.8994613261,      -3.236770972,      -2.297709105,      -2.552541475,      -3.097874462,      -2.220834927,                 0,                 0,                 0,                 0,                 0,                 0,                 0,                 0,                 0,                 0,                 0,                 0,                 1,                 1
        268,           9,      -8.337497965,       -4.45027739,      -4.703557087,      -2.740600598,      -2.689936937,      0.9329898399,      0.2383254395,      0.4469658008,                 0,                 0,                 0,    0.008520933022,      0.0972315981,      0.4971151361,                 0,       1.875443099,      0.8872693574,      -3.215084705,      -2.291415166,      -2.441898068,      -3.112798155,      -2.228283504,                 0,                 0,                 0,                 0,                 0,                 0,                 0,                 0,                 0,                 0,                 0,                 0,                 1,                 1
        269,           9,      -8.324096519,      -4.451147653,      -4.680848388,      -2.769329104,      -2.687396642,      0.9329898399,      0.2334139805,      0.4382819238,                 0,                 0,                 0,    0.006537290895,     0.09507366642,      0.4873747316,                 0,       1.877702111,      0.9265199054,      -3.201448331,      -2.292960268,      -2.418837407,      -3.141188326,      -2.225003214,                 0,                 0,                 0,                 0,                 0,                 0,                 0,                 0,                 0,                 0,                 0,                 0,                 1,                 1
        270,           9,      -8.316178791,      -4.450991225,      -4.658100414,      -2.793224634,       -2.68521806,      0.9329898399,       0.228742638,      0.4302093551,                 0,                 0,                 0,    0.004914773339,     0.09296663005,      0.4782891274,                 0,       1.880757164,       0.926602662,      -3.193137943,      -2.293039599,      -2.395433719,      -3.164588304,      -2.221628506,                 0,                 0,                 0,                 0,                 0,                 0,                 0,                 0,                 0,                 0,                 0,                 0,                 1,                 1
        271,           9,      -8.303891233,      -4.450540016,      -4.666393532,      -2.793392416,      -2.679147454,      0.9329898399,      0.2244232631,      0.4232372389,                 0,                 0,                 0,    0.003773402436,     0.09087444079,      0.4703587965,                 0,       1.885888446,      0.8873741757,      -3.180298693,      -2.292386308,      -2.402763487,      -3.164104425,      -2.213942684,                 0,                 0,                 0,                 0,                 0,                 0,                 0,                 0,                 0,                 0,                 0,                 0,                 1,                 1
        272,           9,      -8.301075135,      -4.449380613,      -4.668069416,      -2.775796476,      -2.677741115,      0.9329898399,      0.2205239396,      0.4177536187,                 0,                 0,                 0,     0.00326449792,     0.08874875461,      0.4639747326,                 0,       1.894368563,      0.8815350067,      -3.176770029,      -2.290583818,      -2.403165758,      -3.145702827,      -2.210517245,                 0,                 0,                 0,                 0,                 0,                 0,                 0,                 0,                 0,                 0,                 0,                 0,                 1,                 1
        273,           9,      -8.289430503,      -4.447278144,      -4.635790036,      -2.741316134,      -2.676595542,      0.9329898399,       0.216952799,      0.4134410081,                 0,                 0,                 0,    0.003103876486,     0.08659454114,       0.458806462,                 0,       1.905672617,      0.8816161042,      -3.164249821,      -2.287392898,      -2.369302025,      -3.110265449,      -2.206987166,                 0,                 0,                 0,                 0,                 0,                 0,                 0,                 0,                 0,                 0,                 0,                 0,                 1,                 1
        274,           9,      -8.274717009,      -4.449181691,      -4.612748435,      -2.705466694,      -2.679478446,      0.9329898399,      0.2135596633,      0.4097966359,                 0,                 0,                 0,    0.002992970983,     0.08441518064,      0.4543292747,                 0,       1.918885943,      0.8426812205,      -3.148497541,      -2.287757268,      -2.344365291,      -3.073311172,       -2.20706841,                 0,                 0,                 0,                 0,                 0,                 0,                 0,                 0,                 0,                 0,                 0,                 0,                 1,                 1
        275,           9,      -8.263076666,      -4.453894436,      -4.618802153,      -2.673201106,      -2.682977259,      0.9329898399,      0.2102278252,      0.4063229563,                 0,                 0,                 0,    0.002704018597,     0.08224453362,      0.4500332432,                 0,       1.932774389,      0.8391393913,      -3.135657061,      -2.290476578,      -2.348214669,      -3.039797311,      -2.207380892,                 0,                 0,                 0,                 0,                 0,                 0,                 0,                 0,                 0,                 0,                 0,                 0,                 1,                 1
        276,           9,      -8.363451193,      -4.463082251,      -4.702379436,      -2.708287306,      -2.681439367,      0.9329898399,      0.2068568891,      0.4021210401,                 0,                 0,                 0,    0.001820438133,     0.08024941282,      0.4450293644,                 0,       1.943957689,      0.8235939713,      -3.234673544,      -2.297215258,       -2.42928062,      -3.073496398,      -2.202242746,                 0,                 0,                 0,                 0,                 0,                 0,                 0,                 0,                 0,                 0,                 0,                 0,                 1,                 1
        277,           9,      -8.378117992,      -4.461995415,      -4.788245184,      -2.693772349,      -2.669727264,      0.9329898399,      0.2032391666,      0.3964453818,                 0,                 0,                 0,   0.0002121663424,     0.07844916946,      0.4385439857,                 0,       1.950634755,      0.8629823841,      -3.247830372,      -2.293223463,      -2.512329951,      -3.057461071,      -2.186626187,                 0,                 0,                 0,                 0,                 0,                 0,                 0,                 0,                 0,                 0,                 0,                 0,                 1,                 1
        278,           9,      -8.322096879,      -4.444764745,      -4.685587434,      -2.660584218,      -2.657212807,      0.9329898399,      0.1993561659,      0.3890787208,                 0,                 0,                 0,    -0.00200794098,     0.07688964067,      0.4303639332,                 0,       1.951676383,      0.8630589347,      -3.190152979,      -2.272632013,      -2.406551028,      -3.022623393,      -2.169969842,                 0,                 0,                 0,                 0,                 0,                 0,                 0,                 0,                 0,                 0,                 0,                 0,                 1,                 1
        279,           9,        -8.3124517,      -4.434440177,      -4.682166917,      -2.656742757,       -2.65390748,      0.9329898399,      0.1952748449,      0.3803625486,                 0,                 0,                 0,   -0.004696204045,     0.07553501616,      0.4208353535,                 0,       1.947831779,       0.884636797,       -3.17871364,      -2.258491296,      -2.399702543,      -3.017009423,       -2.16204905,                 0,                 0,                 0,                 0,                 0,                 0,                 0,                 0,                 0,                 0,                 0,                 0,                 1,                 1
        280,           9,      -8.279448709,      -4.434500428,      -4.661051608,      -2.659927634,      -2.660269501,      0.9329898399,      0.1912774674,      0.3714087352,                 0,                 0,                 0,   -0.007195637538,     0.07433014675,      0.4111040591,                 0,       1.941727587,      0.8847109424,      -3.143789211,      -2.254280817,      -2.374851306,      -3.018307927,      -2.163439252,                 0,                 0,                 0,                 0,                 0,                 0,                 0,                 0,                 0,                 0,                 0,                 0,                 1,                 1
        281,           9,      -8.244004221,      -4.445442154,      -4.630709204,      -2.669904375,      -2.665059776,      0.9329898399,      0.1876367587,      0.3634296011,                 0,                 0,                 0,    -0.00902219323,      0.0731813927,       0.402409135,                 0,       1.936878486,      0.8847837657,       -3.10630091,      -2.260495762,       -2.34046306,      -3.026289902,      -2.162909821,                 0,                 0,                 0,                 0,                 0,                 0,                 0,                 0,                 0,                 0,                 0,                 0,                 1,                 1
        282,           9,      -8.242950444,      -4.459077333,      -4.573443923,      -2.702957713,      -2.666940294,      0.9329898399,      0.1845429589,      0.3576357711,                 0,                 0,                 0,    -0.00975965337,     0.07191672919,      0.3959639283,                 0,       1.937954031,      0.8848551892,       -3.10308542,      -2.268942037,      -2.278841228,      -3.057246832,       -2.15923323,                 0,                 0,                 0,                 0,                 0,                 0,                 0,                 0,                 0,                 0,                 0,                 0,                 1,                 1
        283,           9,      -8.248366441,      -4.470641715,      -4.528401853,      -2.728966889,      -2.667240587,      0.9329898399,      0.1820520511,      0.3545065633,                 0,                 0,                 0,   -0.009528749694,     0.07044955402,       0.392243181,                 0,       1.947281347,      0.8622570729,      -3.106225604,      -2.274845156,      -2.229132937,      -3.081064605,      -2.153694888,                 0,                 0,                 0,                 0,                 0,                 0,                 0,                 0,                 0,                 0,                 0,                 0,                 1,                 1
        284,           9,      -8.253353691,      -4.481789828,       -4.51008291,      -2.727725653,      -2.667695506,      0.9329898399,      0.1800450032,      0.3538202009,                 0,                 0,                 0,   -0.008521033993,      0.0687308775,      0.3910000054,                 0,       1.965176454,      0.8692754996,      -3.108829671,      -2.279848517,      -2.205842127,      -3.077545574,      -2.147855814,                 0,                 0,                 0,                 0,                 0,                 0,                 0,                 0,                 0,                 0,                 0,                 0,                 1,                 1
        285,           9,      -8.239542014,      -4.485836277,      -4.486559658,      -2.694205005,       -2.66904412,      0.9329898399,      0.1783460719,      0.3545028249,                 0,                 0,                 0,   -0.007448472408,     0.06690660151,      0.3911560825,                 0,       1.987724322,       0.869342274,      -3.092534392,      -2.277257891,       -2.17704628,      -3.041668462,      -2.142600999,                 0,                 0,                 0,                 0,                 0,                 0,                 0,                 0,                 0,                 0,                 0,                 0,                 1,                 1
        286,           9,      -8.195784064,       -4.48715207,        -4.5077303,      -2.629426353,      -2.669114714,      0.9329898399,      0.1767168457,      0.3555141513,                 0,                 0,                 0,   -0.006620900798,     0.06505288154,      0.3916468792,                 0,       2.011772844,      0.8477466085,      -3.046201712,      -2.271437106,      -2.192648972,      -2.974463415,      -2.135799824,                 0,                 0,                 0,                 0,                 0,                 0,                 0,                 0,                 0,                 0,                 0,                 0,                 1,                 1
        287,           9,      -8.189044163,      -4.474679534,      -4.490741299,      -2.602121859,      -2.665428995,      0.9329898399,      0.1749100769,      0.3555428545,                 0,                 0,                 0,   -0.006618815254,     0.06331666799,        0.39114608,                 0,       2.032717958,      0.8478099325,      -3.036807367,       -2.25132223,       -2.16980203,      -2.944672317,      -2.124901617,                 0,                 0,                 0,                 0,                 0,                 0,                 0,                 0,                 0,                 0,                 0,                 0,                 1,                 1
        288,           9,      -8.195725382,      -4.459484357,      -4.563090479,       -2.58385396,      -2.654689536,      0.9329898399,      0.1727264881,      0.3532600171,                 0,                 0,                 0,   -0.007797917643,     0.06189592864,      0.3883245723,                 0,       2.045198863,      0.8478714313,      -3.040765983,        -2.2279724,      -2.236006653,      -2.923867018,      -2.106576949,                 0,                 0,                 0,                 0,                 0,                 0,                 0,                 0,                 0,                 0,                 0,                 0,                 1,                 1
        289,           9,      -8.274503235,      -4.438749915,      -4.597976711,       -2.60911453,      -2.649489969,      0.9329898399,      0.1700749089,      0.3481913578,                 0,                 0,                 0,     -0.0102549017,     0.06084214338,      0.3827021425,                 0,       2.047282342,      0.8240574427,      -3.116765068,      -2.198565933,      -2.264464027,      -2.946549622,      -2.093499533,                 0,                 0,                 0,                 0,                 0,                 0,                 0,                 0,                 0,                 0,                 0,                 0,                 1,                 1
        290,           9,       -8.28027895,      -4.426233098,      -4.637047353,      -2.606674629,      -2.653538957,      0.9329898399,      0.1675745458,      0.3422618116,                 0,                 0,                 0,     -0.0125388602,     0.06018466581,      0.3763006539,                 0,        2.04244511,      0.8241151015,      -3.119716642,      -2.176853632,      -2.296820591,      -2.941501329,      -2.089326207,                 0,                 0,                 0,                 0,                 0,                 0,                 0,                 0,                 0,                 0,                 0,                 0,                 1,                 1
        291,           9,      -8.251203932,      -4.426638675,      -4.633681523,      -2.603987568,      -2.656126983,      0.9329898399,      0.1650888814,      0.3360233858,                 0,                 0,                 0,    -0.01466960472,     0.05963155225,      0.3696080797,                 0,       2.035408945,        0.82417075,      -3.087783995,      -2.167532783,      -2.286457112,       -2.93618755,      -2.083366879,                 0,                 0,                 0,                 0,                 0,                 0,                 0,                 0,                 0,                 0,                 0,                 0,                 1,                 1
        292,           9,      -8.222947519,      -4.443971589,       -4.59753638,      -2.617445875,       -2.65723948,      0.9329898399,       0.163074446,      0.3317277383,                 0,                 0,                 0,    -0.01555634422,     0.05896106396,      0.3649111676,                 0,       2.034210426,       0.824224331,      -3.056648464,      -2.174595941,      -2.243035671,      -2.947013507,      -2.075657692,                 0,                 0,                 0,                 0,                 0,                 0,                 0,                 0,                 0,                 0,                 0,                 0,                 1,                 1
        293,           9,      -8.199025397,      -4.483012191,      -4.614994024,       -2.63901735,      -2.648088624,      0.9329898399,      0.1615638433,      0.3299030928,                 0,                 0,                 0,    -0.01542182499,     0.05804994213,      0.3627245929,                 0,       2.041936401,      0.7981426435,      -3.029836635,      -2.202809125,      -2.252946352,      -2.965958998,      -2.057477211,                 0,                 0,                 0,                 0,                 0,                 0,                 0,                 0,                 0,                 0,                 0,                 0,                 1,                 1
        294,           9,      -8.241145007,      -4.515242508,      -4.565305861,      -2.705574813,      -2.649291136,      0.9329898399,      0.1607283021,      0.3315864942,                 0,                 0,                 0,    -0.01381072072,     0.05675873114,      0.3640901491,                 0,        2.06302493,      0.7954773991,      -3.069067672,        -2.2236422,      -2.195450097,      -3.029908521,      -2.049323822,                 0,                 0,                 0,                 0,                 0,                 0,                 0,                 0,                 0,                 0,                 0,                 0,                 1,                 1
        295,           9,      -8.252298824,      -4.549898627,        -4.5743266,      -2.726380339,      -2.651117116,      0.9329898399,      0.1602120377,      0.3350518746,                 0,                 0,                 0,    -0.01196822601,     0.05525184583,      0.3672531677,                 0,       2.091302748,       0.795524454,      -3.077348213,      -2.246323547,      -2.196410582,      -3.048135867,      -2.041364905,                 0,                 0,                 0,                 0,                 0,                 0,                 0,                 0,                 0,                 0,                 0,                 0,                 1,                 1
        296,           9,       -8.26240863,      -4.560428627,      -4.530190875,      -2.720266079,      -2.652441753,      0.9329898399,      0.1598544138,      0.3393943093,                 0,                 0,                 0,    -0.01020893291,     0.05364024341,      0.3713012997,                 0,       2.123146313,      0.7732352893,      -3.084615876,      -2.244297996,      -2.143974593,      -3.039485749,      -2.032738059,                 0,                 0,                 0,                 0,                 0,                 0,                 0,                 0,                 0,                 0,                 0,                 0,                 1,                 1
        297,           9,      -8.236927995,      -4.559522982,      -4.519230464,      -2.675109035,      -2.654571566,      0.9329898399,      0.1593362441,      0.3429531445,                 0,                 0,                 0,   -0.009291497168,     0.05210421249,      0.3745531325,                 0,       2.152386273,      0.7672183589,      -3.056338378,      -2.230256069,      -2.124487577,      -2.991847312,       -2.02480245,                 0,                 0,                 0,                 0,                 0,                 0,                 0,                 0,                 0,                 0,                 0,                 0,                 1,                 1
        298,           9,      -8.250158784,      -4.549174834,      -4.530535666,      -2.663418955,      -2.655664692,      0.9329898399,      0.1585966455,      0.3448967755,                 0,                 0,                 0,   -0.009311023673,     0.05082866819,      0.3761955984,                 0,        2.17467888,       0.767258464,      -3.066832856,      -2.206198556,      -2.127054986,      -2.977743886,      -2.015796236,                 0,                 0,                 0,                 0,                 0,                 0,                 0,                 0,                 0,                 0,                 0,                 0,                 1,                 1
        299,           9,      -8.313892045,      -4.537734445,      -4.606628996,      -2.685790379,      -2.657429534,      0.9329898399,      0.1574183399,      0.3441324085,                 0,                 0,                 0,    -0.01068530495,      0.0499253282,      0.3751201274,                 0,       2.186101116,      0.7672961691,      -3.127907762,      -2.180491463,      -2.194213896,      -2.997784986,      -2.007522576,                 0,                 0,                 0,                 0,                 0,                 0,                 0,                 0,                 0,                 0,                 0,                 0,                 1,                 1
        300,           9,      -8.372256665,      -4.529708906,      -4.677867736,      -2.704598721,       -2.65633647,      0.9329898399,      0.1560168572,      0.3416358491,                 0,                 0,                 0,    -0.01255050577,     0.04931500698,      0.3723229018,                 0,       2.189736771,      0.7673314368,       -3.18370513,      -2.157662472,      -2.256337483,      -3.014356759,      -1.996578186,                 0,                 0,                 0,                 0,                 0,                 0,                 0,                 0,                 0,                 0,                 0,                 0,                 1,                 1
        301,           9,      -8.249245266,      -4.527185011,      -4.667101765,      -2.639415038,      -2.655467708,      0.9329898399,      0.1547862889,      0.3391722315,                 0,                 0,                 0,    -0.01387158998,     0.04885850074,      0.3696071493,                 0,       2.191229171,      0.7367647324,      -3.058230363,      -2.139829342,      -2.236298266,      -2.947042263,      -1.986105142,                 0,                 0,                 0,                 0,                 0,                 0,                 0,                 0,                 0,                 0,                 0,                 0,                 1,                 1
        302,           9,      -8.240925276,      -4.545300423,      -4.692744496,      -2.645049838,      -2.654926917,      0.9329898399,      0.1537533465,      0.3376616194,                 0,                 0,                 0,    -0.01469212797,     0.04831235325,      0.3678605406,                 0,       2.196125333,      0.7367950234,      -3.047566194,       -2.14217737,      -2.252538347,      -2.950667146,      -1.976572491,                 0,                 0,                 0,                 0,                 0,                 0,                 0,                 0,                 0,                 0,                 0,                 0,                 1,                 1
        303,           9,      -8.258865101,      -4.580153259,      -4.679617859,      -2.682003668,      -2.654414701,      0.9329898399,      0.1531665755,      0.3383548449,                 0,                 0,                 0,     -0.0144138986,     0.04754854185,      0.3683519201,                 0,       2.209064502,      0.7368227804,      -3.063299564,      -2.160877043,      -2.229911852,      -2.985748299,      -1.967606518,                 0,                 0,                 0,                 0,                 0,                 0,                 0,                 0,                 0,                 0,                 0,                 0,                 1,                 1
        304,           9,      -8.294077737,      -4.629022043,      -4.685263793,      -2.742638788,      -2.649382427,      0.9329898399,      0.1530007391,      0.3411935668,                 0,                 0,                 0,    -0.01336190348,     0.04655998967,      0.3710181175,                 0,        2.23001254,      0.7429073719,      -3.096457805,      -2.193313943,      -2.225996336,      -3.044658007,      -1.955015283,                 0,                 0,                 0,                 0,                 0,                 0,                 0,                 0,                 0,                 0,                 0,                 0,                 1,                 1
        305,           9,      -8.365736909,      -4.679734525,      -4.694502239,      -2.832413546,      -2.650919034,      0.9329898399,      0.1530591494,      0.3455864743,                 0,                 0,                 0,    -0.01200552434,     0.04533148588,      0.3752361534,                 0,       2.257862243,      0.7429299825,      -3.166231032,      -2.227469563,      -2.225654994,      -3.132868498,      -1.950288822,                 0,                 0,                 0,                 0,                 0,                 0,                 0,                 0,                 0,                 0,                 0,                 0,                 1,                 1
        306,           9,      -8.370319542,      -4.723202046,      -4.709636704,      -2.846256423,      -2.650553656,      0.9329898399,      0.1533259171,      0.3511520496,                 0,                 0,                 0,    -0.01045499178,     0.04395938043,      0.3806365349,                 0,       2.290232833,      0.7102600469,      -3.169112387,      -2.254463891,      -2.231241681,      -3.145320412,      -1.945407471,                 0,                 0,                 0,                 0,                 0,                 0,                 0,                 0,                 0,                 0,                 0,                 0,                 1,                 1
        307,           9,      -8.362655257,      -4.748686747,      -4.705707696,      -2.823555202,      -2.650134228,      0.9329898399,      0.1535785708,       0.356891971,                 0,                 0,                 0,   -0.009224029587,     0.04252280369,      0.3861995178,                 0,       2.323839642,      0.7102774241,      -3.159944894,      -2.263832767,      -2.217851802,      -3.121411171,      -1.942632166,                 0,                 0,                 0,                 0,                 0,                 0,                 0,                 0,                 0,                 0,                 0,                 0,                 1,                 1
        308,           9,      -8.366201263,      -4.761897468,      -4.713770615,      -2.805853387,      -2.640515498,      0.9329898399,      0.1538404629,      0.3624530987,                 0,                 0,                 0,   -0.008350417084,     0.04114733596,      0.3915942205,                 0,       2.356032294,      0.7102921584,      -3.162199483,      -2.261635017,       -2.21659982,      -3.102695711,      -1.933454722,                 0,                 0,                 0,                 0,                 0,                 0,                 0,                 0,                 0,                 0,                 0,                 0,                 1,                 1
        309,           9,      -8.409698118,      -4.769038246,      -4.788581538,      -2.818062247,      -2.647326018,      0.9329898399,      0.1540000218,      0.3673322659,                 0,                 0,                 0,   -0.007968785259,     0.03987339249,      0.3963068418,                 0,       2.385274116,      0.7103042358,      -3.204628538,      -2.254494415,      -2.282311537,      -3.114094118,      -1.943819053,                 0,                 0,                 0,                 0,                 0,                 0,                 0,                 0,                 0,                 0,                 0,                 0,                 1,                 1
        310,           8,      -8.351069317,      -4.768129313,      -4.784504468,       -2.77242961,      -2.710980198,      0.9329898399,      0.1541415968,      0.3721922752,                 0,                 0,                 0,   -0.007595002935,     0.03858785208,      0.4009958844,                 0,       2.414612817,      0.7103136448,      -3.145167925,      -2.240929245,      -2.269428202,      -3.067863107,      -2.014038309,                 0,                 0,                 0,                 0,                 0,                 0,                 0,                 0,                 0,                 0,                 0,                 0,                 1,                 1
        311,           8,      -8.375568905,      -4.771727285,      -4.900952544,      -2.781784605,       -2.73227358,      0.9329898399,      0.1543023031,      0.3767077918,                 0,                 0,                 0,   -0.007377976842,     0.03742132698,      0.4053610803,                 0,       2.441362082,      0.7103203766,      -3.169086547,      -2.234066554,      -2.377447667,       -3.07684359,      -2.044649655,                 0,                 0,                 0,                 0,                 0,                 0,                 0,                 0,                 0,                 0,                 0,                 0,                 1,                 1
        312,           8,      -8.384002168,      -4.786574453,      -4.985578852,      -2.786754992,      -2.704074918,      0.9329898399,      0.1545008936,      0.3810642546,                 0,                 0,                 0,   -0.007233855801,     0.03633753366,      0.4095852487,                 0,       2.466421039,      0.7103244248,       -3.17721283,      -2.241239454,      -2.454116868,      -3.081686722,      -2.028781584,                 0,                 0,                 0,                 0,                 0,                 0,                 0,                 0,                 0,                 0,                 0,                 0,                 1,                 1
        313,           8,      -8.417709111,      -4.826253937,      -5.109906906,       -2.81950509,      -2.717604983,      0.9329898399,      0.1547866826,      0.3859703401,                 0,                 0,                 0,   -0.006821636331,     0.03517643437,      0.4143605182,                 0,       2.493562972,      0.7103257855,       -3.21091344,      -2.276599809,      -2.571059121,       -3.11458831,       -2.05754139,                 0,                 0,                 0,                 0,                 0,                 0,                 0,                 0,                 0,                 0,                 0,                 0,                 1,                 1
        314,           7,      -8.364505547,      -4.868227299,      -5.083540477,      -2.800879241,      -2.719259438,      0.9329898399,      0.1553771896,      0.3922737376,                 0,                 0,                 0,   -0.005815995928,     0.03389820396,      0.4205611347,                 0,       2.524654608,      0.7103244576,      -3.157986795,      -2.318055043,      -2.537967461,       -3.09636481,       -2.07715094,                 0,                 0,                 0,                 0,                 0,                 0,                 0,                 0,                 0,                 0,                 0,                 0,                 1,                 1
        315,           7,      -8.434586944,      -4.932886484,      -5.235773838,      -2.868368033,      -2.710847147,      0.9329898399,      0.1560760944,      0.3989639626,                 0,                 0,                 0,   -0.004748629416,     0.03261053747,      0.4271633687,                 0,       2.556214417,      0.7103204421,       -3.22862482,      -2.386276978,      -2.684231023,      -3.164497348,      -2.088849126,                 0,                 0,                 0,                 0,                 0,                 0,                 0,                 0,                 0,                 0,                 0,                 0,                 1,                 1
        316,           7,       -8.48183422,      -5.003848932,      -5.238521442,      -2.921943399,      -2.696604096,      0.9329898399,      0.1568796999,      0.4060143877,                 0,                 0,                 0,   -0.003672125163,     0.03131768447,      0.4341406752,                 0,       2.588061986,       0.710313743,      -3.276710397,      -2.464941686,      -2.681862299,      -3.218955917,      -2.096362457,                 0,                 0,                 0,                 0,                 0,                 0,                 0,                 0,                 0,                 0,                 0,                 0,                 1,                 1
        317,           7,      -8.482802096,      -5.074706761,      -5.172282869,      -2.935799146,      -2.699260285,      0.9329898399,      0.1577897256,      0.4133764382,                 0,                 0,                 0,   -0.002615100184,     0.03003549112,      0.4414471049,                 0,       2.619793124,      0.7103043666,      -3.278801861,      -2.547463594,      -2.611453163,      -3.233934539,      -2.121966323,                 0,                 0,                 0,                 0,                 0,                 0,                 0,                 0,                 0,                 0,                 0,                 0,                 1,                 1
        318,           7,      -8.489366396,      -5.129893291,      -5.165552107,      -2.941910317,      -2.685571429,      0.9329898399,      0.1587218356,      0.4207784466,                 0,                 0,                 0,   -0.001692083763,     0.02876273452,      0.4487982033,                 0,       2.651043223,      0.7102923216,      -3.286776519,      -2.617884989,      -2.601580954,      -3.241407759,      -2.132080592,                 0,                 0,                 0,                 0,                 0,                 0,                 0,                 0,                 0,                 0,                 0,                 0,                 1,                 1
        319,           7,      -8.500423234,      -5.169935777,      -5.268888822,      -2.940255575,      -2.689002443,      0.9329898399,      0.1597530808,      0.4283907556,                 0,                 0,                 0,  -0.0007805906188,     0.02752329547,      0.4563793976,                 0,       2.681580558,      0.7102776197,      -3.299530044,      -2.676197976,      -2.702873663,      -3.241352721,       -2.15975633,                 0,                 0,                 0,                 0,                 0,                 0,                 0,                 0,                 0,                 0,                 0,                 0,                 1,                 1
        320,           7,      -8.516318738,      -5.183422315,      -5.344040757,       -2.94238603,      -2.690400257,      0.9329898399,      0.1608331588,      0.4359697268,                 0,                 0,                 0,  -1.658344959e-06,     0.02634030246,       0.463942988,                 0,       2.710695543,      0.7102602746,      -3.317407671,      -2.710386599,      -2.777130974,      -3.245319487,      -2.185494844,                 0,                 0,                 0,                 0,                 0,                 0,                 0,                 0,                 0,                 0,                 0,                 0,                 1,                 1
        321,           7,      -8.522597968,      -5.171637538,      -5.270276605,      -2.947066393,      -2.694322272,      0.9329898399,      0.1619492013,      0.4436407922,                 0,                 0,                 0,    0.000735552068,     0.02516477668,      0.4716051636,                 0,       2.739382404,       0.710240303,       -3.32594987,      -2.721127218,      -2.703653954,      -3.252067331,      -2.213601489,                 0,                 0,                 0,                 0,                 0,                 0,                 0,                 0,                 0,                 0,                 0,                 0,                 1,                 1
        322,           7,      -8.489718192,       -5.14000614,      -5.195943597,      -2.928233364,      -2.695394675,      0.9329898399,      0.1631846454,      0.4514455945,                 0,                 0,                 0,    0.001510148838,     0.02406433447,       0.479430142,                 0,       2.766471032,       0.715491397,      -3.295609831,      -2.713280387,      -2.630802212,      -3.235529365,      -2.238476925,                 0,                 0,                 0,                 0,                 0,                 0,                 0,                 0,                 0,                 0,                 0,                 0,                 1,                 1
        323,           7,      -8.475944685,       -5.10178383,      -5.172522986,      -2.923914158,      -2.696553912,      0.9329898399,      0.1644870642,      0.4592614726,                 0,                 0,                 0,    0.002222835377,      0.0230247021,      0.4872852939,                 0,       2.792082617,      0.7481561715,      -3.284643839,        -2.6996091,      -2.610042822,      -3.233724149,      -2.262949739,                 0,                 0,                 0,                 0,                 0,                 0,                 0,                 0,                 0,                 0,                 0,                 0,                 1,                 1
        324,           7,      -8.440355391,      -5.030889168,      -5.116131224,      -2.898576841,      -2.695500468,      0.9329898399,      0.1659174929,      0.4673479396,                 0,                 0,                 0,    0.003014148535,     0.02202837375,      0.4954366375,                 0,       2.816749045,      0.7481284456,      -3.252114613,      -2.653622198,      -2.557451041,      -3.211104457,      -2.284516605,                 0,                 0,                 0,                 0,                 0,                 0,                 0,                 0,                 0,                 0,                 0,                 0,                 1,                 1
        325,           7,      -8.416520602,      -4.966252549,      -5.090894581,      -2.878926208,       -2.69397971,      0.9329898399,      0.1674732598,      0.4757351211,                 0,                 0,                 0,    0.003940278412,     0.02106398649,      0.5039122013,                 0,        2.84066317,      0.7508127327,       -3.23158067,      -2.613923409,      -2.537093684,       -3.19436635,      -2.304820237,                 0,                 0,                 0,                 0,                 0,                 0,                 0,                 0,                 0,                 0,                 0,                 0,                 1,                 1
        326,           7,      -8.397888267,      -4.904956078,      -5.058812069,      -2.862748175,      -2.696928964,      0.9329898399,      0.1691401738,      0.4841740354,                 0,                 0,                 0,    0.004815234228,     0.02019076451,      0.5124697337,                 0,       2.862560825,      0.7507799656,      -3.216472815,      -2.577339425,        -2.5108904,      -3.181280362,      -2.328785821,                 0,                 0,                 0,                 0,                 0,                 0,                 0,                 0,                 0,                 0,                 0,                 0,                 1,                 1
        327,           7,      -8.371918886,       -4.83438888,      -4.985753794,      -2.838759162,      -2.700661516,      0.9329898399,       0.170933164,      0.4927450283,                 0,                 0,                 0,    0.005746337399,     0.01939949372,      0.5211904346,                 0,       2.882676579,      0.7507447256,      -3.194230955,      -2.531065098,      -2.444616094,      -3.160543517,      -2.352688315,                 0,                 0,                 0,                 0,                 0,                 0,                 0,                 0,                 0,                 0,                 0,                 0,                 1,                 1
        328,           8,      -8.521713673,      -4.782248628,      -4.972963991,      -2.965913435,      -2.665674293,      0.9329898399,       0.172682966,      0.5005055431,                 0,                 0,                 0,    0.006265059883,     0.01880388277,      0.5291234444,                 0,       2.898407149,      0.7813065474,      -3.347935797,      -2.502653408,      -2.439409847,      -3.291091899,      -2.337086591,                 0,                 0,                 0,                 0,                 0,                 0,                 0,                 0,                 0,                 0,                 0,                 0,                 1,                 1
        329,           8,      -8.515346772,       -4.72812066,      -4.933775016,      -2.961976843,      -2.663368722,      0.9329898399,      0.1746231332,      0.5086178717,                 0,                 0,                 0,    0.006997509022,     0.01828745854,      0.5374485528,                 0,       2.912660325,      0.7812664686,      -3.345641147,      -2.471584436,      -2.408491867,      -3.290675065,      -2.353249107,                 0,                 0,                 0,                 0,                 0,                 0,                 0,                 0,                 0,                 0,                 0,                 0,                 1,                 1
        330,           8,      -8.503436134,      -4.679491357,      -4.890467671,      -2.955693288,      -2.661362606,      0.9329898399,      0.1767204322,       0.516861715,                 0,                 0,                 0,     0.00786303225,      0.0178828491,      0.5459453702,                 0,       2.924742252,       0.781224029,      -3.337941121,      -2.445269721,      -2.374027796,      -3.288016403,      -2.368683335,                 0,                 0,                 0,                 0,                 0,                 0,                 0,                 0,                 0,                 0,                 0,                 0,                 1,                 1
        331,           8,      -8.489632392,       -4.63586295,      -4.847423956,      -2.946678427,      -2.659235903,      0.9329898399,       0.178969783,      0.5251234486,                 0,                 0,                 0,    0.008790175814,     0.01761841675,      0.5545037519,                 0,       2.934145865,      0.7811792711,      -3.328461364,      -2.423160239,      -2.340285392,      -3.282710049,      -2.383073321,                 0,                 0,                 0,                 0,                 0,                 0,                 0,                 0,                 0,                 0,                 0,                 0,                 1,                 1
        332,           8,      -8.471542867,      -4.596769344,      -4.809563219,      -2.933648054,      -2.660229045,      0.9329898399,      0.1813830752,       0.533378679,                 0,                 0,                 0,    0.009795293898,     0.01751266387,      0.5631038463,                 0,       2.940619891,      0.8095255827,      -3.314784181,      -2.404756039,       -2.31207397,      -3.273450593,      -2.399741241,                 0,                 0,                 0,                 0,                 0,                 0,                 0,                 0,                 0,                 0,                 0,                 0,                 1,                 1
        333,           8,      -8.448575091,      -4.560902672,      -4.773679561,      -2.913807597,      -2.657577904,      0.9329898399,      0.1839411306,      0.5414777093,                 0,                 0,                 0,     0.01081493846,     0.01759101706,      0.5715968906,                 0,        2.94375547,       0.809476326,      -3.296291696,       -2.38872837,      -2.286083042,      -3.257422174,      -2.411817225,                 0,                 0,                 0,                 0,                 0,                 0,                 0,                 0,                 0,                 0,                 0,                 0,                 1,                 1
        334,           8,      -8.422072178,      -4.527892876,      -4.739682333,       -2.88762222,      -2.647848681,      0.9329898399,      0.1866466072,      0.5494698573,                 0,                 0,                 0,     0.01192025606,      0.0178415993,      0.5800308245,                 0,       2.943904877,      0.8072879928,      -3.274301061,      -2.374696019,      -2.262124084,      -3.235068398,       -2.41598474,                 0,                 0,                 0,                 0,                 0,                 0,                 0,                 0,                 0,                 0,                 0,                 0,                 1,                 1
        335,           8,      -8.394569773,       -4.49646532,      -4.708281693,       -2.85826802,       -2.64386994,      0.9329898399,      0.1895322676,      0.5573403238,                 0,                 0,                 0,     0.01310546377,     0.01830006836,      0.5884010745,                 0,       2.940609168,      0.8333675817,      -3.251322014,      -2.361380354,       -2.24081801,      -3.209544074,      -2.424971217,                 0,                 0,                 0,                 0,                 0,                 0,                 0,                 0,                 0,                 0,                 0,                 0,                 1,                 1
        336,           8,      -8.369463449,      -4.466915273,        -4.6804685,      -2.829944073,       -2.64328964,      0.9329898399,      0.1925870671,      0.5649893625,                 0,                 0,                 0,     0.01433586017,      0.0189850251,      0.5966090235,                 0,       2.933682781,      0.8333119564,      -3.230723635,      -2.349077919,      -2.223073951,      -3.185026081,      -2.436540127,                 0,                 0,                 0,                 0,                 0,                 0,                 0,                 0,                 0,                 0,                 0,                 0,                 1,                 1
        337,           7,      -8.424152481,      -4.437950406,      -4.631041753,      -2.881071677,      -2.687096216,      0.9329898399,      0.1958807411,      0.5727068769,                 0,                 0,                 0,     0.01584026038,     0.01987839838,      0.6049522963,                 0,        2.92375286,      0.8332543198,      -3.289879521,      -2.336501531,      -2.183618952,      -3.239914228,      -2.491517068,                 0,                 0,                 0,                 0,                 0,                 0,                 0,                 0,                 0,                 0,                 0,                 0,                 1,                 1
        338,           7,       -8.40517373,      -4.411140973,      -4.606670207,      -2.855673206,      -2.682681775,      0.9329898399,      0.1993216704,      0.5801247251,                 0,                 0,                 0,     0.01736860051,     0.02100020656,      0.6130520503,                 0,          2.910495,      0.8570683298,      -3.275301602,      -2.325228977,      -2.169058813,      -3.218209977,      -2.497592096,                 0,                 0,                 0,                 0,                 0,                 0,                 0,                 0,                 0,                 0,                 0,                 0,                 1,                 1
        339,           7,      -8.387048112,      -4.385819319,      -4.588566458,      -2.829681805,      -2.694288405,      0.9329898399,       0.202931841,      0.5870174875,                 0,                 0,                 0,     0.01879425332,     0.02243738114,      0.6206991434,                 0,       2.892683005,      0.8570068514,      -3.261486279,      -2.314601689,       -2.16055026,       -3.19582588,      -2.518871013,                 0,                 0,                 0,                 0,                 0,                 0,                 0,                 0,                 0,                 0,                 0,                 0,                 1,                 1
        340,           7,      -8.368395507,       -4.36202821,      -4.559213977,      -2.803641389,      -2.694696368,      0.9329898399,      0.2066839217,      0.5934690587,                 0,                 0,                 0,     0.02026540736,     0.02413925695,      0.6279658139,                 0,       2.871384739,      0.8569435468,      -3.247029753,      -2.304673064,      -2.140527726,      -3.173285939,      -2.528103101,                 0,                 0,                 0,                 0,                 0,                 0,                 0,                 0,                 0,                 0,                 0,                 0,                 1,                 1
        341,           7,      -8.350383004,       -4.33995469,      -4.542476681,      -2.776832645,      -2.694448443,      0.9329898399,       0.210602497,      0.5993518732,                 0,                 0,                 0,     0.02170240377,     0.02616664055,      0.6347372579,                 0,       2.845891582,      0.8785392305,      -3.233077501,      -2.295641686,      -2.132815188,      -3.149852666,      -2.535951156,                 0,                 0,                 0,                 0,                 0,                 0,                 0,                 0,                 0,                 0,                 0,                 0,                 1,                 1
        342,           7,      -8.332261622,      -4.319333628,      -4.526499313,      -2.750311759,       -2.69456629,      0.9329898399,      0.2146539941,      0.6045365988,                 0,                 0,                 0,     0.02305220484,     0.02852523953,      0.6408799788,                 0,       2.816330538,      0.8784724734,      -3.218860425,      -2.287254868,       -2.12552055,      -3.126565285,      -2.543468247,                 0,                 0,                 0,                 0,                 0,                 0,                 0,                 0,                 0,                 0,                 0,                 0,                 1,                 1
        343,           7,      -8.312943824,      -4.300576464,      -4.513417704,       -2.72158591,      -2.694733306,      0.9329898399,      0.2188552192,       0.609129642,                 0,                 0,                 0,     0.02443244517,     0.03120001517,      0.6465006472,                 0,       2.783253898,      0.8759660808,        -3.2032725,      -2.279936578,       -2.12074929,      -3.100915275,      -2.550276821,                 0,                 0,                 0,                 0,                 0,                 0,                 0,                 0,                 0,                 0,                 0,                 0,                 1,                 1
        344,           7,      -8.298304583,      -4.283445562,      -4.500717785,      -2.695309122,       -2.69514664,      0.9329898399,      0.2231588007,      0.6129105247,                 0,                 0,                 0,       0.025742516,     0.03421012746,      0.6513745687,                 0,       2.746521862,      0.8954274632,      -3.192172053,      -2.273461186,      -2.115961502,       -3.07754255,      -2.556589679,                 0,                 0,                 0,                 0,                 0,                 0,                 0,                 0,                 0,                 0,                 0,                 0,                 1,                 1
        345,           7,      -8.284750532,      -4.267980701,      -4.490853346,      -2.668935512,      -2.695619023,      0.9329898399,      0.2275539404,      0.6158570365,                 0,                 0,                 0,     0.02696021888,     0.03755174382,      0.6554773465,                 0,       2.706422202,      0.8953560558,      -3.181949885,      -2.267880606,       -2.11358986,       -3.05388769,      -2.562289487,                 0,                 0,                 0,                 0,                 0,                 0,                 0,                 0,                 0,                 0,                 0,                 0,                 1,                 1
        346,           7,      -8.270753535,      -4.254239809,      -4.486827915,      -2.642220564,      -2.696198255,      0.9329898399,      0.2320162452,      0.6179037321,                 0,                 0,                 0,     0.02806099184,     0.04122067123,      0.6587392629,                 0,       2.663191673,      0.8952832476,      -3.171062926,      -2.263264277,      -2.116620782,      -3.029693339,      -2.567419757,                 0,                 0,                 0,                 0,                 0,                 0,                 0,                 0,                 0,                 0,                 0,                 0,                 1,                 1
        347,           8,      -8.398157972,      -4.250757185,      -4.571989417,      -2.678377623,      -2.657906312,      0.9329898399,      0.2361795308,       0.617477274,                 0,                 0,                 0,     0.02824645761,     0.04532672537,      0.6595486659,                 0,        2.61444026,      0.9127218885,      -3.301341458,      -2.268157548,      -2.208388299,      -3.068160656,      -2.533016223,                 0,                 0,                 0,                 0,                 0,                 0,                 0,                 0,                 0,                 0,                 0,                 0,                 1,                 1
        348,           8,       -8.39988501,      -4.250059152,      -4.588823841,      -2.655927771,      -2.648470328,      0.9329898399,      0.2403615142,      0.6160350822,                 0,                 0,                 0,     0.02842445716,     0.04974763204,      0.6593921846,                 0,       2.562952244,      0.9056964817,      -3.305693418,      -2.275097422,      -2.231365699,      -3.047799213,      -2.526869781,                 0,                 0,                 0,                 0,                 0,                 0,                 0,                 0,                 0,                 0,                 0,                 0,                 1,                 1
        349,           8,      -8.388838571,        -4.2491613,      -4.582897335,      -2.631257783,       -2.63938744,      0.9329898399,      0.2447517125,      0.6146345007,                 0,                 0,                 0,     0.02900506625,     0.05435548995,      0.6593363716,                 0,       2.511257202,      0.9056199428,      -3.297011606,      -2.281110134,      -2.231115496,      -3.024985843,       -2.52046485,                 0,                 0,                 0,                 0,                 0,                 0,                 0,                 0,                 0,                 0,                 0,                 0,                 1,                 1
        350,           8,      -8.376911079,      -4.248717031,      -4.611347765,      -2.613098791,      -2.639466157,      0.9329898399,      0.2493616165,      0.6136332406,                 0,                 0,                 0,     0.02990459621,     0.05905670316,      0.6597266673,                 0,       2.460816742,       0.921166369,      -3.287178916,      -2.286858957,      -2.264769791,      -3.008443318,      -2.522617143,                 0,                 0,                 0,                 0,                 0,                 0,                 0,                 0,                 0,                 0,                 0,                 0,                 1,                 1
        351,           8,      -8.367260161,      -4.244953409,      -4.604676181,      -2.603447609,      -2.639076209,      0.9329898399,      0.2539199451,      0.6123028034,                 0,                 0,                 0,     0.03056360022,     0.06380483672,      0.6597870902,                 0,       2.411400976,      0.9131321265,       -3.27934355,      -2.288580485,      -2.262824853,      -3.000160005,      -2.523706309,                 0,                 0,                 0,                 0,                 0,                 0,                 0,                 0,                 0,                 0,                 0,                 0,                 1,                 1
        352,           8,      -8.355574544,      -4.245407268,      -4.647258648,      -2.595711229,      -2.638921597,      0.9329898399,      0.2585919333,      0.6111430078,                 0,                 0,                 0,      0.0313562377,     0.06861177259,      0.6600439293,                 0,       2.363349081,      0.9130525982,      -3.269186384,      -2.293820735,       -2.30965501,      -2.993535684,      -2.524550385,                 0,                 0,                 0,                 0,                 0,                 0,                 0,                 0,                 0,                 0,                 0,                 0,                 1,                 1
        353,           8,      -8.360699173,       -4.24587121,      -4.662344273,      -2.596932152,      -2.639305501,      0.9329898399,      0.2631254415,      0.6097281958,                 0,                 0,                 0,      0.0319534767,     0.07336083913,      0.6600164074,                 0,       2.317252913,      0.9129722453,       -3.27554692,      -2.298381793,      -2.328508215,      -2.995608026,      -2.525444833,                 0,                 0,                 0,                 0,                 0,                 0,                 0,                 0,                 0,                 0,                 0,                 0,                 1,                 1
        354,           8,      -8.360687878,      -4.247279857,      -4.696105668,      -2.600247032,      -2.639431558,      0.9329898399,      0.2676556453,      0.6085304592,                 0,                 0,                 0,     0.03259719266,     0.07804327886,      0.6601955096,                 0,       2.273557348,      0.9176818228,      -3.276473669,      -2.303207296,      -2.365557879,      -2.999508724,      -2.525399925,                 0,                 0,                 0,                 0,                 0,                 0,                 0,                 0,                 0,                 0,                 0,                 0,                 1,                 1
        355,           8,      -8.362264326,      -4.249300468,      -4.739483272,       -2.60682823,      -2.644470953,      0.9329898399,      0.2721621394,      0.6078913953,                 0,                 0,                 0,     0.03336199636,     0.08253970472,      0.6609019411,                 0,       2.233563407,      0.9217765444,      -3.278687175,      -2.307972856,      -2.411745651,      -3.006407429,      -2.529736628,                 0,                 0,                 0,                 0,                 0,                 0,                 0,                 0,                 0,                 0,                 0,                 0,                 1,                 1
        356,           8,      -8.361055744,      -4.250653278,      -4.781103318,      -2.616128013,      -2.671289143,      0.9329898399,      0.2765339358,      0.6074878728,                 0,                 0,                 0,     0.03392589911,     0.08683845305,      0.6617942402,                 0,       2.196793211,       0.921694253,      -3.277811514,       -2.31140728,      -2.455700258,       -3.01575348,      -2.555428732,                 0,                 0,                 0,                 0,                 0,                 0,                 0,                 0,                 0,                 0,                 0,                 0,                 1,                 1
        357,           8,      -8.357522022,      -4.255342637,      -4.845188649,      -2.625819215,      -2.702609469,      0.9329898399,      0.2808439438,      0.6073637033,                 0,                 0,                 0,     0.03432466653,     0.09099643783,      0.6629356207,                 0,       2.162637709,      0.9057540173,      -3.274304373,      -2.317522742,      -2.521647931,      -3.025217652,      -2.585198828,                 0,                 0,                 0,                 0,                 0,                 0,                 0,                 0,                 0,                 0,                 0,                 0,                 1,                 1
        358,           8,      -8.357197669,      -4.263534824,      -4.889959405,      -2.640241821,      -2.720796405,      0.9329898399,      0.2852595252,      0.6081564323,                 0,                 0,                 0,     0.03496178807,     0.09498730778,      0.6649847022,                 0,       2.131940842,      0.8786354755,       -3.27369795,       -2.32649349,      -2.567812807,      -3.039137642,      -2.601291984,                 0,                 0,                 0,                 0,                 0,                 0,                 0,                 0,                 0,                 0,                 0,                 0,                 1,                 1
        359,           8,        -8.3547008,      -4.270899497,      -4.900771885,      -2.655438616,      -2.706484696,      0.9329898399,      0.2897958527,      0.6098614817,                 0,                 0,                 0,     0.03573177436,      0.0988269112,      0.6679415429,                 0,       2.104452068,      0.8785520842,      -3.270608779,      -2.333996371,      -2.579555166,      -3.053554426,      -2.584292959,                 0,                 0,                 0,                 0,                 0,                 0,                 0,                 0,                 0,                 0,                 0,                 0,                 1,                 1
        360,           8,      -8.351659079,      -4.277162806,      -4.877037056,      -2.673976388,        -2.7273355,      0.9329898399,      0.2944653777,      0.6129116468,                 0,                 0,                 0,     0.03683829516,      0.1024006182,      0.6722236673,                 0,       2.081438747,      0.8784685193,        -3.2666653,      -2.339764375,      -2.556290642,      -3.071035304,      -2.601995044,                 0,                 0,                 0,                 0,                 0,                 0,                 0,                 0,                 0,                 0,                 0,                 0,                 1,                 1
        361,           8,      -8.345133578,      -4.285458624,      -4.822520231,        -2.6994699,      -2.735596645,      0.9329898399,      0.2993591711,      0.6170615126,                 0,                 0,                 0,     0.03814486179,      0.1058672727,      0.6776230104,                 0,        2.06127479,      0.8611230015,      -3.258930367,      -2.346937858,      -2.501788974,      -3.095196373,      -2.606680556,                 0,                 0,                 0,                 0,                 0,                 0,                 0,                 0,                 0,                 0,                 0,                 0,                 1,                 1
        362,           8,      -8.334202976,      -4.294822445,      -4.758499815,      -2.721438924,      -2.743039628,      0.9329898399,      0.3044810282,      0.6222661309,                 0,                 0,                 0,     0.03969394776,      0.1092436459,      0.6840976977,                 0,       2.043694264,       0.821871961,      -3.246484283,      -2.354557908,      -2.437332165,      -3.115558575,      -2.610148179,                 0,                 0,                 0,                 0,                 0,                 0,                 0,                 0,                 0,                 0,                 0,                 0,                 1,                 1
        363,           8,      -8.332088007,      -4.305207303,      -4.708438934,      -2.746359732,      -2.746582173,      0.9329898399,      0.3098552511,      0.6284725191,                 0,                 0,                 0,      0.0415244995,      0.1125684686,       0.691604167,                 0,       2.028277774,      0.8326090759,      -3.242552278,      -2.362582703,       -2.38638754,      -3.138602078,       -2.60925426,                 0,                 0,                 0,                 0,                 0,                 0,                 0,                 0,                 0,                 0,                 0,                 0,                 1,                 1
        364,           8,      -8.324242505,      -4.314014652,      -4.666953144,       -2.76776358,      -2.742403541,      0.9329898399,      0.3154690558,      0.6353959662,                 0,                 0,                 0,     0.04352686148,      0.1159127566,      0.6998664101,                 0,       2.014130878,      0.8718365953,      -3.232593795,      -2.368418001,      -2.343574641,      -3.157862983,      -2.600073425,                 0,                 0,                 0,                 0,                 0,                 0,                 0,                 0,                 0,                 0,                 0,                 0,                 1,                 1
        365,           8,      -8.322395624,      -4.322356042,      -4.640457515,      -2.788890482,       -2.74581514,      0.9329898399,      0.3213024273,      0.6429380735,                 0,                 0,                 0,     0.04572641656,      0.1192861387,      0.7087844759,                 0,       2.001037088,      0.8717536615,      -3.228343942,      -2.373178788,      -2.315312465,       -3.17658644,      -2.597992468,                 0,                 0,                 0,                 0,                 0,                 0,                 0,                 0,                 0,                 0,                 0,                 0,                 1,                 1
        366,           8,      -8.321605987,      -4.330112777,      -4.627515172,      -2.803339208,      -2.750658671,      0.9329898399,       0.327266733,      0.6506806689,                 0,                 0,                 0,     0.04797459726,      0.1227261168,       0.717932551,                 0,       1.988227349,      0.8764819134,      -3.224868721,      -2.376748807,      -2.300168349,      -3.188377661,      -2.596957139,                 0,                 0,                 0,                 0,                 0,                 0,                 0,                 0,                 0,                 0,                 0,                 0,                 1,                 1
        367,           8,      -8.329204724,      -4.333032397,       -4.61059172,      -2.817677817,      -2.752953556,      0.9329898399,      0.3333534964,      0.6583979511,                 0,                 0,                 0,     0.05028849958,      0.1262906026,       0.727092222,                 0,       1.975074383,      0.8936618243,       -3.22950737,      -2.374877096,      -2.280612439,      -3.199811792,      -2.592913693,                 0,                 0,                 0,                 0,                 0,                 0,                 0,                 0,                 0,                 0,                 0,                 0,                 1,                 1
        368,           8,      -8.337637156,      -4.339907639,      -4.625281865,      -2.826786362,      -2.755885594,      0.9329898399,      0.3394843171,      0.6658460998,                 0,                 0,                 0,     0.05259961338,      0.1299759077,      0.7360074005,                 0,       1.961345683,       0.864497511,       -3.23471413,      -2.376356178,       -2.29224406,       -3.20577666,      -2.589103985,                 0,                 0,                 0,                 0,                 0,                 0,                 0,                 0,                 0,                 0,                 0,                 0,                 1,                 1
        369,           8,      -8.350874903,      -4.349285914,      -4.648084072,      -2.830898086,       -2.75724255,      0.9329898399,      0.3456546983,      0.6729848301,                 0,                 0,                 0,     0.05490224706,      0.1337895098,      0.7446382471,                 0,       1.946985918,      0.9035843561,      -3.244470565,      -2.379732048,      -2.311567205,      -3.206514208,      -2.583202556,                 0,                 0,                 0,                 0,                 0,                 0,                 0,                 0,                 0,                 0,                 0,                 0,                 1,                 1
        370,           8,      -8.364749549,      -4.361320784,      -4.678221599,      -2.833728976,      -2.761020865,      0.9329898399,      0.3517413042,      0.6794432622,                 0,                 0,                 0,      0.0570376626,      0.1377218972,      0.7525940278,                 0,       1.931656175,      0.9035046284,      -3.254619051,      -2.385155285,      -2.337811548,       -3.20574988,      -2.579227374,                 0,                 0,                 0,                 0,                 0,                 0,                 0,                 0,                 0,                 0,                 0,                 0,                 1,                 1
        371,           8,      -8.378431088,      -4.378204823,      -4.724719561,      -2.833920532,      -2.764745934,      0.9329898399,      0.3575200488,      0.6848236126,                 0,                 0,                 0,     0.05880970095,       0.141675076,      0.7594288238,                 0,       1.915483103,      0.9034258601,       -3.26434122,      -2.394813583,      -2.380008899,      -3.202135425,      -2.574771744,                 0,                 0,                 0,                 0,                 0,                 0,                 0,                 0,                 0,                 0,                 0,                 0,                 1,                 1
        372,           8,      -8.390473069,      -4.400947542,       -4.79779341,      -2.830155995,      -2.768644461,      0.9329898399,      0.3630353219,      0.6891331082,                 0,                 0,                 0,     0.06034609317,      0.1456893833,      0.7651625248,                 0,       1.898253604,      0.9033481585,       -3.27220356,      -2.409709614,      -2.448381901,      -3.194365574,      -2.570077551,                 0,                 0,                 0,                 0,                 0,                 0,                 0,                 0,                 0,                 0,                 0,                 0,                 1,                 1
        373,           8,      -8.397094591,      -4.415067035,      -4.839359207,      -2.818193697,      -2.792072022,      0.9329898399,      0.3681891813,      0.6923379117,                 0,                 0,                 0,     0.06162395996,      0.1496810497,      0.7697341363,                 0,       1.880386353,      0.8264960272,       -3.27443968,      -2.415352533,      -2.484854805,      -3.178211717,      -2.584498501,                 0,                 0,                 0,                 0,                 0,                 0,                 0,                 0,                 0,                 0,                 0,                 0,                 1,                 1
        374,           8,      -8.401212533,      -4.422882068,      -4.884876549,      -2.804849962,      -2.775084541,      0.9329898399,      0.3728995077,      0.6942560909,                 0,                 0,                 0,     0.06248582628,      0.1536247359,      0.7729456663,                 0,       1.861777977,      0.8347534112,      -3.273983066,      -2.414050424,      -2.524896587,      -3.160505304,      -2.558049451,                 0,                 0,                 0,                 0,                 0,                 0,                 0,                 0,                 0,                 0,                 0,                 0,                 1,                 1
        375,           8,       -8.40255323,      -4.440142489,      -4.949964681,      -2.782251375,      -2.797128675,      0.9329898399,      0.3773004901,      0.6953772342,                 0,                 0,                 0,     0.06316629243,      0.1575056257,      0.7753045437,                 0,       1.843032947,      0.8346795568,      -3.270577323,      -2.421539723,      -2.584136279,      -3.133388757,      -2.570142181,                 0,                 0,                 0,                 0,                 0,                 0,                 0,                 0,                 0,                 0,                 0,                 0,                 1,                 1
        376,           8,      -8.407434702,      -4.451807544,      -4.971669385,      -2.759755933,      -2.778201471,      0.9329898399,      0.3813801119,      0.6957167002,                 0,                 0,                 0,     0.06361090495,      0.1613077372,      0.7768219427,                 0,       1.824208128,      0.8401408207,      -3.270561341,      -2.422764334,      -2.599632781,      -3.106239691,      -2.540716741,                 0,                 0,                 0,                 0,                 0,                 0,                 0,                 0,                 0,                 0,                 0,                 0,                 1,                 1
        377,           8,       -8.41231468,      -4.466074975,      -4.983135385,      -2.743052802,       -2.79984761,      0.9329898399,      0.3851773281,      0.6955609153,                 0,                 0,                 0,     0.06393775366,      0.1649845802,      0.7777831634,                 0,       1.805819981,      0.8228081887,        -3.2704138,      -2.425904677,      -2.604545325,       -3.08476706,      -2.551332825,                 0,                 0,                 0,                 0,                 0,                 0,                 0,                 0,                 0,                 0,                 0,                 0,                 1,                 1
        378,           8,      -8.411829619,      -4.476657197,      -4.976222325,      -2.730576155,      -2.779163316,      0.9329898399,      0.3886700613,      0.6949086381,                 0,                 0,                 0,     0.06409558827,       0.168515405,      0.7781805639,                 0,       1.787913985,      0.8227391432,      -3.264793574,      -2.424653404,      -2.590751199,      -3.067426297,      -2.519130187,                 0,                 0,                 0,                 0,                 0,                 0,                 0,                 0,                 0,                 0,                 0,                 0,                 1,                 1
        379,           8,      -8.411035784,      -4.485549799,      -4.961282833,       -2.72657585,      -2.774201562,      0.9329898399,      0.3918882006,      0.6939579684,                 0,                 0,                 0,     0.06414870571,      0.1718708758,      0.7782123269,                 0,       1.770805978,      0.8226719109,      -3.258781549,      -2.420983066,      -2.568623101,      -3.058490756,      -2.502150685,                 0,                 0,                 0,                 0,                 0,                 0,                 0,                 0,                 0,                 0,                 0,                 0,                 1,                 1
        380,           8,      -8.411544571,      -4.493544141,      -4.949956455,      -2.730853009,      -2.766239547,      0.9329898399,      0.3948633024,      0.6928824915,                 0,                 0,                 0,     0.06413546729,      0.1750304188,      0.7780536788,                 0,       1.754740153,      0.7863475323,      -3.254015382,      -2.415659692,      -2.549825422,      -3.057786788,      -2.481666639,                 0,                 0,                 0,                 0,                 0,                 0,                 0,                 0,                 0,                 0,                 0,                 0,                 1,                 1
        381,           8,      -8.414167199,       -4.50089549,      -4.940488318,      -2.742226482,      -2.756402713,      0.9329898399,      0.3976231296,      0.6918256835,                 0,                 0,                 0,     0.06407066585,      0.1779786354,      0.7778499437,                 0,       1.739903019,      0.7935688007,       -3.25133422,      -2.408910016,      -2.532632241,      -3.064160243,      -2.458792519,                 0,                 0,                 0,                 0,                 0,                 0,                 0,                 0,                 0,                 0,                 0,                 0,                 1,                 1
        382,           8,      -8.416055334,      -4.509795482,       -4.94299624,      -2.760309822,      -2.760005752,      0.9329898399,      0.4002078858,      0.6908834567,                 0,                 0,                 0,     0.06396944718,      0.1807259306,      0.7777045973,                 0,       1.726311453,      0.7802037465,      -3.247919391,      -2.402893929,      -2.527194765,      -3.077253447,      -2.448804234,                 0,                 0,                 0,                 0,                 0,                 0,                 0,                 0,                 0,                 0,                 0,                 0,                 1,                 1
        383,           8,      -8.420410669,      -4.519377714,      -4.945061854,       -2.78220244,      -2.758296133,      0.9329898399,      0.4026484987,      0.6901045166,                 0,                 0,                 0,      0.0638653896,      0.1832876404,      0.7776732593,                 0,        1.71391305,       0.780144774,      -3.247003776,      -2.396710405,      -2.521134209,      -3.094196109,        -2.4329571,                 0,                 0,                 0,                 0,                 0,                 0,                 0,                 0,                 0,                 0,                 0,                 0,                 1,                 1
        384,           8,      -8.430947866,      -4.528639312,      -4.932617865,      -2.805739153,      -2.769835031,      0.9329898399,      0.4050029212,      0.6896264322,                 0,                 0,                 0,     0.06382100391,      0.1856789641,      0.7779044314,                 0,       1.702769032,      0.7800881082,      -3.252333921,      -2.389319194,      -2.500428425,      -3.112853979,      -2.429802929,                 0,                 0,                 0,                 0,                 0,                 0,                 0,                 0,                 0,                 0,                 0,                 0,                 1,                 1
        385,           8,      -8.439131661,      -4.546019336,      -4.931357723,       -2.83383949,      -2.770897085,      0.9329898399,      0.4072601416,      0.6893289585,                 0,                 0,                 0,     0.06383929813,      0.1879245276,      0.7782799033,                 0,       1.692601088,      0.7800338411,      -3.255408246,      -2.389119054,      -2.490823943,      -3.136179451,      -2.415428973,                 0,                 0,                 0,                 0,                 0,                 0,                 0,                 0,                 0,                 0,                 0,                 0,                 1,                 1
        386,           8,      -8.452562209,      -4.559534743,      -4.894890625,      -2.856857004,      -2.778699479,      0.9329898399,      0.4093815779,      0.6892559412,                 0,                 0,                 0,     0.06388785192,      0.1899746154,      0.7788303244,                 0,       1.683651582,      0.7799820617,      -3.263861339,      -2.384084565,      -2.445990405,      -3.154559844,      -2.407180797,                 0,                 0,                 0,                 0,                 0,                 0,                 0,                 0,                 0,                 0,                 0,                 0,                 1,                 1
        387,           8,      -8.467817596,      -4.576082301,      -4.851410124,      -2.881145283,       -2.78654051,      0.9329898399,      0.4114523909,      0.6895052007,                 0,                 0,                 0,     0.06405126664,      0.1918820673,      0.7796741396,                 0,       1.675783677,      0.7799328561,      -3.274305233,      -2.381068238,      -2.394190113,      -3.174381919,      -2.398386522,                 0,                 0,                 0,                 0,                 0,                 0,                 0,                 0,                 0,                 0,                 0,                 0,                 1,                 1
        388,           8,      -8.482700529,      -4.595878293,      -4.802149024,      -2.904284625,      -2.789980129,      0.9329898399,      0.4134764308,      0.6900648459,                 0,                 0,                 0,     0.06431965325,      0.1936540419,       0.780801103,                 0,       1.668933933,      0.7798863073,      -3.284578622,      -2.380242097,      -2.336733921,      -3.193261151,      -2.384640283,                 0,                 0,                 0,                 0,                 0,                 0,                 0,                 0,                 0,                 0,                 0,                 0,                 1,                 1
        389,           8,      -8.495710641,      -4.618551248,      -4.750979072,      -2.927718905,      -2.816036123,      0.9329898399,      0.4154603687,      0.6909295949,                 0,                 0,                 0,     0.06469103799,       0.195298463,      0.7822081139,                 0,       1.663045737,      0.7798424943,      -3.293217329,      -2.381192319,       -2.27758048,      -3.212677352,      -2.392938956,                 0,                 0,                 0,                 0,                 0,                 0,                 0,                 0,                 0,                 0,                 0,                 0,                 1,                 1
        390,           8,      -8.510145301,      -4.640476211,      -4.693322846,      -2.953427531,      -2.851526618,      0.9329898399,      0.4173223917,      0.6918583603,                 0,                 0,                 0,     0.06507089743,      0.1968075798,      0.7836406995,                 0,       1.657851038,      0.7798014927,       -3.30355384,      -2.380257055,      -2.212247028,      -3.234644494,      -2.410167703,                 0,                 0,                 0,                 0,                 0,                 0,                 0,                 0,                 0,                 0,                 0,                 0,                 1,                 1
        391,           8,      -8.515036797,      -4.671660151,       -4.68240933,      -2.975427128,      -2.848284996,      0.9329898399,       0.419150784,      0.6930771261,                 0,                 0,                 0,     0.06560780261,      0.1981997474,      0.7853407812,                 0,        1.65352697,       0.793067243,      -3.304653644,      -2.387417631,      -2.194063628,      -3.253211363,      -2.388294641,                 0,                 0,                 0,                 0,                 0,                 0,                 0,                 0,                 0,                 0,                 0,                 0,                 1,                 1
        392,           8,      -8.530215734,      -4.696480724,      -4.660159853,       -2.99871143,      -2.857294084,      0.9329898399,      0.4210345531,      0.6948147281,                 0,                 0,                 0,     0.06638443481,       0.199493179,      0.7875532191,                 0,       1.650255835,      0.7584333996,      -3.316379864,      -2.387044774,      -2.165057104,      -3.273403503,      -2.378281348,                 0,                 0,                 0,                 0,                 0,                 0,                 0,                 0,                 0,                 0,                 0,                 0,                 1,                 1
        393,           7,      -8.393967837,      -4.712459766,      -4.594187389,      -2.882167873,      -2.886530836,      0.9329898399,      0.4224301429,      0.6957458225,                 0,                 0,                 0,     0.06660521034,      0.2005555626,        0.78885166,                 0,       1.647007995,      0.7584012417,      -3.177055103,      -2.376685279,      -2.092951507,       -3.15414702,      -2.388221128,                 0,                 0,                 0,                 0,                 0,                 0,                 0,                 0,                 0,                 0,                 0,                 0,                 1,                 1
        394,           7,      -8.395147236,      -4.725055627,      -4.582605985,      -2.892704702,      -2.859951686,      0.9329898399,      0.4236912075,      0.6965330983,                 0,                 0,                 0,     0.06692268004,      0.2015313474,      0.7899732352,                 0,       1.643964015,        0.76472703,      -3.175556917,      -2.361871476,      -2.075973257,      -3.162371579,      -2.342214316,                 0,                 0,                 0,                 0,                 0,                 0,                 0,                 0,                 0,                 0,                 0,                 0,                 1,                 1
        395,           9,      -8.511768115,      -4.747475953,      -4.654012855,      -2.993871182,        -2.8520912,      0.9329898399,      0.4257338593,       0.699315089,                 0,                 0,                 0,     0.06843139371,      0.2026713697,      0.7932308797,                 0,       1.642610926,      0.7819629389,       -3.28992638,       -2.35596001,      -2.142820584,      -3.261654072,      -2.314951549,                 0,                 0,                 0,                 0,                 0,                 0,                 0,                 0,                 0,                 0,                 0,                 0,                 1,                 1
        396,           8,      -8.398175824,      -4.765889022,      -4.629648779,      -2.890276875,       -2.78123537,      0.9329898399,      0.4271265053,      0.7009161889,                 0,                 0,                 0,     0.06917735503,      0.2035350474,      0.7951691895,                 0,       1.641003731,      0.7882950379,      -3.174532908,      -2.345383797,      -2.114831516,       -3.15662906,      -2.224988694,                 0,                 0,                 0,                 0,                 0,                 0,                 0,                 0,                 0,                 0,                 0,                 0,                 1,                 1
        397,           8,       -8.42300671,      -4.782639725,      -4.650755383,      -2.917703134,      -2.777883464,      0.9329898399,       0.428139831,      0.7018228117,                 0,                 0,                 0,     0.06961546389,      0.2042390248,      0.7963324649,                 0,       1.639237373,      0.7882754479,      -3.198032796,      -2.332912228,       -2.13334559,      -3.183097954,      -2.203170592,                 0,                 0,                 0,                 0,                 0,                 0,                 0,                 0,                 0,                 0,                 0,                 0,                 1,                 1
        398,           8,      -8.453471628,      -4.806715505,      -4.705056093,      -2.943190419,      -2.748252747,      0.9329898399,      0.4287178845,      0.7018721419,                 0,                 0,                 0,     0.06981131615,      0.2047773973,      0.7965486462,                 0,       1.637142203,      0.7882591034,      -3.227643982,      -2.328176543,      -2.186149486,       -3.20810871,      -2.156106654,                 0,                 0,                 0,                 0,                 0,                 0,                 0,                 0,                 0,                 0,                 0,                 0,                 1,                 1
        399,           8,      -8.478091698,      -4.835837773,      -4.739675334,      -2.965030022,      -2.749280263,      0.9329898399,       0.428846081,      0.7010396293,                 0,                 0,                 0,     0.06975074047,      0.2051433953,      0.7957899914,                 0,       1.634711521,      0.7882460342,       -3.25189576,      -2.329819779,      -2.220420194,      -3.229959922,      -2.141169042,                 0,                 0,                 0,                 0,                 0,                 0,                 0,                 0,                 0,                 0,                 0,                 0,                 1,                 1
        400,           8,      -8.494857029,      -4.882992002,      -4.811470934,      -2.979080277,      -2.763984157,      0.9329898399,      0.4285953639,      0.6994625623,                 0,                 0,                 0,     0.06950375076,      0.2053647231,      0.7942085321,                 0,       1.631988167,      0.7882362645,      -3.268777178,      -2.352055853,      -2.293043269,      -3.244506081,      -2.141945014,                 0,                 0,                 0,                 0,                 0,                 0,                 0,                 0,                 0,                 0,                 0,                 0,                 1,                 1
        401,           8,      -8.510466694,      -4.945008512,      -4.873725977,      -2.991144627,      -2.778821426,      0.9329898399,      0.4278246757,      0.6969135973,                 0,                 0,                 0,     0.06888175203,      0.2053729556,      0.7915456174,                 0,       1.628970083,      0.7882298122,      -3.284980356,      -2.393209645,      -2.357304991,        -3.2575413,      -2.145185375,                 0,                 0,                 0,                 0,                 0,                 0,                 0,                 0,                 0,                 0,                 0,                 0,                 1,                 1
        402,           8,      -8.525480214,       -5.01760861,      -4.944349866,      -2.997580902,        -2.7737753,      0.9329898399,      0.4265599327,      0.6934402521,                 0,                 0,                 0,     0.06798360087,      0.2051789837,      0.7878542657,                 0,       1.625657262,      0.7882266892,      -3.301053288,      -2.450596317,      -2.431092899,      -3.265409614,      -2.131564692,                 0,                 0,                 0,                 0,                 0,                 0,                 0,                 0,                 0,                 0,                 0,                 0,                 1,                 1
        403,           7,      -8.400265895,      -5.085203038,        -4.8870706,      -2.882236321,      -2.792966386,      0.9329898399,      0.4245023996,      0.6885092817,                 0,                 0,                 0,     0.06642897843,      0.2046530313,      0.7825371908,                 0,       1.621920824,      0.7882269014,      -3.177350376,       -2.51001591,      -2.378090647,      -3.151942549,      -2.145602551,                 0,                 0,                 0,                 0,                 0,                 0,                 0,                 0,                 0,                 0,                 0,                 0,                 1,                 1
        404,           7,      -8.408681921,      -5.174188004,      -4.975972761,      -2.874958297,      -2.825429207,      0.9329898399,      0.4221665648,      0.6832681803,                 0,                 0,                 0,     0.06486811299,      0.2039516111,      0.7768421687,                 0,       1.618480091,      0.7882304482,      -3.187711485,      -2.598677906,      -2.472318926,      -3.146967941,      -2.176588937,                 0,                 0,                 0,                 0,                 0,                 0,                 0,                 0,                 0,                 0,                 0,                 0,                 1,                 1
        405,           7,      -8.435716715,      -5.250599618,      -5.029832041,      -2.881740427,      -2.827408879,      0.9329898399,       0.419582107,      0.6777856259,                 0,                 0,                 0,     0.06330317333,      0.2030830256,      0.7708435535,                 0,       1.615382578,      0.7882373232,       -3.21711382,      -2.682602386,      -2.532475365,      -3.156471847,      -2.180902028,                 0,                 0,                 0,                 0,                 0,                 0,                 0,                 0,                 0,                 0,                 0,                 0,                 1,                 1
        406,           7,      -8.462249417,      -5.298112398,      -5.106975039,      -2.875969855,      -2.829251816,      0.9329898399,      0.4167791554,      0.6722607434,                 0,                 0,                 0,     0.06177130237,       0.202017869,      0.7647405784,                 0,        1.61299032,      0.7882475137,      -3.246436647,      -2.744623289,      -2.616798596,      -3.153847131,      -2.188754066,                 0,                 0,                 0,                 0,                 0,                 0,                 0,                 0,                 0,                 0,                 0,                 0,                 1,                 1
        407,           7,      -8.506948107,      -5.308114714,      -5.124196064,      -2.886781699,      -2.829817971,      0.9329898399,      0.4138084074,      0.6668140843,                 0,                 0,                 0,     0.06027082709,      0.2007693775,      0.7586633497,                 0,       1.611407773,      0.7882610009,      -3.294313573,      -2.774716022,      -2.641981345,      -3.168191457,      -2.198601373,                 0,                 0,                 0,                 0,                 0,                 0,                 0,                 0,                 0,                 0,                 0,                 0,                 1,                 1
        408,           7,      -8.535663363,      -5.301322274,      -5.142135987,      -2.900684956,      -2.823656467,      0.9329898399,      0.4108627487,      0.6618353124,                 0,                 0,                 0,     0.05901260789,      0.1994080821,      0.7530408992,                 0,       1.610842829,        0.78827776,      -3.326543795,      -2.791993019,      -2.668552175,      -3.185955612,       -2.20431621,                 0,                 0,                 0,                 0,                 0,                 0,                 0,                 0,                 0,                 0,                 0,                 0,                 1,                 1
        409,           6,       -8.41452589,      -5.218460055,      -4.936146257,      -2.827140506,      -2.847692254,      0.9329898399,      0.4075381889,      0.6564761824,                 0,                 0,                 0,     0.05741047335,      0.1977956477,      0.7469439304,                 0,       1.610833537,      0.7882977604,      -3.209210084,      -2.735695982,      -2.471753308,      -3.116548453,      -2.242081587,                 0,                 0,                 0,                 0,                 0,                 0,                 0,                 0,                 0,                 0,                 0,                 0,                 1,                 1
        410,           6,      -8.427590687,      -5.159486804,      -4.902597705,       -2.84997445,      -2.858720337,      0.9329898399,      0.4043795109,      0.6518847533,                 0,                 0,                 0,     0.05616005227,      0.1961173929,      0.7416296169,                 0,       1.612061778,        0.77561119,      -3.226328363,      -2.704589181,      -2.447850045,      -3.143754173,      -2.267643669,                 0,                 0,                 0,                 0,                 0,                 0,                 0,                 0,                 0,                 0,                 0,                 0,                 1,                 1
        411,           6,       -8.38273147,      -5.082538358,      -4.869743326,      -2.831789351,      -2.864116203,      0.9329898399,      0.4013645966,      0.6479481921,                 0,                 0,                 0,     0.05520055725,      0.1943851551,      0.7369835891,                 0,       1.614363094,      0.7756375573,      -3.185736624,      -2.655898932,      -2.424991768,      -3.130139086,       -2.28825105,                 0,                 0,                 0,                 0,                 0,                 0,                 0,                 0,                 0,                 0,                 0,                 0,                 1,                 1
        412,           7,      -8.470048024,      -5.007127385,      -4.891059412,      -2.915720104,       -2.86111927,      0.9329898399,      0.3988748864,      0.6454519911,                 0,                 0,                 0,     0.05502413054,      0.1927340519,      0.7338685393,                 0,       1.618181573,      0.7756670395,      -3.277500248,      -2.608493031,      -2.456559801,      -3.218801601,      -2.301096941,                 0,                 0,                 0,                 0,                 0,                 0,                 0,                 0,                 0,                 0,                 0,                 0,                 1,                 1
        413,           7,      -8.392343017,      -4.930244593,      -4.836779678,      -2.856187751,       -2.85703701,      0.9329898399,      0.3961258828,      0.6426404261,                 0,                 0,                 0,     0.05457584652,      0.1909271887,      0.7303760955,                 0,       1.622313648,      0.7756995837,      -3.204388201,      -2.558946742,      -2.412714117,      -3.164123951,      -2.313006604,                 0,                 0,                 0,                 0,                 0,                 0,                 0,                 0,                 0,                 0,                 0,                 0,                 1,                 1
        414,           8,      -8.486358577,      -4.878251563,      -4.953652881,      -2.917648657,      -2.831568743,      0.9329898399,      0.3935156677,      0.6403787721,                 0,                 0,                 0,     0.05442337036,      0.1890922713,       0.727450112,                 0,       1.627327257,       0.775735132,      -3.303111989,      -2.533345389,      -2.540123259,      -3.230534138,      -2.303794744,                 0,                 0,                 0,                 0,                 0,                 0,                 0,                 0,                 0,                 0,                 0,                 0,                 1,                 1
        415,           8,      -8.438973837,      -4.836550423,      -4.947698808,      -2.868749576,      -2.755191273,      0.9329898399,      0.3904816531,      0.6372794237,                 0,                 0,                 0,     0.05385567726,      0.1870969905,      0.7235991304,                 0,       1.632034229,      0.7757736215,      -3.260514081,      -2.516945527,      -2.544728991,      -3.186641881,      -2.243498108,                 0,                 0,                 0,                 0,                 0,                 0,                 0,                 0,                 0,                 0,                 0,                 0,                 1,                 1
        416,           8,      -8.396648736,      -4.808434158,      -4.927072663,      -2.829091289,      -2.767029641,      0.9329898399,      0.3870651162,      0.6333496492,                 0,                 0,                 0,      0.0529583663,      0.1849786949,      0.7188421696,                 0,       1.636287081,      0.7758149848,      -3.223020106,      -2.512965229,      -2.534622511,      -3.152012769,       -2.27082115,                 0,                 0,                 0,                 0,                 0,                 0,                 0,                 0,                 0,                 0,                 0,                 0,                 1,                 1
        417,           8,      -8.362101733,      -4.789373822,       -4.91103289,      -2.801497672,      -2.780143537,      0.9329898399,      0.3832697779,      0.6285847059,                 0,                 0,                 0,     0.05177320001,      0.1827423294,      0.7131757821,                 0,       1.640058105,        0.77585915,      -3.193322684,      -2.516826452,      -2.529014121,      -3.129443411,      -2.299297169,                 0,                 0,                 0,                 0,                 0,                 0,                 0,                 0,                 0,                 0,                 0,                 0,                 1,                 1
        418,           8,      -8.336119357,      -4.773048725,      -4.889067432,      -2.785625751,      -2.756574774,      0.9329898399,      0.3791088796,      0.6230355285,                 0,                 0,                 0,     0.05034780826,       0.180385665,      0.7066525485,                 0,       1.643421091,      0.7759060413,      -3.172183003,      -2.522205693,      -2.517352658,      -3.118564426,      -2.290428735,                 0,                 0,                 0,                 0,                 0,                 0,                 0,                 0,                 0,                 0,                 0,                 0,                 1,                 1
        419,           8,      -8.323303417,      -4.754076121,      -4.849297869,      -2.783640162,      -2.763565278,      0.9329898399,      0.3746560186,      0.6169217388,                 0,                 0,                 0,     0.04877298036,       0.177914872,      0.6995040117,                 0,       1.646635068,      0.8105542527,      -3.164177312,      -2.523746051,      -2.487722326,      -3.121514092,      -2.311449874,                 0,                 0,                 0,                 0,                 0,                 0,                 0,                 0,                 0,                 0,                 0,                 0,                 1,                 1
        420,           8,      -8.326911676,      -4.733718378,      -4.825866061,       -2.79446975,      -2.740020062,      0.9329898399,      0.3699740847,      0.6105015045,                 0,                 0,                 0,     0.04713279633,      0.1753146112,      0.6919954461,                 0,       1.650119643,      0.8106063534,      -3.172540762,      -2.522749863,        -2.4742273,      -3.137198579,      -2.301608066,                 0,                 0,                 0,                 0,                 0,                 0,                 0,                 0,                 0,                 0,                 0,                 0,                 1,                 1
        421,           8,      -8.328414359,      -4.711282178,      -4.815442588,      -2.798522638,      -2.765188929,      0.9329898399,      0.3651844382,      0.6040281839,                 0,                 0,                 0,     0.04552906889,      0.1726268653,      0.6844046218,                 0,       1.654035936,      0.8106609307,       -3.17872353,      -2.518568547,      -2.473506612,      -3.146005833,      -2.340040273,                 0,                 0,                 0,                 0,                 0,                 0,                 0,                 0,                 0,                 0,                 0,                 0,                 1,                 1
        422,           8,       -8.32861863,      -4.689978092,      -4.800063002,       -2.79702238,      -2.708432732,      0.9329898399,      0.3603228772,      0.5977026325,                 0,                 0,                 0,     0.04402136522,      0.1698271435,       0.676934084,                 0,       1.658797346,      0.8107178951,      -3.183515905,      -2.514464186,      -2.467569441,       -3.14914212,      -2.296107147,                 0,                 0,                 0,                 0,                 0,                 0,                 0,                 0,                 0,                 0,                 0,                 0,                 1,                 1
        423,           8,      -8.318540781,      -4.673353677,      -4.783080915,      -2.781368812,      -2.719523351,      0.9329898399,      0.3554950482,      0.5916900292,                 0,                 0,                 0,     0.04264605349,      0.1669681828,      0.6697726822,                 0,       1.664411452,      0.8266346361,      -3.177916731,      -2.514027911,        -2.4597451,      -3.137990317,      -2.319564702,                 0,                 0,                 0,                 0,                 0,                 0,                 0,                 0,                 0,                 0,                 0,                 0,                 1,                 1
        424,           8,      -8.296764765,      -4.658533026,      -4.757754373,      -2.754526102,      -2.682387168,      0.9329898399,      0.3507671805,      0.5862112177,                 0,                 0,                 0,      0.0414586486,      0.1640487499,       0.663150974,                 0,       1.671225959,      0.8194115268,      -3.160494434,      -2.514429879,       -2.44327144,      -3.115499459,      -2.294332891,                 0,                 0,                 0,                 0,                 0,                 0,                 0,                 0,                 0,                 0,                 0,                 0,                 1,                 1
        425,           9,      -8.417722726,       -4.66582587,      -4.854716673,      -2.836780474,      -2.701560395,      0.9329898399,      0.3464720127,      0.5821613865,                 0,                 0,                 0,     0.04088180042,      0.1611253166,      0.6580223156,                 0,       1.680255158,       0.819475089,       -3.28566563,      -2.536024314,      -2.548765513,        -3.2019411,      -2.324833172,                 0,                 0,                 0,                 0,                 0,                 0,                 0,                 0,                 0,                 0,                 0,                 0,                 1,                 1
