"Time_Iter","Outer_Iter","Inner_Iter",     "rms[P]"     ,     "rms[U]"     ,     "rms[V]"     
          0,           0,           0,      -3.301254278,      -3.364132341,      -3.879700987
          0,           0,           1,      -3.530702057,      -1.993304323,       -1.93744862
          0,           0,           2,      -3.818164947,      -2.654439665,      -2.678581792
          0,           0,           3,      -4.380158338,      -2.992270183,      -3.077856855
          0,           0,           4,       -4.65589467,        -3.1719957,      -3.271119066
          0,           0,           5,      -4.803180756,      -3.292705233,      -3.462165283
          0,           0,           6,      -4.901003078,      -3.441679312,      -3.659310207
          0,           0,           7,      -5.029768582,      -3.586537503,      -3.850689707
          0,           0,           8,      -5.181812663,      -3.747637342,      -4.034139201
          0,           0,           9,      -5.277018473,      -3.916037656,      -4.242790588
          0,           0,          10,      -5.353916675,      -4.073308361,      -4.455892938
          0,           0,          11,      -5.414520419,      -4.225614064,      -4.662584712
          0,           0,          12,      -5.471746749,      -4.375008073,      -4.863775449
          0,           0,          13,      -5.538541605,      -4.515424928,      -5.056154619
          0,           0,          14,      -5.617678885,      -4.642899809,      -5.232786379
          0,           0,          15,      -5.707384889,       -4.75662837,      -5.378807092
          0,           0,          16,      -5.803838601,      -4.861754361,      -5.489430101
          0,           0,          17,      -5.907782438,      -4.962033233,      -5.578527947
          0,           0,          18,      -6.017061154,      -5.059500249,      -5.659788576
          0,           0,          19,      -6.128328732,       -5.15536739,      -5.739350161
          0,           0,          20,      -6.241084404,      -5.251205546,      -5.821342933
          0,           0,          21,      -6.355896808,      -5.347988005,      -5.905658459
          0,           0,          22,      -6.470624676,      -5.445928527,      -5.991415684
          0,           0,          23,      -6.582989139,      -5.545441475,      -6.079480483
          0,           0,          24,      -6.693678547,      -5.647662972,       -6.17184121
          0,           0,          25,      -6.803704556,      -5.753046814,      -6.267106369
          0,           0,          26,      -6.913202018,       -5.86196379,      -6.366188149
          0,           0,          27,      -7.022344209,       -5.97511533,      -6.471378954
          0,           0,          28,      -7.131076197,      -6.092235741,      -6.581463156
          0,           0,          29,      -7.239024469,      -6.212064742,      -6.691826938
          0,           0,          30,      -7.346606633,       -6.33491277,      -6.805476031
          0,           0,          31,      -7.453908418,      -6.461173076,      -6.924093845
          0,           0,          32,      -7.561390813,      -6.591215488,      -7.047668345
          0,           0,          33,      -7.669077764,      -6.725028197,       -7.17552363
          0,           0,          34,      -7.776317898,      -6.862034065,      -7.306035704
          0,           0,          35,      -7.882934977,      -7.001406164,      -7.437421668
          0,           0,          36,      -7.989271612,      -7.142467183,      -7.568770123
          0,           0,          37,      -8.095446989,      -7.284693668,      -7.699747225
          0,           0,          38,      -8.201492664,      -7.427684116,      -7.830038854
          0,           0,          39,      -8.307677181,      -7.571154995,      -7.959229055
          0,           0,          40,      -8.414225494,        -7.7146251,      -8.086480917
          0,           0,          41,      -8.521152983,      -7.857136595,      -8.210524586
          0,           0,          42,      -8.628500304,       -7.99754858,      -8.330509153
          0,           0,          43,      -8.736377021,      -8.134975452,      -8.446542073
          0,           0,          44,      -8.844806042,      -8.268894533,      -8.559307952
          0,           0,          45,      -8.953734505,      -8.399125989,      -8.669573745
          0,           0,          46,      -9.063141007,      -8.525827424,      -8.778001036
          0,           0,          47,      -9.173033415,      -8.649366892,       -8.88507774
          0,           0,          48,      -9.283395398,      -8.770182758,      -8.991179028
          0,           0,          49,      -9.394196263,      -8.888779262,      -9.096675858
          0,           0,          50,       -9.50542568,      -9.005713473,      -9.201902365
          0,           0,          51,      -9.617074756,      -9.121499875,      -9.307086676
          0,           0,          52,      -9.729127555,      -9.236546074,      -9.412390456
          0,           0,          53,      -9.841585667,      -9.351221117,      -9.517910695
          0,           0,          54,      -9.954482514,       -9.46586575,      -9.623725191
          0,           0,          55,      -10.06783713,      -9.580743188,      -9.729915382
          0,           0,          56,      -10.18165106,      -9.696005936,        -9.8365458
          0,           0,          57,      -10.29590969,      -9.811753529,      -9.943720035
          0,           0,          58,      -10.41061779,      -9.927979173,      -10.05143621
          0,           0,          59,      -10.52576662,      -10.04469251,       -10.1597473
          0,           0,          60,      -10.64134946,       -10.1618714,      -10.26866889
          0,           0,          61,      -10.75735553,      -10.27948789,      -10.37821198
          0,           0,          62,      -10.87377558,      -10.39751473,      -10.48838764
          0,           0,          63,      -10.99059721,      -10.51592013,      -10.59920078
          0,           0,          64,      -11.10780383,      -10.63466518,      -10.71064987
          0,           0,          65,      -11.22537963,      -10.75371112,      -10.82273052
          0,           0,          66,      -11.34331094,      -10.87301249,      -10.93543146
          0,           0,          67,      -11.46157955,      -10.99252839,      -11.04874724
          0,           0,          68,       -11.5801693,      -11.11223468,      -11.16267378
          0,           0,          69,      -11.69906619,      -11.23212194,      -11.27720518
          0,           0,          70,      -11.81824119,      -11.35217253,      -11.39233133
          0,           0,          71,      -11.93768255,      -11.47237444,      -11.50803608
          0,           0,          72,      -12.05733597,      -11.59267548,      -11.62429955
          0,           0,          73,       -12.1771949,      -11.71306524,      -11.74110523
          0,           0,          74,      -12.29725364,      -11.83351583,      -11.85842885
          0,           0,          75,      -12.41746317,       -11.9540108,      -11.97625134
          0,           0,          76,       -12.5377832,      -12.07453824,      -12.09455679
          0,           0,          77,      -12.65810164,      -12.19512423,      -12.21329775
          0,           0,          78,      -12.77847103,      -12.31572439,      -12.33245707
          0,           0,          79,      -12.89879197,      -12.43629485,      -12.45202171
          0,           0,          80,      -13.01863407,      -12.55675522,      -12.57192467
          0,           0,          81,      -13.13739808,      -12.67698336,      -12.69219292
          0,           0,          82,      -13.25894548,      -12.79787878,      -12.81281617
          0,           0,          83,      -13.37575512,      -12.91773822,      -12.93344053
          0,           0,          84,      -13.48883966,      -13.03668419,       -13.0538956
          0,           0,          85,      -13.58679121,      -13.15260226,      -13.17407684
          0,           0,          86,      -13.68543153,      -13.26805423,      -13.29275955
          0,           0,          87,      -13.80307695,      -13.38642436,      -13.41560843
          0,           0,          88,       -13.9203457,      -13.50760829,      -13.53384031
          0,           0,          89,      -13.87439709,      -13.56885177,      -13.63822886
          0,           0,          90,      -13.99309488,      -13.68714915,      -13.74907393
          0,           0,          91,      -14.04675624,      -13.77258835,      -13.87121971
          0,           0,          92,       -13.9899164,      -13.77368151,      -13.91201937
          0,           0,          93,      -14.08080199,      -13.88691794,      -14.00450496
          0,           0,          94,      -13.92486705,      -13.78725106,      -14.00009213
          0,           0,          95,       -14.0077374,      -13.86794162,      -14.03935922
          0,           0,          96,       -14.0149152,      -13.88017718,      -14.11430952
          0,           0,          97,      -14.06062334,      -13.93004261,      -14.13802438
          0,           0,          98,      -13.96671463,      -13.84487796,      -14.06294549
          0,           0,          99,      -14.09653446,      -13.97920694,      -14.18901005
          0,           0,         100,       -13.9704903,      -13.85787614,      -14.13408143
          0,           0,         101,      -14.03866186,      -13.92741159,      -14.11243806
          0,           0,         102,      -14.08024311,      -13.95749098,       -14.1864215
          0,           0,         103,      -14.08125995,      -13.95718011,      -14.20695894
          0,           0,         104,      -14.00295228,      -13.86888328,      -14.14060147
          0,           0,         105,      -14.05981368,      -13.92294967,      -14.17178113
          0,           0,         106,      -14.11744697,       -13.9758038,      -14.19969799
          0,           0,         107,      -14.07293538,      -13.95521602,      -14.16194591
          0,           0,         108,      -14.05479497,      -13.91659888,      -14.12664275
          0,           0,         109,      -13.98944663,      -13.85472285,      -14.11513735
          0,           0,         110,      -14.05095699,      -13.92626614,      -14.12528955
          0,           0,         111,      -14.13667499,      -13.99797741,      -14.20945989
          0,           0,         112,      -13.99186176,      -13.86312934,      -14.14609895
          0,           0,         113,      -14.09628173,      -13.98522257,      -14.11987504
          0,           0,         114,      -14.03172491,      -13.91304031,      -14.13824949
          0,           0,         115,      -14.08912171,      -13.95725347,      -14.21137249
          0,           0,         116,      -14.07670986,       -13.9550816,      -14.15323464
          0,           0,         117,      -14.01513772,      -13.91031865,      -14.12751554
          0,           0,         118,      -14.05346766,      -13.92895231,      -14.17202694
          0,           0,         119,      -14.08094277,      -13.95601315,      -14.16835375
          0,           0,         120,       -14.0652403,      -13.93350566,      -14.12866998
          0,           0,         121,       -13.9960981,      -13.87953311,      -14.14325132
          0,           0,         122,      -14.09715294,      -13.97295346,      -14.17033017
          0,           0,         123,       -14.0169811,      -13.88145638,      -14.08477822
          0,           0,         124,      -13.99382381,      -13.85918317,      -14.11993163
          0,           0,         125,      -13.99557607,      -13.86412149,      -14.08620922
          0,           0,         126,      -14.07113442,      -13.95407269,      -14.16704461
          0,           0,         127,      -14.10723642,      -13.98935063,      -14.13054779
          0,           0,         128,      -14.03205315,      -13.91005228,      -14.17374553
          0,           0,         129,      -14.07013921,      -13.94415349,      -14.14402133
          0,           0,         130,      -14.02624078,       -13.8882398,        -14.089889
          0,           0,         131,       -13.9798393,      -13.83551715,      -14.12029862
          0,           0,         132,      -14.07696068,      -13.93060237,      -14.15251226
          0,           0,         133,      -14.02981663,      -13.90817632,      -14.13635771
          0,           0,         134,      -14.08400045,      -13.96094334,      -14.13934679
          0,           0,         135,      -14.13174757,      -13.99534604,      -14.20095548
          0,           0,         136,      -14.10900852,      -14.00824173,      -14.17295263
          0,           0,         137,      -14.04693447,      -13.93481561,      -14.19143471
          0,           0,         138,      -14.06270551,      -13.93125858,      -14.16035152
          0,           0,         139,      -14.04402706,      -13.91750758,       -14.1581957
          0,           0,         140,      -14.06015763,      -13.94104856,      -14.18068349
          0,           0,         141,      -14.09776347,      -13.96501307,      -14.22410815
          0,           0,         142,      -14.03259429,      -13.89887776,      -14.08011083
          0,           0,         143,      -14.11203222,      -13.96941741,      -14.18347401
          0,           0,         144,      -14.05612503,      -13.93244064,      -14.14945918
          0,           0,         145,      -14.10175964,      -13.98974084,      -14.18561613
          0,           0,         146,      -14.04986362,      -13.93305374,      -14.18523853
          0,           0,         147,       -14.0433378,      -13.92395355,      -14.11343246
          0,           0,         148,      -14.06860795,      -13.93275481,      -14.15707765
          0,           0,         149,      -14.05083318,      -13.91396418,      -14.20648596
          0,           0,         150,      -14.04580205,       -13.9298067,      -14.11273459
          0,           0,         151,      -14.05373117,      -13.95779875,      -14.13889324
          0,           0,         152,      -14.07971915,      -13.95708137,      -14.19428011
          0,           0,         153,      -14.04889997,      -13.93190849,      -14.16068588
          0,           0,         154,      -14.06413766,      -13.94961725,      -14.15292738
          0,           0,         155,      -13.97552238,       -13.8585439,      -14.15232492
          0,           0,         156,      -14.05514402,      -13.92344583,      -14.13156981
          0,           0,         157,      -13.99142439,      -13.86012573,      -14.12547818
          0,           0,         158,      -14.00152876,      -13.87256558,      -14.13305975
          0,           0,         159,      -14.13177636,      -14.00846353,      -14.17586442
          0,           0,         160,      -14.13020356,      -14.00702958,      -14.21616223
          0,           0,         161,      -14.07868606,      -13.93387982,       -14.1407605
          0,           0,         162,      -13.98091188,      -13.85137199,      -14.09423481
          0,           0,         163,      -14.07813413,      -13.96367849,      -14.17229703
          0,           0,         164,      -14.06084669,      -13.94902169,      -14.17754665
          0,           0,         165,       -14.1601672,      -14.05007424,      -14.22598273
          0,           0,         166,      -14.03332792,      -13.90232601,      -14.09993725
          0,           0,         167,      -14.04782521,      -13.91232232,      -14.16240195
          0,           0,         168,      -14.08266891,       -13.9605198,      -14.19113033
          0,           0,         169,      -14.06290268,      -13.93898071,      -14.16551504
          0,           0,         170,      -14.03636026,      -13.91557771,      -14.09200398
          0,           0,         171,      -14.03909898,      -13.91609676,      -14.12698832
          0,           0,         172,      -14.02946001,      -13.92213686,      -14.15858907
          0,           0,         173,      -14.01461327,      -13.88942258,       -14.1344052
          0,           0,         174,      -14.04733541,      -13.91276363,      -14.18002426
          0,           0,         175,      -14.06349038,      -13.93630785,      -14.17768044
          0,           0,         176,      -14.11223106,      -14.00130946,       -14.1308942
          0,           0,         177,      -14.00134444,      -13.86842147,      -14.15827059
          0,           0,         178,      -14.05519615,      -13.93240364,      -14.17414983
          0,           0,         179,      -14.06997021,      -13.92711305,        -14.117821
          0,           0,         180,       -14.0507386,      -13.92144521,       -14.1858055
          0,           0,         181,      -14.05726295,      -13.94150657,      -14.14051579
          0,           0,         182,      -14.05616869,      -13.93002068,      -14.16825225
          0,           0,         183,      -13.99928324,      -13.86464068,      -14.09814544
          0,           0,         184,      -14.13655488,      -14.00327676,      -14.17974358
          0,           0,         185,      -13.98846652,      -13.88302727,      -14.11972721
          0,           0,         186,      -13.99034466,      -13.86345827,      -14.11296993
          0,           0,         187,      -14.04287673,      -13.91363125,      -14.17451899
          0,           0,         188,      -14.09165536,      -13.96629039,      -14.12524757
          0,           0,         189,      -14.08625004,      -13.97144743,      -14.16344285
          0,           0,         190,      -14.08310705,      -13.96024242,      -14.19800217
          0,           0,         191,      -13.98200729,      -13.85201006,      -14.18088644
          0,           0,         192,      -14.00259293,      -13.86990099,      -14.08129536
          0,           0,         193,       -14.1456539,      -14.02132381,      -14.24844352
          0,           0,         194,      -14.01640917,      -13.90272217,      -14.12311894
          0,           0,         195,      -14.05067354,      -13.93405682,      -14.14397279
          0,           0,         196,      -14.06703466,      -13.92821116,      -14.13423815
          0,           0,         197,      -14.01854243,      -13.88593483,        -14.152683
          0,           0,         198,      -14.14628153,      -14.01772062,      -14.22026342
          0,           0,         199,      -14.10585077,      -13.98117913,      -14.15670248
          0,           0,         200,      -14.02309685,      -13.89034444,      -14.15288635
          0,           0,         201,      -14.03608914,      -13.92193783,      -14.20516942
          0,           0,         202,      -14.06118917,      -13.90925182,      -14.14082753
          0,           0,         203,      -14.05054952,      -13.88938734,      -14.11468478
          0,           0,         204,      -14.03232826,      -13.90404868,      -14.16016691
          0,           0,         205,      -14.02704717,      -13.89048878,      -14.14493718
          0,           0,         206,      -14.08491965,      -13.95401339,      -14.15112705
          0,           0,         207,      -13.98735385,      -13.87217148,      -14.12567939
          0,           0,         208,      -14.09141784,      -13.95732153,      -14.16753265
          0,           0,         209,      -14.00992205,      -13.89143938,      -14.13200249
          0,           0,         210,      -14.05719386,      -13.91714813,       -14.1386438
          0,           0,         211,      -14.07079042,      -13.93492313,      -14.19027024
          0,           0,         212,      -13.96656608,      -13.83396543,      -14.08805409
          0,           0,         213,      -14.00146984,      -13.87496681,      -14.09450991
          0,           0,         214,      -14.09803352,      -13.97756098,       -14.2198003
          0,           0,         215,      -14.11284361,      -14.00556041,      -14.21185431
          0,           0,         216,      -14.04362325,      -13.92210929,      -14.18655394
          0,           0,         217,      -14.01162439,      -13.90690778,      -14.12030091
          0,           0,         218,      -13.96431082,      -13.85827688,      -14.13162954
          0,           0,         219,       -14.1155505,      -13.98434288,      -14.16172359
          0,           0,         220,      -14.11229018,      -13.99808093,      -14.21789606
          0,           0,         221,      -14.07628171,       -13.9325775,      -14.16139767
          0,           0,         222,      -13.93579825,      -13.80874206,      -14.05713767
          0,           0,         223,      -14.06557963,      -13.93136876,      -14.17071765
          0,           0,         224,      -14.03577555,      -13.91709105,      -14.13554011
          0,           0,         225,      -13.97447146,      -13.86803429,      -14.19471275
          0,           0,         226,      -14.10205995,      -13.98842907,      -14.24434422
          0,           0,         227,      -14.07235292,      -13.94487545,      -14.11910426
          0,           0,         228,      -14.06808341,      -13.93107815,      -14.12968123
          0,           0,         229,      -14.00223672,      -13.85813547,      -14.12343094
          0,           0,         230,      -14.00625147,      -13.89459256,      -14.17211046
          0,           0,         231,      -14.04955281,      -13.92048924,      -14.14214372
          0,           0,         232,      -13.97308522,      -13.84778832,      -14.10391567
          0,           0,         233,      -13.98320904,      -13.85520812,      -14.10158079
          0,           0,         234,       -14.0227209,      -13.91152838,      -14.16537249
          0,           0,         235,      -14.02251017,      -13.89560928,      -14.12841726
          0,           0,         236,      -14.14817861,      -14.04111223,      -14.19550057
          0,           0,         237,      -14.09634264,      -13.95333699,      -14.19712648
          0,           0,         238,      -14.03613917,      -13.90061764,      -14.15108138
          0,           0,         239,      -14.08591891,      -13.94737443,      -14.13690846
          0,           0,         240,      -13.99002983,      -13.85580392,       -14.1227796
          0,           0,         241,      -13.99325235,      -13.88301233,      -14.04491046
          0,           0,         242,       -13.9160452,       -13.7996144,      -14.09892884
          0,           0,         243,      -14.08928932,      -13.96335385,      -14.20840982
          0,           0,         244,      -14.02782194,      -13.90207745,      -14.11085262
          0,           0,         245,      -14.00306379,      -13.88447642,      -14.12385393
          0,           0,         246,      -13.98773074,      -13.86941711,      -14.13501902
          0,           0,         247,      -14.06862013,      -13.93836939,      -14.17074085
          0,           0,         248,      -13.99032973,      -13.88102773,      -14.21134721
          0,           0,         249,      -14.07830722,        -13.974356,      -14.15819769
          0,           0,         250,      -14.08199206,      -13.96316306,       -14.1423908
          0,           0,         251,      -14.18161614,       -14.0519956,      -14.27465817
          0,           0,         252,      -14.11485714,      -13.98368619,       -14.1472318
          0,           0,         253,      -13.94733956,      -13.81346851,      -14.12010016
          0,           0,         254,         -14.02698,      -13.89224403,      -14.11252065
          0,           0,         255,       -14.0465737,      -13.92309431,      -14.13559064
          0,           0,         256,      -14.13055467,      -14.00421081,      -14.24193628
          0,           0,         257,      -14.05257036,      -13.92309303,      -14.12481318
          0,           0,         258,      -14.07815334,      -13.94926808,      -14.12444724
          0,           0,         259,      -13.97701593,      -13.83651325,      -14.11774483
          0,           0,         260,      -14.03626312,       -13.9021969,      -14.12615684
          0,           0,         261,      -14.02799438,      -13.90040668,      -14.16374065
          0,           0,         262,      -14.09599316,      -13.98813957,      -14.26839988
          0,           0,         263,      -14.05313289,      -13.92782224,      -14.16279143
          0,           0,         264,      -14.05705508,      -13.89416275,      -14.14996313
          0,           0,         265,      -14.05457089,      -13.90977742,      -14.17183993
          0,           0,         266,      -14.02770302,      -13.90067369,      -14.13663036
          0,           0,         267,        -14.050349,      -13.94014418,      -14.18038161
          0,           0,         268,      -13.99537399,      -13.86298922,      -14.08152394
          0,           0,         269,      -14.06327334,      -13.92876782,      -14.18092293
          0,           0,         270,      -14.10511701,      -13.97159541,      -14.20412003
          0,           0,         271,      -14.04707609,      -13.91419268,      -14.12746393
          0,           0,         272,      -14.06651418,      -13.93464423,      -14.11268673
          0,           0,         273,      -13.95643562,      -13.82458122,      -14.11262514
          0,           0,         274,      -14.14390824,      -14.02302723,      -14.21548456
          0,           0,         275,      -14.09080837,      -13.95662478,      -14.18256684
          0,           0,         276,      -13.98272441,      -13.85779492,      -14.09208258
          0,           0,         277,      -14.09213711,      -13.96236854,      -14.23137206
          0,           0,         278,      -13.96005423,      -13.83447234,      -14.08462916
          0,           0,         279,      -14.03218059,       -13.9180361,      -14.17480992
          0,           0,         280,      -14.05788163,      -13.91104442,      -14.13662522
          0,           0,         281,      -14.04613055,       -13.9104031,      -14.13014671
          0,           0,         282,      -14.01433385,      -13.87541693,      -14.11628971
          0,           0,         283,      -14.06192366,      -13.95084194,      -14.21794253
          0,           0,         284,      -14.08968062,      -13.95423588,      -14.13963776
          0,           0,         285,      -14.01602203,      -13.90816724,       -14.1324484
          0,           0,         286,      -13.97351745,      -13.85646911,      -14.13566579
          0,           0,         287,      -14.06506918,      -13.94685884,      -14.14006657
          0,           0,         288,       -14.0250997,      -13.90033061,      -14.15686195
          0,           0,         289,      -14.01140535,      -13.89413363,      -14.14656367
          0,           0,         290,      -14.07629922,      -13.93871811,      -14.17287172
          0,           0,         291,      -14.09338238,      -13.95221564,      -14.16113725
          0,           0,         292,      -14.00251659,      -13.89090552,      -14.09751478
          0,           0,         293,      -14.05600839,      -13.95229858,      -14.21880444
          0,           0,         294,      -14.08442906,      -13.97390445,      -14.22936825
          0,           0,         295,      -14.03798931,      -13.90623747,      -14.17915398
          0,           0,         296,      -14.07842468,      -13.95198989,      -14.16530443
          0,           0,         297,      -14.04253008,      -13.91808252,      -14.13829486
          0,           0,         298,      -14.03849487,      -13.91615992,      -14.15639713
          0,           0,         299,      -14.06884642,      -13.95570685,      -14.16816325
          0,           0,         300,       -14.1272146,      -14.00021526,      -14.16243367
          0,           0,         301,      -14.03460809,       -13.8869326,      -14.10290933
          0,           0,         302,      -14.06774435,      -13.96311023,      -14.18190043
          0,           0,         303,      -13.95801282,       -13.8413821,       -14.0936277
          0,           0,         304,      -14.02790034,      -13.91644716,      -14.13736055
          0,           0,         305,      -14.02683164,      -13.89448178,      -14.13521571
          0,           0,         306,      -14.06069424,      -13.93404921,      -14.17861399
          0,           0,         307,      -14.07976101,      -13.94840085,      -14.15372267
          0,           0,         308,      -14.00486264,      -13.88890002,      -14.08106282
          0,           0,         309,      -14.03387006,      -13.90779792,      -14.15245016
          0,           0,         310,      -14.00332367,      -13.88480607,      -14.17685257
          0,           0,         311,      -14.11337458,      -13.98670623,      -14.21522386
          0,           0,         312,      -14.08900511,      -13.96782571,      -14.14650318
          0,           0,         313,      -14.03357171,      -13.90459359,      -14.15614574
          0,           0,         314,      -14.01883145,      -13.89071898,      -14.09410351
          0,           0,         315,      -14.01651866,      -13.87681414,      -14.14372115
          0,           0,         316,      -14.00744688,      -13.87232329,      -14.13065455
          0,           0,         317,      -14.07755296,      -13.95623085,      -14.23112607
          0,           0,         318,      -14.05962143,      -13.93925372,       -14.1447681
          0,           0,         319,      -14.03302488,      -13.91279325,      -14.14322851
          0,           0,         320,      -14.01698108,      -13.87090984,       -14.1040059
          0,           0,         321,      -14.04561074,      -13.91475169,      -14.15191041
          0,           0,         322,      -14.04380728,      -13.93251095,      -14.13918742
          0,           0,         323,      -14.06478052,      -13.94949377,      -14.17564551
          0,           0,         324,        -14.076632,      -13.94692516,      -14.17030299
          0,           0,         325,      -13.98742043,      -13.86759189,      -14.07719126
          0,           0,         326,       -14.0738391,      -13.95491489,      -14.15086412
          0,           0,         327,      -14.00299329,        -13.860376,      -14.12381354
          0,           0,         328,      -14.06804834,      -13.92929973,       -14.1563649
          0,           0,         329,      -14.01180617,      -13.89662375,      -14.09132925
          0,           0,         330,        -14.006516,        -13.882114,      -14.09648703
          0,           0,         331,       -14.1042458,      -13.97160704,      -14.17148376
          0,           0,         332,      -13.96610625,      -13.82928191,      -14.10150689
          0,           0,         333,      -13.97838109,      -13.86997828,      -14.11629624
          0,           0,         334,      -14.06370655,      -13.93280134,       -14.1192794
          0,           0,         335,      -14.02475875,      -13.90381749,      -14.13297571
          0,           0,         336,       -14.0745643,      -13.95515524,      -14.21220732
          0,           0,         337,      -14.08328372,      -13.95334052,      -14.17508687
          0,           0,         338,      -14.03714878,      -13.89440978,      -14.09375595
          0,           0,         339,      -14.11081459,      -13.98161676,      -14.21010329
          0,           0,         340,      -14.01925214,      -13.86030088,      -14.12364639
          0,           0,         341,      -14.08560933,      -13.94008321,      -14.18746103
          0,           0,         342,      -14.03479759,      -13.91711973,       -14.1299933
          0,           0,         343,      -14.04440837,       -13.9140202,      -14.12608517
          0,           0,         344,      -14.04481993,      -13.91584546,       -14.1939348
          0,           0,         345,      -14.02724715,      -13.89351179,      -14.14677484
          0,           0,         346,      -14.04848989,      -13.91453559,      -14.15484625
          0,           0,         347,      -13.99325247,      -13.87293479,      -14.09283857
          0,           0,         348,      -14.00193993,      -13.88776686,      -14.07337546
          0,           0,         349,      -14.11385381,      -14.01451427,      -14.22505013
          0,           0,         350,      -14.01661503,      -13.89451518,      -14.13364746
          0,           0,         351,      -13.98787554,       -13.8552841,      -14.11717912
          0,           0,         352,      -14.06492929,      -13.94391464,      -14.15933142
          0,           0,         353,      -14.05072141,      -13.92959929,      -14.11976051
          0,           0,         354,      -14.02171053,      -13.90573718,      -14.12845859
          0,           0,         355,      -14.00900103,       -13.8843314,      -14.12576253
          0,           0,         356,      -14.06474887,      -13.93283425,      -14.15778828
          0,           0,         357,      -14.04011856,      -13.91639206,      -14.14904875
          0,           0,         358,       -14.0717355,       -13.9660312,       -14.1724715
          0,           0,         359,      -14.08639413,      -13.96384665,      -14.17293808
          0,           0,         360,      -14.13134943,      -13.98349298,      -14.19053837
          0,           0,         361,      -14.04059138,      -13.90350097,      -14.19160476
          0,           0,         362,      -13.99739764,      -13.86516592,      -14.10387193
          0,           0,         363,      -14.10314845,      -13.99401313,      -14.22749667
          0,           0,         364,      -14.02052557,      -13.90491031,       -14.2122294
          0,           0,         365,      -13.99061493,       -13.8595636,      -14.09445792
          0,           0,         366,       -13.9744008,      -13.84205059,      -14.11214494
          0,           0,         367,      -14.07834771,      -13.96121674,      -14.18107888
          0,           0,         368,      -14.10368687,      -13.98259607,      -14.23767889
          0,           0,         369,      -14.00878061,      -13.90719966,      -14.13798557
          0,           0,         370,      -14.00380666,      -13.88479309,      -14.14851264
          0,           0,         371,      -14.01824727,      -13.90762516,       -14.1414401
          0,           0,         372,      -14.08235479,      -13.95343965,       -14.1587367
          0,           0,         373,      -14.01583599,      -13.87990999,      -14.11399525
          0,           0,         374,      -14.03537574,      -13.89217278,      -14.14592474
          0,           0,         375,      -13.96915211,      -13.83192151,      -14.08246937
          0,           0,         376,      -13.99113133,      -13.87045472,      -14.15849912
          0,           0,         377,       -14.0691675,      -13.94874938,      -14.18789231
          0,           0,         378,      -13.92651819,      -13.81531735,      -14.10612204
          0,           0,         379,      -14.07338228,      -13.94918756,      -14.21262019
          0,           0,         380,      -14.00287214,      -13.86164802,        -14.104732
          0,           0,         381,      -13.99360169,      -13.86719953,      -14.12765273
          0,           0,         382,      -14.08262778,      -13.96779835,      -14.17314642
          0,           0,         383,      -14.07401353,      -13.94962386,      -14.13357228
          0,           0,         384,      -14.03335361,      -13.91218971,      -14.10439178
          0,           0,         385,      -14.09682319,      -13.93895679,      -14.12743662
          0,           0,         386,      -14.01281796,      -13.86562771,      -14.10741625
          0,           0,         387,      -13.95413831,      -13.81219116,      -14.09961956
          0,           0,         388,      -14.01625091,      -13.89081846,      -14.17441519
          0,           0,         389,      -14.08011268,       -13.9590986,      -14.17299693
          0,           0,         390,      -13.99945712,      -13.88026976,       -14.1377507
          0,           0,         391,       -14.0994424,      -13.98688883,      -14.15357718
          0,           0,         392,      -13.99590723,      -13.87769987,      -14.13500028
          0,           0,         393,      -14.03489537,      -13.91272456,      -14.12033777
          0,           0,         394,      -14.07403523,       -13.9582425,      -14.16553365
          0,           0,         395,      -14.05071615,      -13.89885556,      -14.10556104
          0,           0,         396,      -14.01873446,      -13.88532481,      -14.16347001
          0,           0,         397,      -14.09179936,      -13.96226516,      -14.20191115
          0,           0,         398,      -14.06064569,      -13.94742331,      -14.15650845
          0,           0,         399,      -14.04705142,      -13.93351834,      -14.12857052
          0,           0,         400,      -14.00936033,      -13.88813161,      -14.10893051
          0,           0,         401,       -14.0354372,      -13.88903385,       -14.1036428
          0,           0,         402,      -13.99582377,      -13.86560955,      -14.11184546
          0,           0,         403,      -13.96361358,      -13.83169605,      -14.11390349
          0,           0,         404,      -14.04133488,      -13.93251212,      -14.14047839
          0,           0,         405,      -14.07360804,      -13.94835429,       -14.1114158
          0,           0,         406,      -13.93710717,      -13.82432552,      -14.13725936
          0,           0,         407,      -14.06731304,      -13.93093828,      -14.13103485
          0,           0,         408,      -14.16887477,      -14.05108179,      -14.27357793
          0,           0,         409,      -14.07124215,      -13.95415147,      -14.15362719
          0,           0,         410,      -14.07847888,      -13.96194695,      -14.18640906
          0,           0,         411,      -13.99707331,      -13.88427573,      -14.12076479
          0,           0,         412,       -14.0130561,      -13.89465734,      -14.12664067
          0,           0,         413,      -14.07435709,      -13.95619711,      -14.14640809
          0,           0,         414,      -14.01490796,      -13.90127625,      -14.11384876
          0,           0,         415,      -14.02882227,      -13.91760732,      -14.17365524
          0,           0,         416,      -14.07181112,       -13.9417408,        -14.145488
          0,           0,         417,      -14.04768055,      -13.93673896,      -14.15208431
          0,           0,         418,      -14.05044343,      -13.93000154,      -14.18859667
          0,           0,         419,      -14.09916204,      -13.97220827,      -14.16183359
          0,           0,         420,      -14.03933934,      -13.91141433,      -14.17351156
          0,           0,         421,       -13.9895923,      -13.87389725,      -14.11195048
          0,           0,         422,      -14.01659043,      -13.89370897,      -14.15136469
          0,           0,         423,      -14.00474902,      -13.87138936,      -14.09905432
          0,           0,         424,      -14.05882947,       -13.9338127,      -14.14841417
          0,           0,         425,       -14.0503004,       -13.9355322,      -14.13733907
          0,           0,         426,      -14.07747431,      -13.96472165,      -14.26813019
          0,           0,         427,      -14.10872004,       -13.9796554,      -14.19687779
          0,           0,         428,      -14.07422686,      -13.94355257,      -14.15474186
          0,           0,         429,       -14.1028964,      -13.98519043,       -14.2318301
          0,           0,         430,      -14.03684812,      -13.92932365,      -14.13857933
          0,           0,         431,      -14.09150359,      -13.98910654,      -14.21306595
          0,           0,         432,      -14.01093866,      -13.87658712,      -14.15141929
          0,           0,         433,      -14.03788191,      -13.89926724,      -14.16027422
          0,           0,         434,      -13.97038325,      -13.83722749,      -14.09180658
          0,           0,         435,       -14.0612544,        -13.915793,      -14.22371205
          0,           0,         436,      -14.05317546,      -13.91830174,      -14.17886009
          0,           0,         437,      -13.97919178,      -13.85508732,      -14.10136368
          0,           0,         438,      -14.03425911,      -13.90343394,      -14.13223711
          0,           0,         439,      -14.14528645,      -14.04726328,      -14.19552175
          0,           0,         440,      -13.96822517,      -13.84558044,      -14.09686365
          0,           0,         441,      -14.00410068,      -13.86477012,      -14.14612993
          0,           0,         442,      -14.01504422,      -13.88542809,      -14.10316274
          0,           0,         443,      -14.13527436,      -14.00208339,      -14.20816123
          0,           0,         444,      -14.01945986,      -13.89090226,      -14.08505673
          0,           0,         445,      -14.10523153,      -13.98216284,      -14.17012463
          0,           0,         446,      -14.04087379,      -13.91432195,      -14.15359351
          0,           0,         447,      -14.13964056,      -14.00938326,      -14.20985391
          0,           0,         448,      -14.03130024,      -13.90374249,      -14.11905143
          0,           0,         449,      -14.08969537,      -13.96511502,      -14.14080734
          0,           0,         450,      -14.03555554,      -13.92249103,      -14.13474084
          0,           0,         451,       -14.0979037,      -13.96779813,      -14.22382816
          0,           0,         452,      -14.00617528,      -13.87211639,      -14.10120014
          0,           0,         453,      -13.97059871,      -13.84648354,      -14.13125333
          0,           0,         454,      -14.01663084,      -13.89110983,      -14.15856322
          0,           0,         455,      -14.03599297,      -13.91322871,      -14.09376211
          0,           0,         456,       -13.9916736,      -13.87258719,      -14.06401277
          0,           0,         457,      -14.06507733,      -13.93856288,      -14.17219951
          0,           0,         458,      -14.06305142,      -13.95168306,      -14.19406587
          0,           0,         459,      -14.06635965,      -13.93253161,      -14.17271752
          0,           0,         460,      -14.01137809,      -13.90039915,      -14.10202744
          0,           0,         461,      -14.00591968,      -13.87670536,      -14.11661171
          0,           0,         462,       -14.0390121,      -13.90857643,      -14.21033735
          0,           0,         463,      -14.04179057,      -13.91836512,      -14.14391418
          0,           0,         464,      -14.05022985,      -13.93741611,      -14.11407904
          0,           0,         465,      -14.02614761,      -13.88604853,      -14.16179579
          0,           0,         466,      -14.05826573,      -13.91523453,      -14.11635273
          0,           0,         467,      -13.97825862,      -13.85969275,      -14.08905884
          0,           0,         468,      -14.04825203,      -13.91627479,      -14.11339065
          0,           0,         469,      -14.05260769,      -13.93050202,      -14.16564489
          0,           0,         470,      -14.00520318,      -13.89802638,      -14.18144408
          0,           0,         471,      -14.00570369,      -13.88604774,      -14.14121578
          0,           0,         472,      -14.00142299,      -13.85000804,      -14.09194415
          0,           0,         473,      -14.01783452,      -13.88384293,      -14.10167515
          0,           0,         474,      -14.07231652,      -13.95300222,      -14.17207827
          0,           0,         475,      -14.06722679,       -13.9639922,      -14.20023349
          0,           0,         476,      -14.13560334,      -14.00464244,      -14.14153871
          0,           0,         477,      -14.04580274,      -13.90860918,      -14.11389839
          0,           0,         478,      -13.99081865,       -13.8446249,      -14.07384911
          0,           0,         479,      -13.95322693,      -13.83276942,      -14.12030316
          0,           0,         480,       -14.0249134,      -13.90860621,      -14.13425545
          0,           0,         481,      -13.98078769,      -13.84594004,      -14.11097016
          0,           0,         482,      -13.99318974,      -13.86684504,      -14.10278936
          0,           0,         483,      -13.95019846,      -13.84089552,      -14.16410446
          0,           0,         484,      -14.01173217,      -13.89103719,      -14.15096797
          0,           0,         485,       -14.0072005,      -13.88760924,       -14.1710892
          0,           0,         486,      -14.03821114,      -13.92845937,       -14.1687698
          0,           0,         487,      -14.08714253,      -13.96509061,      -14.21957611
          0,           0,         488,      -13.97397434,      -13.84870028,      -14.03378368
          0,           0,         489,      -14.01944186,      -13.90315007,      -14.12948182
          0,           0,         490,       -13.9921632,      -13.87401832,      -14.15775431
          0,           0,         491,      -14.10195272,      -13.97902504,      -14.17232504
          0,           0,         492,      -14.05970958,      -13.92049166,      -14.12661149
          0,           0,         493,      -14.06689115,      -13.92192103,      -14.14015675
          0,           0,         494,      -13.98841688,      -13.84730765,      -14.15069301
          0,           0,         495,      -14.06286562,      -13.90729406,      -14.19370179
          0,           0,         496,       -13.9994014,      -13.87782076,      -14.18572018
          0,           0,         497,      -14.07700182,      -13.97113035,      -14.14938756
          0,           0,         498,      -14.01290411,      -13.89621775,      -14.09816172
          0,           0,         499,      -13.93322569,      -13.82150884,      -14.09869937
          0,           0,         500,      -13.99070627,      -13.87153089,      -14.09464987
          0,           0,         501,      -14.12427548,       -13.9813593,      -14.18888075
          0,           0,         502,        -14.047675,      -13.90605805,      -14.13865549
          0,           0,         503,      -14.03059232,      -13.89119405,      -14.10115208
          0,           0,         504,      -14.08241517,       -13.9544836,      -14.15633018
          0,           0,         505,      -14.09723384,      -13.99983239,      -14.15045393
          0,           0,         506,       -13.9392195,      -13.79769579,      -14.11628325
          0,           0,         507,      -14.01324002,      -13.89126583,      -14.14667238
          0,           0,         508,      -14.08488036,      -13.95997862,      -14.14100077
          0,           0,         509,      -14.02091842,      -13.89359559,      -14.11629136
          0,           0,         510,       -14.0630346,      -13.93519785,      -14.12219034
          0,           0,         511,      -14.07401381,      -13.93256598,      -14.18895102
          0,           0,         512,      -14.06751372,      -13.92068305,      -14.18037452
          0,           0,         513,      -14.05103158,      -13.93419008,      -14.13041292
          0,           0,         514,       -14.0869098,       -13.9375869,      -14.12656897
          0,           0,         515,      -14.01312914,      -13.87203623,      -14.13445912
          0,           0,         516,      -13.98015655,      -13.86232225,      -14.10162362
          0,           0,         517,      -14.06725472,      -13.94939918,      -14.21162028
          0,           0,         518,      -14.05156149,      -13.93664876,      -14.20763609
          0,           0,         519,      -14.09329264,      -13.95939211,       -14.1621834
          0,           0,         520,      -14.05665731,      -13.92391301,      -14.15712103
          0,           0,         521,      -14.05460272,      -13.94396925,      -14.14657403
          0,           0,         522,      -13.99123264,      -13.86884628,      -14.14036798
          0,           0,         523,      -14.04681759,      -13.93254412,      -14.15480417
          0,           0,         524,      -14.03361864,      -13.91268196,      -14.16857933
          0,           0,         525,      -14.04152577,      -13.92423798,      -14.13058131
          0,           0,         526,      -14.05341019,       -13.9383667,      -14.12079935
          0,           0,         527,      -14.00370786,      -13.88287434,      -14.13623837
          0,           0,         528,       -14.0641042,      -13.93018836,      -14.07551324
          0,           0,         529,      -14.01365714,      -13.88120093,      -14.11495046
          0,           0,         530,      -13.99855151,      -13.86694768,      -14.13105654
          0,           0,         531,      -14.06866082,      -13.93250097,      -14.13167027
          0,           0,         532,      -14.00191294,      -13.86743609,      -14.12962892
          0,           0,         533,       -14.0524876,      -13.91711046,      -14.15588851
          0,           0,         534,      -14.13310231,      -14.01205385,      -14.21700647
          0,           0,         535,      -14.05234393,       -13.9259123,      -14.16569048
          0,           0,         536,      -14.05776838,      -13.94549097,      -14.14177172
          0,           0,         537,      -13.96584871,      -13.83941161,      -14.12783136
          0,           0,         538,      -14.04084738,      -13.94279189,      -14.14479862
          0,           0,         539,      -13.98864189,      -13.86232276,      -14.11056489
          0,           0,         540,      -14.10335831,      -13.99123427,      -14.18314384
          0,           0,         541,      -14.05425772,      -13.93603874,      -14.14079628
          0,           0,         542,      -14.06055695,       -13.9350592,      -14.14338137
          0,           0,         543,      -14.01727614,      -13.88400241,      -14.13444204
          0,           0,         544,       -14.0161839,      -13.86885651,      -14.12708866
          0,           0,         545,      -14.07083625,      -13.92308269,      -14.13558074
          0,           0,         546,      -14.06031121,       -13.9484517,       -14.1913873
          0,           0,         547,      -14.05985555,      -13.93086612,      -14.12208341
          0,           0,         548,       -14.0216367,      -13.87592876,      -14.11740353
          0,           0,         549,      -14.06573396,      -13.92636159,      -14.17354794
          0,           0,         550,      -14.00631637,      -13.89174489,      -14.16573119
          0,           0,         551,      -13.96706258,      -13.84156395,      -14.17674452
          0,           0,         552,      -13.98617416,      -13.86073334,      -14.10873835
          0,           0,         553,      -14.02464909,      -13.88494417,      -14.08201289
          0,           0,         554,      -14.00238982,      -13.86657965,       -14.1682832
          0,           0,         555,       -14.0474148,      -13.90219358,      -14.15688725
          0,           0,         556,      -14.05937414,      -13.91871203,      -14.12878842
          0,           0,         557,      -14.07532121,      -13.93916453,      -14.15783997
          0,           0,         558,      -13.99897343,      -13.86840148,      -14.17318619
          0,           0,         559,      -14.05317568,      -13.93958926,      -14.20371752
          0,           0,         560,      -14.05965816,      -13.93691104,      -14.19800378
          0,           0,         561,      -14.09714913,      -13.96714732,      -14.22542335
          0,           0,         562,       -14.0906613,      -13.96089853,      -14.14621844
          0,           0,         563,      -14.01137506,      -13.87978604,      -14.13480015
          0,           0,         564,       -14.0680342,       -13.9455968,      -14.23514155
          0,           0,         565,      -14.10513983,      -13.95585893,      -14.15430252
          0,           0,         566,      -14.05626294,      -13.91308094,      -14.15247892
          0,           0,         567,      -14.04877661,      -13.92827448,       -14.1171894
          0,           0,         568,      -13.99237836,      -13.89425805,      -14.10078664
          0,           0,         569,      -14.02071883,      -13.91512132,       -14.1285856
          0,           0,         570,      -14.10745786,      -13.97482874,      -14.18852883
          0,           0,         571,      -14.07007371,      -13.94128714,      -14.16540145
          0,           0,         572,       -14.0196639,      -13.87339892,      -14.07939114
          0,           0,         573,      -14.02657638,        -13.887853,      -14.10849675
          0,           0,         574,      -14.06812457,      -13.94715618,      -14.20744163
          0,           0,         575,      -14.10710911,      -13.96019125,      -14.18380195
          0,           0,         576,      -14.10049287,      -13.97043911,      -14.16039513
          0,           0,         577,      -14.06134305,      -13.92222331,      -14.18585178
          0,           0,         578,      -14.01407208,      -13.87979465,       -14.1778072
          0,           0,         579,      -14.04519427,      -13.90963866,      -14.12984341
          0,           0,         580,      -14.05196059,      -13.92299003,      -14.08995267
          0,           0,         581,      -14.03147796,      -13.88939767,      -14.23707951
          0,           0,         582,      -14.01944861,       -13.8803761,      -14.11559608
          0,           0,         583,       -14.0371693,      -13.90854604,      -14.14493516
          0,           0,         584,      -14.02402161,       -13.8987818,      -14.13265253
          0,           0,         585,      -14.04212228,      -13.89976033,      -14.12584562
          0,           0,         586,       -13.9126852,      -13.77894191,      -14.06690418
          0,           0,         587,      -14.01007572,      -13.87145903,      -14.13514002
          0,           0,         588,      -14.05882141,      -13.91269379,      -14.12601594
          0,           0,         589,      -14.06422081,      -13.93835937,      -14.17971757
          0,           0,         590,      -14.01854608,      -13.89757344,      -14.14593565
          0,           0,         591,      -13.99832761,       -13.9072322,      -14.17685902
          0,           0,         592,      -13.95510041,      -13.84087751,       -14.1188731
          0,           0,         593,      -14.07450597,      -13.92458812,      -14.18351468
          0,           0,         594,      -14.05462695,      -13.90400766,      -14.13275379
          0,           0,         595,      -14.06437445,      -13.93718394,      -14.17976939
          0,           0,         596,      -14.09578505,      -13.95429372,      -14.15968992
          0,           0,         597,      -14.02541713,      -13.89562856,      -14.11903674
          0,           0,         598,      -14.05896531,      -13.92708441,      -14.16022086
          0,           0,         599,      -14.00617349,      -13.87414755,      -14.11730586
          0,           0,         600,      -13.97886756,      -13.86591826,       -14.0916392
          0,           0,         601,      -14.06889574,      -13.97046473,      -14.11512839
          0,           0,         602,      -14.05992693,      -13.94148272,      -14.22118383
          0,           0,         603,      -14.08588539,      -13.96142503,      -14.18617347
          0,           0,         604,      -14.05622248,      -13.94351193,      -14.13504831
          0,           0,         605,      -14.06669903,      -13.95873091,      -14.16587712
          0,           0,         606,      -14.03770739,       -13.9130776,      -14.15370795
          0,           0,         607,      -14.01179389,      -13.87919515,      -14.11299273
          0,           0,         608,      -14.06018201,      -13.92697247,      -14.17824708
          0,           0,         609,      -14.05848264,      -13.92285206,      -14.18388207
          0,           0,         610,      -14.04468186,      -13.90864157,       -14.1084033
          0,           0,         611,      -14.13519728,      -13.98443969,      -14.18767361
          0,           0,         612,        -14.006915,      -13.88402108,      -14.10860369
          0,           0,         613,      -13.99629887,      -13.88882332,      -14.14847513
          0,           0,         614,      -14.00159303,      -13.88948584,      -14.11836029
          0,           0,         615,      -14.01744688,      -13.88822958,      -14.10181745
          0,           0,         616,      -13.99944258,      -13.87391197,      -14.16542592
          0,           0,         617,      -14.03243051,      -13.90592074,      -14.12870135
          0,           0,         618,      -13.99456317,      -13.87089796,      -14.14711954
          0,           0,         619,      -14.06278872,      -13.95465376,      -14.16161288
          0,           0,         620,      -14.02714079,      -13.92789181,      -14.13187572
          0,           0,         621,      -14.00951119,      -13.87813091,      -14.07370522
          0,           0,         622,      -14.01027384,      -13.87532137,      -14.12898427
          0,           0,         623,      -14.02287593,      -13.88151139,      -14.15935669
          0,           0,         624,      -14.06267225,      -13.92017438,      -14.18334963
          0,           0,         625,      -14.06777328,       -13.9336546,      -14.11458745
          0,           0,         626,      -14.04752907,      -13.93753171,       -14.1783525
          0,           0,         627,      -14.05406393,      -13.95559312,      -14.20429058
          0,           0,         628,      -14.01880185,      -13.89580054,      -14.12334089
          0,           0,         629,      -13.96058757,      -13.83876913,      -14.10234639
          0,           0,         630,      -14.20342462,      -14.07461104,      -14.27434589
          0,           0,         631,      -14.05428722,      -13.93321189,      -14.17479003
          0,           0,         632,      -14.08753206,      -13.96393763,      -14.21099423
          0,           0,         633,      -14.08056399,      -13.94430985,       -14.1720947
          0,           0,         634,      -13.99104232,      -13.85688641,      -14.12082703
          0,           0,         635,      -14.01210032,      -13.90691848,      -14.13132529
          0,           0,         636,      -14.04498759,      -13.91765753,      -14.13732906
          0,           0,         637,      -14.08168092,      -13.93471487,      -14.15188476
          0,           0,         638,      -13.97902838,      -13.85007384,      -14.10114302
          0,           0,         639,       -14.0825416,       -13.9709183,      -14.21085955
          0,           0,         640,      -14.12925286,      -14.00538083,      -14.23143172
          0,           0,         641,       -14.0239452,      -13.88387331,      -14.15457446
          0,           0,         642,      -14.03212401,      -13.91629092,      -14.13694322
          0,           0,         643,      -14.06646406,      -13.94066446,      -14.18242183
          0,           0,         644,      -14.05361913,      -13.94797608,       -14.1925877
          0,           0,         645,      -14.05804131,      -13.92986117,      -14.13908555
          0,           0,         646,      -14.07940086,      -13.96192247,      -14.15066082
          0,           0,         647,      -14.09957665,      -13.95922111,      -14.18075538
          0,           0,         648,      -13.98553818,      -13.84268874,       -14.0791675
          0,           0,         649,      -14.01072862,       -13.8794576,      -14.12656622
          0,           0,         650,      -14.05138257,      -13.92927781,      -14.14362659
          0,           0,         651,      -14.01744434,      -13.89095483,      -14.17934976
          0,           0,         652,      -14.08999169,      -13.93883264,      -14.15515312
          0,           0,         653,      -14.11929408,      -13.96941729,      -14.20601134
          0,           0,         654,      -14.08248049,      -13.94161071,      -14.18460344
          0,           0,         655,      -14.09492196,       -13.9549246,      -14.16206108
          0,           0,         656,      -14.07145552,      -13.95298828,      -14.20350252
          0,           0,         657,      -14.11121523,      -13.99103066,      -14.18773542
          0,           0,         658,      -14.01335718,      -13.87599396,      -14.11917822
          0,           0,         659,      -14.02024118,      -13.89296142,       -14.1387106
          0,           0,         660,       -14.0094358,      -13.88887099,      -14.17319419
          0,           0,         661,      -14.02768623,      -13.90712965,       -14.1335198
          0,           0,         662,      -14.03817407,      -13.88618068,        -14.106091
          0,           0,         663,      -13.97350483,      -13.83544045,      -14.09116831
          0,           0,         664,      -14.03623563,      -13.90061174,      -14.17232048
          0,           0,         665,      -14.00840329,      -13.88355103,      -14.14919635
          0,           0,         666,      -14.07782793,      -13.97334752,      -14.18934532
          0,           0,         667,      -14.04810541,      -13.91811835,      -14.16362382
          0,           0,         668,      -14.05737632,      -13.94521887,      -14.19588408
          0,           0,         669,      -14.04309779,      -13.93147111,      -14.12007963
          0,           0,         670,       -14.0607202,      -13.91956161,      -14.13448181
          0,           0,         671,      -14.05149257,      -13.91280844,       -14.1581985
          0,           0,         672,      -14.07061327,       -13.9423952,      -14.18551343
          0,           0,         673,      -14.08531257,      -13.96556521,       -14.2245981
          0,           0,         674,      -14.05228004,      -13.93354481,      -14.10987142
          0,           0,         675,      -14.04519343,      -13.93092936,      -14.20947137
          0,           0,         676,      -14.16063978,      -14.02198856,      -14.25366322
          0,           0,         677,      -14.08896684,      -13.96552894,      -14.19014984
          0,           0,         678,      -14.03398574,      -13.91627102,      -14.10312761
          0,           0,         679,       -14.0720753,      -13.93685076,      -14.16395267
          0,           0,         680,      -14.07455289,      -13.93354566,       -14.1587339
          0,           0,         681,      -14.04183483,      -13.90620072,      -14.15651762
          0,           0,         682,      -14.03370541,       -13.9124242,      -14.17411223
          0,           0,         683,       -14.0297596,      -13.92055578,      -14.20361239
          0,           0,         684,      -14.05251869,      -13.92810871,      -14.18157287
          0,           0,         685,      -13.97967425,      -13.85442049,      -14.17669477
          0,           0,         686,      -14.14149318,      -14.00734713,      -14.23180944
          0,           0,         687,       -14.1583484,      -14.01706029,      -14.19747759
          0,           0,         688,      -14.10499671,      -13.96557015,      -14.17924723
          0,           0,         689,       -14.0192067,      -13.90930739,      -14.12665021
          0,           0,         690,      -14.02329069,      -13.88572026,      -14.16298932
          0,           0,         691,      -14.07911046,      -13.94449707,      -14.18327296
          0,           0,         692,      -14.03727513,      -13.92320533,      -14.18184552
          0,           0,         693,      -14.11337139,      -13.97604783,      -14.18883257
          0,           0,         694,      -13.97048739,      -13.82501967,      -14.11872444
          0,           0,         695,      -13.97664492,      -13.83257542,      -14.10479511
          0,           0,         696,      -14.10435798,      -13.99075311,      -14.22272671
          0,           0,         697,      -14.18893346,      -14.09357374,      -14.21953913
          0,           0,         698,      -14.02135733,      -13.89434344,       -14.0861288
          0,           0,         699,      -13.97048059,      -13.83762173,      -14.13028807
          0,           0,         700,      -14.02455296,      -13.88849021,      -14.16907501
          0,           0,         701,      -13.99739922,      -13.86031082,      -14.11592228
          0,           0,         702,      -14.01612081,      -13.90321759,      -14.12369753
          0,           0,         703,      -14.07842744,      -13.95096921,      -14.16316648
          0,           0,         704,      -14.00639414,      -13.89204916,      -14.11273904
          0,           0,         705,      -14.05979893,      -13.93023346,      -14.14863632
          0,           0,         706,      -14.02731494,      -13.89031227,      -14.13464019
          0,           0,         707,      -14.02787432,      -13.91307891,      -14.13597814
          0,           0,         708,      -14.15113305,       -14.0247784,      -14.20391607
          0,           0,         709,      -14.07207626,      -13.93366242,      -14.13376161
          0,           0,         710,      -14.04884193,      -13.89852323,      -14.15208568
          0,           0,         711,      -14.01287158,      -13.88094525,      -14.14522259
          0,           0,         712,      -14.06348766,      -13.95077316,      -14.15575824
          0,           0,         713,      -14.02355939,       -13.9100933,      -14.13667365
          0,           0,         714,      -14.00166367,      -13.86815671,      -14.12651016
          0,           0,         715,       -14.0830731,      -13.96525308,      -14.24862855
          0,           0,         716,      -14.05886311,      -13.93029233,      -14.14524313
          0,           0,         717,      -14.01861054,      -13.89750648,      -14.14669475
          0,           0,         718,      -14.11008683,       -13.9673346,      -14.22914032
          0,           0,         719,      -14.11239897,      -13.98803295,      -14.14411804
          0,           0,         720,      -13.98164825,      -13.85104232,      -14.12040794
          0,           0,         721,      -14.05076214,      -13.92803624,       -14.1423195
          0,           0,         722,      -13.96312602,      -13.84422261,      -14.12967194
          0,           0,         723,      -14.07341291,      -13.95070649,      -14.16547249
          0,           0,         724,      -14.07225088,      -13.93026062,      -14.17309533
          0,           0,         725,      -14.00486704,       -13.8785843,      -14.13521043
          0,           0,         726,      -14.08550457,      -13.94979122,      -14.20199016
          0,           0,         727,      -14.02254539,      -13.88504155,      -14.08779578
          0,           0,         728,      -14.04578284,       -13.9158537,      -14.15041447
          0,           0,         729,      -14.01597123,       -13.8819591,      -14.13672369
          0,           0,         730,      -14.01989107,      -13.89160416,      -14.10600145
          0,           0,         731,      -13.99945163,      -13.87057978,      -14.09668461
          0,           0,         732,      -14.03942907,      -13.92213808,      -14.15052898
          0,           0,         733,      -14.05570374,      -13.93763353,      -14.17041845
          0,           0,         734,       -14.0714866,      -13.94390029,      -14.15522488
          0,           0,         735,      -14.05290476,      -13.92832486,      -14.16676285
          0,           0,         736,      -14.09155239,      -13.97653565,      -14.25709489
          0,           0,         737,      -14.03406444,      -13.91380182,      -14.10204155
          0,           0,         738,      -14.00590118,      -13.87629357,      -14.10008775
          0,           0,         739,      -14.08197556,      -13.93543854,      -14.15625506
          0,           0,         740,      -13.99733292,       -13.8736263,      -14.10867296
          0,           0,         741,      -14.08338602,      -13.96334387,      -14.21883759
          0,           0,         742,      -14.06564952,      -13.96778592,      -14.12765181
          0,           0,         743,      -14.01786931,       -13.8833176,      -14.12118505
          0,           0,         744,      -14.01938103,      -13.88497747,      -14.13529821
          0,           0,         745,      -13.94485706,      -13.81979194,      -14.10875414
          0,           0,         746,      -14.06971288,      -13.94061027,      -14.21460343
          0,           0,         747,      -14.08877696,       -13.9666688,      -14.14989371
          0,           0,         748,      -14.01257926,      -13.87205234,      -14.12488157
          0,           0,         749,      -14.05952939,      -13.91511679,       -14.1170841
          0,           0,         750,      -14.06472223,      -13.94854719,      -14.20830604
          0,           0,         751,      -14.09455222,      -13.97063049,      -14.16188001
          0,           0,         752,      -13.99869429,      -13.87421512,      -14.10299763
          0,           0,         753,      -14.02572459,      -13.88566812,      -14.20147572
          0,           0,         754,      -14.00663016,      -13.87684144,      -14.20278928
          0,           0,         755,      -13.95332564,      -13.85323116,      -14.07085555
          0,           0,         756,      -14.05932373,      -13.95142943,      -14.15255217
          0,           0,         757,      -14.02102162,      -13.90076298,      -14.13809342
          0,           0,         758,      -14.10837872,      -14.00093273,      -14.27877751
          0,           0,         759,      -14.10958841,      -13.97133808,       -14.1367033
          0,           0,         760,      -14.01933266,      -13.87675269,      -14.10841175
          0,           0,         761,      -14.02141961,      -13.89895243,      -14.18091962
          0,           0,         762,      -14.08555047,      -13.97194414,      -14.20658691
          0,           0,         763,      -14.12128567,        -14.036311,      -14.22393293
          0,           0,         764,      -14.06697348,       -13.9166459,      -14.16233538
          0,           0,         765,      -13.98789584,      -13.84208909,       -14.0706765
          0,           0,         766,      -14.03387685,      -13.90932497,      -14.12277801
          0,           0,         767,       -14.0383054,      -13.92070703,      -14.18751914
          0,           0,         768,      -14.07552008,      -13.95577173,      -14.20599676
          0,           0,         769,      -14.06973445,      -13.91984909,      -14.21075239
          0,           0,         770,      -14.03419724,      -13.89890068,      -14.08523595
          0,           0,         771,      -14.03298517,      -13.91065386,      -14.19020364
          0,           0,         772,      -14.04857916,       -13.9230508,      -14.15751617
          0,           0,         773,      -14.20612311,      -14.04761888,      -14.26494655
          0,           0,         774,      -13.95737029,      -13.81334082,      -14.09119968
          0,           0,         775,      -13.95177056,      -13.84225428,      -14.11857688
          0,           0,         776,      -14.05492041,      -13.93772978,      -14.22051331
          0,           0,         777,       -14.0558837,      -13.93069004,      -14.15043034
          0,           0,         778,      -14.15569976,      -14.01257691,      -14.17896083
          0,           0,         779,      -14.02626964,      -13.91207776,      -14.12400629
          0,           0,         780,      -14.09208119,      -13.97491792,       -14.2261986
          0,           0,         781,      -14.06250401,      -13.93554901,      -14.13020402
          0,           0,         782,      -14.07107877,      -13.95755107,      -14.18553838
          0,           0,         783,      -14.05259142,      -13.92583076,      -14.15285072
          0,           0,         784,      -14.03507782,      -13.90737529,       -14.1409333
          0,           0,         785,      -14.04330529,      -13.93755177,       -14.1948275
          0,           0,         786,       -14.0755869,      -13.92558554,      -14.17059213
          0,           0,         787,      -14.09430415,      -13.94725626,      -14.15875756
          0,           0,         788,      -14.01664806,      -13.87587058,       -14.0902502
          0,           0,         789,      -14.04066721,      -13.94514563,      -14.20024187
          0,           0,         790,      -14.04046431,      -13.92872825,      -14.18091436
          0,           0,         791,      -14.02046169,      -13.90649781,      -14.08132823
          0,           0,         792,      -14.00042989,       -13.8830923,      -14.11740646
          0,           0,         793,      -14.06676762,      -13.94104953,      -14.17752931
          0,           0,         794,      -14.06597891,      -13.94588652,      -14.19641229
          0,           0,         795,      -14.05552875,       -13.9186029,      -14.16065428
          0,           0,         796,      -14.08806516,      -13.96601274,       -14.1662212
          0,           0,         797,      -14.06213493,      -13.94580591,      -14.14388027
          0,           0,         798,      -14.03370025,      -13.91903242,      -14.16210641
          0,           0,         799,       -13.9931776,      -13.86661881,      -14.08927139
          0,           0,         800,      -14.04846804,      -13.92083996,      -14.14760741
          0,           0,         801,      -14.06861394,      -13.94281828,       -14.1413819
          0,           0,         802,      -14.02841314,      -13.87850545,      -14.11279528
          0,           0,         803,       -13.9882707,      -13.83737247,      -14.15287152
          0,           0,         804,      -14.00423008,      -13.87458423,      -14.09108135
          0,           0,         805,      -13.95861419,      -13.83728125,      -14.12190918
          0,           0,         806,      -14.02640626,      -13.92415321,      -14.11168277
          0,           0,         807,      -14.03451685,      -13.91755073,      -14.15485403
          0,           0,         808,      -14.07591623,      -13.94894926,      -14.20066225
          0,           0,         809,      -14.03876521,      -13.90674514,      -14.14414444
          0,           0,         810,      -14.09450465,      -13.96957298,      -14.22289889
          0,           0,         811,      -14.09447969,      -13.96617166,      -14.16096633
          0,           0,         812,      -14.05777332,      -13.96200407,      -14.21127783
          0,           0,         813,      -14.10230864,      -13.96689549,      -14.12940996
          0,           0,         814,      -14.03041663,      -13.90860457,       -14.1619954
          0,           0,         815,      -14.06322679,      -13.93815309,      -14.16193768
          0,           0,         816,      -14.03238619,      -13.90263628,      -14.20210208
          0,           0,         817,      -14.02885283,      -13.88790717,       -14.1343631
          0,           0,         818,      -14.04097619,      -13.90840778,      -14.22008426
          0,           0,         819,      -14.10449539,       -13.9580692,      -14.13734864
          0,           0,         820,      -14.06021716,      -13.93502188,      -14.17817567
          0,           0,         821,      -14.03489453,      -13.90261747,      -14.14039723
          0,           0,         822,      -14.07791951,      -13.93085113,      -14.25945453
          0,           0,         823,      -14.05916894,      -13.94654172,      -14.12051951
          0,           0,         824,      -14.01713859,        -13.882486,      -14.16302217
          0,           0,         825,      -14.10388461,      -13.99101858,      -14.17916644
          0,           0,         826,      -14.04536034,      -13.92076334,      -14.17229489
          0,           0,         827,      -14.07140266,      -13.94814191,      -14.18614587
          0,           0,         828,      -14.01438988,      -13.91612792,      -14.15417714
          0,           0,         829,      -14.00234717,      -13.89050529,      -14.12020996
          0,           0,         830,      -14.05980767,       -13.9102464,      -14.14552645
          0,           0,         831,      -14.07242488,      -13.94131734,      -14.14848789
          0,           0,         832,      -13.97933115,      -13.85974581,      -14.15547193
          0,           0,         833,       -14.0597992,      -13.94137908,      -14.18167685
          0,           0,         834,      -14.07751731,      -13.94330678,      -14.13149183
          0,           0,         835,       -14.0439431,      -13.91872983,      -14.15549926
          0,           0,         836,      -14.07754536,      -13.95261674,      -14.17589883
          0,           0,         837,      -14.00857156,      -13.88065042,      -14.17188508
          0,           0,         838,       -14.0218197,       -13.9006382,      -14.14733561
          0,           0,         839,      -14.11891536,      -13.99704077,      -14.15071705
          0,           0,         840,      -14.03610066,       -13.8918297,      -14.08573289
          0,           0,         841,       -14.0728364,      -13.94456018,       -14.1640397
          0,           0,         842,      -14.00381399,       -13.8767806,      -14.10086289
          0,           0,         843,      -13.94108979,      -13.81745889,      -14.14552328
          0,           0,         844,      -14.09317333,      -13.96879557,      -14.21822098
          0,           0,         845,      -14.07470202,      -13.94545425,      -14.13519734
          0,           0,         846,      -14.03705504,      -13.91029274,      -14.05958373
          0,           0,         847,      -13.97705936,      -13.84189928,      -14.18413205
          0,           0,         848,      -14.07700136,      -13.94131528,      -14.17394622
          0,           0,         849,      -14.03221547,       -13.9185174,      -14.13698776
          0,           0,         850,      -14.02093631,      -13.90690309,      -14.15774982
          0,           0,         851,      -14.06754195,      -13.93676451,      -14.14599178
          0,           0,         852,      -14.06698433,      -13.95593086,      -14.14944988
          0,           0,         853,      -14.07129271,      -13.95696239,       -14.1839536
          0,           0,         854,      -14.07118446,      -13.96673202,      -14.15537673
          0,           0,         855,      -14.14528558,       -14.0242605,      -14.23001704
          0,           0,         856,      -14.09756225,      -13.96363874,       -14.2248639
          0,           0,         857,      -14.07998261,      -13.96690196,      -14.26181953
          0,           0,         858,      -14.04202618,      -13.92630947,      -14.16644789
          0,           0,         859,      -14.02755673,      -13.89872185,      -14.16051226
          0,           0,         860,      -14.11284346,      -13.98418645,       -14.1916193
          0,           0,         861,       -14.0134041,      -13.89638154,      -14.19522237
          0,           0,         862,      -14.02944916,      -13.90994926,      -14.14927429
          0,           0,         863,      -14.06043069,      -13.96239607,      -14.17900836
          0,           0,         864,      -14.06562913,      -13.95019606,       -14.1592935
          0,           0,         865,      -14.07970242,      -13.93943326,      -14.13603383
          0,           0,         866,      -14.03222445,      -13.88660404,      -14.10041673
          0,           0,         867,      -14.01430811,      -13.88907836,      -14.12972988
          0,           0,         868,      -14.04990826,      -13.91657332,      -14.09337791
          0,           0,         869,      -14.03043013,      -13.90597463,      -14.13581912
          0,           0,         870,      -14.10503427,      -13.96715054,      -14.22265793
          0,           0,         871,      -14.01233717,       -13.8806401,       -14.0831689
          0,           0,         872,      -13.93541193,      -13.80276207,      -14.06941719
          0,           0,         873,      -14.05170603,       -13.9071899,      -14.15013552
          0,           0,         874,      -14.05190653,      -13.94023538,      -14.25127631
          0,           0,         875,      -13.99583544,      -13.85768227,      -14.05736379
          0,           0,         876,      -13.98644728,      -13.87388855,      -14.12526794
          0,           0,         877,      -14.14739396,      -14.04500935,      -14.24653947
          0,           0,         878,      -14.07207187,      -13.93138732,      -14.16322177
          0,           0,         879,      -14.07952364,      -13.96154525,       -14.2298004
          0,           0,         880,      -14.00669501,      -13.87978843,      -14.13369738
          0,           0,         881,      -14.05728596,      -13.91871524,      -14.13422526
          0,           0,         882,      -14.04836412,      -13.91156006,      -14.14182691
          0,           0,         883,      -14.03280088,      -13.90408586,      -14.16614589
          0,           0,         884,      -14.08290289,      -13.96730887,      -14.19099153
          0,           0,         885,      -14.03565709,      -13.90913351,      -14.15102877
          0,           0,         886,      -14.05213286,      -13.91583075,      -14.19537886
          0,           0,         887,      -14.10944339,      -13.97833004,      -14.20601044
          0,           0,         888,      -14.08073971,      -13.96512267,      -14.17042833
          0,           0,         889,       -14.0370859,      -13.91422069,      -14.13710644
          0,           0,         890,      -14.02785743,      -13.91127688,      -14.13129332
          0,           0,         891,      -14.09134842,       -13.9678543,      -14.26853547
          0,           0,         892,      -14.03583963,      -13.90044322,      -14.10189507
          0,           0,         893,      -14.13122465,      -14.00165932,      -14.17961453
          0,           0,         894,      -14.05022146,      -13.94050893,      -14.20087712
          0,           0,         895,       -13.9582846,      -13.83736137,      -14.15464159
          0,           0,         896,      -14.05323324,      -13.94363353,      -14.19239693
          0,           0,         897,      -14.01104627,      -13.88895416,      -14.16364683
          0,           0,         898,      -14.09434026,      -13.98423924,      -14.14238292
          0,           0,         899,      -14.08762135,      -13.97382922,      -14.22340424
          0,           0,         900,      -14.03135281,      -13.90439602,      -14.15464408
          0,           0,         901,      -14.13615011,      -14.01713939,      -14.25419086
          0,           0,         902,      -14.14083739,      -14.02795721,      -14.23870355
          0,           0,         903,      -14.00136256,      -13.86521488,      -14.10482254
          0,           0,         904,      -13.95525987,      -13.83957395,      -14.13843304
          0,           0,         905,      -14.06579863,      -13.93982245,      -14.15452264
          0,           0,         906,      -14.07148482,       -13.9253297,      -14.17841643
          0,           0,         907,      -14.00190691,      -13.87680925,      -14.10726277
          0,           0,         908,      -13.99601052,       -13.8923836,      -14.13121548
          0,           0,         909,      -14.03691041,      -13.91642979,      -14.16488325
          0,           0,         910,      -14.11237643,       -13.9740387,      -14.23170269
          0,           0,         911,      -14.00165048,      -13.88280519,      -14.16755811
          0,           0,         912,       -14.0834184,       -13.9816059,      -14.19005332
          0,           0,         913,      -14.08848204,      -13.97154579,      -14.19835242
          0,           0,         914,      -14.04126456,      -13.91282901,      -14.11313126
          0,           0,         915,       -14.0433159,      -13.89117296,      -14.15381133
          0,           0,         916,      -14.07440824,      -13.96009027,      -14.15651045
          0,           0,         917,      -14.06557742,      -13.95176189,      -14.23590538
          0,           0,         918,      -14.05998595,      -13.90675401,      -14.11988194
          0,           0,         919,      -14.04919491,       -13.9027017,      -14.13180689
          0,           0,         920,      -14.00423083,      -13.88581963,      -14.09592853
          0,           0,         921,      -14.01580332,      -13.87873347,      -14.14547158
          0,           0,         922,      -14.04379369,      -13.90509416,      -14.15643259
          0,           0,         923,      -14.09843612,      -13.97225054,      -14.21591221
          0,           0,         924,      -14.02754624,      -13.89623652,      -14.14459322
          0,           0,         925,      -14.02015276,      -13.87254893,      -14.08581061
          0,           0,         926,      -13.99393955,      -13.87772612,      -14.13832842
          0,           0,         927,      -14.08514406,      -13.97633122,      -14.12733638
          0,           0,         928,      -14.01059938,      -13.87797564,      -14.21274231
          0,           0,         929,      -14.09024078,      -13.97256533,      -14.13545975
          0,           0,         930,      -13.96497067,      -13.83535719,      -14.07008097
          0,           0,         931,      -13.97670635,      -13.85190479,      -14.08555872
          0,           0,         932,      -14.04690125,      -13.90432045,      -14.13418872
          0,           0,         933,      -14.04038314,      -13.90277713,       -14.1255008
          0,           0,         934,      -14.01538296,      -13.90937676,      -14.16823363
          0,           0,         935,      -14.12749974,      -14.02615323,      -14.20814747
          0,           0,         936,      -14.09652093,       -13.9644603,       -14.2020774
          0,           0,         937,      -13.99892093,      -13.87744656,      -14.12134008
          0,           0,         938,      -14.09475359,      -13.96941201,      -14.17376315
          0,           0,         939,      -14.06195528,      -13.91280344,      -14.13279047
          0,           0,         940,      -14.04144382,      -13.91401841,      -14.10059069
          0,           0,         941,      -13.98290826,      -13.85284045,      -14.14426772
          0,           0,         942,      -14.06808693,      -13.94714301,      -14.16677195
          0,           0,         943,       -14.0212658,      -13.88086897,      -14.11982728
          0,           0,         944,      -14.11954351,      -13.99633534,      -14.18845812
          0,           0,         945,      -14.00710068,      -13.86789612,      -14.11463258
          0,           0,         946,      -14.03746605,      -13.89069194,      -14.15548356
          0,           0,         947,      -14.02253352,      -13.90883886,      -14.15174728
          0,           0,         948,      -14.09323321,      -13.96639698,      -14.15039523
          0,           0,         949,       -14.1220052,       -14.0092119,      -14.20730623
          0,           0,         950,      -14.01954264,      -13.88188037,       -14.1571158
          0,           0,         951,      -14.05098942,      -13.91850049,      -14.17209736
          0,           0,         952,      -14.08150797,      -13.95882566,      -14.19478009
          0,           0,         953,      -14.06496587,      -13.94441988,      -14.15608007
          0,           0,         954,      -14.00623194,      -13.87190014,      -14.09236649
          0,           0,         955,      -14.00566818,      -13.87998018,      -14.11104935
          0,           0,         956,      -14.05051828,       -13.9411114,      -14.18398219
          0,           0,         957,      -13.97413743,      -13.85731748,      -14.18229795
          0,           0,         958,      -14.11984279,      -14.00478852,      -14.27004104
          0,           0,         959,      -13.98773561,      -13.87673804,      -14.17625671
          0,           0,         960,      -13.99952279,      -13.87465355,      -14.16102227
          0,           0,         961,      -14.07599435,      -13.93988196,      -14.14252376
          0,           0,         962,      -14.07569552,      -13.96003297,      -14.17914855
          0,           0,         963,      -14.10900265,      -14.00218231,       -14.2410962
          0,           0,         964,       -14.1077643,      -13.96942601,      -14.17538276
          0,           0,         965,      -13.97901616,      -13.83897008,      -14.11705525
          0,           0,         966,      -14.06295133,      -13.92046909,      -14.12616884
          0,           0,         967,       -14.1315618,      -13.99875112,      -14.25577406
          0,           0,         968,       -14.0515943,      -13.92325739,      -14.14082944
          0,           0,         969,       -14.0314862,      -13.92701199,      -14.18313975
          0,           0,         970,      -14.07892801,      -13.98406705,      -14.14174936
          0,           0,         971,      -14.01213402,      -13.87716302,      -14.18053842
          0,           0,         972,      -14.13828887,      -14.01856322,      -14.17637602
          0,           0,         973,      -14.12016812,      -13.99098564,      -14.18143523
          0,           0,         974,      -14.08898013,      -13.96330594,       -14.2178291
          0,           0,         975,      -14.04917798,      -13.92449862,      -14.11569928
          0,           0,         976,      -14.09294337,      -13.94783173,      -14.15409021
          0,           0,         977,      -13.98032684,      -13.85671765,      -14.25797899
          0,           0,         978,      -14.13718978,      -14.00057551,      -14.23882766
          0,           0,         979,      -14.01451601,      -13.88306828,      -14.14767981
          0,           0,         980,      -13.97702818,      -13.83630079,      -14.13130547
          0,           0,         981,      -14.10508057,      -13.96381317,      -14.18664052
          0,           0,         982,      -14.02035159,      -13.88506162,      -14.13327189
          0,           0,         983,      -14.06046706,      -13.92125619,      -14.14644302
          0,           0,         984,      -14.12240319,      -14.00409589,       -14.1573076
          0,           0,         985,      -14.00365936,      -13.88775772,      -14.13432753
          0,           0,         986,      -14.00716612,      -13.90253651,      -14.12911357
          0,           0,         987,      -14.13019381,      -14.03233514,      -14.21355009
          0,           0,         988,      -14.04881359,      -13.93295115,      -14.17104675
          0,           0,         989,      -14.05817307,      -13.92405736,      -14.18513163
          0,           0,         990,      -14.01650216,      -13.90491098,      -14.15219696
          0,           0,         991,      -14.12123267,      -13.98842287,      -14.17746664
          0,           0,         992,        -14.043099,      -13.93770131,      -14.14410604
          0,           0,         993,      -14.03892049,      -13.92623844,      -14.10304904
          0,           0,         994,      -13.95550886,      -13.81042099,      -14.06771022
          0,           0,         995,      -13.99290132,       -13.8536228,      -14.19930089
          0,           0,         996,      -13.97629238,      -13.84811318,      -14.14294658
          0,           0,         997,      -14.14401456,      -14.03418227,      -14.19058378
          0,           0,         998,      -14.03054577,      -13.90509442,      -14.15997132
          0,           0,         999,      -14.01614466,      -13.89121664,      -14.08630708
          0,           0,        1000,      -14.04887726,      -13.92735019,      -14.16766726
          0,           0,        1001,      -14.05121281,      -13.92980101,      -14.20540099
          0,           0,        1002,      -14.12077628,      -14.00387116,      -14.17559585
          0,           0,        1003,      -13.96307964,       -13.8437984,      -14.17336897
          0,           0,        1004,      -14.07755172,      -13.94041717,      -14.13273036
          0,           0,        1005,       -13.9525243,      -13.84696852,      -14.08864773
          0,           0,        1006,      -14.03991853,        -13.922659,      -14.17979602
          0,           0,        1007,      -14.05727564,      -13.93450739,      -14.16685028
          0,           0,        1008,      -14.01431109,       -13.8639822,       -14.1044286
          0,           0,        1009,      -14.02543637,      -13.90670479,      -14.11244774
          0,           0,        1010,      -14.05144557,      -13.92976205,      -14.13283052
          0,           0,        1011,      -14.07602819,      -13.94046344,      -14.14251384
          0,           0,        1012,      -14.02797608,      -13.89134426,      -14.10995034
          0,           0,        1013,      -13.98234959,      -13.86579524,      -14.17530831
          0,           0,        1014,      -14.02148663,      -13.89083028,       -14.1101614
          0,           0,        1015,      -14.05731586,      -13.92226869,      -14.13852605
          0,           0,        1016,      -14.08148857,      -13.96225764,      -14.18733915
          0,           0,        1017,      -14.08962665,      -13.97929404,      -14.18631914
          0,           0,        1018,      -14.07732796,      -13.95847111,      -14.16430218
          0,           0,        1019,      -14.13822785,      -14.00697622,      -14.20791178
          0,           0,        1020,      -14.00148517,      -13.88289846,       -14.0911021
          0,           0,        1021,      -14.02658949,      -13.90223256,       -14.1439761
          0,           0,        1022,      -14.10525275,      -13.99281738,       -14.1743685
          0,           0,        1023,      -14.13482175,      -14.00491427,      -14.16273435
          0,           0,        1024,       -14.1305393,      -14.01017242,      -14.17833739
          0,           0,        1025,      -14.04863215,      -13.92140561,      -14.12261033
          0,           0,        1026,      -14.05599489,      -13.92974461,      -14.17040148
          0,           0,        1027,      -14.00065332,      -13.87024844,      -14.11911126
          0,           0,        1028,      -13.94237071,      -13.83618696,      -14.12637134
          0,           0,        1029,      -13.93085872,      -13.82700715,       -14.0849777
          0,           0,        1030,      -14.06024969,      -13.95589674,      -14.19349299
          0,           0,        1031,      -14.13187724,      -13.99970571,      -14.17453031
          0,           0,        1032,       -14.0422615,      -13.93765075,      -14.15724468
          0,           0,        1033,      -13.96009213,      -13.83743016,       -14.0664794
          0,           0,        1034,      -14.08087258,      -13.96252275,      -14.18439642
          0,           0,        1035,      -14.05210946,      -13.90731518,      -14.20372981
          0,           0,        1036,      -14.09989576,      -13.98600829,      -14.20292588
          0,           0,        1037,       -14.0904178,      -13.97193687,      -14.17879942
          0,           0,        1038,      -14.06050368,      -13.91620985,       -14.1492269
          0,           0,        1039,      -14.08834014,      -13.97041696,      -14.17361929
          0,           0,        1040,      -14.06973891,       -13.9525883,       -14.2021976
          0,           0,        1041,      -14.03052406,      -13.89861045,      -14.13923334
          0,           0,        1042,      -14.03148722,      -13.92401117,      -14.18351558
          0,           0,        1043,       -14.0229039,      -13.89001488,      -14.14328608
          0,           0,        1044,      -14.10166675,      -13.97887785,      -14.17048339
          0,           0,        1045,      -14.05705745,      -13.93256906,      -14.19298705
          0,           0,        1046,      -14.05652493,      -13.91665817,      -14.15524686
          0,           0,        1047,      -14.02122081,        -13.895723,      -14.15576416
          0,           0,        1048,      -14.06351177,      -13.93975849,      -14.14092988
          0,           0,        1049,      -14.04718431,      -13.90420826,      -14.15877057
          0,           0,        1050,      -14.03035018,      -13.90445342,      -14.10582678
          0,           0,        1051,      -14.07555663,      -13.95223274,      -14.14562819
          0,           0,        1052,      -14.07578888,      -13.92701426,      -14.11983516
          0,           0,        1053,      -14.04721144,      -13.91236515,      -14.16569405
          0,           0,        1054,      -13.98733517,      -13.86592525,      -14.10129031
          0,           0,        1055,      -14.09140869,      -13.97196127,      -14.16088508
          0,           0,        1056,      -14.07667954,      -13.95196628,      -14.19669945
          0,           0,        1057,      -14.04544831,       -13.9195863,      -14.16266184
          0,           0,        1058,      -14.09736894,      -13.97169064,      -14.14867634
          0,           0,        1059,      -14.07015417,      -13.96981141,      -14.12618191
          0,           0,        1060,      -14.10385671,      -13.98777612,      -14.17281632
          0,           0,        1061,      -14.02892858,       -13.8815597,      -14.10025551
          0,           0,        1062,       -14.0089816,      -13.89487881,      -14.14585334
          0,           0,        1063,      -13.94892823,      -13.83891276,      -14.08619499
          0,           0,        1064,      -14.09203899,      -13.96746955,      -14.24769176
          0,           0,        1065,      -14.03631344,      -13.92475866,      -14.10767569
          0,           0,        1066,      -13.96958646,      -13.82249432,      -14.12206242
          0,           0,        1067,      -14.01564244,      -13.88262866,      -14.16835175
          0,           0,        1068,      -14.08185359,      -13.95615586,      -14.19173362
          0,           0,        1069,      -14.13815489,      -14.02456453,      -14.22826139
          0,           0,        1070,      -14.03484099,      -13.89762994,      -14.14027617
          0,           0,        1071,      -14.03665775,      -13.91678264,      -14.14955223
          0,           0,        1072,      -14.00691913,      -13.88681627,      -14.09799184
          0,           0,        1073,      -13.96562457,      -13.85119332,       -14.0885012
          0,           0,        1074,      -14.03914199,      -13.92619991,      -14.16297444
          0,           0,        1075,      -14.02425932,      -13.89772565,      -14.11568851
          0,           0,        1076,      -14.05170773,      -13.94572004,      -14.22326682
          0,           0,        1077,      -14.02394012,      -13.89809864,      -14.17347977
          0,           0,        1078,      -14.03146092,      -13.90772749,      -14.11344266
          0,           0,        1079,      -14.04204702,      -13.92005077,      -14.15786845
          0,           0,        1080,      -14.03767036,      -13.88214993,      -14.14040373
          0,           0,        1081,      -14.03297531,      -13.88402384,      -14.13370566
          0,           0,        1082,      -14.02618127,      -13.89955535,      -14.14569013
          0,           0,        1083,       -14.0219023,      -13.90686945,      -14.15251532
          0,           0,        1084,      -14.03465458,        -13.897142,      -14.09484148
          0,           0,        1085,      -13.96779858,      -13.83603854,       -14.0861425
          0,           0,        1086,      -13.99478673,       -13.8873599,      -14.14575192
          0,           0,        1087,      -13.99189136,      -13.85972414,      -14.15415694
          0,           0,        1088,       -14.0405269,      -13.92011617,      -14.17781657
          0,           0,        1089,      -14.07815314,      -13.95250426,      -14.21721803
          0,           0,        1090,       -14.1577661,      -14.01213702,      -14.23797004
          0,           0,        1091,       -13.9930381,      -13.85547352,      -14.13110609
          0,           0,        1092,      -14.04412741,      -13.92323124,      -14.19800034
          0,           0,        1093,      -14.05012245,      -13.93891249,      -14.16525445
          0,           0,        1094,      -14.09511683,       -13.9672746,      -14.14620864
          0,           0,        1095,      -14.04762425,      -13.93883747,       -14.1705736
          0,           0,        1096,       -14.1289151,      -14.00883604,      -14.18040407
          0,           0,        1097,      -14.02068749,      -13.89012506,      -14.13043155
          0,           0,        1098,      -14.06628669,      -13.93364777,      -14.16112927
          0,           0,        1099,      -14.04532825,      -13.92378662,      -14.17089053
          0,           0,        1100,      -14.03037735,      -13.91110675,      -14.16611054
          0,           0,        1101,      -14.01250962,      -13.90393891,      -14.09367309
          0,           0,        1102,      -14.02710908,      -13.89680822,      -14.14823602
          0,           0,        1103,       -14.0817343,       -13.9649869,      -14.15217181
          0,           0,        1104,      -14.04781069,      -13.92764461,      -14.22293543
          0,           0,        1105,       -14.0117244,      -13.88816544,      -14.13954067
          0,           0,        1106,      -14.08400081,      -13.96431494,       -14.1747348
          0,           0,        1107,      -14.00073726,      -13.87242753,      -14.13245277
          0,           0,        1108,       -13.9890402,      -13.88405483,      -14.16696374
          0,           0,        1109,      -14.04770965,      -13.92567483,      -14.17994978
          0,           0,        1110,      -14.04906814,       -13.9212367,      -14.14779561
          0,           0,        1111,      -14.12508169,      -13.99591388,      -14.21868453
          0,           0,        1112,      -14.01039699,      -13.88560236,       -14.1180573
          0,           0,        1113,      -14.05156305,      -13.91556995,      -14.13395576
          0,           0,        1114,      -14.12266566,      -13.97897504,      -14.23941076
          0,           0,        1115,       -14.0487993,      -13.91966348,      -14.16919242
          0,           0,        1116,      -14.01313004,      -13.88359987,      -14.17228129
          0,           0,        1117,      -14.08506466,      -13.97131933,      -14.23387412
          0,           0,        1118,       -14.0434517,      -13.94436607,        -14.149951
          0,           0,        1119,      -13.96948325,      -13.86390558,      -14.10569368
          0,           0,        1120,      -13.99218284,       -13.8791766,      -14.15964065
          0,           0,        1121,      -14.06473022,      -13.94614252,      -14.11806621
          0,           0,        1122,      -14.07304627,      -13.94226694,      -14.15271748
          0,           0,        1123,      -14.06394309,      -13.93378291,      -14.23201312
          0,           0,        1124,      -14.11035019,      -13.97918958,      -14.16083557
          0,           0,        1125,      -13.94129266,      -13.80993574,      -14.08358457
          0,           0,        1126,      -14.02460643,      -13.90088893,      -14.22888865
          0,           0,        1127,      -14.06921226,      -13.96850832,      -14.19846997
          0,           0,        1128,      -14.05592017,      -13.93863583,      -14.19679652
          0,           0,        1129,      -14.04046733,      -13.90050012,      -14.13401876
          0,           0,        1130,      -14.02925509,      -13.90604719,      -14.13449292
          0,           0,        1131,      -14.04402163,      -13.91141906,      -14.10989877
          0,           0,        1132,      -14.13975294,      -14.03169298,      -14.21859639
          0,           0,        1133,      -14.04918835,      -13.91022549,      -14.15544991
          0,           0,        1134,      -14.13303682,      -14.00554678,      -14.15242489
          0,           0,        1135,      -13.98899763,      -13.84925428,      -14.08898236
          0,           0,        1136,      -13.99247352,      -13.85924025,      -14.12687924
          0,           0,        1137,      -14.00955736,      -13.87469991,      -14.09814517
          0,           0,        1138,      -13.97918057,      -13.84424044,      -14.14256403
          0,           0,        1139,      -14.00067396,      -13.89217664,      -14.12816328
          0,           0,        1140,      -14.05605528,       -13.9290672,      -14.16820021
          0,           0,        1141,      -14.03951019,      -13.90655421,      -14.12124019
          0,           0,        1142,      -14.09286982,       -13.9646138,      -14.22867623
          0,           0,        1143,       -14.0496566,      -13.92785657,      -14.17887143
          0,           0,        1144,      -14.02715136,      -13.90645637,      -14.15753285
          0,           0,        1145,      -14.10849507,      -13.97447892,      -14.26173786
          0,           0,        1146,      -13.98798345,       -13.8727355,      -14.10788781
          0,           0,        1147,      -14.02955563,      -13.91823162,      -14.16889224
          0,           0,        1148,      -14.06463337,      -13.93996137,      -14.19823968
          0,           0,        1149,      -14.07581668,       -13.9305009,      -14.17322105
          0,           0,        1150,      -14.02872809,      -13.90283765,      -14.19200411
          0,           0,        1151,      -14.06997664,      -13.94681196,      -14.19107031
          0,           0,        1152,      -14.01734293,      -13.88957937,      -14.14097903
          0,           0,        1153,      -13.98253156,      -13.86493612,       -14.1119583
          0,           0,        1154,      -14.07532893,      -13.94809442,      -14.14442153
          0,           0,        1155,      -14.00190949,      -13.87013612,      -14.12728662
          0,           0,        1156,      -14.03270366,      -13.91767123,      -14.15468362
          0,           0,        1157,      -14.01172704,      -13.89754523,      -14.22349446
          0,           0,        1158,      -13.98772267,      -13.86316221,      -14.09206338
          0,           0,        1159,      -14.04272182,      -13.93128791,      -14.16783771
          0,           0,        1160,       -14.0345136,       -13.9093747,      -14.12400101
          0,           0,        1161,      -14.09846511,      -13.96244259,      -14.17932253
          0,           0,        1162,       -14.0522875,      -13.94995298,      -14.19407654
          0,           0,        1163,      -14.05586922,      -13.92975417,      -14.14378706
          0,           0,        1164,      -14.03544147,      -13.91361601,      -14.13344762
          0,           0,        1165,      -14.09687037,      -13.97860576,      -14.15733208
          0,           0,        1166,      -14.08910258,      -13.98556263,      -14.15623195
          0,           0,        1167,      -14.03607525,      -13.88941213,       -14.1618695
          0,           0,        1168,      -14.03596439,      -13.87615454,       -14.1266509
          0,           0,        1169,      -14.07250764,      -13.94516185,      -14.17703823
          0,           0,        1170,      -14.05493417,      -13.92225472,      -14.16995444
          0,           0,        1171,      -13.93441741,      -13.80130448,       -14.0689624
          0,           0,        1172,      -14.06250391,      -13.95479749,      -14.19785236
          0,           0,        1173,      -14.04025911,      -13.91360784,      -14.19597414
          0,           0,        1174,      -14.09812818,      -13.96739151,      -14.16648066
          0,           0,        1175,      -14.01093916,      -13.88723821,      -14.12622067
          0,           0,        1176,      -14.08552425,      -13.96195715,      -14.18228048
          0,           0,        1177,      -14.05105205,       -13.9207089,      -14.12771956
          0,           0,        1178,      -14.09359028,      -13.99233595,      -14.23181182
          0,           0,        1179,      -14.02224765,      -13.89265692,      -14.12071862
          0,           0,        1180,      -14.06105638,      -13.91883225,      -14.17079289
          0,           0,        1181,      -14.03505618,      -13.89126466,      -14.14123163
          0,           0,        1182,       -13.9553153,      -13.83213928,      -14.08106612
          0,           0,        1183,      -13.97787392,      -13.86817861,      -14.15153767
          0,           0,        1184,      -14.07026828,      -13.95322541,      -14.18776022
          0,           0,        1185,       -14.0929926,      -13.98048075,      -14.17604181
          0,           0,        1186,      -14.04497566,      -13.89214348,      -14.08495608
          0,           0,        1187,      -14.04852545,      -13.88676143,      -14.14039956
          0,           0,        1188,      -13.94978995,      -13.82727481,      -14.09420035
          0,           0,        1189,      -14.09607936,      -13.96253674,      -14.20700137
          0,           0,        1190,      -14.01018349,      -13.89017124,       -14.1266321
          0,           0,        1191,      -14.16326217,      -14.07409723,      -14.24540388
          0,           0,        1192,      -13.99076046,      -13.88509241,      -14.07652042
          0,           0,        1193,      -14.03727813,      -13.90728031,      -14.14025397
          0,           0,        1194,      -14.04407409,      -13.90790747,      -14.19017484
          0,           0,        1195,      -14.02730833,      -13.90765604,      -14.15650193
          0,           0,        1196,      -14.04310188,      -13.92525766,       -14.1893524
          0,           0,        1197,      -14.02324059,      -13.90439098,      -14.14297477
          0,           0,        1198,      -14.03916974,      -13.90951571,      -14.18102576
          0,           0,        1199,      -13.98879943,      -13.85892174,      -14.07330887
          0,           0,        1200,      -14.01112764,      -13.87882092,      -14.14284226
          0,           0,        1201,      -14.05077712,      -13.90181597,      -14.14525787
          0,           0,        1202,      -14.05277571,      -13.92848265,      -14.15632718
          0,           0,        1203,      -14.06191934,      -13.95308822,      -14.18634607
          0,           0,        1204,      -14.03264082,      -13.92748018,      -14.15674047
          0,           0,        1205,      -13.97782459,      -13.85962725,      -14.11896679
          0,           0,        1206,      -14.17734216,      -14.04938124,      -14.23727267
          0,           0,        1207,      -14.07334625,      -13.92942499,      -14.13508006
          0,           0,        1208,      -14.03876963,      -13.90677563,      -14.10167851
          0,           0,        1209,      -14.00718265,      -13.87855699,      -14.17771425
          0,           0,        1210,       -14.0623268,      -13.93299326,      -14.17239094
          0,           0,        1211,       -14.0939171,      -13.96740209,      -14.11997508
          0,           0,        1212,      -14.03174914,      -13.90268291,      -14.16840138
          0,           0,        1213,      -13.92315429,      -13.79688508,      -14.14705657
          0,           0,        1214,      -14.01385666,      -13.86638129,      -14.11712959
          0,           0,        1215,      -14.10260667,       -13.9617919,      -14.21365158
          0,           0,        1216,      -14.08136617,      -13.97131177,      -14.16639799
          0,           0,        1217,      -14.08384318,      -13.97554981,      -14.21666859
          0,           0,        1218,      -14.00206804,      -13.87082685,      -14.10306651
          0,           0,        1219,      -14.07405563,      -13.94139864,      -14.20002438
          0,           0,        1220,      -14.05464358,       -13.9172717,      -14.12791738
          0,           0,        1221,      -14.13349412,      -13.99380015,      -14.16550067
          0,           0,        1222,      -14.07100919,      -13.94208494,      -14.16282688
          0,           0,        1223,      -14.08926374,      -13.97022201,        -14.224019
          0,           0,        1224,      -14.05233167,      -13.92266823,      -14.13486663
          0,           0,        1225,      -14.11451751,      -13.98892452,      -14.18023641
          0,           0,        1226,      -14.10588499,      -13.98912242,      -14.18863609
          0,           0,        1227,      -14.07648938,      -13.96446952,      -14.19724955
          0,           0,        1228,      -14.04073512,      -13.91792529,      -14.12417145
          0,           0,        1229,      -14.00408839,      -13.87758272,      -14.05688063
          0,           0,        1230,      -13.96898716,      -13.82203606,      -14.07504696
          0,           0,        1231,      -14.04268055,      -13.91984157,      -14.16288661
          0,           0,        1232,      -14.10899034,      -13.99858152,      -14.19172101
          0,           0,        1233,      -14.08104738,      -13.97536434,      -14.14366876
          0,           0,        1234,      -14.04067954,       -13.9140958,      -14.11287596
          0,           0,        1235,      -14.00324837,      -13.88580775,      -14.13667253
          0,           0,        1236,      -14.02742615,      -13.89833583,      -14.08157659
          0,           0,        1237,       -13.9772457,      -13.85698027,      -14.11135449
          0,           0,        1238,      -14.08578486,      -13.96881665,      -14.14910179
          0,           0,        1239,      -13.97915181,      -13.86290046,      -14.17373866
          0,           0,        1240,      -13.99204719,      -13.88708892,      -14.13115022
          0,           0,        1241,      -14.01389212,      -13.88276598,      -14.10889158
          0,           0,        1242,      -14.04406031,      -13.91942036,      -14.14277146
          0,           0,        1243,      -14.02138409,      -13.89908412,      -14.17461292
          0,           0,        1244,      -13.99135316,      -13.85787073,      -14.12630144
          0,           0,        1245,      -14.05960862,      -13.92762942,      -14.17268455
          0,           0,        1246,      -14.06691809,      -13.94312551,      -14.14805506
          0,           0,        1247,      -14.06796093,      -13.94145933,      -14.16323558
          0,           0,        1248,      -14.06354826,      -13.93841733,      -14.18025836
          0,           0,        1249,      -14.08597438,      -13.95056469,      -14.12409918
          0,           0,        1250,      -14.06227236,      -13.92699676,        -14.177721
          0,           0,        1251,      -13.98748106,       -13.8609493,      -14.15228281
          0,           0,        1252,      -14.09949686,      -13.98437606,       -14.2100547
          0,           0,        1253,      -14.13770023,      -14.02311674,       -14.1448045
          0,           0,        1254,       -14.0371308,      -13.90453993,      -14.10105865
          0,           0,        1255,      -14.04009389,      -13.91049141,      -14.16528505
          0,           0,        1256,      -14.02785228,      -13.89976779,      -14.13698858
          0,           0,        1257,      -14.05702603,      -13.93660249,      -14.20474944
          0,           0,        1258,      -14.05829134,      -13.93428813,      -14.18428936
          0,           0,        1259,      -14.00197305,      -13.86209707,      -14.07681432
          0,           0,        1260,      -13.98504442,      -13.86367826,       -14.1130544
          0,           0,        1261,      -13.99664143,      -13.88665561,      -14.14182582
          0,           0,        1262,      -14.07175825,       -13.9552308,      -14.15517072
          0,           0,        1263,      -14.09160591,      -13.93091526,      -14.13359197
          0,           0,        1264,      -14.08900274,      -13.96728148,      -14.22692143
          0,           0,        1265,      -14.11811984,      -13.99959619,       -14.2711855
          0,           0,        1266,      -14.06920111,      -13.95017928,      -14.15569858
          0,           0,        1267,       -14.0483161,      -13.92986435,      -14.13595491
          0,           0,        1268,      -13.97104367,      -13.84760343,      -14.11736854
          0,           0,        1269,       -14.0857144,      -13.96882759,      -14.15686143
          0,           0,        1270,      -14.03946269,       -13.9075069,       -14.1310354
          0,           0,        1271,      -14.11618372,      -13.99279661,      -14.16692942
          0,           0,        1272,      -14.04054545,      -13.93212449,       -14.1118608
          0,           0,        1273,      -13.91390034,      -13.78257644,      -14.12331821
          0,           0,        1274,      -14.02601072,      -13.90918453,      -14.16454687
          0,           0,        1275,       -14.0946933,      -13.96775686,       -14.1243387
          0,           0,        1276,      -13.98917129,      -13.86523081,       -14.1046935
          0,           0,        1277,      -14.07287072,      -13.94404355,       -14.1675685
          0,           0,        1278,       -14.1484702,      -14.00569317,      -14.21520892
          0,           0,        1279,       -13.9674302,      -13.84401897,      -14.12085415
          0,           0,        1280,      -14.05791571,      -13.94466367,      -14.18938716
          0,           0,        1281,      -14.13027874,      -14.00581406,      -14.25448858
          0,           0,        1282,      -14.04247434,      -13.91430548,      -14.10387091
          0,           0,        1283,      -14.08921845,      -13.97071595,      -14.16668692
          0,           0,        1284,      -14.05220822,      -13.92662401,       -14.1182311
          0,           0,        1285,       -14.0991318,       -13.9622573,      -14.17062875
          0,           0,        1286,      -14.09628104,      -13.95664115,      -14.21530751
          0,           0,        1287,      -13.98185747,       -13.8598529,      -14.07251683
          0,           0,        1288,       -13.9858232,      -13.85535262,       -14.0656686
          0,           0,        1289,      -13.96836793,       -13.8531578,      -14.09717976
          0,           0,        1290,      -13.95560477,      -13.84499363,      -14.07503921
          0,           0,        1291,      -14.07396072,      -13.97016002,      -14.19196594
          0,           0,        1292,      -14.08817742,      -13.97551958,      -14.15389842
          0,           0,        1293,       -14.0356839,      -13.93054078,      -14.17495101
          0,           0,        1294,      -14.10922472,       -13.9909257,      -14.17462207
          0,           0,        1295,      -14.07858127,      -13.92751373,      -14.15183323
          0,           0,        1296,      -14.04180798,      -13.90756859,      -14.15728568
          0,           0,        1297,      -14.13509707,      -13.98660859,      -14.19536078
          0,           0,        1298,       -14.0265051,      -13.88984507,      -14.11875409
          0,           0,        1299,      -14.08764411,      -13.96590376,      -14.18141578
          0,           0,        1300,       -14.0098766,      -13.89535116,      -14.14455003
          0,           0,        1301,      -14.08302868,      -13.96414977,       -14.1772379
          0,           0,        1302,      -14.01479755,      -13.87960865,      -14.14082169
          0,           0,        1303,      -14.00888785,      -13.87647235,      -14.09138114
          0,           0,        1304,      -14.03340314,      -13.91590343,      -14.12671365
          0,           0,        1305,       -14.0524875,      -13.93131476,       -14.1709614
          0,           0,        1306,       -14.0027702,      -13.89422855,       -14.1115668
          0,           0,        1307,      -14.08638287,      -13.95639424,      -14.15310732
          0,           0,        1308,      -14.05043055,      -13.91819935,      -14.16858732
          0,           0,        1309,      -14.06436561,      -13.92628719,      -14.17587106
          0,           0,        1310,      -14.09685866,      -13.97237133,      -14.25001555
          0,           0,        1311,      -14.04876645,      -13.92911266,      -14.13150452
          0,           0,        1312,      -14.06967324,      -13.94821841,      -14.19619528
          0,           0,        1313,      -14.09064904,      -13.96565919,      -14.22911733
          0,           0,        1314,      -14.01874208,      -13.89415377,      -14.15160774
          0,           0,        1315,      -14.04155567,      -13.90467508,      -14.12436905
          0,           0,        1316,      -13.96112494,      -13.84424917,      -14.08024808
          0,           0,        1317,      -14.02592713,      -13.90723108,      -14.11410867
          0,           0,        1318,      -14.02491848,      -13.91609869,      -14.19888982
          0,           0,        1319,      -14.10547365,       -13.9897547,      -14.24310779
          0,           0,        1320,      -14.10443634,      -13.98287952,      -14.19067738
          0,           0,        1321,      -14.03486517,      -13.90154293,      -14.13060262
          0,           0,        1322,      -14.11671231,      -13.97847079,      -14.19112133
          0,           0,        1323,       -14.0559976,       -13.9350219,      -14.19183021
          0,           0,        1324,      -13.99505361,      -13.87906927,      -14.21521292
          0,           0,        1325,      -14.08208761,      -13.94904365,      -14.13218216
          0,           0,        1326,      -14.07419578,      -13.94888699,      -14.15126429
          0,           0,        1327,      -14.05150915,      -13.93665994,      -14.10712873
          0,           0,        1328,      -14.07727154,      -13.93491917,      -14.22351406
          0,           0,        1329,      -14.00100367,      -13.87452022,      -14.13201076
          0,           0,        1330,       -14.0341982,       -13.9072779,      -14.12384122
          0,           0,        1331,       -14.0666765,      -13.93784175,      -14.13582574
          0,           0,        1332,      -14.01960233,      -13.87585757,      -14.10529092
          0,           0,        1333,       -14.0272427,      -13.89509044,      -14.17023016
          0,           0,        1334,      -14.07376868,      -13.94854555,      -14.21838489
          0,           0,        1335,      -14.07404888,      -13.94496872,      -14.15184865
          0,           0,        1336,       -14.0875313,      -13.96025766,      -14.21328719
          0,           0,        1337,      -14.12048937,      -13.98481046,      -14.17868229
          0,           0,        1338,      -14.03331081,      -13.91018477,      -14.14019694
          0,           0,        1339,      -14.03208685,      -13.91807857,      -14.15516962
          0,           0,        1340,      -14.03056057,      -13.92994048,      -14.17707822
          0,           0,        1341,      -13.98351566,      -13.85907439,       -14.1433083
          0,           0,        1342,      -14.12249357,      -13.99802434,      -14.20296361
          0,           0,        1343,      -14.08646962,      -13.95703287,      -14.14855688
          0,           0,        1344,      -14.02552883,      -13.90485508,      -14.13588871
          0,           0,        1345,      -14.11804706,      -13.99868151,      -14.16862687
          0,           0,        1346,      -14.11840657,      -13.99727022,      -14.17072017
          0,           0,        1347,      -13.99560302,      -13.86767501,      -14.12332073
          0,           0,        1348,      -13.98829831,      -13.85903225,      -14.12774711
          0,           0,        1349,      -14.11465854,      -13.98176371,        -14.165248
          0,           0,        1350,      -14.02440497,      -13.90317154,      -14.14530056
          0,           0,        1351,      -14.13524216,      -14.02307434,      -14.20441907
          0,           0,        1352,      -14.09594829,       -13.9861543,      -14.16362105
          0,           0,        1353,       -14.0712369,      -13.95940067,      -14.12349509
          0,           0,        1354,      -14.03217609,      -13.90504841,      -14.11533667
          0,           0,        1355,      -14.00220894,      -13.87524814,      -14.11367185
          0,           0,        1356,      -14.02705692,      -13.89751664,      -14.20149033
          0,           0,        1357,      -14.06662567,      -13.94825549,      -14.16028427
          0,           0,        1358,      -14.02910292,      -13.89798631,      -14.09624023
          0,           0,        1359,      -13.94581892,      -13.81460003,      -14.11564367
          0,           0,        1360,      -14.06332551,      -13.93793957,      -14.11052506
          0,           0,        1361,      -13.96554395,      -13.84788127,      -14.08503973
          0,           0,        1362,      -14.04821265,       -13.9220742,      -14.10591185
          0,           0,        1363,      -14.07724768,      -13.95347455,      -14.17562105
          0,           0,        1364,      -14.08389363,       -13.9619999,      -14.18068981
          0,           0,        1365,      -14.04982221,      -13.94404406,      -14.17314516
          0,           0,        1366,      -14.01578249,      -13.89595558,      -14.16549805
          0,           0,        1367,      -14.12832261,      -14.00855108,      -14.20564921
          0,           0,        1368,      -14.06957968,      -13.93451385,      -14.20860456
          0,           0,        1369,      -14.01821918,       -13.8975632,      -14.16097349
          0,           0,        1370,      -13.98579061,      -13.86025245,      -14.12421843
          0,           0,        1371,       -14.0240046,      -13.88403423,      -14.13615472
          0,           0,        1372,      -14.04462524,      -13.91813467,      -14.13749077
          0,           0,        1373,      -14.04987327,      -13.92754136,      -14.10585899
          0,           0,        1374,      -14.00821107,      -13.88211203,      -14.20145897
          0,           0,        1375,      -14.08976453,      -13.99459027,      -14.21997534
          0,           0,        1376,      -14.05878146,      -13.94199656,      -14.14572579
          0,           0,        1377,      -14.07924539,      -13.96589532,      -14.18610649
          0,           0,        1378,      -14.16653757,      -14.04163624,      -14.25256363
          0,           0,        1379,      -14.08086653,       -13.9590341,      -14.16029753
          0,           0,        1380,      -14.07135456,      -13.94459491,      -14.15850664
          0,           0,        1381,      -14.04320982,      -13.92263719,      -14.10181938
          0,           0,        1382,       -14.0127938,      -13.89321789,      -14.15108984
          0,           0,        1383,      -14.06766447,      -13.94993096,      -14.13004842
          0,           0,        1384,      -14.04602358,      -13.92068121,      -14.16790333
          0,           0,        1385,      -14.09343733,       -13.9856204,      -14.17605963
          0,           0,        1386,      -13.98765566,       -13.8678374,      -14.12856505
          0,           0,        1387,      -13.95828408,      -13.83841695,      -14.06620063
          0,           0,        1388,      -13.97977724,      -13.85226246,      -14.17164036
          0,           0,        1389,      -13.95772452,      -13.83752778,      -14.08234838
          0,           0,        1390,      -14.01272486,      -13.89709181,      -14.15423246
          0,           0,        1391,      -14.07442296,      -13.94738384,      -14.18180254
          0,           0,        1392,      -14.02329145,      -13.88895625,      -14.21814572
          0,           0,        1393,      -14.07260847,      -13.94635237,      -14.13771737
          0,           0,        1394,       -14.0680819,      -13.92643563,      -14.15335585
          0,           0,        1395,      -13.95975544,      -13.84927501,      -14.10687148
          0,           0,        1396,      -14.08373509,      -13.96726478,      -14.19294791
          0,           0,        1397,      -14.11984951,      -14.01426874,      -14.17266157
          0,           0,        1398,      -14.07108113,      -13.95060578,      -14.17464697
          0,           0,        1399,      -14.04872001,      -13.91680078,      -14.13985678
          0,           0,        1400,      -13.96722877,      -13.84745565,      -14.10178334
          0,           0,        1401,      -14.08137772,      -13.97982441,         -14.20677
          0,           0,        1402,      -14.03095594,      -13.90173174,      -14.14736258
          0,           0,        1403,      -14.00605183,      -13.89362918,      -14.15101942
          0,           0,        1404,      -14.08292601,      -13.97924394,      -14.24317161
          0,           0,        1405,      -14.05233957,      -13.92579251,      -14.13805443
          0,           0,        1406,      -14.05722541,      -13.93914423,      -14.15284143
          0,           0,        1407,      -14.06134785,      -13.93600072,      -14.18593218
          0,           0,        1408,      -14.00909576,      -13.89188386,        -14.129289
          0,           0,        1409,      -14.01546386,      -13.89131182,      -14.13659591
          0,           0,        1410,      -14.06763097,      -13.94555469,      -14.13940755
          0,           0,        1411,      -13.98493122,      -13.86871285,      -14.09440878
          0,           0,        1412,      -13.98385126,      -13.85970126,      -14.07414334
          0,           0,        1413,       -14.0471486,      -13.93417232,      -14.14296888
          0,           0,        1414,      -14.01855421,      -13.89667768,      -14.09040346
          0,           0,        1415,       -14.0520552,      -13.92494232,      -14.13565014
          0,           0,        1416,      -13.96532413,      -13.84047063,      -14.11825642
          0,           0,        1417,      -14.04072752,      -13.92949144,      -14.17986815
          0,           0,        1418,      -14.01184178,      -13.89341004,      -14.17913826
          0,           0,        1419,      -14.10808284,      -13.97471236,      -14.17656105
          0,           0,        1420,      -14.00685251,      -13.88072139,      -14.09035089
          0,           0,        1421,      -14.00515356,      -13.87701647,      -14.10792807
          0,           0,        1422,      -14.05532292,      -13.93143021,      -14.13902631
          0,           0,        1423,       -14.0552365,       -13.9316201,      -14.16333377
          0,           0,        1424,      -14.07574442,      -13.95475011,      -14.16536357
          0,           0,        1425,      -14.06778847,      -13.93224391,      -14.16435261
          0,           0,        1426,      -14.02731301,      -13.90394079,      -14.12243089
          0,           0,        1427,      -13.98140204,      -13.86153395,       -14.1518516
          0,           0,        1428,      -14.03753872,      -13.90464732,      -14.13584594
          0,           0,        1429,      -14.03457237,      -13.91404013,      -14.12378483
          0,           0,        1430,      -13.97581292,      -13.84771008,      -14.07547785
          0,           0,        1431,      -14.07198214,      -13.96306918,      -14.19170837
          0,           0,        1432,       -14.0077579,      -13.89172063,      -14.13464795
          0,           0,        1433,      -14.11231005,      -13.97640199,      -14.15644168
          0,           0,        1434,      -13.96592355,      -13.82752402,      -14.13135097
          0,           0,        1435,      -14.05605398,       -13.9262561,      -14.12791657
          0,           0,        1436,      -14.07512129,      -13.95725005,      -14.18342883
          0,           0,        1437,      -14.06317433,       -13.9380665,      -14.17040482
          0,           0,        1438,      -14.02070536,      -13.89395008,      -14.09130617
          0,           0,        1439,      -13.94252766,      -13.82753923,      -14.10538998
          0,           0,        1440,      -14.06733537,      -13.95495869,      -14.17258985
          0,           0,        1441,      -14.00080264,      -13.87121489,      -14.14981089
          0,           0,        1442,       -14.0609102,      -13.93107835,      -14.18056484
          0,           0,        1443,      -14.07378926,      -13.92078318,      -14.15716295
          0,           0,        1444,      -14.03614531,      -13.90453274,      -14.13508966
          0,           0,        1445,      -13.99277758,      -13.85848131,      -14.11815435
          0,           0,        1446,       -13.9893814,      -13.87153028,      -14.11949139
          0,           0,        1447,      -14.03752095,      -13.91708478,      -14.16483211
          0,           0,        1448,      -14.13314037,      -14.01280242,      -14.16962899
          0,           0,        1449,      -14.00817099,      -13.88630263,      -14.12039822
          0,           0,        1450,        -14.015898,      -13.89309031,      -14.14530651
          0,           0,        1451,      -13.96720199,      -13.83078376,      -14.10720254
          0,           0,        1452,      -14.03668947,      -13.89781862,      -14.17357824
          0,           0,        1453,      -14.03820633,      -13.91714571,      -14.17411616
          0,           0,        1454,      -14.09280827,      -13.96864887,      -14.23930436
          0,           0,        1455,      -14.04361199,      -13.94479175,      -14.19177794
          0,           0,        1456,      -14.05293992,      -13.94015773,      -14.14508072
          0,           0,        1457,      -13.96994439,      -13.85163198,      -14.08469559
          0,           0,        1458,      -14.06123909,      -13.93036696,      -14.14217407
          0,           0,        1459,      -14.01502927,      -13.88200509,      -14.13941553
          0,           0,        1460,       -14.0492419,      -13.90901867,      -14.16392236
          0,           0,        1461,      -14.02857622,      -13.90982221,      -14.14341858
          0,           0,        1462,      -14.09915691,      -13.98506611,      -14.19263574
          0,           0,        1463,      -14.00057013,      -13.87257003,      -14.12580136
          0,           0,        1464,      -14.01091817,      -13.85658098,      -14.09155309
          0,           0,        1465,       -14.0289606,      -13.90336252,      -14.12166942
          0,           0,        1466,       -14.0775889,      -13.96006764,      -14.09671274
          0,           0,        1467,      -14.07647809,      -13.92192763,      -14.12724195
          0,           0,        1468,      -13.95944562,      -13.84107861,      -14.09394606
          0,           0,        1469,      -14.04917716,      -13.94523995,      -14.14472135
          0,           0,        1470,      -14.09425484,      -13.98131212,      -14.17916367
          0,           0,        1471,       -14.0701233,      -13.95642213,      -14.15692287
          0,           0,        1472,      -14.01430354,      -13.89440704,      -14.17366224
          0,           0,        1473,      -14.02833791,      -13.87744003,      -14.09755743
          0,           0,        1474,      -14.09367104,      -13.98799351,      -14.15032983
          0,           0,        1475,      -14.08907966,      -13.96901713,      -14.14712057
          0,           0,        1476,      -14.13890439,      -13.99346888,      -14.19807575
          0,           0,        1477,      -14.06890158,      -13.94277659,      -14.17357387
          0,           0,        1478,      -14.02254954,      -13.89874009,      -14.13584254
          0,           0,        1479,      -14.08039462,      -13.95219526,      -14.18766003
          0,           0,        1480,       -14.0584602,      -13.94061271,      -14.18027507
          0,           0,        1481,      -14.07807545,      -13.95892808,      -14.14375147
          0,           0,        1482,      -14.01898078,      -13.89681792,      -14.13906017
          0,           0,        1483,      -14.09272291,      -13.94144437,      -14.17583366
          0,           0,        1484,      -14.05609328,       -13.9262799,      -14.18143561
          0,           0,        1485,      -14.04048138,      -13.91776574,      -14.10548774
          0,           0,        1486,      -14.05197796,       -13.9067551,      -14.18546053
          0,           0,        1487,      -14.00776845,      -13.89220586,      -14.18213101
          0,           0,        1488,      -14.00638647,      -13.89425061,      -14.09849645
          0,           0,        1489,      -14.02164519,      -13.87653166,      -14.17349209
          0,           0,        1490,      -14.02766552,       -13.8887383,      -14.11690491
          0,           0,        1491,       -14.0906334,       -13.9750262,       -14.1683501
          0,           0,        1492,      -14.06594956,      -13.94088125,      -14.15217614
          0,           0,        1493,      -14.08190066,      -13.96214151,      -14.17626947
          0,           0,        1494,       -14.0381977,      -13.92904216,      -14.17474254
          0,           0,        1495,      -14.05171241,      -13.93525394,      -14.18439535
          0,           0,        1496,      -14.03273933,      -13.90694745,      -14.15435899
          0,           0,        1497,       -14.1298004,       -14.0028123,      -14.19928753
          0,           0,        1498,       -13.9987802,      -13.87705985,      -14.09969319
          0,           0,        1499,      -14.04085016,      -13.92718294,      -14.10924031
          0,           0,        1500,      -13.97618603,       -13.8626885,      -14.14313681
          0,           0,        1501,      -14.02488487,      -13.90894187,      -14.20394272
          0,           0,        1502,      -14.06552598,      -13.95957659,      -14.18724009
          0,           0,        1503,       -14.0433271,      -13.92066696,      -14.12008359
          0,           0,        1504,      -14.00207854,       -13.8752236,      -14.13049272
          0,           0,        1505,      -13.95418884,       -13.8280099,      -14.12042394
          0,           0,        1506,       -14.0738981,      -13.97205722,      -14.16130939
          0,           0,        1507,      -14.11909532,       -13.9846171,      -14.15396918
          0,           0,        1508,      -14.05831478,      -13.92073469,      -14.13936214
          0,           0,        1509,      -14.01940733,      -13.91148269,      -14.15203921
          0,           0,        1510,      -14.05558413,      -13.92988692,      -14.13530974
          0,           0,        1511,       -14.0667406,      -13.93483964,      -14.16930601
          0,           0,        1512,      -13.98169875,      -13.85955975,      -14.08381546
          0,           0,        1513,      -14.01234161,      -13.89254675,      -14.15451448
          0,           0,        1514,      -14.06931568,       -13.9365245,      -14.18466365
          0,           0,        1515,      -14.17934011,      -14.04309164,      -14.23197565
          0,           0,        1516,       -14.0342016,      -13.92349241,      -14.09903691
          0,           0,        1517,      -14.03931851,      -13.90345569,      -14.19968394
          0,           0,        1518,      -14.12484419,      -13.98015563,      -14.19057134
          0,           0,        1519,      -14.01328063,      -13.88724372,      -14.14716749
          0,           0,        1520,      -14.02980883,      -13.91509342,      -14.11151415
          0,           0,        1521,      -14.04232519,      -13.90917419,      -14.11921578
          0,           0,        1522,      -14.09307212,       -13.9760965,      -14.18693294
          0,           0,        1523,      -14.01059795,      -13.88378774,      -14.08520843
          0,           0,        1524,      -14.02525618,      -13.90733158,      -14.13466296
          0,           0,        1525,      -14.05265761,      -13.92215608,      -14.18396252
          0,           0,        1526,      -14.04881778,      -13.94433879,      -14.11740558
          0,           0,        1527,       -14.0348788,       -13.9114673,      -14.18229254
          0,           0,        1528,      -14.13043668,       -14.0005453,      -14.21573529
          0,           0,        1529,      -14.06473715,      -13.91849454,      -14.14039668
          0,           0,        1530,      -13.98124035,      -13.85139417,      -14.10755952
          0,           0,        1531,      -14.03741891,      -13.92211492,       -14.1395816
          0,           0,        1532,      -14.07000945,       -13.9499745,       -14.1855955
          0,           0,        1533,      -14.01488618,      -13.89269242,      -14.12787951
          0,           0,        1534,      -14.04547083,      -13.92988337,      -14.20658793
          0,           0,        1535,       -14.0825592,      -13.95013298,      -14.15558899
          0,           0,        1536,      -14.04072424,      -13.91865222,      -14.11035009
          0,           0,        1537,      -14.05822358,       -13.9141018,      -14.14674994
          0,           0,        1538,      -13.99491571,      -13.85714465,      -14.10475174
          0,           0,        1539,      -14.01449179,      -13.89071623,      -14.13992801
          0,           0,        1540,        -13.996433,      -13.86133964,      -14.10509051
          0,           0,        1541,      -14.03714063,      -13.92421152,      -14.14403388
          0,           0,        1542,      -14.04203846,      -13.91135218,      -14.17700027
          0,           0,        1543,      -14.05722562,      -13.92535393,      -14.16665448
          0,           0,        1544,      -14.05577748,      -13.92941535,      -14.17058522
          0,           0,        1545,       -14.1060219,      -13.99736938,      -14.14222621
          0,           0,        1546,      -14.03702525,      -13.88046476,       -14.1414531
          0,           0,        1547,      -14.00726461,      -13.85809497,      -14.07860562
          0,           0,        1548,      -13.98278728,       -13.8620607,      -14.13148083
          0,           0,        1549,      -14.04805573,      -13.91195235,      -14.15322925
          0,           0,        1550,      -13.99547689,      -13.87521717,      -14.13428769
          0,           0,        1551,      -14.00590742,      -13.88237483,      -14.16828292
          0,           0,        1552,      -14.03999276,      -13.92512654,       -14.1300022
          0,           0,        1553,      -14.02961373,      -13.91878814,      -14.12663512
          0,           0,        1554,      -14.05678884,      -13.91623573,      -14.13420203
          0,           0,        1555,      -14.00300567,      -13.87406837,      -14.12652945
          0,           0,        1556,      -14.02515353,      -13.88606251,      -14.11474066
          0,           0,        1557,       -14.0237883,      -13.89497698,      -14.15851161
          0,           0,        1558,      -14.09343328,      -13.98376399,      -14.20416927
          0,           0,        1559,      -14.12021581,      -14.00160543,      -14.22245155
          0,           0,        1560,      -14.07637827,       -13.9585747,      -14.20753578
          0,           0,        1561,      -14.07386191,      -13.96778578,      -14.16046996
          0,           0,        1562,      -14.02535781,      -13.89316083,      -14.19707623
          0,           0,        1563,      -14.06765296,      -13.94709725,      -14.20135395
          0,           0,        1564,      -14.03716626,      -13.92584311,      -14.18678791
          0,           0,        1565,      -14.08781402,      -13.95924243,      -14.17663449
          0,           0,        1566,      -14.00009263,      -13.86665109,      -14.10218153
          0,           0,        1567,       -14.0509404,      -13.92644465,      -14.17122559
          0,           0,        1568,      -14.06085438,      -13.91876308,      -14.15317111
          0,           0,        1569,      -13.98927594,      -13.90274482,      -14.13110647
          0,           0,        1570,      -14.05582456,      -13.94239527,      -14.13525543
          0,           0,        1571,      -14.07135246,      -13.91831819,      -14.15721162
          0,           0,        1572,      -13.96026535,      -13.81631932,      -14.09132989
          0,           0,        1573,       -14.0146484,      -13.90444372,      -14.13171294
          0,           0,        1574,      -14.03101535,      -13.91075076,      -14.16680059
          0,           0,        1575,      -14.02711041,      -13.89981231,       -14.1564123
          0,           0,        1576,      -14.05606251,       -13.9101162,      -14.13513868
          0,           0,        1577,      -13.94441015,      -13.81532267,      -14.11635916
          0,           0,        1578,        -14.041261,      -13.92489398,      -14.17739607
          0,           0,        1579,      -14.08293678,      -13.97423815,      -14.22804369
          0,           0,        1580,      -14.03532355,      -13.92235684,      -14.09973803
          0,           0,        1581,      -14.05149033,      -13.92834757,       -14.1897738
          0,           0,        1582,      -14.09155284,      -13.99010866,      -14.24796312
          0,           0,        1583,      -14.08322259,      -13.97366603,      -14.15058379
          0,           0,        1584,       -14.0229055,      -13.88999251,      -14.12673864
          0,           0,        1585,      -14.02624037,      -13.90844996,      -14.11090642
          0,           0,        1586,      -14.03959036,       -13.9273401,      -14.18148622
          0,           0,        1587,      -14.05937392,      -13.93829841,      -14.17693539
          0,           0,        1588,      -13.97399691,      -13.84392723,      -14.14675922
          0,           0,        1589,      -14.07318669,      -13.95733733,      -14.20503607
          0,           0,        1590,      -14.03908822,      -13.92051596,      -14.21660817
          0,           0,        1591,      -14.06351423,      -13.93372032,      -14.10950637
          0,           0,        1592,      -14.02957678,        -13.891184,      -14.10240054
          0,           0,        1593,      -14.03042282,      -13.90519692,      -14.16311038
          0,           0,        1594,      -14.07658262,      -13.95650324,      -14.14387324
          0,           0,        1595,      -14.05804301,      -13.93126275,      -14.14562379
          0,           0,        1596,      -14.03591012,      -13.89968193,      -14.16361197
          0,           0,        1597,      -14.06983765,      -13.95484137,      -14.17287341
          0,           0,        1598,      -13.98967069,      -13.87642052,      -14.20101705
          0,           0,        1599,      -14.08272017,      -13.99447475,      -14.22227456
          0,           0,        1600,      -13.99819073,      -13.89074163,      -14.12231667
          0,           0,        1601,      -14.01714233,      -13.88622483,       -14.0973736
          0,           0,        1602,      -14.00664706,      -13.86622687,      -14.10834965
          0,           0,        1603,      -13.99476088,      -13.86471753,      -14.13397961
          0,           0,        1604,      -14.04273357,      -13.90705617,      -14.15827489
          0,           0,        1605,      -14.01556855,      -13.89341307,      -14.12947206
          0,           0,        1606,      -14.06287443,      -13.94622408,      -14.25045883
          0,           0,        1607,      -14.08847663,      -13.96024434,      -14.16814935
          0,           0,        1608,      -13.98741629,      -13.86335095,      -14.13006009
          0,           0,        1609,      -14.17426787,      -14.07030979,      -14.28747744
          0,           0,        1610,      -14.08519037,      -13.95400347,      -14.12246694
          0,           0,        1611,      -14.04460305,      -13.92236187,      -14.11483199
          0,           0,        1612,      -13.98535123,       -13.8623612,      -14.12474243
          0,           0,        1613,      -14.10066295,      -13.96112804,      -14.19619567
          0,           0,        1614,      -13.97013333,      -13.85934615,       -14.1104499
          0,           0,        1615,      -13.97985363,      -13.87153097,      -14.13308073
          0,           0,        1616,      -14.13565325,      -14.00471654,      -14.27951937
          0,           0,        1617,      -14.06014916,      -13.94260001,      -14.15041742
          0,           0,        1618,      -14.00099824,      -13.85566049,      -14.09396616
          0,           0,        1619,      -13.97778347,      -13.84154274,      -14.10722712
          0,           0,        1620,      -14.05034959,      -13.91990959,      -14.18170573
          0,           0,        1621,      -14.08854854,      -13.98751956,      -14.18564787
          0,           0,        1622,      -13.98612537,      -13.86179128,      -14.12023106
          0,           0,        1623,      -13.95506686,      -13.82450873,      -14.05187974
          0,           0,        1624,      -14.05262529,      -13.92294154,      -14.16571657
          0,           0,        1625,       -14.0672786,       -13.9203294,      -14.15215355
          0,           0,        1626,      -13.99884108,      -13.85575202,      -14.12676762
          0,           0,        1627,      -14.10955708,      -13.98158637,      -14.21790549
          0,           0,        1628,      -13.97129773,      -13.85888242,      -14.10623785
          0,           0,        1629,      -14.16820458,      -14.05129569,      -14.19686043
          0,           0,        1630,      -14.01240032,      -13.89767605,      -14.12439281
          0,           0,        1631,      -13.91407985,      -13.78768349,      -14.06391734
          0,           0,        1632,      -14.00462136,      -13.86324729,      -14.06491511
          0,           0,        1633,      -14.03241586,      -13.90926049,      -14.20157211
          0,           0,        1634,      -13.98801044,      -13.86759618,      -14.16422518
          0,           0,        1635,      -14.06612954,      -13.93830582,      -14.13006362
          0,           0,        1636,      -14.09218623,       -13.9624858,      -14.13501643
          0,           0,        1637,       -14.0599795,      -13.92745767,      -14.17851076
          0,           0,        1638,      -14.07500725,      -13.95032349,      -14.18209051
          0,           0,        1639,      -14.10647957,      -13.96798983,      -14.21075943
          0,           0,        1640,      -14.01128511,      -13.88864439,      -14.11098301
          0,           0,        1641,      -14.00074868,       -13.8669001,      -14.15972335
          0,           0,        1642,      -13.95610657,      -13.81433088,      -14.10066497
          0,           0,        1643,      -14.06575153,      -13.96696405,       -14.1598587
          0,           0,        1644,      -14.04907592,      -13.92584443,      -14.18670912
          0,           0,        1645,      -14.04856424,      -13.92359822,       -14.1220981
          0,           0,        1646,      -14.06248072,      -13.93183292,      -14.13481179
          0,           0,        1647,       -14.1950598,      -14.09378652,      -14.25584675
          0,           0,        1648,       -14.0328179,      -13.90500576,       -14.1266385
          0,           0,        1649,       -13.9870156,      -13.87417638,      -14.10913602
          0,           0,        1650,       -14.0331359,      -13.90833341,      -14.11305392
          0,           0,        1651,      -14.03806314,      -13.90843921,      -14.18976524
          0,           0,        1652,      -14.07254629,      -13.98431514,      -14.20190847
          0,           0,        1653,      -14.01358723,      -13.89896296,      -14.17406641
          0,           0,        1654,      -14.02768266,      -13.89859769,      -14.10629333
          0,           0,        1655,      -13.99040657,      -13.84719574,      -14.15155214
          0,           0,        1656,      -14.13012641,      -13.99030167,      -14.18514067
          0,           0,        1657,      -14.07770013,      -13.92665393,      -14.12294189
          0,           0,        1658,      -13.99231697,      -13.86454344,      -14.09772263
          0,           0,        1659,      -14.00749134,      -13.87834189,      -14.14675137
          0,           0,        1660,      -14.09243851,      -13.97963459,      -14.17649296
          0,           0,        1661,      -14.09903292,      -13.98444846,      -14.18507445
          0,           0,        1662,      -13.94179432,      -13.81889538,      -14.05171427
          0,           0,        1663,      -14.13195643,       -14.0148884,      -14.22235332
          0,           0,        1664,      -14.04373907,      -13.90689513,       -14.1440885
          0,           0,        1665,      -14.04794949,       -13.9064083,      -14.16805629
          0,           0,        1666,      -14.05714237,      -13.91831285,      -14.19065296
          0,           0,        1667,      -14.11564979,      -14.00180132,      -14.24432636
          0,           0,        1668,      -14.02326228,      -13.90041577,      -14.14397644
          0,           0,        1669,      -13.94487826,      -13.83105372,       -14.0625191
          0,           0,        1670,      -14.08360176,      -13.96475458,      -14.18064642
          0,           0,        1671,      -14.06609995,      -13.94655681,       -14.1952462
          0,           0,        1672,      -14.03348012,      -13.89271252,      -14.11327949
          0,           0,        1673,      -13.97982659,      -13.85529304,       -14.1255235
          0,           0,        1674,      -14.06133668,      -13.96741976,      -14.16841793
          0,           0,        1675,      -14.10067876,      -13.97819721,      -14.17516524
          0,           0,        1676,      -14.01478585,       -13.8781991,      -14.13237529
          0,           0,        1677,      -14.07347487,      -13.95381457,      -14.14109243
          0,           0,        1678,       -14.0632201,      -13.93973836,      -14.13790122
          0,           0,        1679,      -14.03697533,      -13.92848516,       -14.1269247
          0,           0,        1680,      -14.05923008,      -13.94367515,      -14.13307997
          0,           0,        1681,      -14.01870276,      -13.88125889,      -14.15395404
          0,           0,        1682,      -14.04923471,      -13.92621498,      -14.10154602
          0,           0,        1683,       -13.9622317,      -13.85411106,      -14.13030723
          0,           0,        1684,      -14.00946775,      -13.87843415,      -14.13435212
          0,           0,        1685,      -14.04891373,      -13.91554436,      -14.09128481
          0,           0,        1686,       -14.0647611,      -13.91815188,       -14.1937889
          0,           0,        1687,      -14.08641825,      -13.93845514,      -14.18463771
          0,           0,        1688,       -14.0774747,      -13.93567255,      -14.11025208
          0,           0,        1689,      -14.01563142,      -13.89798742,      -14.13086582
          0,           0,        1690,      -14.03784727,      -13.90867663,      -14.12863819
          0,           0,        1691,      -14.01005115,      -13.88480411,      -14.15861789
          0,           0,        1692,      -14.02588896,       -13.9099977,      -14.16368825
          0,           0,        1693,        -14.075437,      -13.96418346,      -14.19177718
          0,           0,        1694,       -14.0356577,      -13.90074049,      -14.14267831
          0,           0,        1695,      -14.08933946,      -13.97566674,      -14.20596292
          0,           0,        1696,      -14.09614372,      -13.94598545,      -14.16588259
          0,           0,        1697,      -14.07409942,      -13.92793379,      -14.15573007
          0,           0,        1698,      -14.08679099,      -13.95846556,      -14.18233284
          0,           0,        1699,      -14.09190244,        -13.969023,      -14.18154245
          0,           0,        1700,      -14.04043381,      -13.90280491,      -14.19876421
          0,           0,        1701,      -14.02788168,      -13.89340095,       -14.1094759
          0,           0,        1702,       -14.0827102,      -13.95558275,      -14.14256922
          0,           0,        1703,      -14.00412402,      -13.86741403,      -14.11732158
          0,           0,        1704,      -14.01769699,      -13.91451247,      -14.17043965
          0,           0,        1705,      -14.05558725,      -13.92790161,      -14.17887977
          0,           0,        1706,      -14.10133724,      -13.98185838,      -14.15058758
          0,           0,        1707,      -14.03212496,      -13.91359016,      -14.15245094
          0,           0,        1708,      -14.07122847,      -13.93149094,      -14.11981714
          0,           0,        1709,      -13.97529088,      -13.83966156,      -14.11557367
          0,           0,        1710,      -14.09266442,      -13.97524671,      -14.21958921
          0,           0,        1711,      -14.03088379,      -13.91165577,      -14.11977398
          0,           0,        1712,      -14.08263119,      -13.95978403,      -14.15084612
          0,           0,        1713,      -13.97694978,      -13.83876905,      -14.09999694
          0,           0,        1714,      -13.98941238,      -13.84420266,      -14.11237738
          0,           0,        1715,       -14.0883684,      -13.97347853,      -14.13741668
          0,           0,        1716,      -14.04699796,      -13.92109919,      -14.17935395
          0,           0,        1717,      -14.03042659,      -13.91511407,      -14.18920062
          0,           0,        1718,      -14.07213181,      -13.92557372,      -14.19482356
          0,           0,        1719,      -14.06616369,      -13.92732162,      -14.22032634
          0,           0,        1720,      -14.07683316,      -13.94031904,      -14.19616772
          0,           0,        1721,      -13.97699683,      -13.84400419,       -14.1457897
          0,           0,        1722,       -14.1113627,      -13.99842968,      -14.19823366
          0,           0,        1723,       -14.0584526,      -13.94843809,      -14.23052802
          0,           0,        1724,      -14.03718063,      -13.91425934,      -14.18974879
          0,           0,        1725,      -14.07993875,      -13.95673415,       -14.1729891
          0,           0,        1726,      -14.09420906,      -13.96588921,      -14.22254099
          0,           0,        1727,      -14.15836956,      -14.03775107,       -14.2059784
          0,           0,        1728,      -14.01385864,      -13.87951129,      -14.17446028
          0,           0,        1729,      -14.03621306,       -13.9009141,      -14.11907059
          0,           0,        1730,      -14.03500845,      -13.89966178,      -14.14940152
          0,           0,        1731,      -14.07211272,      -13.91908466,      -14.15715181
          0,           0,        1732,      -14.05703382,      -13.92854952,      -14.18803241
          0,           0,        1733,      -13.99489126,      -13.88163639,      -14.04053265
          0,           0,        1734,      -14.01635825,       -13.8926513,       -14.1399637
          0,           0,        1735,      -14.08261096,      -13.96942699,      -14.16849342
          0,           0,        1736,      -14.04839577,      -13.93461296,      -14.13869993
          0,           0,        1737,      -14.03152547,      -13.90632368,      -14.17024714
          0,           0,        1738,      -14.00574849,      -13.86668133,      -14.11408919
          0,           0,        1739,      -14.05045677,      -13.91433997,      -14.16638928
          0,           0,        1740,      -14.10791057,      -13.97074578,      -14.15093131
          0,           0,        1741,      -14.08044403,      -13.94537749,      -14.15676033
          0,           0,        1742,      -14.08812017,      -13.95840101,      -14.18385955
          0,           0,        1743,      -13.93449158,      -13.80535687,      -14.07732443
          0,           0,        1744,      -14.04636509,       -13.9320972,      -14.16665087
          0,           0,        1745,      -14.09107487,      -13.97553413,      -14.13563372
          0,           0,        1746,      -14.03067356,       -13.9105379,      -14.16832901
          0,           0,        1747,      -13.96259568,      -13.84612921,      -14.06401543
          0,           0,        1748,      -14.05376005,      -13.94109566,      -14.16772197
          0,           0,        1749,      -14.03697729,       -13.9212108,      -14.16936931
          0,           0,        1750,      -14.01419609,      -13.88572686,      -14.15020856
          0,           0,        1751,      -14.06283602,      -13.94146397,      -14.20928482
          0,           0,        1752,      -14.02303086,      -13.91113784,      -14.16508958
          0,           0,        1753,      -14.05198572,      -13.92364918,      -14.19124647
          0,           0,        1754,      -13.97011559,       -13.8449796,      -14.10346147
          0,           0,        1755,      -13.94320627,      -13.83293651,       -14.1126425
          0,           0,        1756,      -14.08809437,       -13.9869272,      -14.17766592
          0,           0,        1757,      -14.06822147,       -13.9340285,      -14.17771219
          0,           0,        1758,      -14.05948742,      -13.94382229,      -14.17678328
          0,           0,        1759,      -14.08880088,      -13.98193598,      -14.17644722
          0,           0,        1760,      -14.04721232,      -13.93554966,      -14.14826464
          0,           0,        1761,      -13.98091863,      -13.87013005,      -14.13372974
          0,           0,        1762,      -14.11543392,      -13.98414623,      -14.23834798
          0,           0,        1763,      -14.08852596,      -13.95786351,      -14.14646222
          0,           0,        1764,      -14.05811645,       -13.9179919,       -14.1614457
          0,           0,        1765,      -14.05142139,      -13.92762904,      -14.12386956
          0,           0,        1766,      -14.06028711,      -13.93870752,      -14.16392618
          0,           0,        1767,      -14.02081546,      -13.87797452,      -14.09785332
          0,           0,        1768,      -13.99189698,      -13.86152061,      -14.12268002
          0,           0,        1769,      -14.15366831,      -14.01793397,      -14.15888281
          0,           0,        1770,       -13.9171845,      -13.79441091,      -14.04155355
          0,           0,        1771,      -14.09586132,      -13.96106856,      -14.18361433
          0,           0,        1772,       -14.0576585,      -13.93077338,      -14.19610379
          0,           0,        1773,      -14.06121363,        -13.927555,      -14.14388384
          0,           0,        1774,      -14.10682425,      -13.96539629,      -14.12168092
          0,           0,        1775,      -14.06991915,      -13.92830003,      -14.07398203
          0,           0,        1776,      -13.94602711,      -13.79965089,      -14.08619006
          0,           0,        1777,      -14.06897588,      -13.94999835,        -14.162692
          0,           0,        1778,      -14.06190918,      -13.93001881,      -14.15022655
          0,           0,        1779,      -14.04726416,       -13.9006843,      -14.19286862
          0,           0,        1780,      -14.02916565,      -13.87348519,      -14.10088367
          0,           0,        1781,      -14.01527736,      -13.90014329,      -14.11540998
          0,           0,        1782,      -14.02953196,       -13.9331273,       -14.1649575
          0,           0,        1783,        -14.024347,      -13.90926424,      -14.11456744
          0,           0,        1784,      -14.04027653,      -13.88646488,      -14.14010995
          0,           0,        1785,      -14.12186998,      -13.99688969,      -14.18297905
          0,           0,        1786,       -14.0140519,      -13.88904745,      -14.15354476
          0,           0,        1787,      -14.08729811,        -13.954645,      -14.22003394
          0,           0,        1788,       -14.0177692,      -13.89805394,      -14.16906858
          0,           0,        1789,      -14.08194222,      -13.95480962,      -14.18287163
          0,           0,        1790,      -14.02587707,      -13.89009616,      -14.10562324
          0,           0,        1791,      -14.02320601,      -13.88783047,       -14.1371811
          0,           0,        1792,        -13.979318,      -13.86369983,      -14.14176452
          0,           0,        1793,      -14.06992645,      -13.95674957,      -14.24472619
          0,           0,        1794,      -14.07806032,      -13.96103566,      -14.15727707
          0,           0,        1795,      -13.99018012,      -13.86321314,      -14.08011901
          0,           0,        1796,      -13.99961654,      -13.88133545,      -14.14601571
          0,           0,        1797,      -13.98642224,      -13.87441363,      -14.13819947
          0,           0,        1798,      -14.08386706,      -13.96423688,      -14.15812797
          0,           0,        1799,      -14.03780532,      -13.88209305,      -14.10056901
          0,           0,        1800,      -13.98395526,      -13.85407073,      -14.16870761
          0,           0,        1801,      -14.05732526,      -13.93353375,        -14.140081
          0,           0,        1802,        -14.136806,      -14.02391112,       -14.2186415
          0,           0,        1803,      -14.09026599,      -13.96932634,      -14.21966427
          0,           0,        1804,      -14.04351636,      -13.92969649,      -14.17977478
          0,           0,        1805,      -14.10614274,      -13.99100866,      -14.29009502
          0,           0,        1806,      -14.06195471,      -13.93599985,      -14.16285665
          0,           0,        1807,      -14.04235717,      -13.90612805,      -14.08547211
          0,           0,        1808,      -14.11956475,      -13.98102077,      -14.18565272
          0,           0,        1809,      -13.99015253,      -13.87474131,      -14.15454206
          0,           0,        1810,      -14.07235968,      -13.95021157,      -14.25582238
          0,           0,        1811,      -14.06579512,      -13.96746877,      -14.17327763
          0,           0,        1812,       -14.0404892,      -13.90269119,      -14.11095649
          0,           0,        1813,      -13.98844726,      -13.85146001,      -14.12760844
          0,           0,        1814,      -14.08408859,      -13.97848659,      -14.27709161
          0,           0,        1815,      -14.02674873,      -13.91407807,      -14.14239693
          0,           0,        1816,      -14.05397761,      -13.95167174,      -14.15044207
          0,           0,        1817,      -14.02564257,      -13.90958452,       -14.1669698
          0,           0,        1818,      -14.06720767,       -13.9328471,      -14.16609209
          0,           0,        1819,      -14.03187328,      -13.90801122,      -14.18422134
          0,           0,        1820,      -14.10928373,      -13.98452923,      -14.14954333
          0,           0,        1821,      -14.03505906,      -13.91082106,      -14.11220733
          0,           0,        1822,      -14.06077046,      -13.94391031,      -14.17040268
          0,           0,        1823,      -14.09633824,      -13.98150764,       -14.2008622
          0,           0,        1824,       -14.0216849,      -13.86783052,      -14.12989855
          0,           0,        1825,      -14.05729844,       -13.9238543,      -14.14921317
          0,           0,        1826,      -14.01823356,      -13.88565352,      -14.12581916
          0,           0,        1827,      -14.01129686,      -13.89066939,      -14.16854708
          0,           0,        1828,      -14.06392234,      -13.96094256,      -14.15832787
          0,           0,        1829,      -14.05786333,      -13.92725192,      -14.17485267
          0,           0,        1830,      -13.98468516,      -13.85146503,      -14.13683582
          0,           0,        1831,      -14.13874848,      -14.01583383,      -14.20130263
          0,           0,        1832,      -14.15292058,      -14.07463568,      -14.21306736
          0,           0,        1833,       -14.0323777,      -13.89594341,      -14.13283037
          0,           0,        1834,       -13.9984252,      -13.89341616,      -14.15868581
          0,           0,        1835,       -14.0050444,      -13.88418393,      -14.12879371
          0,           0,        1836,      -14.02142926,      -13.89678055,      -14.14866199
          0,           0,        1837,      -14.02382136,       -13.8988828,      -14.18493261
          0,           0,        1838,      -14.02215451,      -13.90351144,       -14.1390693
          0,           0,        1839,      -14.04669897,      -13.91874129,      -14.16155377
          0,           0,        1840,      -14.10907147,      -13.99652479,      -14.23556559
          0,           0,        1841,      -14.09705702,      -13.98701342,       -14.1665746
          0,           0,        1842,      -14.20400879,      -14.07354357,      -14.25928771
          0,           0,        1843,      -14.06493636,      -13.93698866,      -14.16664322
          0,           0,        1844,      -14.00390705,        -13.896059,      -14.08726866
          0,           0,        1845,      -14.06354185,      -13.92440777,      -14.15289631
          0,           0,        1846,      -13.96996604,      -13.83879179,      -14.13427286
          0,           0,        1847,      -14.05763255,      -13.92061624,      -14.15335647
          0,           0,        1848,       -14.0048839,      -13.89387216,      -14.11599222
          0,           0,        1849,      -14.09114397,      -13.97804275,      -14.15287577
          0,           0,        1850,      -14.07916286,      -13.94564355,      -14.17191867
          0,           0,        1851,      -13.99556287,      -13.86482386,      -14.12404131
          0,           0,        1852,      -14.07285679,      -13.93575743,      -14.16715534
          0,           0,        1853,      -14.00787078,      -13.88244658,      -14.16458153
          0,           0,        1854,      -14.12130212,      -13.98481868,      -14.19695294
          0,           0,        1855,      -14.08512394,      -13.96125018,      -14.10139055
          0,           0,        1856,       -14.0667967,       -13.9456512,      -14.19147384
          0,           0,        1857,      -13.94748411,       -13.8355392,      -14.11757973
          0,           0,        1858,      -14.07435103,      -13.97045136,      -14.10222536
          0,           0,        1859,      -13.98124126,      -13.84574198,      -14.10505487
          0,           0,        1860,      -14.01476401,      -13.87385074,      -14.20817662
          0,           0,        1861,      -14.09228089,      -13.96396461,      -14.17792333
          0,           0,        1862,        -13.954087,      -13.82440377,      -14.10221437
          0,           0,        1863,      -14.03377724,      -13.90837304,      -14.14059349
          0,           0,        1864,      -14.06027871,      -13.93819225,      -14.15221554
          0,           0,        1865,      -14.05525056,      -13.92493616,      -14.17709479
          0,           0,        1866,      -14.05838424,      -13.91522169,      -14.15419575
          0,           0,        1867,      -14.10477264,      -13.96943302,      -14.14596586
          0,           0,        1868,       -13.9715981,       -13.8499919,      -14.07835042
          0,           0,        1869,      -13.99957212,      -13.86832211,      -14.12862996
          0,           0,        1870,      -13.97004456,      -13.83621478,       -14.0992047
          0,           0,        1871,      -14.11659894,      -13.97629442,      -14.18537209
          0,           0,        1872,      -14.04750423,      -13.92260413,       -14.1481844
          0,           0,        1873,      -14.04205809,      -13.91816006,      -14.14677639
          0,           0,        1874,      -14.00509916,      -13.89932039,      -14.14470757
          0,           0,        1875,      -14.04847066,      -13.91928895,      -14.12751774
          0,           0,        1876,      -14.05622015,      -13.92930828,      -14.19140127
          0,           0,        1877,      -14.05218118,      -13.92191715,      -14.11826932
          0,           0,        1878,      -14.01277712,      -13.87992219,      -14.16119595
          0,           0,        1879,       -14.0015747,      -13.89062562,      -14.10133048
          0,           0,        1880,      -14.01390018,      -13.90985532,      -14.09642697
          0,           0,        1881,      -14.12649799,      -14.00038831,      -14.22532609
          0,           0,        1882,      -13.94589434,      -13.81703454,      -14.06582304
          0,           0,        1883,      -14.01885927,      -13.89844091,      -14.13436198
          0,           0,        1884,      -14.02686186,      -13.91538029,      -14.12407943
          0,           0,        1885,      -14.00633952,      -13.88641875,      -14.14250519
          0,           0,        1886,      -14.08128553,      -13.96001973,      -14.15249611
          0,           0,        1887,       -13.9937202,      -13.86441425,      -14.15230914
          0,           0,        1888,       -14.0247337,      -13.88649544,      -14.05878318
          0,           0,        1889,      -13.97102108,      -13.85105192,      -14.13479508
          0,           0,        1890,      -14.05198198,      -13.94460685,      -14.18339694
          0,           0,        1891,      -14.00666203,      -13.89676693,       -14.1513841
          0,           0,        1892,      -14.04710232,       -13.9088816,      -14.15309208
          0,           0,        1893,      -14.00808497,      -13.88358965,      -14.10057979
          0,           0,        1894,      -14.18017334,      -14.06938985,       -14.2264121
          0,           0,        1895,      -14.10580725,      -13.95818848,      -14.19483623
          0,           0,        1896,      -14.08062854,      -13.95078418,      -14.20770065
          0,           0,        1897,      -14.09989139,      -13.97072529,      -14.18351591
          0,           0,        1898,      -14.05341341,      -13.92250919,      -14.16385193
          0,           0,        1899,      -14.06714918,      -13.93350524,      -14.14849679
          0,           0,        1900,       -14.0297051,        -13.924284,      -14.09683493
          0,           0,        1901,      -14.08909308,      -13.98223637,      -14.17589802
          0,           0,        1902,      -14.06372584,         -13.94443,      -14.16110715
          0,           0,        1903,      -14.06137599,      -13.91880234,      -14.14235039
          0,           0,        1904,      -14.06255219,      -13.92532239,      -14.19758388
          0,           0,        1905,      -13.94491594,      -13.81775201,      -14.11977015
          0,           0,        1906,      -14.09194802,      -13.96170381,      -14.16507118
          0,           0,        1907,      -14.04064919,      -13.90159576,      -14.12648473
          0,           0,        1908,       -14.0554255,      -13.93512719,      -14.16564856
          0,           0,        1909,      -14.00531706,      -13.87213578,      -14.05857961
          0,           0,        1910,      -14.02072488,      -13.91930189,      -14.20161686
          0,           0,        1911,      -14.08554572,      -13.97269352,      -14.22503884
          0,           0,        1912,      -14.05712068,      -13.93899611,      -14.16253149
          0,           0,        1913,      -14.10061896,      -13.96114587,       -14.2038906
          0,           0,        1914,      -14.03048792,      -13.88836976,      -14.06434955
          0,           0,        1915,      -14.02055833,       -13.8976188,      -14.11110298
          0,           0,        1916,      -14.04555538,      -13.93038894,      -14.18058754
          0,           0,        1917,      -14.06566401,      -13.93706614,      -14.19403434
          0,           0,        1918,      -14.03563304,      -13.91539669,      -14.20867051
          0,           0,        1919,      -14.04816503,      -13.93077644,      -14.15274435
          0,           0,        1920,      -14.10976753,      -13.99414458,       -14.1625715
          0,           0,        1921,      -14.09640659,      -13.95117395,      -14.20072677
          0,           0,        1922,      -14.07327575,       -13.9326383,      -14.16959936
          0,           0,        1923,      -14.06372478,      -13.95801585,      -14.17328729
          0,           0,        1924,      -14.05256072,      -13.94317482,       -14.1141828
          0,           0,        1925,      -14.06558387,      -13.96524874,      -14.23098986
          0,           0,        1926,      -14.09654741,      -13.95539129,      -14.13090307
          0,           0,        1927,      -14.07821718,      -13.95128627,      -14.15189477
          0,           0,        1928,      -14.02193654,      -13.89195933,      -14.07670308
          0,           0,        1929,      -14.04912771,      -13.91916151,      -14.14654585
          0,           0,        1930,      -14.13923868,      -14.02802538,      -14.21332413
          0,           0,        1931,      -14.03570555,      -13.88661929,      -14.12980283
          0,           0,        1932,      -14.05901662,      -13.94561619,      -14.16020455
          0,           0,        1933,      -14.00148776,      -13.88647453,      -14.12591859
          0,           0,        1934,       -13.9616401,      -13.84286321,      -14.04878436
          0,           0,        1935,      -14.02581649,      -13.91420427,      -14.09355774
          0,           0,        1936,      -14.05138014,      -13.94173562,      -14.18963517
          0,           0,        1937,      -13.95675131,      -13.83090217,      -14.16947794
          0,           0,        1938,       -14.0936355,      -13.96937845,      -14.20947192
          0,           0,        1939,      -14.08359068,      -13.96942454,      -14.22337662
          0,           0,        1940,      -14.06964541,      -13.94327529,      -14.17131974
          0,           0,        1941,      -14.07878701,       -13.9621783,      -14.12042385
          0,           0,        1942,      -14.06208267,       -13.9152499,      -14.17465909
          0,           0,        1943,      -14.00853917,      -13.88015046,      -14.11050897
          0,           0,        1944,      -14.09547311,      -13.97455521,      -14.17221692
          0,           0,        1945,      -14.11763676,      -13.96952422,      -14.20945971
          0,           0,        1946,      -14.05915253,      -13.91269091,      -14.22032918
          0,           0,        1947,      -14.06656317,      -13.92638687,      -14.14093221
          0,           0,        1948,      -14.02077899,      -13.90564046,      -14.14579984
          0,           0,        1949,      -14.15528329,      -14.03446382,      -14.25900591
          0,           0,        1950,      -14.03090079,        -13.910966,      -14.17871999
          0,           0,        1951,      -14.10052168,       -13.9657938,      -14.22945159
          0,           0,        1952,      -14.09062303,      -13.96546811,      -14.15959743
          0,           0,        1953,      -14.06149948,      -13.94952103,      -14.19555089
          0,           0,        1954,      -14.02632114,      -13.89769605,      -14.14164893
          0,           0,        1955,      -14.03925159,      -13.91350437,      -14.17745849
          0,           0,        1956,      -13.98431531,      -13.86622765,      -14.13937766
          0,           0,        1957,      -14.11838846,      -13.98215975,      -14.13997094
          0,           0,        1958,      -14.01401963,      -13.88392742,      -14.18471813
          0,           0,        1959,      -14.10780279,      -13.99991072,      -14.19391126
          0,           0,        1960,      -13.92748568,       -13.7939016,      -14.09096864
          0,           0,        1961,      -13.98968868,      -13.87624298,       -14.0938503
          0,           0,        1962,      -14.05408902,      -13.92905753,      -14.15814645
          0,           0,        1963,       -14.0290235,      -13.89360642,       -14.1456008
          0,           0,        1964,      -13.98099629,      -13.85983217,      -14.12287068
          0,           0,        1965,      -14.07447119,      -13.94569061,      -14.16568921
          0,           0,        1966,      -13.99728203,      -13.87304236,      -14.09510582
          0,           0,        1967,      -14.06161734,      -13.95460444,          -14.1323
          0,           0,        1968,      -13.97970695,      -13.86517545,      -14.15011236
          0,           0,        1969,      -14.17897254,      -14.04923188,      -14.21739993
          0,           0,        1970,      -14.04138493,      -13.91578225,      -14.15374701
          0,           0,        1971,      -14.07970395,       -13.9752469,      -14.17831935
          0,           0,        1972,      -14.09488017,      -13.97610369,      -14.20960564
          0,           0,        1973,      -14.04280158,      -13.92354459,      -14.15122159
          0,           0,        1974,      -14.01967697,      -13.89372578,      -14.17414578
          0,           0,        1975,      -14.03544411,      -13.91426143,      -14.13139001
          0,           0,        1976,      -14.02252408,      -13.89988865,      -14.21684503
          0,           0,        1977,      -14.12339301,       -13.9960795,      -14.18228369
          0,           0,        1978,      -14.02127463,      -13.90345458,      -14.13123201
          0,           0,        1979,      -13.97845184,      -13.86194451,      -14.15382935
          0,           0,        1980,       -14.0033613,      -13.87048736,      -14.11911286
          0,           0,        1981,       -14.0332675,      -13.88267655,      -14.13204229
          0,           0,        1982,      -14.07518202,      -13.94362061,      -14.17053882
          0,           0,        1983,      -14.04173145,      -13.92041825,      -14.16004415
          0,           0,        1984,      -14.06115695,      -13.94060589,      -14.18925569
          0,           0,        1985,      -14.01686013,      -13.89214213,      -14.16233276
          0,           0,        1986,      -14.06868038,       -13.9671197,      -14.18485724
          0,           0,        1987,      -13.97477229,      -13.84063185,      -14.14875409
          0,           0,        1988,       -14.0533307,      -13.91595478,      -14.22323074
          0,           0,        1989,      -14.04914291,       -13.9350522,      -14.15621413
          0,           0,        1990,      -14.00906573,      -13.87661985,       -14.1408442
          0,           0,        1991,      -14.10598668,      -14.00258354,      -14.21721406
          0,           0,        1992,      -14.02782993,      -13.93287544,      -14.14836319
          0,           0,        1993,      -14.04449539,      -13.91660164,      -14.17573086
          0,           0,        1994,      -14.07601745,      -13.95010931,      -14.18973223
          0,           0,        1995,      -14.07330304,      -13.94391692,      -14.18616885
          0,           0,        1996,      -14.01067272,      -13.89379525,      -14.11602185
          0,           0,        1997,      -14.08459283,       -13.9566408,      -14.15583881
          0,           0,        1998,      -13.99514724,      -13.87257039,      -14.10864344
          0,           0,        1999,      -14.00501734,      -13.87938866,      -14.06462834
          0,           0,        2000,      -14.02271194,      -13.88181782,       -14.1559474
          0,           0,        2001,      -14.02107588,      -13.90972544,      -14.20615371
          0,           0,        2002,      -14.15805306,      -14.06507101,      -14.21359031
          0,           0,        2003,      -14.01969084,      -13.92298478,      -14.13572994
          0,           0,        2004,      -14.06845461,      -13.91704405,      -14.17543527
          0,           0,        2005,      -14.04310325,      -13.89524483,      -14.15144158
          0,           0,        2006,      -14.14230525,      -13.96604702,       -14.2199916
          0,           0,        2007,       -14.0001577,      -13.85998507,      -14.14733056
          0,           0,        2008,      -14.03143736,       -13.8905218,      -14.09119311
          0,           0,        2009,       -14.0127475,      -13.89305392,        -14.157804
          0,           0,        2010,      -14.09669278,      -13.99614022,      -14.21174712
          0,           0,        2011,      -14.04448899,      -13.91350152,       -14.1280585
          0,           0,        2012,      -14.05115296,      -13.92170588,      -14.10176872
          0,           0,        2013,      -14.07647516,      -13.95002284,      -14.18561867
          0,           0,        2014,      -13.96376342,      -13.85853737,      -14.11605755
          0,           0,        2015,       -14.0417141,      -13.92401401,      -14.14855343
          0,           0,        2016,      -14.07277742,      -13.95543214,       -14.1370776
          0,           0,        2017,      -14.04379974,      -13.89659391,       -14.1466501
          0,           0,        2018,       -14.0375333,      -13.88731773,      -14.15470322
          0,           0,        2019,      -14.04473412,      -13.91730045,      -14.14151805
          0,           0,        2020,      -14.06053358,      -13.95969643,      -14.11659933
          0,           0,        2021,      -14.04075955,      -13.91476811,      -14.18163349
          0,           0,        2022,      -14.05905123,      -13.92060621,      -14.15608136
          0,           0,        2023,      -14.08619321,      -13.97816756,      -14.20436144
          0,           0,        2024,      -14.03090737,      -13.91638508,      -14.20042702
          0,           0,        2025,      -14.11613783,      -13.98271891,      -14.22046136
          0,           0,        2026,      -14.08925316,      -13.97483193,      -14.20817887
          0,           0,        2027,      -13.97422563,      -13.85032609,      -14.11487919
          0,           0,        2028,      -14.11651582,      -13.99608415,      -14.22740574
          0,           0,        2029,      -14.04153474,      -13.92998284,      -14.13427328
          0,           0,        2030,      -14.09000249,      -13.95656981,      -14.22242996
          0,           0,        2031,      -14.10221113,      -13.96675879,      -14.21871482
          0,           0,        2032,      -14.11158627,      -13.97346075,      -14.13557422
          0,           0,        2033,      -14.05899062,      -13.94426668,      -14.15908012
          0,           0,        2034,      -14.02416686,      -13.88520662,      -14.15799112
          0,           0,        2035,      -14.06585425,      -13.93154973,      -14.17397429
          0,           0,        2036,      -14.06778401,      -13.93462689,        -14.189139
          0,           0,        2037,      -13.98538629,      -13.85489507,      -14.11898458
          0,           0,        2038,      -14.07425645,      -13.95817451,      -14.10482271
          0,           0,        2039,      -14.02597504,      -13.89953079,      -14.19040756
          0,           0,        2040,      -14.01143302,       -13.8917937,      -14.16173684
          0,           0,        2041,      -14.07181807,      -13.96649749,      -14.20195039
          0,           0,        2042,      -14.07933251,      -13.97352348,      -14.16542322
          0,           0,        2043,      -14.06347762,      -13.93986565,      -14.13715674
          0,           0,        2044,      -14.09179198,      -13.96856548,      -14.25604876
          0,           0,        2045,       -14.1356003,      -14.02759865,      -14.12416317
          0,           0,        2046,      -14.06700082,      -13.93978649,      -14.15379246
          0,           0,        2047,      -13.98289963,      -13.84345072,      -14.07377799
          0,           0,        2048,      -14.06867381,      -13.94394643,      -14.21240507
          0,           0,        2049,       -14.0893965,      -13.95389751,      -14.21243376
          0,           0,        2050,      -14.05473276,      -13.91365315,      -14.16450459
          0,           0,        2051,      -14.04443646,      -13.92009332,      -14.12190468
          0,           0,        2052,      -14.03622253,      -13.91137058,      -14.15117877
          0,           0,        2053,      -14.00419885,      -13.88025023,      -14.18095821
          0,           0,        2054,      -14.08523064,      -13.95229029,      -14.21472312
          0,           0,        2055,      -14.01972422,      -13.88408697,       -14.1275571
          0,           0,        2056,      -14.02543264,      -13.89492226,        -14.169724
          0,           0,        2057,      -14.00050507,      -13.86425133,      -14.10068911
          0,           0,        2058,      -14.03569206,      -13.90190385,      -14.11731612
          0,           0,        2059,      -14.01734415,      -13.89828144,      -14.21945614
          0,           0,        2060,      -13.99930764,      -13.89450338,      -14.15049491
          0,           0,        2061,      -13.98572018,      -13.87231476,       -14.1207006
          0,           0,        2062,      -14.06101891,      -13.95869427,      -14.16032905
          0,           0,        2063,      -14.05379618,      -13.91926594,      -14.14462484
          0,           0,        2064,       -14.0920102,      -13.95360411,      -14.19166742
          0,           0,        2065,      -14.09843481,      -13.95454472,        -14.174663
          0,           0,        2066,      -14.04285731,      -13.91901142,      -14.14638585
          0,           0,        2067,      -14.00326932,      -13.89005984,      -14.13220489
          0,           0,        2068,      -14.10890819,      -14.00561128,      -14.17828946
          0,           0,        2069,      -13.99309172,      -13.84725028,      -14.04846296
          0,           0,        2070,      -13.99894385,      -13.87622573,      -14.13087613
          0,           0,        2071,      -14.08115493,      -13.95047308,      -14.16782903
          0,           0,        2072,      -14.02392482,      -13.89245816,      -14.15868682
          0,           0,        2073,      -14.05793567,      -13.92532283,       -14.2433878
          0,           0,        2074,      -14.14835334,      -14.02500529,      -14.23861865
          0,           0,        2075,      -14.07628314,      -13.95002064,      -14.17764045
          0,           0,        2076,       -14.1076114,      -13.99345778,       -14.2004617
          0,           0,        2077,      -14.04038963,      -13.90983532,      -14.12521593
          0,           0,        2078,      -14.02910979,      -13.90992118,      -14.12867459
          0,           0,        2079,      -14.00057877,      -13.88094547,      -14.15534761
          0,           0,        2080,      -14.10541088,      -13.98665358,      -14.20351424
          0,           0,        2081,      -14.07889477,      -13.95522794,      -14.16339365
          0,           0,        2082,       -14.1336935,      -13.99731975,      -14.18677099
          0,           0,        2083,      -14.02994457,      -13.90460842,      -14.11954775
          0,           0,        2084,      -14.08184312,      -13.96211287,      -14.15001925
          0,           0,        2085,      -14.07541526,       -13.9394952,      -14.19212498
          0,           0,        2086,      -13.98905978,      -13.85013518,      -14.11443101
          0,           0,        2087,       -14.0234204,      -13.91352471,      -14.13922293
          0,           0,        2088,      -14.00993077,      -13.88149114,      -14.11735845
          0,           0,        2089,      -14.00646187,      -13.88489215,      -14.08139737
          0,           0,        2090,      -14.09466723,      -13.97138972,      -14.19144168
          0,           0,        2091,      -14.06137837,      -13.93528487,      -14.18312261
          0,           0,        2092,      -14.06835963,      -13.95137115,      -14.19742112
          0,           0,        2093,      -13.99920377,      -13.86862696,      -14.10500132
          0,           0,        2094,      -14.00760188,       -13.8808329,      -14.11562805
          0,           0,        2095,      -14.07960818,      -13.94542182,      -14.21756602
          0,           0,        2096,      -14.05348803,      -13.93562973,       -14.1325163
          0,           0,        2097,      -14.07345194,      -13.93197532,      -14.13496944
          0,           0,        2098,      -14.02018261,      -13.88211347,      -14.12665148
          0,           0,        2099,      -14.00593499,      -13.89044966,      -14.14319193
          0,           0,        2100,      -14.07710975,      -13.96703292,      -14.14352625
          0,           0,        2101,      -14.11943847,      -13.99849204,      -14.20879335
          0,           0,        2102,      -14.12803126,      -13.98878011,      -14.21667591
          0,           0,        2103,      -14.01115476,      -13.89799181,      -14.13233161
          0,           0,        2104,      -13.98974238,      -13.86872216,      -14.09089499
          0,           0,        2105,      -14.05401672,      -13.92089649,      -14.14382803
          0,           0,        2106,      -14.09466507,      -13.96501374,      -14.17317954
          0,           0,        2107,      -14.06455681,      -13.96127319,      -14.16187828
          0,           0,        2108,      -13.99519763,      -13.88430444,      -14.14273393
          0,           0,        2109,      -13.98072777,      -13.87586079,      -14.11825532
          0,           0,        2110,      -14.04864615,      -13.91879247,      -14.14268503
          0,           0,        2111,      -14.04311512,      -13.89343858,      -14.10533376
          0,           0,        2112,       -13.9799611,      -13.83742039,      -14.06621544
          0,           0,        2113,      -13.96804142,      -13.84056025,      -14.09753416
          0,           0,        2114,      -14.02477147,      -13.89894246,      -14.19604217
          0,           0,        2115,      -14.02155932,      -13.90150502,      -14.15250393
          0,           0,        2116,       -14.0606494,      -13.92123229,      -14.18796914
          0,           0,        2117,      -13.97514678,      -13.86101894,      -14.10577102
          0,           0,        2118,      -14.09496222,       -13.9720267,       -14.2060774
          0,           0,        2119,      -14.04363518,      -13.91945666,      -14.11894938
          0,           0,        2120,      -14.02137267,      -13.90215532,      -14.09194513
          0,           0,        2121,      -14.04758239,      -13.93992141,      -14.14136882
          0,           0,        2122,      -14.01085113,      -13.88707818,      -14.08457364
          0,           0,        2123,      -14.12220157,      -14.00038284,      -14.17188324
          0,           0,        2124,      -14.01220377,      -13.87228006,       -14.1095504
          0,           0,        2125,       -14.0098177,      -13.88805471,      -14.13300848
          0,           0,        2126,       -14.0518505,      -13.94070329,      -14.12934261
          0,           0,        2127,      -14.01669398,      -13.89167402,      -14.21092914
          0,           0,        2128,      -14.03070112,      -13.90240798,      -14.15184486
          0,           0,        2129,      -14.08620037,      -13.96506295,      -14.16629652
          0,           0,        2130,      -14.05610576,      -13.93174175,      -14.13325381
          0,           0,        2131,      -14.00151382,       -13.8849122,      -14.18879873
          0,           0,        2132,      -14.04973509,      -13.92889519,      -14.13142756
          0,           0,        2133,      -14.12460514,      -13.98525576,       -14.1838509
          0,           0,        2134,      -14.06761554,      -13.93268483,      -14.17635493
          0,           0,        2135,      -14.03380078,      -13.88965387,      -14.13633415
          0,           0,        2136,      -14.12369141,      -13.96479081,      -14.19585467
          0,           0,        2137,      -14.02149971,      -13.88311729,        -14.176408
          0,           0,        2138,      -14.09514334,      -13.96049532,      -14.18905107
          0,           0,        2139,      -14.03086011,      -13.91651593,      -14.15971257
          0,           0,        2140,      -14.01072263,      -13.88690809,      -14.10608967
          0,           0,        2141,      -14.14012292,      -14.02370569,      -14.22595933
          0,           0,        2142,      -14.06685287,      -13.94202843,      -14.17626424
          0,           0,        2143,      -14.08451285,      -13.96154459,      -14.18593351
          0,           0,        2144,      -13.98346038,      -13.85507957,      -14.10693883
          0,           0,        2145,      -13.98998429,       -13.8604653,      -14.12691525
          0,           0,        2146,      -14.02593949,      -13.88461621,      -14.15969157
          0,           0,        2147,      -14.10568785,      -14.00462831,      -14.15285378
          0,           0,        2148,       -13.9792016,      -13.84797511,       -14.1290995
          0,           0,        2149,       -14.0906803,      -13.96607436,      -14.21053201
          0,           0,        2150,       -14.0616433,      -13.93348171,      -14.15763921
          0,           0,        2151,      -14.07077244,      -13.95557995,      -14.19205364
          0,           0,        2152,      -14.13696877,      -13.99987086,      -14.20893452
          0,           0,        2153,      -14.06782026,      -13.94071449,      -14.13073515
          0,           0,        2154,      -14.05057654,      -13.93604924,      -14.11896786
          0,           0,        2155,      -14.02368595,      -13.91001887,      -14.14832547
          0,           0,        2156,      -14.05272104,      -13.92028036,      -14.10037902
          0,           0,        2157,       -14.0151413,      -13.88945751,      -14.09487159
          0,           0,        2158,      -14.01851389,      -13.90086189,      -14.13034291
          0,           0,        2159,      -14.11424267,      -14.00617496,       -14.2062146
          0,           0,        2160,      -14.05411068,      -13.92100451,      -14.15958527
          0,           0,        2161,      -14.03277629,      -13.89214768,      -14.12893401
          0,           0,        2162,      -14.09528868,      -13.94810526,      -14.17822655
          0,           0,        2163,      -14.00830299,      -13.86993917,      -14.12270577
          0,           0,        2164,      -14.04030669,       -13.9217398,      -14.12024693
          0,           0,        2165,       -13.9774873,      -13.85364234,      -14.12977827
          0,           0,        2166,      -14.00478988,       -13.8741962,      -14.16170105
          0,           0,        2167,      -14.01103442,      -13.89525611,      -14.11113029
          0,           0,        2168,      -14.01047479,      -13.87582424,      -14.10814841
          0,           0,        2169,      -14.05191708,      -13.94079662,      -14.16529844
          0,           0,        2170,      -14.10480101,      -13.98952169,      -14.19316656
          0,           0,        2171,      -14.07423638,      -13.96257146,       -14.2163646
          0,           0,        2172,       -14.0908442,      -13.97491196,       -14.1340678
          0,           0,        2173,      -13.95472615,      -13.82312323,      -14.09513718
          0,           0,        2174,      -14.04228938,      -13.92904553,      -14.14673791
          0,           0,        2175,      -14.06402578,      -13.92752577,        -14.134798
          0,           0,        2176,      -14.00155811,      -13.88471559,      -14.11131935
          0,           0,        2177,      -13.99245741,       -13.8586776,       -14.1186074
          0,           0,        2178,      -14.07096153,      -13.92520591,      -14.13943992
          0,           0,        2179,      -14.04411922,      -13.92914098,      -14.12989731
          0,           0,        2180,      -13.98565724,      -13.87121912,      -14.13356806
          0,           0,        2181,      -13.93252317,      -13.79464044,      -14.09035712
          0,           0,        2182,      -14.00086902,      -13.85669131,      -14.13303051
          0,           0,        2183,      -14.04572547,      -13.93686066,       -14.1444472
          0,           0,        2184,      -14.07255585,      -13.94367956,      -14.18464901
          0,           0,        2185,      -14.10910525,      -13.96616214,      -14.17151195
          0,           0,        2186,      -13.95229482,      -13.83855924,      -14.10259456
          0,           0,        2187,      -14.12400499,      -14.02511783,      -14.20934063
          0,           0,        2188,      -14.00106725,      -13.86952308,      -14.14693929
          0,           0,        2189,      -13.99464617,      -13.86938353,       -14.0822818
          0,           0,        2190,      -13.99961435,       -13.8713503,      -14.14062774
          0,           0,        2191,        -14.019499,      -13.85488657,      -14.14677906
          0,           0,        2192,      -14.05303746,      -13.92031922,      -14.15239777
          0,           0,        2193,      -14.01634194,      -13.90378952,      -14.15998683
          0,           0,        2194,      -14.07159587,      -13.93737993,      -14.21431163
          0,           0,        2195,      -14.08380484,      -13.95494291,      -14.19920202
          0,           0,        2196,      -14.00813689,      -13.88906183,      -14.12989877
          0,           0,        2197,      -13.99194562,      -13.86662708,      -14.12319747
          0,           0,        2198,      -14.06629114,      -13.94618626,      -14.16979637
          0,           0,        2199,      -14.05080567,      -13.93521087,      -14.22604855
          0,           0,        2200,       -14.0478128,      -13.92783911,      -14.08041001
          0,           0,        2201,        -13.984002,      -13.87132462,      -14.12171423
          0,           0,        2202,       -14.0358659,      -13.90432134,      -14.15542357
          0,           0,        2203,      -14.04723777,      -13.92310317,      -14.09106784
          0,           0,        2204,      -14.05301632,      -13.92164099,      -14.17113026
          0,           0,        2205,      -14.00432493,      -13.87880122,      -14.12560009
          0,           0,        2206,      -14.16763875,      -14.05234594,      -14.20923233
          0,           0,        2207,       -14.0282347,      -13.90618205,      -14.12561444
          0,           0,        2208,      -14.03908874,      -13.92452501,      -14.15149851
          0,           0,        2209,      -14.01028409,      -13.89356765,      -14.12332807
          0,           0,        2210,      -14.00884384,      -13.88710382,      -14.10649915
          0,           0,        2211,      -13.93943292,      -13.82088227,      -14.10022818
          0,           0,        2212,      -14.01473157,      -13.90943449,      -14.14667743
          0,           0,        2213,      -14.06977682,      -13.94917228,       -14.1723617
          0,           0,        2214,      -14.05086253,      -13.93457635,      -14.10755029
          0,           0,        2215,      -14.01618037,      -13.89169902,      -14.14570064
          0,           0,        2216,      -14.05338252,      -13.92793587,      -14.17775206
          0,           0,        2217,      -13.97101943,       -13.8495046,      -14.13070558
          0,           0,        2218,      -14.00876558,        -13.859158,       -14.1411391
          0,           0,        2219,      -14.08452398,      -13.95741871,      -14.11992154
          0,           0,        2220,      -14.05067641,      -13.91886619,      -14.14262674
          0,           0,        2221,      -14.12559529,      -14.00972812,       -14.2281974
          0,           0,        2222,      -14.04441173,      -13.92131589,      -14.12384444
          0,           0,        2223,       -14.0407166,      -13.93240507,      -14.16277045
          0,           0,        2224,      -14.01746407,      -13.89834111,      -14.08902311
          0,           0,        2225,      -13.99979614,      -13.88179147,       -14.1267784
          0,           0,        2226,      -14.06158286,      -13.94588566,      -14.13584435
          0,           0,        2227,      -14.08626836,      -13.94065427,      -14.18203195
          0,           0,        2228,      -13.99142972,      -13.85298202,      -14.08191185
          0,           0,        2229,      -14.04483554,      -13.93073296,      -14.15178353
          0,           0,        2230,      -14.07047099,      -13.95923039,       -14.1510007
          0,           0,        2231,      -14.06254009,      -13.93188886,       -14.1793459
          0,           0,        2232,      -14.04201739,      -13.90780598,      -14.11565368
          0,           0,        2233,      -14.07886539,      -13.97395352,      -14.14822978
          0,           0,        2234,      -14.09116747,      -13.94606901,      -14.15557145
          0,           0,        2235,      -14.03906427,      -13.91577271,      -14.11227373
          0,           0,        2236,      -14.09129626,      -13.98485072,      -14.20009987
          0,           0,        2237,      -14.11318759,      -13.99254522,      -14.16416058
          0,           0,        2238,      -14.06049981,      -13.93254748,      -14.16361556
          0,           0,        2239,      -14.07485204,      -13.95997043,      -14.19426258
          0,           0,        2240,      -14.15654792,      -14.02459809,       -14.2196247
          0,           0,        2241,      -14.05614724,      -13.93306136,      -14.20725311
          0,           0,        2242,      -14.13603088,      -14.00188806,      -14.22020264
          0,           0,        2243,      -14.05475408,      -13.90766641,      -14.16737135
          0,           0,        2244,       -14.0756117,      -13.94746037,      -14.21294472
          0,           0,        2245,      -14.03873083,       -13.9104393,      -14.19295786
          0,           0,        2246,      -14.06141687,      -13.93242538,       -14.1201479
          0,           0,        2247,      -14.06779228,      -13.93002062,      -14.11408963
          0,           0,        2248,      -13.97536151,      -13.84136826,      -14.07281554
          0,           0,        2249,      -14.00601177,      -13.88906908,      -14.12409512
          0,           0,        2250,      -14.01579359,      -13.91789953,      -14.18644554
          0,           0,        2251,       -14.0414718,      -13.91722365,      -14.13419212
          0,           0,        2252,      -14.00605743,      -13.87670279,      -14.13699744
          0,           0,        2253,      -14.02575531,      -13.90319338,      -14.13438571
          0,           0,        2254,      -14.02192699,      -13.87927545,      -14.07277786
          0,           0,        2255,      -14.04491313,      -13.90410471,      -14.15255152
          0,           0,        2256,      -14.01513596,      -13.87392011,      -14.15490093
          0,           0,        2257,       -14.0527836,       -13.9282178,      -14.20274702
          0,           0,        2258,      -14.07235547,      -13.94947352,      -14.17320418
          0,           0,        2259,      -14.01915202,      -13.91252299,      -14.13864535
          0,           0,        2260,      -14.05751044,      -13.94539898,      -14.19211493
          0,           0,        2261,      -14.06112434,      -13.93580827,      -14.18619959
          0,           0,        2262,      -14.04249281,      -13.90762571,      -14.14427724
          0,           0,        2263,      -14.00439696,       -13.8829156,      -14.19570417
          0,           0,        2264,      -14.06532829,      -13.94060057,      -14.18202257
          0,           0,        2265,      -14.01844266,      -13.90650691,      -14.10735377
          0,           0,        2266,      -14.01206117,       -13.8699893,      -14.17479562
          0,           0,        2267,      -14.06429204,      -13.93426976,      -14.12164199
          0,           0,        2268,      -14.04113686,      -13.92335188,      -14.16337028
          0,           0,        2269,       -14.0046478,      -13.87223089,       -14.1429178
          0,           0,        2270,      -14.00810466,      -13.91085598,      -14.10570136
          0,           0,        2271,      -14.04095252,      -13.93899782,      -14.17314266
          0,           0,        2272,      -14.05607629,      -13.91785714,      -14.17626674
          0,           0,        2273,      -14.12080867,      -13.99602505,      -14.23783064
          0,           0,        2274,      -13.96372382,      -13.85580918,      -14.11717998
          0,           0,        2275,      -14.02636933,      -13.90669729,      -14.16064894
          0,           0,        2276,      -14.01087567,       -13.8766526,      -14.10436202
          0,           0,        2277,      -14.02381205,      -13.89003929,      -14.11914799
          0,           0,        2278,      -14.11701128,      -13.98014389,      -14.19613881
          0,           0,        2279,      -14.02807159,      -13.88698249,      -14.10913982
          0,           0,        2280,      -13.99103207,       -13.8653606,      -14.16431525
          0,           0,        2281,      -14.05719048,      -13.93310858,      -14.19318518
          0,           0,        2282,       -14.0725473,      -13.95843317,      -14.13960521
          0,           0,        2283,      -14.02449047,      -13.92902391,      -14.15698203
          0,           0,        2284,      -14.12064796,       -13.9999132,      -14.18278363
          0,           0,        2285,      -14.14764946,      -14.00874706,      -14.19857675
          0,           0,        2286,      -13.97503843,      -13.83927936,      -14.10057977
          0,           0,        2287,      -14.02017002,      -13.88795024,      -14.12326055
          0,           0,        2288,      -14.02888029,      -13.91481381,      -14.10341923
          0,           0,        2289,      -14.01803679,      -13.90781318,      -14.16183284
          0,           0,        2290,      -13.99549389,      -13.88324524,      -14.05706134
          0,           0,        2291,      -14.03049311,      -13.90432007,      -14.16805838
          0,           0,        2292,      -14.04950026,      -13.93489943,      -14.15754905
          0,           0,        2293,      -14.14146545,      -14.00955748,      -14.19824512
          0,           0,        2294,      -14.09705263,      -13.96151801,      -14.17812036
          0,           0,        2295,      -14.02935707,      -13.89325702,      -14.18021881
          0,           0,        2296,      -14.07774296,      -13.95750572,      -14.15846551
          0,           0,        2297,      -14.13797649,      -13.99683379,      -14.20795328
          0,           0,        2298,      -14.03559371,       -13.8962848,      -14.13612229
          0,           0,        2299,       -13.9990426,      -13.86229429,      -14.13834107
          0,           0,        2300,      -13.96097633,      -13.85123476,       -14.1327678
          0,           0,        2301,      -14.02114526,      -13.88640071,      -14.21948915
          0,           0,        2302,      -14.08508729,      -13.94694063,      -14.15198016
          0,           0,        2303,      -14.02319146,      -13.90107327,       -14.1302759
          0,           0,        2304,      -14.10940215,      -13.97429987,      -14.16901862
          0,           0,        2305,      -14.01792179,      -13.88260125,      -14.12351746
          0,           0,        2306,      -14.08007466,       -13.9729479,      -14.21651227
          0,           0,        2307,      -14.03901086,      -13.91878755,      -14.16008198
          0,           0,        2308,        -14.152723,      -14.03985059,      -14.24327519
          0,           0,        2309,      -14.02581589,      -13.89346481,       -14.1189329
          0,           0,        2310,      -14.07321358,      -13.92807776,      -14.17998497
          0,           0,        2311,      -14.06891696,      -13.94556517,      -14.15262774
          0,           0,        2312,      -14.07173569,      -13.94806769,      -14.16298317
          0,           0,        2313,       -14.0771342,      -13.94443137,      -14.23507538
          0,           0,        2314,      -14.02448085,      -13.89903442,      -14.10710765
          0,           0,        2315,      -14.05358035,      -13.92593199,      -14.11032799
          0,           0,        2316,      -14.06223699,      -13.93371937,      -14.16873342
          0,           0,        2317,      -14.04617584,      -13.92244596,      -14.17616438
          0,           0,        2318,      -14.10778345,      -13.98790497,      -14.22456281
          0,           0,        2319,      -14.05254618,      -13.93379728,      -14.13121234
          0,           0,        2320,      -14.07373154,      -13.95874324,      -14.18518831
          0,           0,        2321,      -14.14535515,       -14.0369329,      -14.17706386
          0,           0,        2322,      -14.01231687,      -13.88180919,      -14.12070626
          0,           0,        2323,      -14.01462446,      -13.89059983,       -14.1403012
          0,           0,        2324,      -14.04062895,      -13.91382284,      -14.15998615
          0,           0,        2325,      -14.03293439,      -13.90463651,      -14.17254753
          0,           0,        2326,      -14.12451093,      -13.98577079,      -14.13809615
          0,           0,        2327,      -13.99593413,      -13.87075483,      -14.05169373
          0,           0,        2328,      -14.04560347,      -13.90864658,      -14.14788109
          0,           0,        2329,      -14.02029347,      -13.88567655,      -14.12259601
          0,           0,        2330,      -14.02341167,      -13.89346273,      -14.14219048
          0,           0,        2331,      -14.06714271,      -13.94419206,      -14.13557692
          0,           0,        2332,      -14.04550329,       -13.8980445,      -14.15247522
          0,           0,        2333,      -14.06463723,      -13.92281513,      -14.17177069
          0,           0,        2334,      -14.06627631,      -13.93831156,      -14.18429957
          0,           0,        2335,      -14.00284522,      -13.86764856,      -14.10643072
          0,           0,        2336,      -14.06763875,      -13.92477239,      -14.16706355
          0,           0,        2337,      -14.06991388,      -13.93461024,      -14.15339236
          0,           0,        2338,      -14.10069066,      -13.96428447,      -14.19178697
          0,           0,        2339,       -14.0516205,      -13.93061553,      -14.14931034
          0,           0,        2340,      -14.04032057,      -13.91719614,      -14.09588445
          0,           0,        2341,      -14.01404079,      -13.87779913,      -14.11637328
          0,           0,        2342,      -14.12467237,      -13.99453136,      -14.18041279
          0,           0,        2343,      -14.04566444,      -13.91466195,      -14.12763247
          0,           0,        2344,       -13.9706593,      -13.86648669,      -14.15807394
          0,           0,        2345,      -13.96568719,      -13.83814343,      -14.06463086
          0,           0,        2346,      -14.06168421,      -13.93509972,      -14.15474851
          0,           0,        2347,      -14.00717841,      -13.88681574,      -14.11124597
          0,           0,        2348,       -14.0049583,      -13.87873224,      -14.07485057
          0,           0,        2349,      -13.95059033,      -13.83624839,       -14.1273031
          0,           0,        2350,       -14.1273896,      -13.99546536,      -14.22344613
          0,           0,        2351,      -14.03727349,      -13.92439369,      -14.17930743
          0,           0,        2352,      -14.06456351,      -13.94792972,       -14.1434488
          0,           0,        2353,      -14.02213094,       -13.8988537,      -14.09641583
          0,           0,        2354,      -14.02977914,      -13.89275799,      -14.11317143
          0,           0,        2355,       -13.9904046,       -13.8546024,      -14.15123089
          0,           0,        2356,      -14.08340123,      -13.93430598,      -14.12343345
          0,           0,        2357,       -14.0111909,      -13.88584086,      -14.10823419
          0,           0,        2358,      -14.05955136,      -13.92811905,      -14.21039678
          0,           0,        2359,      -14.06534099,      -13.93202627,      -14.15721092
          0,           0,        2360,      -14.05178334,       -13.9102085,      -14.15358845
          0,           0,        2361,       -14.0188707,      -13.90318845,      -14.15037439
          0,           0,        2362,      -14.06213156,      -13.96511146,      -14.21241216
          0,           0,        2363,      -14.08130521,      -13.97880916,      -14.16386343
          0,           0,        2364,      -14.08584157,       -13.9728037,      -14.19970424
          0,           0,        2365,      -14.04959502,      -13.92965035,      -14.15179166
          0,           0,        2366,      -14.00146258,      -13.87365533,      -14.10355772
          0,           0,        2367,      -14.06996771,      -13.92822524,      -14.19607143
          0,           0,        2368,      -14.06448602,      -13.93225208,      -14.18548321
          0,           0,        2369,      -14.01038695,      -13.88800974,      -14.14901339
          0,           0,        2370,      -14.10768824,      -13.96916629,      -14.19643497
          0,           0,        2371,      -14.04149613,      -13.90190242,      -14.13168272
          0,           0,        2372,      -14.02760932,      -13.89556857,      -14.14553475
          0,           0,        2373,      -14.10226879,      -13.98653283,      -14.21323514
          0,           0,        2374,      -13.99212769,      -13.86150017,      -14.12253231
          0,           0,        2375,      -13.98996869,      -13.85743532,      -14.12746441
          0,           0,        2376,      -14.08802033,      -13.95564751,      -14.15555655
          0,           0,        2377,      -14.04489719,      -13.90791516,      -14.13341298
          0,           0,        2378,      -14.09215544,      -13.94760838,      -14.15436521
          0,           0,        2379,      -14.07316557,      -13.96086803,      -14.15193376
          0,           0,        2380,      -14.06092695,      -13.91372082,      -14.14196011
          0,           0,        2381,      -14.04169891,      -13.91123583,      -14.15128197
          0,           0,        2382,      -14.09167039,      -13.96653946,      -14.15757385
          0,           0,        2383,      -14.05600779,      -13.92807937,      -14.16796118
          0,           0,        2384,      -14.07340429,      -13.94386968,      -14.17154084
          0,           0,        2385,      -14.11415431,      -13.97194796,      -14.19260654
          0,           0,        2386,      -14.11095198,      -13.99426166,      -14.15575154
          0,           0,        2387,      -14.06149212,      -13.92704618,      -14.17762509
          0,           0,        2388,      -13.99459273,      -13.86529506,      -14.14311178
          0,           0,        2389,      -14.09872233,      -13.99007514,       -14.1795669
          0,           0,        2390,      -14.04583264,      -13.94319478,      -14.16121199
          0,           0,        2391,      -14.13939075,      -14.01099435,      -14.25718255
          0,           0,        2392,      -14.05908756,      -13.92882286,      -14.20509899
          0,           0,        2393,      -14.01864354,      -13.88500503,      -14.14181335
          0,           0,        2394,      -14.06874914,       -13.9528268,        -14.157928
          0,           0,        2395,      -14.03571798,       -13.8995737,      -14.12623512
          0,           0,        2396,      -14.00319644,      -13.87175885,      -14.13343318
          0,           0,        2397,      -14.06783719,      -13.92943392,       -14.1685101
          0,           0,        2398,      -14.04273747,      -13.92278518,      -14.14479552
          0,           0,        2399,      -14.03155585,      -13.92023066,      -14.13528279
          0,           0,        2400,      -14.05825652,      -13.93838792,      -14.14676065
          0,           0,        2401,      -14.09786575,       -13.9701525,      -14.16834967
          0,           0,        2402,      -14.10259087,      -13.99461055,      -14.15077194
          0,           0,        2403,      -14.00322359,      -13.87492584,      -14.17755696
          0,           0,        2404,      -14.06027908,      -13.92446429,      -14.13884942
          0,           0,        2405,      -13.98512388,      -13.85921336,      -14.10258438
          0,           0,        2406,      -14.03765913,      -13.90773194,      -14.15063904
          0,           0,        2407,      -14.07083452,      -13.95806893,      -14.23039053
          0,           0,        2408,      -14.07449833,        -13.950462,      -14.19627031
          0,           0,        2409,      -14.09443886,      -13.95351602,      -14.16555127
          0,           0,        2410,      -14.09103408,      -13.97770145,      -14.18399791
          0,           0,        2411,      -14.07634014,      -13.94902117,       -14.2108792
          0,           0,        2412,       -14.0491902,        -13.932985,      -14.16845462
          0,           0,        2413,      -14.03687201,      -13.90279568,      -14.16425636
          0,           0,        2414,      -14.05632847,      -13.94106072,      -14.15845216
          0,           0,        2415,      -13.93888857,      -13.81762997,      -14.08706229
          0,           0,        2416,      -14.03182824,      -13.91650262,      -14.12670413
          0,           0,        2417,      -14.07474493,      -13.93087335,      -14.14977032
          0,           0,        2418,      -14.05174955,      -13.92417801,      -14.14321478
          0,           0,        2419,      -14.00398952,      -13.88248633,        -14.142276
          0,           0,        2420,      -14.00099732,      -13.88245349,      -14.13802794
          0,           0,        2421,      -14.02152332,      -13.91409639,      -14.14780527
          0,           0,        2422,      -14.10583642,      -13.98280935,      -14.18475328
          0,           0,        2423,      -14.07978351,      -13.94081772,      -14.13732256
          0,           0,        2424,      -14.01775167,      -13.88684015,      -14.14654548
          0,           0,        2425,      -13.97716758,      -13.83599331,      -14.10989681
          0,           0,        2426,      -13.99329316,      -13.84757588,      -14.15210656
          0,           0,        2427,      -14.08353123,      -13.95319076,      -14.15470069
          0,           0,        2428,       -13.9920479,      -13.86728429,      -14.06440036
          0,           0,        2429,      -14.03898492,      -13.91135304,      -14.13420258
          0,           0,        2430,      -14.08759836,      -13.95938374,       -14.2060147
          0,           0,        2431,       -14.0243425,      -13.90687753,       -14.1425793
          0,           0,        2432,      -14.04580765,      -13.91619837,      -14.13870725
          0,           0,        2433,      -14.06770069,      -13.94864585,      -14.16411798
          0,           0,        2434,      -14.02079135,      -13.88933558,      -14.13415365
          0,           0,        2435,      -13.99956551,      -13.87569012,      -14.13549312
          0,           0,        2436,      -14.04790211,      -13.92438044,      -14.16948047
          0,           0,        2437,      -14.08931688,      -13.97862931,      -14.22784896
          0,           0,        2438,      -14.08470691,      -13.96304708,      -14.21866942
          0,           0,        2439,      -14.11581015,      -13.97240685,       -14.1941365
          0,           0,        2440,      -14.14586431,      -14.00841874,       -14.1595621
          0,           0,        2441,      -14.05635399,      -13.93832484,      -14.12380183
          0,           0,        2442,      -13.97532693,      -13.84522879,      -14.11917904
          0,           0,        2443,      -14.06828437,       -13.9399877,       -14.1945453
          0,           0,        2444,      -14.02444617,      -13.89910652,       -14.1636869
          0,           0,        2445,      -14.10054161,       -13.9890389,      -14.16119966
          0,           0,        2446,      -14.03693911,      -13.90997599,      -14.14569669
          0,           0,        2447,      -14.11525744,      -14.00573902,      -14.20040693
          0,           0,        2448,      -14.06664134,      -13.94301109,      -14.18727731
          0,           0,        2449,      -14.06501014,      -13.92311619,      -14.14613568
          0,           0,        2450,      -14.03643909,      -13.93121884,      -14.13317618
          0,           0,        2451,      -14.03297518,      -13.90809977,      -14.13572148
          0,           0,        2452,      -14.03965809,      -13.89728262,      -14.14207295
          0,           0,        2453,       -14.0087958,      -13.88015718,      -14.09970574
          0,           0,        2454,      -14.06373942,      -13.93935749,      -14.15286319
          0,           0,        2455,      -14.02136079,      -13.88735018,      -14.11356422
          0,           0,        2456,      -14.03118833,      -13.89662057,      -14.18514966
          0,           0,        2457,      -14.08649222,       -13.9682124,       -14.1779537
          0,           0,        2458,      -14.02124252,      -13.88111788,      -14.15216143
          0,           0,        2459,      -14.07282874,      -13.93795569,      -14.11066108
          0,           0,        2460,      -14.01126455,      -13.88583331,      -14.11727106
          0,           0,        2461,      -13.92811246,      -13.80362319,      -14.05481341
          0,           0,        2462,      -14.08594398,        -13.982125,      -14.16024016
          0,           0,        2463,      -13.98180834,       -13.8613438,      -14.11450816
          0,           0,        2464,      -14.06445868,      -13.93678858,      -14.12550174
          0,           0,        2465,      -14.13130048,      -13.99532839,      -14.20690226
          0,           0,        2466,      -14.05171799,      -13.91344686,       -14.1885852
          0,           0,        2467,      -14.07963119,      -13.95357772,      -14.14755768
          0,           0,        2468,      -13.96201849,      -13.83515973,      -14.09187845
          0,           0,        2469,      -14.02294257,      -13.90076567,      -14.09752833
          0,           0,        2470,      -14.12104195,      -14.00498007,      -14.22304194
          0,           0,        2471,      -14.14913212,      -14.03292734,      -14.21228103
          0,           0,        2472,       -14.0310056,      -13.89249547,      -14.15183393
          0,           0,        2473,      -14.02186227,      -13.89133157,      -14.14017152
          0,           0,        2474,      -14.05584913,      -13.93050359,      -14.13431025
          0,           0,        2475,      -14.06171393,      -13.94852448,      -14.12996239
          0,           0,        2476,      -14.08214894,      -13.96851888,      -14.16634583
          0,           0,        2477,       -14.1046481,      -13.95024583,      -14.17885626
          0,           0,        2478,      -14.08984208,      -13.95712237,      -14.24165742
          0,           0,        2479,       -14.1227076,      -13.98310618,      -14.19867971
          0,           0,        2480,      -14.10662113,      -13.97019721,      -14.15288234
          0,           0,        2481,      -14.00597291,      -13.86153865,       -14.0944912
          0,           0,        2482,      -14.01457781,      -13.88959856,      -14.10833258
          0,           0,        2483,      -14.05280124,       -13.9370254,      -14.18253169
          0,           0,        2484,      -14.12997327,      -14.02461755,      -14.22227028
          0,           0,        2485,      -14.12198651,      -14.00604186,      -14.19141347
          0,           0,        2486,      -14.07288738,      -13.93493034,      -14.19310964
          0,           0,        2487,      -13.95804163,       -13.8192539,      -14.15316786
          0,           0,        2488,      -14.08824753,      -13.93221282,       -14.1354023
          0,           0,        2489,      -14.00485902,      -13.87898196,      -14.12304461
          0,           0,        2490,      -14.05156007,      -13.93238385,      -14.17204015
          0,           0,        2491,       -14.1251615,      -13.99499773,      -14.18960368
          0,           0,        2492,      -14.05566299,      -13.93899636,      -14.15641647
          0,           0,        2493,      -14.06197449,      -13.91860434,      -14.13890697
          0,           0,        2494,      -14.07026207,      -13.94579385,       -14.1572171
          0,           0,        2495,      -14.07213146,      -13.95953297,      -14.24754179
          0,           0,        2496,      -13.98821706,       -13.8808174,      -14.08517796
          0,           0,        2497,      -14.07344459,      -13.95104496,      -14.15141344
          0,           0,        2498,      -14.06895718,      -13.96706883,      -14.14621946
          0,           0,        2499,      -14.06494813,      -13.95945997,      -14.19584619
          0,           0,        2500,      -14.06328123,      -13.93453798,      -14.16505916
          0,           0,        2501,      -14.08108385,        -13.948308,       -14.1360019
          0,           0,        2502,      -14.00184383,      -13.87235595,      -14.14815596
          0,           0,        2503,      -14.06020272,      -13.94375432,       -14.1713369
          0,           0,        2504,      -14.02659855,      -13.90936486,      -14.14719213
          0,           0,        2505,      -14.16051491,      -14.03326953,      -14.24482029
          0,           0,        2506,      -14.06927968,      -13.95355082,      -14.20337738
          0,           0,        2507,      -14.05253892,      -13.93258047,      -14.17428292
          0,           0,        2508,      -14.12937614,      -13.97774817,      -14.19344902
          0,           0,        2509,      -14.08305047,      -13.96248395,      -14.14250368
          0,           0,        2510,      -14.03679442,      -13.92078251,      -14.13972976
          0,           0,        2511,      -14.14017482,      -13.99283867,      -14.20621471
          0,           0,        2512,      -14.04131808,      -13.90869858,      -14.16310052
          0,           0,        2513,      -14.09073581,      -13.96392595,      -14.15899724
          0,           0,        2514,      -13.99906632,      -13.89123783,      -14.14281154
          0,           0,        2515,      -14.04095825,      -13.90863787,        -14.149313
          0,           0,        2516,      -14.00922316,      -13.88127038,      -14.13641469
          0,           0,        2517,      -13.97624382,      -13.84391368,      -14.15464802
          0,           0,        2518,      -14.12680414,      -13.98812808,      -14.21191988
          0,           0,        2519,      -14.12222744,      -14.00646502,      -14.23379168
          0,           0,        2520,      -14.04195244,      -13.89800491,      -14.10133916
          0,           0,        2521,      -14.04999163,      -13.92096846,      -14.17563144
          0,           0,        2522,      -14.04994731,      -13.93811351,      -14.21218338
          0,           0,        2523,      -14.02898261,      -13.91703465,      -14.11560385
          0,           0,        2524,      -14.05305182,      -13.89849062,      -14.09930062
          0,           0,        2525,      -14.03579834,      -13.88947892,      -14.16969888
          0,           0,        2526,      -14.01206598,      -13.89254166,      -14.12557203
          0,           0,        2527,      -14.07249807,      -13.94893093,      -14.17400935
          0,           0,        2528,      -14.10772731,      -13.99953836,      -14.21586123
          0,           0,        2529,       -14.0437991,      -13.90816692,      -14.14757105
          0,           0,        2530,      -14.08768759,      -13.95615933,      -14.23139742
          0,           0,        2531,      -14.02942596,      -13.91560654,      -14.08884671
          0,           0,        2532,      -14.03333407,       -13.9055117,       -14.1183037
          0,           0,        2533,      -13.97982363,      -13.87738012,      -14.09947457
          0,           0,        2534,      -14.01907526,      -13.92266271,      -14.19283591
          0,           0,        2535,      -14.02637766,      -13.90753742,      -14.12448653
          0,           0,        2536,      -13.98448103,       -13.8381175,      -14.07264937
          0,           0,        2537,      -13.94757722,      -13.82484736,      -14.15823592
          0,           0,        2538,      -14.04412219,      -13.92664748,      -14.13884684
          0,           0,        2539,        -14.043349,       -13.9050344,      -14.17581313
          0,           0,        2540,       -14.1074873,      -13.95406379,      -14.14440807
          0,           0,        2541,      -14.05263475,      -13.91644286,      -14.16518008
          0,           0,        2542,      -14.05474336,      -13.93706793,      -14.23009421
          0,           0,        2543,       -14.1580259,      -14.01343004,      -14.25560644
          0,           0,        2544,      -13.99310647,      -13.85393289,       -14.0867511
          0,           0,        2545,      -14.00021983,      -13.87398185,      -14.13138978
          0,           0,        2546,      -14.08736127,      -13.97739152,      -14.21761901
          0,           0,        2547,      -14.11455977,       -13.9910866,      -14.14901226
          0,           0,        2548,      -14.07579534,      -13.95623932,      -14.12418158
          0,           0,        2549,      -13.99431856,      -13.84906533,      -14.17831632
          0,           0,        2550,      -14.10573174,      -13.97415029,      -14.21992632
          0,           0,        2551,      -14.00922195,      -13.88246466,      -14.11680177
          0,           0,        2552,      -14.03714559,      -13.91407028,      -14.12034597
          0,           0,        2553,      -14.14569087,      -14.02896282,      -14.24729817
          0,           0,        2554,      -14.02293894,      -13.89671664,      -14.14710181
          0,           0,        2555,       -14.0474789,      -13.94839742,      -14.19713783
          0,           0,        2556,      -14.04091247,      -13.91506722,      -14.13225645
          0,           0,        2557,      -13.98717087,      -13.85597871,      -14.12663651
          0,           0,        2558,      -14.01190593,       -13.9056367,      -14.12849542
          0,           0,        2559,      -14.00433474,      -13.88267955,      -14.12299355
          0,           0,        2560,      -14.03293519,      -13.92246324,      -14.19410784
          0,           0,        2561,      -14.11079427,      -13.96863657,      -14.16931861
          0,           0,        2562,      -14.00774398,       -13.8657273,      -14.14505583
          0,           0,        2563,      -14.05184503,      -13.88556618,      -14.09782914
          0,           0,        2564,      -14.04086995,      -13.90820695,      -14.10573416
          0,           0,        2565,      -14.03750902,      -13.93216121,      -14.16155356
          0,           0,        2566,      -14.07706596,      -13.95512536,      -14.15272967
          0,           0,        2567,      -14.05446569,      -13.90153967,      -14.10904041
          0,           0,        2568,      -14.04447216,      -13.89683718,      -14.10828095
          0,           0,        2569,       -14.0026125,      -13.86627445,      -14.12541223
          0,           0,        2570,      -14.09197971,      -13.96818757,       -14.2290541
          0,           0,        2571,      -14.05590613,      -13.93138606,      -14.12509583
          0,           0,        2572,      -14.06886144,      -13.93553011,      -14.21090825
          0,           0,        2573,      -14.05794985,      -13.94959731,      -14.15664369
          0,           0,        2574,      -14.02166117,      -13.90453408,      -14.18492122
          0,           0,        2575,      -14.03554657,      -13.90404483,      -14.18094993
          0,           0,        2576,      -14.04995251,      -13.92597298,      -14.19605121
          0,           0,        2577,      -14.05541683,      -13.92526841,      -14.16335607
          0,           0,        2578,      -14.03391264,       -13.9093459,      -14.16700988
          0,           0,        2579,      -14.01722024,       -13.9040135,      -14.15940932
          0,           0,        2580,      -14.01781843,      -13.89625925,      -14.10181674
          0,           0,        2581,      -14.02080739,      -13.90582523,      -14.11294115
          0,           0,        2582,      -14.03112113,      -13.90173648,      -14.13685882
          0,           0,        2583,        -14.061527,      -13.94381674,       -14.1333229
          0,           0,        2584,      -14.02122472,      -13.88900696,      -14.09554981
          0,           0,        2585,      -14.00996304,      -13.88446317,      -14.15919503
          0,           0,        2586,      -14.06360269,      -13.93705689,      -14.23316308
          0,           0,        2587,      -14.04775322,      -13.92164557,      -14.15832052
          0,           0,        2588,      -14.01135219,      -13.89201774,       -14.1265346
          0,           0,        2589,      -14.06042835,      -13.94899574,      -14.20402356
          0,           0,        2590,      -14.08870645,      -13.96806079,      -14.15141897
          0,           0,        2591,       -14.0682239,      -13.95442909,       -14.1523374
          0,           0,        2592,      -14.13028202,      -13.99364875,      -14.22136072
          0,           0,        2593,      -14.04790015,      -13.91985991,      -14.16008913
          0,           0,        2594,       -14.0561103,      -13.94061275,      -14.16486457
          0,           0,        2595,      -14.05002328,      -13.92014341,       -14.2286554
          0,           0,        2596,       -14.0280542,      -13.89867025,      -14.13222502
          0,           0,        2597,      -14.07361369,      -13.94860703,      -14.17283189
          0,           0,        2598,      -14.05130484,      -13.94574143,      -14.18839414
          0,           0,        2599,      -14.08686627,      -13.97201492,      -14.17731056
          0,           0,        2600,      -14.07171645,      -13.94919367,      -14.13392324
          0,           0,        2601,      -13.96425839,      -13.83589868,      -14.09683358
          0,           0,        2602,      -14.05253811,      -13.93441233,      -14.13070876
          0,           0,        2603,      -14.07019972,      -13.93914966,      -14.15613198
          0,           0,        2604,      -14.00407148,      -13.87896882,      -14.14838379
          0,           0,        2605,      -13.93709618,      -13.81901414,      -14.15127951
          0,           0,        2606,      -14.04064373,      -13.91779361,      -14.17333184
          0,           0,        2607,      -14.04265309,      -13.90219751,      -14.15460241
          0,           0,        2608,      -14.08186914,      -13.94118487,      -14.16874053
          0,           0,        2609,      -13.98917469,      -13.86637988,      -14.11918255
          0,           0,        2610,       -13.9761516,      -13.84388274,       -14.1360735
          0,           0,        2611,      -14.08217194,      -13.94028629,      -14.15098805
          0,           0,        2612,      -14.03304384,      -13.92768418,      -14.18879278
          0,           0,        2613,      -14.06756438,      -13.95787874,       -14.1517245
          0,           0,        2614,      -14.01051348,      -13.89183304,      -14.18203759
          0,           0,        2615,      -14.04535656,        -13.905085,      -14.12223468
          0,           0,        2616,      -14.05440292,      -13.93198055,      -14.17653972
          0,           0,        2617,      -14.09666608,      -13.95106182,      -14.19187476
          0,           0,        2618,      -14.07429493,      -13.94582135,      -14.21579338
          0,           0,        2619,      -14.11863833,      -14.01296286,      -14.22073148
          0,           0,        2620,      -14.03026995,      -13.92342219,      -14.17432508
          0,           0,        2621,      -14.08294279,      -13.96391583,      -14.19876618
          0,           0,        2622,      -14.09992082,      -13.98019876,      -14.17842394
          0,           0,        2623,        -14.074209,      -13.94223568,      -14.19337508
          0,           0,        2624,      -14.03874773,      -13.91082295,      -14.14950757
          0,           0,        2625,      -14.13636087,      -14.02205333,      -14.21753856
          0,           0,        2626,      -14.09995591,      -13.96405716,      -14.15127737
          0,           0,        2627,      -14.06963956,      -13.93544218,      -14.17552047
          0,           0,        2628,       -14.0763164,      -13.96407222,      -14.23023419
          0,           0,        2629,      -14.19672142,      -14.09530293,      -14.23587919
          0,           0,        2630,      -14.07317737,      -13.96232258,      -14.15577823
          0,           0,        2631,      -14.06470925,      -13.93528951,      -14.17499683
          0,           0,        2632,      -14.12317338,      -13.99441678,      -14.18358081
          0,           0,        2633,      -13.99239609,      -13.87428207,      -14.11179427
          0,           0,        2634,      -14.00776523,      -13.88739961,      -14.15484066
          0,           0,        2635,      -14.07857272,      -13.95683252,      -14.12702474
          0,           0,        2636,      -14.06325142,      -13.93272352,        -14.137628
          0,           0,        2637,      -14.03187012,       -13.9140357,       -14.1956613
          0,           0,        2638,      -14.03070654,      -13.89319651,      -14.14689049
          0,           0,        2639,       -14.0339423,      -13.91280777,      -14.19541488
          0,           0,        2640,      -14.05592727,      -13.91393594,      -14.17267431
          0,           0,        2641,      -13.99858487,      -13.85857942,      -14.12508123
          0,           0,        2642,      -14.02313809,      -13.90389255,      -14.11863287
          0,           0,        2643,      -14.11595418,      -13.98170371,      -14.16334563
          0,           0,        2644,      -14.01336533,      -13.90712241,      -14.12035167
          0,           0,        2645,      -14.19091876,      -14.05553874,      -14.25074503
          0,           0,        2646,      -14.06789139,      -13.90300614,      -14.10178432
          0,           0,        2647,      -13.99842847,      -13.86822565,      -14.11299937
          0,           0,        2648,      -14.02603882,      -13.92478247,      -14.14210842
          0,           0,        2649,      -14.02097062,      -13.92101957,      -14.17832436
          0,           0,        2650,      -14.11441126,      -14.00882365,      -14.24685955
          0,           0,        2651,      -14.07462694,      -13.94465557,      -14.13879886
          0,           0,        2652,      -14.06560989,      -13.91073733,      -14.15423231
          0,           0,        2653,      -14.03416266,      -13.90845031,      -14.12926284
          0,           0,        2654,      -14.10546896,      -13.98177157,      -14.26768137
          0,           0,        2655,      -14.00632215,      -13.87297951,       -14.1535755
          0,           0,        2656,      -14.01666666,      -13.89980992,      -14.13138756
          0,           0,        2657,      -14.05005255,      -13.92202676,      -14.16413927
          0,           0,        2658,      -14.04383254,      -13.91515574,      -14.15056603
          0,           0,        2659,      -14.02622955,      -13.90109199,      -14.05653252
          0,           0,        2660,       -14.0265211,      -13.88695766,      -14.21442264
          0,           0,        2661,      -14.11371612,      -13.99579027,      -14.20351521
          0,           0,        2662,      -14.05619396,      -13.93307297,      -14.15256001
          0,           0,        2663,      -14.04577235,      -13.94084043,      -14.15976348
          0,           0,        2664,       -14.0955758,      -13.98026612,      -14.22597129
          0,           0,        2665,      -14.05509885,      -13.93639212,      -14.16117523
          0,           0,        2666,      -14.08867858,      -13.96648901,      -14.18002674
          0,           0,        2667,      -13.98200863,      -13.85043635,      -14.05917932
          0,           0,        2668,      -14.04161778,      -13.89706651,      -14.15806415
          0,           0,        2669,      -13.97428945,      -13.86904698,      -14.11855209
          0,           0,        2670,      -14.05895703,      -13.96737479,      -14.12533987
          0,           0,        2671,      -14.02798274,      -13.87976313,      -14.11193864
          0,           0,        2672,      -13.98772504,      -13.85050236,      -14.14668039
          0,           0,        2673,      -14.04558352,      -13.92005726,      -14.15897673
          0,           0,        2674,      -13.96304559,      -13.84363871,      -14.11132367
          0,           0,        2675,      -14.13723614,      -13.98992566,      -14.20555859
          0,           0,        2676,       -13.9751867,      -13.85645463,      -14.12485435
          0,           0,        2677,      -14.08440778,      -13.97542071,      -14.17251196
          0,           0,        2678,      -14.04240419,      -13.92829566,      -14.15662117
          0,           0,        2679,      -14.03295964,       -13.9213817,      -14.15365282
          0,           0,        2680,       -14.0610967,      -13.94576987,      -14.14849064
          0,           0,        2681,      -14.13732503,      -14.02835045,      -14.20706641
          0,           0,        2682,      -14.04226922,      -13.92161124,      -14.18215438
          0,           0,        2683,      -14.04729194,      -13.93622376,      -14.17520613
          0,           0,        2684,      -13.99856328,      -13.86802249,      -14.11122032
          0,           0,        2685,      -14.02408343,      -13.87710318,      -14.09819106
          0,           0,        2686,      -14.00674212,      -13.86815356,      -14.14087025
          0,           0,        2687,      -14.01736277,      -13.89491765,      -14.14311108
          0,           0,        2688,      -14.00655381,      -13.88233464,      -14.15833487
          0,           0,        2689,       -14.0361047,      -13.91326356,      -14.10301925
          0,           0,        2690,      -14.06053486,      -13.93469084,      -14.19035405
          0,           0,        2691,      -14.06450501,      -13.94132874,      -14.19646274
          0,           0,        2692,      -13.98449086,      -13.87040545,      -14.06255109
          0,           0,        2693,      -14.06234176,      -13.95020635,      -14.19870367
          0,           0,        2694,      -14.04277823,      -13.89014164,      -14.18481554
          0,           0,        2695,       -14.0681598,      -13.94046343,      -14.17562567
          0,           0,        2696,      -14.03925933,      -13.90562051,      -14.21926478
          0,           0,        2697,       -13.9877916,      -13.87875049,      -14.14105632
          0,           0,        2698,      -14.07663811,      -13.97119869,      -14.13980675
          0,           0,        2699,      -14.07155059,      -13.93595594,      -14.10949951
          0,           0,        2700,      -14.00561517,      -13.88156382,      -14.10924499
          0,           0,        2701,      -14.07215946,      -13.96574555,      -14.16326757
          0,           0,        2702,      -14.07488969,      -13.94842026,      -14.17822592
          0,           0,        2703,      -14.05113506,      -13.91283851,      -14.14034816
          0,           0,        2704,      -14.00534819,      -13.89529008,      -14.10621388
          0,           0,        2705,      -14.04132408,      -13.91854197,      -14.13407676
          0,           0,        2706,      -14.06674982,      -13.94756227,      -14.13898742
          0,           0,        2707,      -14.07052973,      -13.95020883,      -14.16950217
          0,           0,        2708,      -14.07156422,       -13.9380455,      -14.16046725
          0,           0,        2709,      -13.98020992,      -13.84146953,      -14.07087697
          0,           0,        2710,      -13.98554857,      -13.84759402,      -14.06691947
          0,           0,        2711,      -13.96186089,      -13.84227267,      -14.11759816
          0,           0,        2712,      -14.04350137,      -13.93432114,      -14.16999159
          0,           0,        2713,      -14.04299994,      -13.89850351,      -14.15564869
          0,           0,        2714,      -13.99640566,       -13.8656424,      -14.11174124
          0,           0,        2715,       -14.1034837,      -13.99030724,      -14.23703726
          0,           0,        2716,      -13.99090871,      -13.85975483,       -14.1287502
          0,           0,        2717,      -14.00526282,      -13.88558438,       -14.1091286
          0,           0,        2718,      -14.03684063,      -13.90551938,      -14.18383691
          0,           0,        2719,      -14.01522504,      -13.88115955,      -14.09845028
          0,           0,        2720,      -13.94652143,       -13.8309375,      -14.06062123
          0,           0,        2721,       -14.0267484,      -13.91931372,      -14.14968834
          0,           0,        2722,       -14.1122048,      -13.99567689,      -14.16313441
          0,           0,        2723,      -14.02189394,      -13.88767001,       -14.1280242
          0,           0,        2724,      -14.04225205,      -13.90938235,      -14.14017989
          0,           0,        2725,      -14.04592394,      -13.92591563,      -14.13600655
          0,           0,        2726,      -14.00584785,      -13.88701979,      -14.12069152
          0,           0,        2727,      -14.13905394,      -13.99455996,      -14.22397974
          0,           0,        2728,      -14.03639015,      -13.91652361,      -14.10627406
          0,           0,        2729,      -14.07739955,      -13.96633873,      -14.23067771
          0,           0,        2730,      -14.05691832,       -13.9161045,      -14.15826842
          0,           0,        2731,      -14.02707077,       -13.8854414,      -14.13916324
          0,           0,        2732,      -14.08869846,      -13.98169046,      -14.20635519
          0,           0,        2733,      -13.99425689,      -13.86590984,      -14.08620403
          0,           0,        2734,      -14.01723529,      -13.90062989,      -14.07862172
          0,           0,        2735,      -14.07977024,      -13.95848719,      -14.13174352
          0,           0,        2736,        -14.049986,      -13.90999901,      -14.14005547
          0,           0,        2737,      -14.08969746,      -13.96804414,      -14.18964254
          0,           0,        2738,       -14.0953099,      -13.98763754,       -14.1589448
          0,           0,        2739,      -14.05251468,      -13.92320967,      -14.19670584
          0,           0,        2740,      -13.98797685,      -13.86961685,      -14.08765601
          0,           0,        2741,      -14.08874942,      -13.95482955,      -14.17534412
          0,           0,        2742,      -14.06371982,      -13.91333899,      -14.13648213
          0,           0,        2743,      -14.10756002,       -13.9823835,      -14.20838302
          0,           0,        2744,       -14.0706993,        -13.927951,        -14.135292
          0,           0,        2745,      -14.09586788,      -13.97682831,      -14.18012056
          0,           0,        2746,      -14.04245433,      -13.93009852,      -14.16667672
          0,           0,        2747,      -14.15195776,      -14.03119532,      -14.25215378
          0,           0,        2748,      -14.05659688,      -13.94955536,      -14.15639644
          0,           0,        2749,      -14.00081158,      -13.90609636,      -14.09717297
          0,           0,        2750,      -14.07552023,      -13.96423339,      -14.20189581
          0,           0,        2751,      -14.01363619,      -13.89655966,      -14.17811017
          0,           0,        2752,      -14.11208613,      -13.96641355,      -14.14818412
          0,           0,        2753,      -14.10661894,       -13.9925617,      -14.16944843
          0,           0,        2754,      -14.02397153,      -13.89382683,      -14.16681613
          0,           0,        2755,      -14.00641657,      -13.86882815,      -14.15934412
          0,           0,        2756,      -14.04782204,      -13.90119455,       -14.0917918
          0,           0,        2757,      -13.96399696,      -13.85313681,      -14.12354928
          0,           0,        2758,      -14.00228338,      -13.89342896,      -14.15749683
          0,           0,        2759,      -14.03142362,       -13.9075379,      -14.14835079
          0,           0,        2760,      -13.98506427,      -13.87680683,      -14.16450216
          0,           0,        2761,      -14.01050442,       -13.8891531,      -14.12064477
          0,           0,        2762,      -14.06442465,      -13.93522296,      -14.14483799
          0,           0,        2763,       -14.0327083,      -13.92279801,      -14.13989187
          0,           0,        2764,      -14.05058911,       -13.9234414,      -14.15370321
          0,           0,        2765,      -14.04282585,      -13.90574957,       -14.1236474
          0,           0,        2766,      -13.98792532,      -13.86165774,      -14.12477724
          0,           0,        2767,      -13.99484132,        -13.870509,      -14.15770706
          0,           0,        2768,      -14.04720324,      -13.94298764,      -14.15740879
          0,           0,        2769,      -14.14967134,      -14.02485302,      -14.25643803
          0,           0,        2770,      -14.06276411,      -13.94228319,      -14.15394734
          0,           0,        2771,      -13.97953272,       -13.8880104,      -14.19776754
          0,           0,        2772,      -14.01730613,      -13.89981605,      -14.10261663
          0,           0,        2773,      -13.97443756,      -13.86337929,      -14.16216256
          0,           0,        2774,      -14.02252312,      -13.91263488,      -14.15378811
          0,           0,        2775,      -14.03973774,       -13.9029742,      -14.11636093
          0,           0,        2776,      -14.07481499,      -13.92646344,       -14.1700903
          0,           0,        2777,      -13.98005601,      -13.83684868,      -14.11076155
          0,           0,        2778,      -14.01419743,      -13.88303035,      -14.10306026
          0,           0,        2779,      -14.05061377,      -13.93328058,      -14.14906436
          0,           0,        2780,      -14.05568652,       -13.9241187,      -14.14382391
          0,           0,        2781,      -13.97670816,      -13.84574909,      -14.15075909
          0,           0,        2782,      -13.96082114,      -13.82682034,      -14.10903351
          0,           0,        2783,       -14.0810638,      -13.97408213,      -14.17947957
          0,           0,        2784,      -14.11639985,      -14.00957537,      -14.14815055
          0,           0,        2785,       -14.0601282,      -13.93165381,      -14.15528128
          0,           0,        2786,      -14.08550904,      -13.96452848,      -14.16106879
          0,           0,        2787,      -13.99146404,      -13.87493023,      -14.18532018
          0,           0,        2788,      -14.05363169,      -13.92031579,      -14.10736503
          0,           0,        2789,      -13.99463568,      -13.86606394,      -14.14901939
          0,           0,        2790,      -14.12162019,      -13.99205868,      -14.27514019
          0,           0,        2791,      -14.02984812,      -13.89248676,      -14.08541361
          0,           0,        2792,      -14.01924303,      -13.90467216,       -14.1091387
          0,           0,        2793,      -13.96384003,      -13.84154488,      -14.11877522
          0,           0,        2794,      -14.07585057,      -13.94655185,      -14.14669676
          0,           0,        2795,      -14.07524975,       -13.9454935,      -14.17304783
          0,           0,        2796,        -13.998726,      -13.87733986,      -14.10846403
          0,           0,        2797,      -14.04642021,       -13.9153113,      -14.15277839
          0,           0,        2798,      -14.08677778,      -13.95944082,      -14.15718336
          0,           0,        2799,      -14.05573411,      -13.92916701,      -14.17183708
          0,           0,        2800,      -14.03615293,      -13.92088936,      -14.16620316
          0,           0,        2801,       -14.0132152,      -13.89103043,      -14.11380958
          0,           0,        2802,      -13.99828487,        -13.873588,      -14.16651682
          0,           0,        2803,      -14.10082791,      -13.96175387,       -14.1789193
          0,           0,        2804,      -13.96193638,      -13.84357669,      -14.12561474
          0,           0,        2805,       -14.0766132,      -13.94599812,      -14.17499999
          0,           0,        2806,      -14.11790355,      -14.00439856,      -14.20607534
          0,           0,        2807,       -13.9566462,      -13.84214397,      -14.08334921
          0,           0,        2808,      -14.04320068,      -13.91749478,      -14.11512201
          0,           0,        2809,      -14.04905453,      -13.93088661,      -14.18457632
          0,           0,        2810,      -14.04253767,      -13.91786625,      -14.17291449
          0,           0,        2811,      -14.12725394,       -13.9924737,      -14.23634209
          0,           0,        2812,      -14.06691879,      -13.94672993,      -14.17491357
          0,           0,        2813,      -14.11731486,       -13.9871623,      -14.16060004
          0,           0,        2814,      -14.02733842,      -13.90930836,      -14.12993352
          0,           0,        2815,      -13.97812145,      -13.85583179,      -14.12037891
          0,           0,        2816,      -14.10574521,      -13.97925518,      -14.17608068
          0,           0,        2817,      -14.06041837,      -13.93785272,      -14.15218546
          0,           0,        2818,      -14.02685856,      -13.88123468,       -14.1194827
          0,           0,        2819,      -13.99187519,      -13.84981126,      -14.12151154
          0,           0,        2820,      -13.98791469,      -13.86359264,      -14.17945024
          0,           0,        2821,      -14.00287155,      -13.89592541,      -14.16739448
          0,           0,        2822,      -14.01169434,      -13.89695372,      -14.15871212
          0,           0,        2823,       -13.9686865,      -13.84449392,      -14.08662763
          0,           0,        2824,      -14.02279462,      -13.91864679,      -14.16317628
          0,           0,        2825,      -14.03121587,      -13.90052388,      -14.19604806
          0,           0,        2826,      -13.99038672,      -13.86267859,      -14.05417041
          0,           0,        2827,      -14.12705559,      -14.02587555,      -14.21497864
          0,           0,        2828,      -14.03687593,      -13.93521911,      -14.18545246
          0,           0,        2829,      -14.06831002,      -13.93890721,      -14.16697808
          0,           0,        2830,      -14.10662609,      -13.97807964,       -14.1912936
          0,           0,        2831,      -14.05934237,      -13.92961132,        -14.160169
          0,           0,        2832,      -14.04186313,      -13.90896828,      -14.11403939
          0,           0,        2833,       -13.9903069,      -13.85390425,      -14.16000647
          0,           0,        2834,      -14.05422735,      -13.90840858,      -14.12770075
          0,           0,        2835,      -14.04986214,      -13.92098468,      -14.19105758
          0,           0,        2836,      -14.05512915,      -13.94742292,      -14.14805396
          0,           0,        2837,      -14.06540243,      -13.94665831,      -14.19950195
          0,           0,        2838,      -14.03518366,      -13.91918176,      -14.14130994
          0,           0,        2839,      -14.01749228,      -13.91478376,      -14.14895456
          0,           0,        2840,      -14.00185609,       -13.8664741,      -14.10160992
          0,           0,        2841,      -14.02024821,      -13.88059052,      -14.14723715
          0,           0,        2842,      -14.04736641,      -13.93906124,      -14.20843493
          0,           0,        2843,      -14.03898002,      -13.91357155,      -14.08589089
          0,           0,        2844,      -14.00405927,      -13.87549517,      -14.14318196
          0,           0,        2845,      -14.07466878,      -13.94792435,      -14.15989288
          0,           0,        2846,       -14.0642809,      -13.90180484,      -14.17369186
          0,           0,        2847,      -14.05820994,      -13.91498869,      -14.12032275
          0,           0,        2848,      -14.12286065,      -14.00714929,      -14.19084596
          0,           0,        2849,       -14.1171287,      -13.99449899,      -14.17244258
          0,           0,        2850,      -14.04756033,      -13.90660319,      -14.13073646
          0,           0,        2851,      -14.01427041,       -13.8844041,      -14.12528709
          0,           0,        2852,      -14.01677063,      -13.89648763,      -14.10390236
          0,           0,        2853,      -13.94787358,      -13.82104601,      -14.14519366
          0,           0,        2854,      -14.08009568,      -13.96054404,      -14.20487974
          0,           0,        2855,      -14.06666493,      -13.94292893,       -14.1190904
          0,           0,        2856,      -14.06443201,       -13.9129174,      -14.17783057
          0,           0,        2857,      -14.00023859,      -13.86664159,      -14.14697409
          0,           0,        2858,       -14.0560739,      -13.94280094,      -14.15930477
          0,           0,        2859,      -14.08552772,      -13.98804731,       -14.2216577
          0,           0,        2860,      -14.10897807,      -14.00693736,      -14.16006222
          0,           0,        2861,      -14.01471164,      -13.88133192,      -14.15212491
          0,           0,        2862,      -14.09775187,      -13.94471697,      -14.14761102
          0,           0,        2863,      -13.99523629,       -13.8528433,      -14.10500799
          0,           0,        2864,      -14.03035946,        -13.924545,       -14.1194699
          0,           0,        2865,      -13.99286014,      -13.86526061,      -14.10764587
          0,           0,        2866,      -13.94848903,      -13.82684017,      -14.06476487
          0,           0,        2867,      -14.06524652,      -13.94253202,      -14.15363243
          0,           0,        2868,      -14.01773912,       -13.8899763,       -14.1335685
          0,           0,        2869,      -13.99115188,      -13.87616424,      -14.13079485
          0,           0,        2870,      -13.99733185,       -13.8814716,      -14.11408743
          0,           0,        2871,      -14.06511774,      -13.94229496,      -14.16247313
          0,           0,        2872,      -14.03733326,       -13.9094126,      -14.17025443
          0,           0,        2873,      -14.07131213,      -13.93358558,      -14.11215924
          0,           0,        2874,      -14.04493444,      -13.92693523,      -14.15448431
          0,           0,        2875,      -14.01370463,      -13.88700027,      -14.08255586
          0,           0,        2876,      -13.96291896,      -13.82635155,      -14.15085545
          0,           0,        2877,      -14.08173682,      -13.94230602,      -14.14153391
          0,           0,        2878,      -14.16277809,      -14.02020448,      -14.20169241
          0,           0,        2879,      -14.03011602,      -13.91466845,      -14.13094259
          0,           0,        2880,      -14.06298776,      -13.96860398,      -14.20003564
          0,           0,        2881,      -14.04405602,      -13.91877716,      -14.11051136
          0,           0,        2882,      -13.98476787,      -13.83171959,      -14.09041056
          0,           0,        2883,      -14.10347313,      -13.96204461,      -14.18757917
          0,           0,        2884,      -14.03071084,      -13.91533068,      -14.16793478
          0,           0,        2885,      -14.03351901,       -13.9179384,      -14.09169622
          0,           0,        2886,      -14.06466713,      -13.93456095,      -14.16527165
          0,           0,        2887,      -14.10114949,      -13.98541482,      -14.15764218
          0,           0,        2888,        -14.020035,      -13.90004923,      -14.17470359
          0,           0,        2889,      -14.06534917,       -13.9635539,      -14.25762935
          0,           0,        2890,      -14.06076635,      -13.94851483,      -14.15711824
          0,           0,        2891,      -14.07602085,      -13.95605225,      -14.16824972
          0,           0,        2892,      -14.03702451,      -13.90419706,      -14.11059658
          0,           0,        2893,      -13.94340874,      -13.81130179,      -14.11751238
          0,           0,        2894,      -14.01497676,      -13.89694673,      -14.15618639
          0,           0,        2895,      -14.13159147,      -14.01116252,      -14.19670089
          0,           0,        2896,       -14.0103088,      -13.87453901,      -14.08744253
          0,           0,        2897,      -13.99432836,      -13.85154376,      -14.12525346
          0,           0,        2898,      -13.99862113,      -13.86779078,      -14.09946188
          0,           0,        2899,      -14.10346575,      -13.96077671,      -14.16330543
          0,           0,        2900,      -14.00987177,      -13.89396884,      -14.14493767
          0,           0,        2901,      -14.08281394,      -13.96661376,      -14.23494116
          0,           0,        2902,      -14.04746654,      -13.91126592,       -14.1266321
          0,           0,        2903,      -14.05263057,      -13.91839803,      -14.13317801
          0,           0,        2904,      -14.17834004,      -14.06682299,      -14.24768965
          0,           0,        2905,      -14.07139372,      -13.96432191,      -14.13976632
          0,           0,        2906,      -14.02485674,       -13.8902953,         -14.18529
          0,           0,        2907,       -14.1171983,       -13.9703846,      -14.16464156
          0,           0,        2908,      -14.07818171,      -13.95912155,      -14.13868181
          0,           0,        2909,      -13.97575188,      -13.86857115,      -14.10927908
          0,           0,        2910,      -14.07491734,      -13.96483635,       -14.1682802
          0,           0,        2911,      -14.14232074,      -14.00887321,       -14.1715099
          0,           0,        2912,      -13.97777834,       -13.8238544,      -14.06453468
          0,           0,        2913,      -13.96103708,      -13.83861711,      -14.16424028
          0,           0,        2914,      -14.00365385,      -13.87875583,      -14.08562689
          0,           0,        2915,      -14.07485637,      -13.93819219,      -14.14954637
          0,           0,        2916,      -14.04972085,      -13.91618265,      -14.16716249
          0,           0,        2917,      -14.04722955,      -13.91398956,      -14.14378075
          0,           0,        2918,      -14.01550579,      -13.90389791,      -14.14935457
          0,           0,        2919,      -14.05996277,      -13.92808431,      -14.21417815
          0,           0,        2920,      -14.11998943,      -13.98617091,      -14.17598451
          0,           0,        2921,      -14.08454741,      -13.95133979,      -14.16885842
          0,           0,        2922,      -14.06735449,      -13.93339896,      -14.20390709
          0,           0,        2923,      -14.09778595,       -13.9776503,      -14.18956078
          0,           0,        2924,      -14.05303961,      -13.92154043,      -14.16852951
          0,           0,        2925,      -14.05384223,      -13.92673801,      -14.10328466
          0,           0,        2926,      -14.05099627,      -13.92235021,      -14.10024472
          0,           0,        2927,      -14.03345399,      -13.89101494,      -14.15207583
          0,           0,        2928,      -14.01339462,      -13.89745052,      -14.13702146
          0,           0,        2929,      -14.06209347,      -13.94123266,       -14.1493715
          0,           0,        2930,       -14.0197034,      -13.90822107,      -14.22174977
          0,           0,        2931,      -14.15411846,      -14.04906648,      -14.21319483
          0,           0,        2932,      -14.03653295,      -13.91951322,      -14.09549521
          0,           0,        2933,      -14.01111711,      -13.86580251,      -14.14767264
          0,           0,        2934,      -14.09874748,      -13.97793599,      -14.19253484
          0,           0,        2935,      -14.06351562,      -13.93072346,      -14.18033867
          0,           0,        2936,       -13.9613382,      -13.85735863,      -14.14617011
          0,           0,        2937,      -13.97520238,      -13.86256439,      -14.13820881
          0,           0,        2938,      -14.05665796,      -13.94431017,        -14.178795
          0,           0,        2939,      -14.15031797,      -14.00894499,       -14.1796828
          0,           0,        2940,       -14.0136698,      -13.87462149,      -14.13450336
          0,           0,        2941,      -14.08003791,      -13.91754243,      -14.18220426
          0,           0,        2942,      -14.03557537,      -13.90113537,      -14.13819789
          0,           0,        2943,      -13.99410419,      -13.86746294,      -14.14729444
          0,           0,        2944,      -13.93917717,      -13.80950252,       -14.0983049
          0,           0,        2945,      -14.05131535,      -13.91994863,      -14.11072109
          0,           0,        2946,       -14.0377259,      -13.91636063,      -14.12143934
          0,           0,        2947,      -14.01428235,      -13.89068102,      -14.10722989
          0,           0,        2948,      -14.12351996,      -14.01690691,      -14.18158108
          0,           0,        2949,      -14.04605108,      -13.92395419,      -14.12456855
          0,           0,        2950,      -14.08314072,      -13.94998568,      -14.17335106
          0,           0,        2951,      -14.00277042,      -13.87856457,      -14.16225343
          0,           0,        2952,      -14.02263611,      -13.90385936,      -14.19113123
          0,           0,        2953,      -14.03054753,       -13.9163423,      -14.14102629
          0,           0,        2954,      -14.06966414,      -13.96444078,      -14.17582411
          0,           0,        2955,       -14.1094588,      -13.98816312,      -14.18348668
          0,           0,        2956,      -14.01465942,      -13.89001481,      -14.11630803
          0,           0,        2957,      -14.02155816,      -13.89677968,      -14.13166249
          0,           0,        2958,      -13.97681232,      -13.85798546,      -14.16240146
          0,           0,        2959,      -14.01071941,      -13.88983745,      -14.12981536
          0,           0,        2960,      -14.08353526,      -13.96557629,      -14.19035818
          0,           0,        2961,      -14.09784567,      -13.96568107,      -14.12571381
          0,           0,        2962,      -14.06922715,       -13.9435064,         -14.15727
          0,           0,        2963,      -14.00798711,      -13.87129659,      -14.08950319
          0,           0,        2964,      -14.01969059,      -13.89119234,      -14.15141815
          0,           0,        2965,      -14.06497527,      -13.93936572,      -14.16550035
          0,           0,        2966,      -14.05673428,      -13.94434715,      -14.19065682
          0,           0,        2967,      -14.17389984,      -14.05533118,       -14.2606733
          0,           0,        2968,      -14.06422608,      -13.93115442,      -14.14798855
          0,           0,        2969,      -14.10853242,      -13.97510888,      -14.18889613
          0,           0,        2970,      -13.97931843,       -13.8315317,      -14.07580474
          0,           0,        2971,      -14.02961132,      -13.88783152,      -14.17494859
          0,           0,        2972,      -14.03914473,      -13.89601994,      -14.15363336
          0,           0,        2973,      -14.06459802,       -13.9583862,       -14.1131809
          0,           0,        2974,      -14.02292474,      -13.90164047,      -14.12331246
          0,           0,        2975,      -14.05945653,      -13.91865142,      -14.13704767
          0,           0,        2976,      -14.01403879,       -13.8910317,       -14.1346096
          0,           0,        2977,      -14.04581229,      -13.93126388,      -14.19795597
          0,           0,        2978,      -14.05564458,       -13.9499409,      -14.17107642
          0,           0,        2979,       -14.0203317,      -13.90195143,      -14.17579185
          0,           0,        2980,      -14.02752014,      -13.90510143,      -14.09732658
          0,           0,        2981,       -14.0536472,      -13.92844438,      -14.17563235
          0,           0,        2982,      -14.02463464,      -13.89466465,      -14.06566072
          0,           0,        2983,      -13.96156856,      -13.84305354,      -14.16736368
          0,           0,        2984,      -14.08422851,      -13.95274232,      -14.19966878
          0,           0,        2985,      -13.95874048,      -13.83719211,      -14.04386255
          0,           0,        2986,      -14.04468956,      -13.91696078,      -14.08025679
          0,           0,        2987,      -13.98196025,      -13.82894272,      -14.10573407
          0,           0,        2988,      -14.04004558,      -13.92497973,       -14.1644543
          0,           0,        2989,      -14.07160576,        -13.964828,      -14.20969658
          0,           0,        2990,      -14.02733446,      -13.88406087,      -14.14229623
          0,           0,        2991,      -14.05138969,      -13.91263552,      -14.11891182
          0,           0,        2992,      -14.09185186,      -13.96915675,      -14.17131722
          0,           0,        2993,      -14.02322901,      -13.90115604,      -14.18382505
          0,           0,        2994,      -14.05137126,      -13.95180242,       -14.1772563
          0,           0,        2995,       -14.0279224,      -13.89790505,      -14.11257215
          0,           0,        2996,      -14.03262014,       -13.9086884,      -14.14211749
          0,           0,        2997,      -14.01554529,      -13.87815409,      -14.15039548
          0,           0,        2998,      -14.07782526,      -13.94858435,      -14.11199649
          0,           0,        2999,      -13.99630235,      -13.85877988,      -14.08810746
          0,           0,        3000,      -13.96388926,      -13.82914251,      -14.08346324
          0,           0,        3001,      -13.99148984,      -13.88321517,       -14.0802928
          0,           0,        3002,      -14.03521449,      -13.89553341,      -14.11466071
          0,           0,        3003,      -14.03636738,      -13.92161174,      -14.16005159
          0,           0,        3004,       -14.0670076,      -13.96375484,      -14.17751043
          0,           0,        3005,      -14.12945893,      -14.00470558,      -14.19464029
          0,           0,        3006,      -14.01845455,      -13.91385241,       -14.1023964
          0,           0,        3007,      -14.01577653,      -13.88588726,      -14.12945184
          0,           0,        3008,       -14.0468799,      -13.92268588,      -14.17009066
          0,           0,        3009,      -14.07670587,       -13.9524335,      -14.12220902
          0,           0,        3010,      -13.99317165,      -13.85990576,      -14.12858835
          0,           0,        3011,      -14.05033384,      -13.93270814,      -14.14579982
          0,           0,        3012,      -14.02765903,      -13.91973589,      -14.14378566
          0,           0,        3013,      -14.06532975,      -13.95808609,      -14.16029039
          0,           0,        3014,      -14.11235812,      -13.98671528,      -14.18542389
          0,           0,        3015,      -14.07870365,       -13.9330538,      -14.12054697
          0,           0,        3016,      -13.98622561,      -13.83595988,      -14.09269159
          0,           0,        3017,      -14.00770761,      -13.87357527,      -14.08494623
          0,           0,        3018,      -14.03709904,      -13.89840834,      -14.12660427
          0,           0,        3019,      -13.98365772,       -13.8631505,      -14.09111897
          0,           0,        3020,      -14.03872869,      -13.92564615,      -14.21695783
          0,           0,        3021,      -14.06292976,       -13.9540058,      -14.15585652
          0,           0,        3022,      -14.04777455,      -13.93669709,      -14.14131369
          0,           0,        3023,      -14.04332653,        -13.921118,      -14.17602606
          0,           0,        3024,      -14.12749937,      -14.01817317,      -14.21453359
          0,           0,        3025,      -13.98785745,      -13.85475864,      -14.18119979
          0,           0,        3026,      -13.99425981,      -13.87425813,      -14.14887439
          0,           0,        3027,      -14.09591735,      -13.95592721,      -14.13942517
          0,           0,        3028,      -14.00924605,      -13.88038143,      -14.13153303
          0,           0,        3029,      -14.06279922,      -13.92731648,      -14.13530265
          0,           0,        3030,      -14.01793115,      -13.89121332,      -14.11258791
          0,           0,        3031,      -14.10715289,      -13.98440358,      -14.17044554
          0,           0,        3032,      -14.01752685,      -13.90144068,      -14.12247451
          0,           0,        3033,      -14.12184372,      -13.99532449,      -14.18496725
          0,           0,        3034,      -13.98940565,      -13.86465059,      -14.14564434
          0,           0,        3035,      -14.05635825,      -13.94349729,      -14.19223711
          0,           0,        3036,      -13.98994303,      -13.88228935,      -14.10408747
          0,           0,        3037,      -14.05305506,      -13.91353644,      -14.21618932
          0,           0,        3038,      -14.00994223,      -13.89206482,      -14.17945116
          0,           0,        3039,       -14.0569168,      -13.92820619,      -14.10157235
          0,           0,        3040,      -14.05257738,      -13.90730685,      -14.15844932
          0,           0,        3041,      -14.00685731,       -13.8673929,      -14.09465195
          0,           0,        3042,       -14.0955925,      -13.96656635,       -14.2192453
          0,           0,        3043,      -14.03561145,      -13.90542534,      -14.10765281
          0,           0,        3044,      -14.01256758,      -13.88742742,      -14.09391912
          0,           0,        3045,      -14.06967574,       -13.9578138,      -14.14120076
          0,           0,        3046,       -14.0833143,      -13.95699227,      -14.13373262
          0,           0,        3047,      -14.02068364,      -13.88556652,      -14.11644401
          0,           0,        3048,      -14.00623339,      -13.87148579,      -14.16541051
          0,           0,        3049,      -14.08931368,      -13.97589157,      -14.20670505
          0,           0,        3050,      -14.10218694,      -13.97093732,      -14.16525266
          0,           0,        3051,      -14.02517329,      -13.90561557,      -14.13979375
          0,           0,        3052,      -14.09495263,      -13.97987856,      -14.16214457
          0,           0,        3053,      -14.06780975,      -13.94485264,      -14.09963147
          0,           0,        3054,      -14.00992736,      -13.88946345,      -14.14846511
          0,           0,        3055,      -14.00195728,      -13.88698461,      -14.14067482
          0,           0,        3056,      -14.12766607,      -13.98173141,      -14.21340388
          0,           0,        3057,      -14.06459409,      -13.94572026,      -14.17420249
          0,           0,        3058,       -14.0796825,      -13.95768689,      -14.17923738
          0,           0,        3059,      -14.14339657,       -13.9980863,      -14.20737312
          0,           0,        3060,      -13.94469218,      -13.80612792,      -14.14810957
          0,           0,        3061,      -14.05993343,      -13.93120821,      -14.17368192
          0,           0,        3062,      -14.11812918,      -14.00161469,      -14.17775885
          0,           0,        3063,      -14.04455762,      -13.92053991,      -14.20228622
          0,           0,        3064,      -14.00084168,      -13.86122015,       -14.1195192
          0,           0,        3065,      -14.03877292,      -13.94531584,      -14.10632012
          0,           0,        3066,      -13.96976291,      -13.83584801,      -14.07010297
          0,           0,        3067,      -14.02829358,      -13.90053503,      -14.16711978
          0,           0,        3068,      -14.00821286,      -13.88746872,      -14.16348965
          0,           0,        3069,      -13.99945159,      -13.88965631,      -14.17861984
          0,           0,        3070,       -13.9818568,      -13.87590712,      -14.10305786
          0,           0,        3071,      -13.98402589,      -13.85935534,      -14.06198603
          0,           0,        3072,      -14.15460207,      -14.02979115,      -14.20335707
          0,           0,        3073,      -14.00551495,      -13.88145919,      -14.09413245
          0,           0,        3074,      -14.02577777,      -13.90905312,      -14.21066366
          0,           0,        3075,      -14.02744957,      -13.91791276,      -14.13013493
          0,           0,        3076,      -14.12648529,       -14.0039925,      -14.17837996
          0,           0,        3077,      -14.04678239,      -13.94395708,      -14.12765402
          0,           0,        3078,      -14.14408544,      -14.02546185,      -14.23093673
          0,           0,        3079,      -14.00349866,      -13.86457441,      -14.09509259
          0,           0,        3080,      -14.02202617,      -13.90650868,      -14.15923298
          0,           0,        3081,      -14.05615968,      -13.91613165,      -14.14064006
          0,           0,        3082,      -14.04998099,      -13.92762939,      -14.12892116
          0,           0,        3083,      -14.09727797,      -13.96430945,      -14.16404891
          0,           0,        3084,       -14.0520845,        -13.931094,       -14.1172217
          0,           0,        3085,      -14.02852244,      -13.91469046,      -14.15335789
          0,           0,        3086,      -14.07628715,      -13.94096216,        -14.198985
          0,           0,        3087,      -14.04392025,      -13.92562155,      -14.11051509
          0,           0,        3088,      -14.03832594,        -13.912284,      -14.15873123
          0,           0,        3089,      -14.04232998,      -13.90085288,      -14.12962074
          0,           0,        3090,      -14.08783141,      -13.96629354,      -14.17515324
          0,           0,        3091,      -14.07935125,      -13.95286586,      -14.16245985
          0,           0,        3092,      -14.04616687,      -13.90811009,      -14.09912041
          0,           0,        3093,      -13.98504343,      -13.84685021,      -14.11221097
          0,           0,        3094,      -14.05732123,      -13.92282317,      -14.15635002
          0,           0,        3095,      -14.06185781,      -13.95516554,      -14.16184058
          0,           0,        3096,      -14.00838499,      -13.87080498,      -14.11123043
          0,           0,        3097,       -14.0995118,      -13.95270201,      -14.16838693
          0,           0,        3098,      -13.99578982,      -13.86169335,      -14.15933676
          0,           0,        3099,      -14.04326807,      -13.91456566,      -14.13835556
          0,           0,        3100,      -14.08589754,      -13.95741771,      -14.15036679
          0,           0,        3101,       -14.0669925,      -13.95085638,      -14.13395507
          0,           0,        3102,      -14.04373742,      -13.94568843,      -14.15019339
          0,           0,        3103,       -13.9753962,      -13.85841608,      -14.10390576
          0,           0,        3104,       -13.9826676,      -13.86623337,      -14.08156158
          0,           0,        3105,      -14.12839008,      -14.03435456,      -14.22683839
          0,           0,        3106,      -14.03976349,      -13.91131178,      -14.17747502
          0,           0,        3107,       -14.0386644,      -13.89358081,      -14.07588254
          0,           0,        3108,      -14.02121561,       -13.8895948,      -14.13882247
          0,           0,        3109,      -14.04145056,      -13.94240849,      -14.19501275
          0,           0,        3110,      -14.01622278,      -13.90212593,      -14.09250805
          0,           0,        3111,      -14.01792557,      -13.88014492,      -14.10700561
          0,           0,        3112,       -13.9457404,      -13.80741462,      -14.10531862
          0,           0,        3113,      -14.01601291,      -13.88651529,      -14.13236608
          0,           0,        3114,      -14.05930807,      -13.92494329,       -14.1778041
          0,           0,        3115,      -14.10342072,      -13.98255953,      -14.20950638
          0,           0,        3116,      -14.10271695,      -13.97293614,      -14.13111024
          0,           0,        3117,      -13.96341802,      -13.84358807,      -14.13943496
          0,           0,        3118,      -14.00127812,      -13.88365041,      -14.10078439
          0,           0,        3119,      -14.07538499,      -13.93793621,      -14.15571813
          0,           0,        3120,      -14.09471227,      -13.98577804,      -14.14848283
          0,           0,        3121,      -14.02174032,      -13.89986604,      -14.13251296
          0,           0,        3122,      -14.05350132,       -13.9193522,      -14.19529711
          0,           0,        3123,      -13.98856946,      -13.87623119,      -14.10828872
          0,           0,        3124,      -14.04996331,      -13.91732126,      -14.14738544
          0,           0,        3125,      -14.05161823,      -13.93854569,      -14.13927436
          0,           0,        3126,        -13.992996,      -13.86287543,      -14.08460017
          0,           0,        3127,      -14.09167558,      -13.98399472,      -14.13956013
          0,           0,        3128,      -14.01131318,      -13.87489124,      -14.14421919
          0,           0,        3129,      -13.99522521,      -13.89127209,      -14.17546501
          0,           0,        3130,      -14.02670398,      -13.89347862,      -14.12402172
          0,           0,        3131,      -13.98778768,      -13.85635417,      -14.13499334
          0,           0,        3132,      -14.02396056,      -13.87781045,      -14.14367046
          0,           0,        3133,      -14.06199983,      -13.94837978,      -14.14901963
          0,           0,        3134,      -14.06618919,      -13.98487058,      -14.15035928
          0,           0,        3135,      -14.03795613,      -13.91808344,       -14.2023723
          0,           0,        3136,      -14.07084729,      -13.93902007,      -14.20405548
          0,           0,        3137,      -14.05287619,       -13.9337374,      -14.15987932
          0,           0,        3138,      -14.03764188,      -13.93699472,      -14.12674228
          0,           0,        3139,      -14.07221106,      -13.95868908,      -14.14826385
          0,           0,        3140,      -13.96593081,      -13.83268006,      -14.08801984
          0,           0,        3141,      -14.04212891,      -13.90785089,      -14.12720268
          0,           0,        3142,      -14.05613714,      -13.94307784,      -14.15041631
          0,           0,        3143,      -13.97606482,       -13.8561486,      -14.13457923
          0,           0,        3144,      -14.10362453,      -13.97800136,      -14.19503954
          0,           0,        3145,      -14.09541269,      -13.97243499,      -14.16644238
          0,           0,        3146,      -14.05132488,      -13.90866662,      -14.17973259
          0,           0,        3147,      -14.02576564,       -13.8900589,      -14.11712925
          0,           0,        3148,      -13.98216996,      -13.84023798,       -14.1088324
          0,           0,        3149,      -14.05232249,      -13.92075701,      -14.18687439
          0,           0,        3150,      -14.03985507,      -13.91890507,      -14.17778911
          0,           0,        3151,      -14.00724735,      -13.88866125,      -14.10851073
          0,           0,        3152,      -13.97593066,      -13.84730118,      -14.08693072
          0,           0,        3153,      -14.04692696,       -13.8958507,      -14.13344213
          0,           0,        3154,      -14.13787291,      -14.01264547,      -14.17385257
          0,           0,        3155,      -14.02917923,         -13.89004,      -14.14106281
          0,           0,        3156,      -14.04501515,      -13.90001313,      -14.14389662
          0,           0,        3157,       -14.0242099,      -13.90389546,      -14.16122923
          0,           0,        3158,      -14.10387637,      -13.97197903,      -14.16021904
          0,           0,        3159,      -14.09914331,      -13.96161404,      -14.15618007
          0,           0,        3160,      -14.01851969,       -13.8808435,      -14.17484997
          0,           0,        3161,      -14.02800583,      -13.90554264,      -14.22045569
          0,           0,        3162,      -14.10616669,      -13.98831472,      -14.19904307
          0,           0,        3163,      -13.99982676,      -13.87829707,      -14.07869384
          0,           0,        3164,      -14.03740374,      -13.94561319,      -14.16513371
          0,           0,        3165,      -14.11655499,      -13.99571462,      -14.22196026
          0,           0,        3166,      -14.10208687,      -13.97562371,      -14.15277142
          0,           0,        3167,      -14.02906066,      -13.89761175,      -14.13724631
          0,           0,        3168,      -14.12485299,      -13.99452097,      -14.25001539
          0,           0,        3169,      -14.14235234,      -14.01908876,      -14.24852837
          0,           0,        3170,      -14.00514407,      -13.88409734,      -14.12224136
          0,           0,        3171,      -14.05729959,      -13.96749942,      -14.14791372
          0,           0,        3172,      -14.06214765,      -13.94334135,      -14.16919256
          0,           0,        3173,      -14.06161942,       -13.9405455,      -14.14125359
          0,           0,        3174,      -13.97107428,      -13.84779766,      -14.09827347
          0,           0,        3175,      -14.04067743,      -13.92433052,      -14.15960261
          0,           0,        3176,      -14.02953557,      -13.90030182,      -14.12356099
          0,           0,        3177,      -13.98102028,      -13.83083958,      -14.11412612
          0,           0,        3178,      -14.06513344,      -13.92142077,      -14.07896709
          0,           0,        3179,      -13.97379733,      -13.83955255,      -14.10603973
          0,           0,        3180,      -14.05428344,      -13.94216143,      -14.21913117
          0,           0,        3181,      -14.07145467,      -13.94368918,      -14.13136495
          0,           0,        3182,      -14.04950505,      -13.91976062,      -14.14979063
          0,           0,        3183,      -14.03803263,      -13.91611641,      -14.18060847
          0,           0,        3184,      -13.99307184,      -13.87479944,      -14.09089237
          0,           0,        3185,      -13.99077289,      -13.86530385,      -14.14657109
          0,           0,        3186,      -14.10398203,      -13.98428597,      -14.17025247
          0,           0,        3187,      -14.10146452,      -13.95674112,      -14.17778825
          0,           0,        3188,       -14.0271465,      -13.90649518,      -14.09825102
          0,           0,        3189,       -14.0328036,      -13.92430667,      -14.14467681
          0,           0,        3190,      -14.11493781,      -14.01470786,      -14.16596623
          0,           0,        3191,       -14.0116927,      -13.88231789,      -14.07553604
          0,           0,        3192,      -13.98364458,       -13.8494897,      -14.07291083
          0,           0,        3193,       -14.0404549,      -13.91818892,       -14.1836785
          0,           0,        3194,      -14.12172776,      -13.97421488,      -14.17941633
          0,           0,        3195,      -14.05523605,      -13.91884976,      -14.16361455
          0,           0,        3196,      -14.07778352,       -13.9267955,      -14.23265562
          0,           0,        3197,      -14.00506984,      -13.89250132,      -14.13801896
          0,           0,        3198,      -14.07230099,      -13.95349425,      -14.10610763
          0,           0,        3199,      -14.09200943,      -13.97202862,      -14.17256271
          0,           0,        3200,      -13.98302661,      -13.85897432,      -14.13019736
          0,           0,        3201,      -13.96395325,      -13.85112409,      -14.14270624
          0,           0,        3202,      -14.02990625,      -13.91693843,        -14.124049
          0,           0,        3203,      -14.11872783,      -13.97819104,      -14.21669115
          0,           0,        3204,      -14.05816263,      -13.92903695,      -14.19961401
          0,           0,        3205,      -14.00723255,      -13.89685701,        -14.073394
          0,           0,        3206,      -14.01360882,      -13.88046514,      -14.18821027
          0,           0,        3207,       -14.0264332,      -13.90687552,      -14.10552371
          0,           0,        3208,      -13.99565955,      -13.87181151,      -14.13480115
          0,           0,        3209,      -14.03758823,      -13.90395019,      -14.12715192
          0,           0,        3210,      -14.01379851,      -13.88466463,      -14.10120434
          0,           0,        3211,      -13.97345516,      -13.84820054,      -14.12331195
          0,           0,        3212,      -14.00477562,       -13.8741404,      -14.14328162
          0,           0,        3213,      -13.96979073,      -13.84528327,      -14.10227897
          0,           0,        3214,      -14.04735287,      -13.92007069,      -14.15126765
          0,           0,        3215,       -14.0569039,      -13.91944393,      -14.15907698
          0,           0,        3216,       -13.9850469,      -13.84561134,      -14.10568409
          0,           0,        3217,      -14.00112193,      -13.88280461,      -14.13644214
          0,           0,        3218,      -14.10761865,      -14.00082351,      -14.21612792
          0,           0,        3219,      -14.12867746,      -13.99811928,      -14.20344227
          0,           0,        3220,      -14.01083509,      -13.89032197,      -14.12129068
          0,           0,        3221,      -14.07801951,       -13.9601473,      -14.18533392
          0,           0,        3222,      -14.09842648,      -13.96745405,      -14.14127746
          0,           0,        3223,      -14.02073367,      -13.88942021,      -14.10513092
          0,           0,        3224,      -14.07212811,      -13.94638469,      -14.17407331
          0,           0,        3225,      -14.06214316,       -13.9366507,      -14.23128901
          0,           0,        3226,      -14.06409877,      -13.93772375,      -14.13124159
          0,           0,        3227,      -14.01309333,      -13.89476682,      -14.14492556
          0,           0,        3228,       -13.9830644,      -13.85519712,      -14.14120796
          0,           0,        3229,      -14.11634489,      -13.97008339,      -14.18188669
          0,           0,        3230,      -14.09154321,      -13.97410884,      -14.20722976
          0,           0,        3231,      -14.01424248,      -13.89676278,      -14.10840041
          0,           0,        3232,      -13.98215422,      -13.85970169,      -14.13927527
          0,           0,        3233,       -14.0870537,      -13.94887046,      -14.18275079
          0,           0,        3234,      -14.06079356,      -13.92087704,      -14.18684809
          0,           0,        3235,      -14.06531684,       -13.9263219,      -14.15122846
          0,           0,        3236,      -13.98610535,      -13.84552999,      -14.11640571
          0,           0,        3237,      -14.01656556,      -13.89291008,      -14.13278578
          0,           0,        3238,      -14.02133581,      -13.91541231,       -14.1284126
          0,           0,        3239,      -13.99581896,      -13.86039152,      -14.11260646
          0,           0,        3240,      -14.00293898,      -13.87472182,      -14.08614128
          0,           0,        3241,      -14.04122955,        -13.915926,      -14.18213056
          0,           0,        3242,       -14.0167779,      -13.88538121,      -14.11527862
          0,           0,        3243,      -14.03116072,      -13.89157046,      -14.13072436
          0,           0,        3244,      -14.06382931,       -13.9299691,      -14.18651127
          0,           0,        3245,      -14.04685447,      -13.90476833,      -14.20855574
          0,           0,        3246,      -14.12083121,      -13.99977202,      -14.17490463
          0,           0,        3247,      -14.07670067,      -13.96177742,      -14.16513923
          0,           0,        3248,      -14.12706959,      -14.03374586,      -14.18718278
          0,           0,        3249,      -13.92227892,       -13.7901281,      -14.08459859
          0,           0,        3250,      -13.99941903,      -13.86028165,      -14.17478169
          0,           0,        3251,      -14.00634029,      -13.88274562,      -14.11442327
          0,           0,        3252,      -14.00729707,      -13.89833672,      -14.16722219
          0,           0,        3253,       -13.9522953,      -13.83262401,      -14.12722492
          0,           0,        3254,      -14.08937714,      -13.98100902,      -14.17123245
          0,           0,        3255,      -14.05848227,       -13.9219085,        -14.121681
          0,           0,        3256,      -14.02510231,      -13.88397202,      -14.11858808
          0,           0,        3257,      -13.95500962,      -13.82143486,      -14.08229335
          0,           0,        3258,      -14.09697897,      -13.97539071,      -14.19535283
          0,           0,        3259,      -14.09061651,      -13.96517782,      -14.18256731
          0,           0,        3260,       -14.0861597,      -13.96279935,      -14.16615273
          0,           0,        3261,      -14.01262893,      -13.87732204,      -14.14724917
          0,           0,        3262,      -14.11997769,      -13.98993032,      -14.18022374
          0,           0,        3263,      -14.08806471,      -13.97758329,      -14.17530006
          0,           0,        3264,      -13.97119695,      -13.84895355,      -14.10309309
          0,           0,        3265,      -14.04543676,      -13.91079865,      -14.15406909
          0,           0,        3266,      -14.04112139,      -13.92096167,      -14.21508515
          0,           0,        3267,      -14.05829686,      -13.93657279,      -14.16069834
          0,           0,        3268,       -14.0477558,      -13.93706134,      -14.15091052
          0,           0,        3269,      -14.13904045,      -14.02857482,      -14.23608105
          0,           0,        3270,      -14.02913403,      -13.89090051,      -14.11963363
          0,           0,        3271,      -14.01464157,      -13.88149994,      -14.13424259
          0,           0,        3272,      -13.97834421,      -13.82452954,        -14.107936
          0,           0,        3273,      -14.02917417,      -13.88687188,       -14.1267383
          0,           0,        3274,      -14.03206197,      -13.90366088,      -14.13487794
          0,           0,        3275,      -13.99445122,      -13.89781156,      -14.10743379
          0,           0,        3276,      -14.04358684,      -13.91500346,      -14.13424737
          0,           0,        3277,      -14.07887457,       -13.9536977,      -14.14931012
          0,           0,        3278,      -14.02432384,      -13.89531347,       -14.1805224
          0,           0,        3279,      -14.00830132,      -13.89426427,      -14.11640901
          0,           0,        3280,      -14.02054594,      -13.90012202,      -14.17983938
          0,           0,        3281,       -14.1186506,      -13.99582954,      -14.20216133
          0,           0,        3282,      -14.01362459,      -13.90769005,      -14.10600819
          0,           0,        3283,      -13.96462138,      -13.85658041,      -14.05558756
          0,           0,        3284,      -13.99835946,      -13.87410504,      -14.10937627
          0,           0,        3285,       -13.9950214,      -13.86857868,      -14.10895722
          0,           0,        3286,      -14.10381219,      -13.95334562,      -14.18314312
          0,           0,        3287,      -14.06663607,        -13.947551,       -14.1519283
          0,           0,        3288,       -13.9614203,       -13.8394408,       -14.1230706
          0,           0,        3289,       -13.9931888,       -13.8545016,      -14.05508407
          0,           0,        3290,      -13.92576711,      -13.79701339,      -14.07572463
          0,           0,        3291,      -14.10518906,      -13.97730355,      -14.15658485
          0,           0,        3292,      -13.98398116,      -13.86847129,      -14.09488071
          0,           0,        3293,      -14.01253181,      -13.88549784,      -14.12646506
          0,           0,        3294,      -14.10136015,        -13.981333,      -14.17122028
          0,           0,        3295,      -14.04925279,      -13.92677451,      -14.12212472
          0,           0,        3296,      -14.06789239,      -13.89677817,      -14.16544368
          0,           0,        3297,      -13.99011115,      -13.84986572,      -14.11086737
          0,           0,        3298,      -13.99415199,      -13.86895567,      -14.15777168
          0,           0,        3299,      -14.04575018,      -13.92960867,        -14.125677
          0,           0,        3300,      -14.10419693,      -13.99132982,      -14.18949704
          0,           0,        3301,      -13.99708873,      -13.87182377,      -14.16479553
          0,           0,        3302,      -14.06833768,       -13.9448259,      -14.17498416
          0,           0,        3303,      -14.08964321,       -13.9730188,      -14.19900075
          0,           0,        3304,      -13.99762314,      -13.86991592,      -14.16196726
          0,           0,        3305,      -14.13595402,      -14.00684824,      -14.18971804
          0,           0,        3306,      -13.98532399,      -13.85150636,      -14.09308661
          0,           0,        3307,      -13.97229654,      -13.84317069,      -14.10392029
          0,           0,        3308,      -14.03760723,      -13.90789385,      -14.13902021
          0,           0,        3309,      -14.07603303,      -13.94981759,       -14.1621213
          0,           0,        3310,      -14.03774457,      -13.90542952,      -14.13911775
          0,           0,        3311,      -14.03184874,      -13.90037769,      -14.08834225
          0,           0,        3312,       -14.0519477,      -13.92704464,      -14.16092906
          0,           0,        3313,      -14.04293467,      -13.92864093,       -14.1614392
          0,           0,        3314,      -14.04354541,      -13.92338211,      -14.12273792
          0,           0,        3315,       -14.0963086,      -13.97018869,      -14.18028181
          0,           0,        3316,      -14.08114304,      -13.94613972,      -14.13650261
          0,           0,        3317,      -14.00659306,      -13.87933813,      -14.11068366
          0,           0,        3318,       -14.1133907,      -13.98445562,      -14.19875598
          0,           0,        3319,      -14.04845413,      -13.93131842,      -14.16828342
          0,           0,        3320,      -14.02823724,      -13.89726365,      -14.16322494
          0,           0,        3321,      -13.99606645,      -13.87373508,      -14.14475105
          0,           0,        3322,      -14.05128361,      -13.93297693,      -14.09942524
          0,           0,        3323,      -13.94953872,      -13.84603933,      -14.11236529
          0,           0,        3324,      -14.03709307,      -13.92338565,      -14.12282931
          0,           0,        3325,      -14.00867822,      -13.87929594,      -14.14619825
          0,           0,        3326,      -14.04890391,      -13.91761366,      -14.13208736
          0,           0,        3327,      -14.05739147,       -13.9443271,      -14.17283791
          0,           0,        3328,      -14.05387988,      -13.92453833,      -14.10135959
          0,           0,        3329,      -13.99346722,      -13.87046023,      -14.14095174
          0,           0,        3330,      -14.02176165,      -13.87727265,      -14.09967465
          0,           0,        3331,      -14.04938247,      -13.91802046,       -14.1599475
          0,           0,        3332,      -14.00936073,      -13.89117338,      -14.15064708
          0,           0,        3333,      -14.09455098,      -13.98457928,      -14.18652474
          0,           0,        3334,      -14.04669815,      -13.92059111,      -14.20807176
          0,           0,        3335,      -14.08791141,      -13.96873384,       -14.1498237
          0,           0,        3336,      -14.00484922,      -13.88984275,      -14.10388213
          0,           0,        3337,      -14.03502701,      -13.92938316,      -14.11636379
          0,           0,        3338,      -14.03659354,      -13.92122326,      -14.12953471
          0,           0,        3339,      -14.05556563,      -13.94048537,      -14.21110782
          0,           0,        3340,      -13.97069845,      -13.84481825,       -14.1180513
          0,           0,        3341,       -14.0248335,      -13.90185892,      -14.12817226
          0,           0,        3342,      -14.01017641,      -13.87950295,      -14.13321988
          0,           0,        3343,      -14.04188911,      -13.92198635,      -14.20568651
          0,           0,        3344,      -14.04767989,      -13.91350952,      -14.11031829
          0,           0,        3345,      -14.01994099,      -13.87752763,      -14.12472075
          0,           0,        3346,       -14.0762483,      -13.95699501,      -14.18703562
          0,           0,        3347,      -14.06250119,       -13.9328822,      -14.10348774
          0,           0,        3348,      -13.96756973,      -13.82778464,      -14.16818786
          0,           0,        3349,      -14.04596931,      -13.92282531,       -14.1581758
          0,           0,        3350,      -14.06304466,      -13.94602288,      -14.18112394
          0,           0,        3351,      -14.17581408,      -14.04651575,      -14.20079138
          0,           0,        3352,      -14.04449827,      -13.89408169,      -14.14960647
          0,           0,        3353,      -14.10771843,      -13.97257809,      -14.18505565
          0,           0,        3354,      -14.02491169,      -13.90949576,      -14.12260817
          0,           0,        3355,      -14.10421767,      -13.98546947,      -14.17553901
          0,           0,        3356,      -14.07511315,       -13.9559731,      -14.16375901
          0,           0,        3357,      -14.06118081,      -13.94875801,      -14.16501359
          0,           0,        3358,      -14.02835027,      -13.89590254,      -14.13156461
          0,           0,        3359,      -14.02404546,      -13.90486553,      -14.11650873
          0,           0,        3360,      -14.07141235,      -13.96175867,      -14.19031376
          0,           0,        3361,      -14.11413371,      -14.00132726,      -14.21187816
          0,           0,        3362,      -14.08596356,      -13.95845361,      -14.20199692
          0,           0,        3363,      -14.14183702,      -14.02434019,      -14.23657485
          0,           0,        3364,      -14.02155223,      -13.88632753,      -14.17774103
          0,           0,        3365,       -14.0356417,      -13.90855945,      -14.13636099
          0,           0,        3366,      -14.09418419,      -13.98580163,      -14.16975413
          0,           0,        3367,      -13.97945058,      -13.85370896,      -14.05575035
          0,           0,        3368,      -13.97444017,      -13.84558429,      -14.15079852
          0,           0,        3369,      -14.14722973,      -14.03484777,      -14.22901394
          0,           0,        3370,      -14.09558744,      -13.97374437,       -14.1986914
          0,           0,        3371,      -14.05665839,      -13.93305537,       -14.1369422
          0,           0,        3372,      -14.00008106,      -13.86422385,       -14.1416239
          0,           0,        3373,      -13.95371427,      -13.82663024,      -14.09734277
          0,           0,        3374,      -14.05782958,      -13.93922739,      -14.16956165
          0,           0,        3375,      -13.98434485,      -13.82958109,      -14.13464664
          0,           0,        3376,      -14.04564341,      -13.90631965,      -14.15324495
          0,           0,        3377,      -14.05706258,      -13.91479718,       -14.1680195
          0,           0,        3378,      -14.07022947,      -13.93851153,      -14.13475712
          0,           0,        3379,      -14.04088654,      -13.90677536,       -14.2021694
          0,           0,        3380,      -14.12221414,      -13.99147894,      -14.16974859
          0,           0,        3381,      -13.99212216,      -13.86965199,      -14.05779756
          0,           0,        3382,       -14.0101243,      -13.88642719,       -14.1770821
          0,           0,        3383,      -14.03084572,      -13.90171249,      -14.16319978
          0,           0,        3384,      -14.04360517,      -13.89500259,      -14.08738017
          0,           0,        3385,      -13.96486001,      -13.83709404,      -14.10685308
          0,           0,        3386,      -14.02933986,      -13.93632443,      -14.21590452
          0,           0,        3387,      -14.06014405,        -13.959714,       -14.1780249
          0,           0,        3388,      -14.12430929,      -14.00835688,      -14.19026856
          0,           0,        3389,       -13.9934234,      -13.84806257,      -14.15357995
          0,           0,        3390,      -14.11931677,      -13.98239931,      -14.19660309
          0,           0,        3391,      -14.02216421,      -13.89523922,      -14.18674481
          0,           0,        3392,      -14.01805788,      -13.86907636,      -14.09214026
          0,           0,        3393,      -14.02031531,      -13.90244883,      -14.13026333
          0,           0,        3394,      -14.02287994,      -13.89703711,      -14.23200892
          0,           0,        3395,      -14.06347978,      -13.93133081,      -14.14390179
          0,           0,        3396,      -14.06489331,      -13.95320195,      -14.23257337
          0,           0,        3397,      -14.08623022,       -13.9551746,       -14.1843959
          0,           0,        3398,      -14.03187623,      -13.90848825,      -14.16254756
          0,           0,        3399,      -14.07384749,      -13.94429156,      -14.18330256
          0,           0,        3400,      -14.01964883,      -13.89699591,      -14.14465568
          0,           0,        3401,      -14.12729108,      -14.03688947,      -14.28222017
          0,           0,        3402,      -14.04889905,      -13.93262493,      -14.07812755
          0,           0,        3403,      -14.04330899,      -13.89191799,      -14.14063494
          0,           0,        3404,      -14.00108362,      -13.88745245,      -14.11163173
          0,           0,        3405,      -14.05526415,      -13.95040353,      -14.15746439
          0,           0,        3406,      -14.04119299,      -13.91063663,       -14.1199937
          0,           0,        3407,       -14.0542894,      -13.93188332,      -14.15923374
          0,           0,        3408,      -14.06851571,      -13.91640667,      -14.10356882
          0,           0,        3409,      -13.99462466,       -13.8490872,       -14.0500439
          0,           0,        3410,      -13.92078223,      -13.78013391,      -14.08872517
          0,           0,        3411,        -14.010917,       -13.8721923,      -14.12412646
          0,           0,        3412,      -13.99917027,      -13.89852093,      -14.19946629
          0,           0,        3413,      -13.99435814,      -13.88067956,      -14.10966003
          0,           0,        3414,      -14.03691577,      -13.91324505,      -14.12060602
          0,           0,        3415,      -14.06925651,      -13.96729204,      -14.09065515
          0,           0,        3416,      -13.95631024,      -13.83487871,      -14.13007534
          0,           0,        3417,      -14.08340088,      -13.96150997,      -14.21362766
          0,           0,        3418,      -14.01102142,      -13.89613553,      -14.09929027
          0,           0,        3419,      -13.97764352,      -13.86097361,      -14.07971372
          0,           0,        3420,      -14.05961796,      -13.94783119,      -14.13391331
          0,           0,        3421,      -14.01696774,      -13.88788101,      -14.13284469
          0,           0,        3422,      -13.98385824,      -13.87378851,      -14.12585703
          0,           0,        3423,      -14.07760039,      -13.95235215,      -14.17183417
          0,           0,        3424,      -14.01242089,      -13.89785064,      -14.09028118
          0,           0,        3425,      -14.00606005,      -13.86437564,      -14.13245073
          0,           0,        3426,      -14.01246091,      -13.89106402,      -14.12671227
          0,           0,        3427,      -14.04527482,      -13.92321264,      -14.17624632
          0,           0,        3428,      -14.07068258,      -13.96018441,      -14.15096512
          0,           0,        3429,      -14.10078298,      -13.97160372,      -14.18979441
          0,           0,        3430,      -14.06550803,       -13.9408814,      -14.16020351
          0,           0,        3431,      -14.14209523,      -14.01194654,      -14.18815542
          0,           0,        3432,      -14.02643842,      -13.88250354,      -14.09985225
          0,           0,        3433,      -13.98793366,      -13.87362111,       -14.1629832
          0,           0,        3434,      -14.06455583,       -13.9399698,      -14.17848005
          0,           0,        3435,      -14.02777944,      -13.90084899,      -14.15254312
          0,           0,        3436,      -14.09306834,      -13.97749593,      -14.16727611
          0,           0,        3437,      -14.07545278,      -13.94765996,      -14.18093529
          0,           0,        3438,      -14.15458047,      -13.99967711,      -14.20861546
          0,           0,        3439,      -14.04636306,      -13.89992533,      -14.14161939
          0,           0,        3440,      -14.04806735,      -13.91004623,      -14.11310301
          0,           0,        3441,      -13.93257451,      -13.81344838,      -14.10089138
          0,           0,        3442,      -14.04014222,      -13.92276777,      -14.15945735
          0,           0,        3443,      -14.05228392,      -13.93818393,      -14.17414403
          0,           0,        3444,      -14.06706431,      -13.92745247,       -14.1455034
          0,           0,        3445,      -13.98163233,       -13.8529367,      -14.12212898
          0,           0,        3446,      -14.01242589,      -13.88232276,       -14.1032311
          0,           0,        3447,      -14.00759644,      -13.87935763,      -14.13880886
          0,           0,        3448,       -14.0387194,      -13.89423193,      -14.16332431
          0,           0,        3449,      -14.05747333,      -13.93386978,      -14.13216559
          0,           0,        3450,      -14.01111862,      -13.89326864,      -14.11472312
          0,           0,        3451,       -14.0090316,      -13.88131158,      -14.15965478
          0,           0,        3452,       -14.0815031,      -13.95338189,      -14.14677575
          0,           0,        3453,      -14.06351452,      -13.94238397,      -14.14934515
          0,           0,        3454,      -14.07641383,      -13.92995163,      -14.13755437
          0,           0,        3455,      -14.06291013,      -13.91418503,      -14.15229227
          0,           0,        3456,      -14.04579412,      -13.91865439,      -14.16948758
          0,           0,        3457,      -14.10279033,       -13.9763571,      -14.23483849
          0,           0,        3458,       -14.0663547,      -13.94742416,      -14.17706144
          0,           0,        3459,       -14.1268433,      -14.00600493,      -14.18877307
          0,           0,        3460,      -14.04300124,      -13.92320665,      -14.17798909
          0,           0,        3461,      -14.00765188,      -13.87596178,      -14.12519076
          0,           0,        3462,      -14.06127241,      -13.91747996,       -14.1295417
          0,           0,        3463,      -14.04647497,      -13.91801529,      -14.17438961
          0,           0,        3464,      -14.04670075,      -13.90681833,      -14.17897973
          0,           0,        3465,      -14.09839488,      -13.98266865,      -14.14789914
          0,           0,        3466,      -13.98141276,      -13.85400171,      -14.09377028
          0,           0,        3467,      -14.01611522,      -13.89449826,      -14.10518232
          0,           0,        3468,      -13.97390613,      -13.84592233,      -14.10745668
          0,           0,        3469,      -14.06696894,       -13.9523045,      -14.23124477
          0,           0,        3470,      -14.03515937,      -13.89492898,      -14.16116722
          0,           0,        3471,      -13.98335117,      -13.84980161,      -14.18463801
          0,           0,        3472,      -14.16319706,       -14.0308447,      -14.20491824
          0,           0,        3473,      -14.04652529,        -13.924349,      -14.15013893
          0,           0,        3474,      -14.07232592,      -13.93316113,      -14.15396469
          0,           0,        3475,      -14.11119055,      -13.99302883,      -14.20018631
          0,           0,        3476,      -14.14393343,      -14.02758862,      -14.26518331
          0,           0,        3477,      -14.14682732,      -13.99594851,      -14.18802386
          0,           0,        3478,      -14.05932807,      -13.92203928,      -14.12783208
          0,           0,        3479,      -14.07205435,      -13.95097287,      -14.19337352
          0,           0,        3480,      -14.04809944,      -13.90965339,      -14.09189955
          0,           0,        3481,      -14.08651792,      -13.95695921,      -14.14221132
          0,           0,        3482,      -14.05514353,      -13.93903154,      -14.13213004
          0,           0,        3483,      -14.03395384,      -13.91541812,      -14.13274645
          0,           0,        3484,      -14.07983422,      -13.97766242,      -14.16822915
          0,           0,        3485,      -14.09106249,      -13.95090599,        -14.191452
          0,           0,        3486,      -14.08785509,      -13.96380769,        -14.204885
          0,           0,        3487,       -13.9821305,      -13.85874478,      -14.10283364
          0,           0,        3488,      -14.11003685,      -13.96523057,      -14.20407259
          0,           0,        3489,      -13.98608913,      -13.85827239,      -14.15506596
          0,           0,        3490,      -14.03866615,      -13.91250893,      -14.17755931
          0,           0,        3491,      -14.04755113,       -13.9100736,      -14.19159771
          0,           0,        3492,       -14.0348917,      -13.90718726,       -14.1231354
          0,           0,        3493,      -14.11392789,      -13.98856646,      -14.21897771
          0,           0,        3494,      -13.98047665,      -13.84947171,      -14.08616472
          0,           0,        3495,      -14.06870453,      -13.94680176,      -14.20835912
          0,           0,        3496,        -14.095374,      -13.96355964,      -14.16200886
          0,           0,        3497,      -14.02275217,      -13.89886908,      -14.12733449
          0,           0,        3498,       -13.9663337,      -13.83820031,      -14.18933766
          0,           0,        3499,       -14.0488833,      -13.91989562,      -14.11643894
          0,           0,        3500,      -14.00973502,      -13.89113394,      -14.15803349
          0,           0,        3501,      -14.13618971,      -14.01242284,      -14.18706512
          0,           0,        3502,      -14.07536298,      -13.94516054,       -14.1711225
          0,           0,        3503,      -13.98938438,      -13.87443365,      -14.16684188
          0,           0,        3504,      -14.04352066,      -13.91237163,      -14.12627323
          0,           0,        3505,      -14.08455951,      -13.94502558,      -14.14855601
          0,           0,        3506,      -14.05518146,      -13.93602657,      -14.12325736
          0,           0,        3507,      -13.99617491,      -13.86416682,      -14.08007413
          0,           0,        3508,      -14.04248436,      -13.91854839,      -14.18533185
          0,           0,        3509,      -14.09003052,      -13.97425449,      -14.20783227
          0,           0,        3510,      -14.11790189,      -13.97595003,       -14.1849448
          0,           0,        3511,      -14.05968179,      -13.93369889,      -14.20063729
          0,           0,        3512,      -14.06215142,      -13.92489946,      -14.13481149
          0,           0,        3513,      -13.98039921,      -13.85333684,      -14.16720745
          0,           0,        3514,      -14.05393665,      -13.92756061,       -14.1940659
          0,           0,        3515,      -14.09908843,      -13.97051442,      -14.17657411
          0,           0,        3516,      -14.07459702,      -13.94894071,      -14.23332845
          0,           0,        3517,      -14.08294959,      -13.94980158,      -14.17526365
          0,           0,        3518,      -14.03250873,       -13.9021169,      -14.10816347
          0,           0,        3519,      -14.08235889,      -13.96651812,      -14.14582548
          0,           0,        3520,       -14.0950071,      -13.96673151,      -14.13512365
          0,           0,        3521,      -14.02140226,      -13.90616742,      -14.14777997
          0,           0,        3522,      -14.00932505,      -13.89651889,      -14.14532003
          0,           0,        3523,        -14.096415,      -13.95925676,      -14.17065261
          0,           0,        3524,      -14.00865807,      -13.87556062,      -14.14328842
          0,           0,        3525,      -14.15291574,      -14.01891125,       -14.2024773
          0,           0,        3526,      -14.01983094,      -13.87554855,      -14.05339995
          0,           0,        3527,      -14.04696278,      -13.90875959,      -14.15741273
          0,           0,        3528,      -14.06245137,      -13.93120231,       -14.1889819
          0,           0,        3529,      -14.09428662,      -13.96228056,      -14.21141909
          0,           0,        3530,      -14.00928415,      -13.88161209,      -14.20085775
          0,           0,        3531,      -14.03975816,      -13.92973961,       -14.1165217
          0,           0,        3532,      -14.10662809,      -13.98954812,      -14.20740609
          0,           0,        3533,      -14.06980277,      -13.94381499,      -14.13187684
          0,           0,        3534,      -14.03629563,      -13.90241794,      -14.15328226
          0,           0,        3535,      -14.08085102,      -13.94931333,      -14.13908323
          0,           0,        3536,      -13.97171606,      -13.84186001,        -14.089241
          0,           0,        3537,      -14.06393362,      -13.94888584,      -14.17850454
          0,           0,        3538,      -14.11793997,      -14.00695087,      -14.19400827
          0,           0,        3539,       -14.0419071,      -13.90590888,      -14.10242778
          0,           0,        3540,       -14.0735796,      -13.94155604,      -14.15597187
          0,           0,        3541,      -14.05934076,      -13.93357619,      -14.15248491
          0,           0,        3542,       -14.0647861,       -13.9491034,      -14.12309449
          0,           0,        3543,      -13.95972591,      -13.81877981,      -14.08719188
          0,           0,        3544,      -14.14193213,      -14.04803712,      -14.27765608
          0,           0,        3545,      -14.09672035,      -13.97274239,      -14.12675816
          0,           0,        3546,      -14.03430891,      -13.89244923,      -14.13259709
          0,           0,        3547,      -14.05266661,      -13.91894214,      -14.13585883
          0,           0,        3548,      -13.97952181,       -13.8650523,      -14.18574168
          0,           0,        3549,      -14.09732302,      -13.97080677,      -14.16417532
          0,           0,        3550,       -13.9893957,      -13.86068162,      -14.10962968
          0,           0,        3551,      -14.01820853,      -13.89308062,      -14.10179743
          0,           0,        3552,      -14.08827944,      -13.97224305,      -14.24360454
          0,           0,        3553,      -14.00958976,      -13.87428045,      -14.12438688
          0,           0,        3554,      -14.09216303,      -13.95127621,      -14.17437308
          0,           0,        3555,      -14.03683013,      -13.90883905,      -14.09295627
          0,           0,        3556,      -14.01179584,      -13.89178159,      -14.18056905
          0,           0,        3557,      -14.04891296,      -13.92191807,      -14.17849035
          0,           0,        3558,      -14.06320454,      -13.93221497,      -14.19209425
          0,           0,        3559,      -14.12839177,      -14.03080524,       -14.2380192
          0,           0,        3560,      -14.05210523,      -13.93011662,      -14.15441534
          0,           0,        3561,      -14.04399886,       -13.9060198,       -14.1469067
          0,           0,        3562,      -14.07787296,      -13.94506537,      -14.15896231
          0,           0,        3563,      -14.03854723,      -13.89947615,      -14.18123353
          0,           0,        3564,        -14.048736,      -13.93526621,      -14.11702103
          0,           0,        3565,      -13.97719759,      -13.85662508,       -14.1172485
          0,           0,        3566,      -14.09097618,      -13.95976051,      -14.13361185
          0,           0,        3567,      -14.05487581,      -13.92718771,      -14.15762916
          0,           0,        3568,      -13.98448906,      -13.84043982,      -14.13079039
          0,           0,        3569,      -14.00312287,      -13.85527586,      -14.11447385
          0,           0,        3570,      -14.03597544,      -13.89512033,       -14.1180941
          0,           0,        3571,      -14.02356895,      -13.91570123,      -14.12570867
          0,           0,        3572,      -13.97519437,      -13.85538412,      -14.12917978
          0,           0,        3573,      -14.05247244,      -13.93420943,      -14.12681085
          0,           0,        3574,      -13.96733827,      -13.86647855,      -14.13055684
          0,           0,        3575,      -14.02311459,      -13.90858259,      -14.18255178
          0,           0,        3576,      -14.01893704,      -13.89604033,      -14.09576454
          0,           0,        3577,      -14.02527183,      -13.91082072,      -14.14630693
          0,           0,        3578,      -14.10509345,      -13.97673946,      -14.16947904
          0,           0,        3579,      -14.00972008,      -13.88797864,      -14.11570117
          0,           0,        3580,      -14.06699078,      -13.95746779,        -14.175761
          0,           0,        3581,      -14.08847161,      -13.97527604,      -14.15814838
          0,           0,        3582,      -14.04454267,      -13.91213718,      -14.11939097
          0,           0,        3583,      -14.04399345,      -13.94188451,       -14.1337203
          0,           0,        3584,      -13.98644202,      -13.85799507,      -14.11302524
          0,           0,        3585,      -14.03321748,      -13.89233308,      -14.12664949
          0,           0,        3586,      -14.02427604,      -13.89140604,       -14.1572082
          0,           0,        3587,      -14.00123182,      -13.86845329,      -14.10728274
          0,           0,        3588,      -14.08644859,      -13.95258642,      -14.20662447
          0,           0,        3589,       -14.0135551,      -13.90231958,      -14.12717657
          0,           0,        3590,      -14.04053225,      -13.93424237,      -14.14224852
          0,           0,        3591,       -14.0805787,      -13.94848025,      -14.18202816
          0,           0,        3592,      -14.07925269,      -13.95943349,      -14.19561011
          0,           0,        3593,      -14.07922412,      -13.95284827,      -14.20162119
          0,           0,        3594,       -14.1034178,      -13.96991969,      -14.15309566
          0,           0,        3595,      -14.16637995,      -14.04411911,      -14.23094207
          0,           0,        3596,      -14.04966662,      -13.91437587,      -14.12235473
          0,           0,        3597,      -13.99244006,       -13.8644949,      -14.10425684
          0,           0,        3598,      -14.08019672,      -13.98230118,      -14.19859683
          0,           0,        3599,      -14.03640227,      -13.91388777,      -14.15451639
          0,           0,        3600,      -14.13575982,      -13.99573389,      -14.17073606
          0,           0,        3601,      -14.04762806,      -13.91821193,      -14.15856293
          0,           0,        3602,      -13.99541309,      -13.88211882,      -14.12470248
          0,           0,        3603,      -13.97774947,      -13.86796274,      -14.20214438
          0,           0,        3604,      -14.05826574,       -13.9400433,      -14.23943469
          0,           0,        3605,      -14.00130151,      -13.85638751,       -14.1286402
          0,           0,        3606,      -14.09908049,      -13.97557724,      -14.17375577
          0,           0,        3607,       -14.0780408,      -13.96556841,       -14.1304785
          0,           0,        3608,      -14.02434873,      -13.90647135,      -14.14645007
          0,           0,        3609,      -14.00516553,      -13.87044532,      -14.13857258
          0,           0,        3610,      -13.98265895,      -13.84630755,      -14.07753894
          0,           0,        3611,      -14.01717204,      -13.89575596,      -14.15922804
          0,           0,        3612,       -14.1450046,      -14.01151892,      -14.18233505
          0,           0,        3613,      -14.00055095,      -13.86744063,      -14.14930133
          0,           0,        3614,      -13.96372853,      -13.83740455,       -14.1624187
          0,           0,        3615,      -14.03553062,       -13.9170868,      -14.14197589
          0,           0,        3616,      -14.03848698,      -13.92461687,      -14.16239196
          0,           0,        3617,      -14.04926097,      -13.93529664,      -14.16083813
          0,           0,        3618,      -14.13048109,      -14.03411506,      -14.20235556
          0,           0,        3619,      -14.08157563,      -13.95002431,      -14.14749086
          0,           0,        3620,      -14.02589961,      -13.89114977,      -14.12774297
          0,           0,        3621,      -14.00687576,      -13.87608938,      -14.13027479
          0,           0,        3622,      -14.01705353,      -13.89131616,      -14.14445129
          0,           0,        3623,      -14.14130654,      -14.02364163,       -14.1884183
          0,           0,        3624,      -13.97633779,      -13.86013118,       -14.0845822
          0,           0,        3625,        -13.996856,      -13.87613752,      -14.14945129
          0,           0,        3626,      -14.07009844,      -13.94083634,      -14.17583228
          0,           0,        3627,      -14.01460133,      -13.89152139,      -14.10795273
          0,           0,        3628,      -13.98684935,      -13.86131266,      -14.11474457
          0,           0,        3629,      -14.04993792,      -13.93592704,      -14.14475272
          0,           0,        3630,      -14.06380272,      -13.95431018,      -14.16506893
          0,           0,        3631,      -14.12789997,      -14.01427742,      -14.17714651
          0,           0,        3632,       -14.0576366,      -13.92581744,      -14.10933186
          0,           0,        3633,      -13.99112889,      -13.86315669,      -14.10712432
          0,           0,        3634,      -14.16552219,      -14.06274355,      -14.27872773
          0,           0,        3635,      -14.03545768,      -13.90371954,      -14.16299409
          0,           0,        3636,      -13.99874136,      -13.86182263,      -14.16023821
          0,           0,        3637,      -14.01924003,      -13.89568638,      -14.09584387
          0,           0,        3638,      -14.07849224,      -13.94928782,      -14.16051528
          0,           0,        3639,      -14.13619184,      -14.00288322,      -14.24342808
          0,           0,        3640,      -13.98436765,       -13.8732861,      -14.20845285
          0,           0,        3641,      -13.98582092,      -13.88057871,      -14.13904174
          0,           0,        3642,      -14.04083076,      -13.92017999,      -14.15924571
          0,           0,        3643,      -14.04340587,      -13.93535403,       -14.0752853
          0,           0,        3644,      -14.01190995,      -13.88562125,      -14.13367338
          0,           0,        3645,       -14.0502076,      -13.91579637,      -14.18035211
          0,           0,        3646,      -13.96778458,      -13.82571827,       -14.1306275
          0,           0,        3647,      -14.16639323,      -14.03584265,      -14.26754648
          0,           0,        3648,      -14.03827902,      -13.91490995,      -14.10498235
          0,           0,        3649,      -14.07208107,      -13.96849197,      -14.11802803
          0,           0,        3650,      -14.09714762,      -13.99026603,      -14.21919853
          0,           0,        3651,      -14.03980684,      -13.91561193,       -14.1477881
          0,           0,        3652,      -14.05525465,      -13.91305322,      -14.18286868
          0,           0,        3653,      -14.05107998,      -13.93482551,      -14.16134622
          0,           0,        3654,      -14.01494793,      -13.89435166,       -14.1323542
          0,           0,        3655,      -14.09058583,      -13.98145597,      -14.16218512
          0,           0,        3656,      -14.07240572,      -13.95256626,      -14.19852731
          0,           0,        3657,      -14.04509699,      -13.91157391,      -14.14193162
          0,           0,        3658,      -13.99755969,      -13.86397403,      -14.13178637
          0,           0,        3659,      -14.06044637,      -13.93035046,      -14.12088002
          0,           0,        3660,      -14.07776968,      -13.95151384,      -14.16217176
          0,           0,        3661,      -14.05846998,      -13.91109385,      -14.15774185
          0,           0,        3662,       -14.0517973,      -13.91921176,      -14.12972046
          0,           0,        3663,      -14.06666669,       -13.9370405,      -14.15583014
          0,           0,        3664,      -14.01262418,      -13.88807368,      -14.19636863
          0,           0,        3665,      -14.09030648,      -13.96543699,      -14.14292792
          0,           0,        3666,      -13.97717566,      -13.85724757,      -14.08914392
          0,           0,        3667,      -13.95721929,      -13.84826941,      -14.10708181
          0,           0,        3668,      -14.09126713,      -13.97126931,      -14.18524277
          0,           0,        3669,       -14.1264143,      -13.99692426,      -14.17540902
          0,           0,        3670,      -14.05851187,      -13.94825017,      -14.11089077
          0,           0,        3671,       -14.0015315,      -13.87962121,      -14.15339405
          0,           0,        3672,      -14.01338185,      -13.87133216,      -14.11529025
          0,           0,        3673,      -14.09265472,      -13.96818715,      -14.22283776
          0,           0,        3674,      -14.05607379,      -13.95155168,      -14.12794221
          0,           0,        3675,      -14.02207587,      -13.88978685,      -14.18575931
          0,           0,        3676,      -14.12502395,      -13.96767783,      -14.20621562
          0,           0,        3677,      -14.06893068,      -13.94142204,      -14.15176645
          0,           0,        3678,      -14.04710121,      -13.93180723,      -14.19361402
          0,           0,        3679,      -14.07295773,      -13.95005517,      -14.19666016
          0,           0,        3680,      -14.01559971,      -13.87838985,      -14.13300758
          0,           0,        3681,      -14.11785475,      -13.97053583,      -14.19158777
          0,           0,        3682,        -14.001951,       -13.8482957,      -14.09075009
          0,           0,        3683,       -14.0327455,      -13.89840782,      -14.11499103
          0,           0,        3684,      -13.99171847,      -13.88711248,      -14.13649555
          0,           0,        3685,       -14.1100211,      -14.00630916,      -14.27240607
          0,           0,        3686,      -14.15425791,      -14.03703459,      -14.24223522
          0,           0,        3687,      -14.01722034,      -13.88705232,      -14.13316007
          0,           0,        3688,       -13.9565307,      -13.83137222,       -14.0612268
          0,           0,        3689,      -13.94384237,      -13.81307033,      -14.08268003
          0,           0,        3690,      -13.98007901,      -13.85534968,      -14.10113182
          0,           0,        3691,       -14.0422139,      -13.92051681,      -14.14655863
          0,           0,        3692,      -14.10445541,      -13.95374654,       -14.1833048
          0,           0,        3693,      -14.03024125,      -13.90125169,      -14.17171574
          0,           0,        3694,       -14.0545053,      -13.91946294,      -14.12681031
          0,           0,        3695,      -14.03815424,      -13.91864528,      -14.19786928
          0,           0,        3696,      -14.04481183,      -13.91540763,      -14.13314117
          0,           0,        3697,      -13.97747794,      -13.86564335,      -14.10509909
          0,           0,        3698,      -14.08108308,      -13.94423861,      -14.14414136
          0,           0,        3699,      -13.95638377,        -13.819517,      -14.09117797
          0,           0,        3700,      -14.10467459,      -13.97331766,      -14.18411076
          0,           0,        3701,      -14.09754115,      -13.96678769,      -14.18766608
          0,           0,        3702,      -14.09361931,      -13.95489439,      -14.16143379
          0,           0,        3703,       -14.0013873,      -13.88608821,      -14.13474667
          0,           0,        3704,       -13.9729171,      -13.85182767,      -14.08460123
          0,           0,        3705,      -14.10453311,      -13.96147311,      -14.19066442
          0,           0,        3706,      -14.02486705,      -13.88024076,      -14.11284154
          0,           0,        3707,      -14.03520951,       -13.9055828,      -14.11703337
          0,           0,        3708,       -13.9982696,      -13.88137444,      -14.16301865
          0,           0,        3709,      -14.04890906,      -13.92595052,      -14.18851436
          0,           0,        3710,      -14.05009079,      -13.93721029,      -14.17463244
          0,           0,        3711,      -14.01941507,      -13.89681017,      -14.14796778
          0,           0,        3712,      -14.08642866,      -13.97666101,      -14.21916158
          0,           0,        3713,       -14.0364383,      -13.90029709,      -14.11799513
          0,           0,        3714,      -14.04262899,      -13.92046287,      -14.19923878
          0,           0,        3715,      -14.01859799,      -13.90045947,      -14.13853875
          0,           0,        3716,      -14.03943266,      -13.89686876,      -14.16160671
          0,           0,        3717,      -14.09545801,      -13.96338069,      -14.17410054
          0,           0,        3718,      -14.09572851,      -13.98741583,      -14.13324516
          0,           0,        3719,      -13.99593772,      -13.87884497,      -14.08154472
          0,           0,        3720,      -14.05551172,      -13.92284646,      -14.15522201
          0,           0,        3721,      -14.06386163,      -13.95396376,      -14.20579838
          0,           0,        3722,      -14.06295055,      -13.95898566,      -14.14344879
          0,           0,        3723,      -14.06997712,      -13.93618546,      -14.11074694
          0,           0,        3724,      -14.06499906,      -13.92866698,      -14.14893382
          0,           0,        3725,      -14.09530924,      -13.99355398,      -14.30855127
          0,           0,        3726,      -14.01162081,      -13.90669472,      -14.17721897
          0,           0,        3727,      -14.08901203,       -13.9714023,      -14.18581564
          0,           0,        3728,       -14.0248194,      -13.89651415,      -14.12211154
          0,           0,        3729,      -14.03735625,      -13.91121291,      -14.10384566
          0,           0,        3730,      -14.02828347,      -13.91045387,      -14.11404772
          0,           0,        3731,      -13.96822293,      -13.84049871,      -14.16000521
          0,           0,        3732,        -14.020129,      -13.89009029,      -14.15540416
          0,           0,        3733,      -14.10483702,       -13.9948021,      -14.19063167
          0,           0,        3734,      -14.03375653,      -13.90846493,      -14.12753927
          0,           0,        3735,       -14.0282751,      -13.90787667,      -14.15645779
          0,           0,        3736,      -14.02154568,      -13.90274357,      -14.18763426
          0,           0,        3737,      -14.10836612,      -13.99496766,      -14.16976712
          0,           0,        3738,      -13.90150351,      -13.77958806,      -14.03116772
          0,           0,        3739,      -14.05231671,      -13.90078859,      -14.17118396
          0,           0,        3740,      -14.05114135,      -13.90933158,      -14.17099515
          0,           0,        3741,      -13.97594839,      -13.83282423,      -14.09030903
          0,           0,        3742,      -13.99392622,       -13.8583032,      -14.14624946
          0,           0,        3743,      -14.09211564,      -13.97456257,      -14.21580913
          0,           0,        3744,      -14.08011634,      -13.94454343,      -14.17650559
          0,           0,        3745,      -13.97989943,      -13.84547682,      -14.11103957
          0,           0,        3746,      -14.12447883,      -13.98343305,      -14.16175244
          0,           0,        3747,      -14.08216865,      -13.96843687,      -14.14021616
          0,           0,        3748,      -13.97277979,      -13.84984411,      -14.14541844
          0,           0,        3749,      -14.07667147,      -13.94779965,       -14.1588691
          0,           0,        3750,      -14.01191338,      -13.88341082,      -14.07566362
          0,           0,        3751,      -13.96428082,      -13.83456889,       -14.0862535
          0,           0,        3752,      -14.01077996,      -13.89050751,      -14.10166458
          0,           0,        3753,      -14.02022711,      -13.88453184,      -14.12287073
          0,           0,        3754,      -14.13387497,      -14.00853361,      -14.19820217
          0,           0,        3755,      -13.97788856,      -13.85142275,      -14.16889916
          0,           0,        3756,      -14.12977382,      -13.99599268,      -14.23957581
          0,           0,        3757,      -14.00868498,      -13.87565608,      -14.09201792
          0,           0,        3758,      -14.09667037,      -13.96910665,      -14.14241505
          0,           0,        3759,      -14.05314046,      -13.92599435,      -14.10615132
          0,           0,        3760,      -13.98382513,      -13.84901091,      -14.12707711
          0,           0,        3761,      -13.98790584,      -13.85908403,      -14.17406368
          0,           0,        3762,      -14.04539048,      -13.90542234,      -14.13496147
          0,           0,        3763,      -14.08433752,      -13.95234571,      -14.16304676
          0,           0,        3764,      -14.05987271,      -13.93739059,      -14.16031331
          0,           0,        3765,      -14.06118736,      -13.93161744,      -14.10567646
          0,           0,        3766,      -13.96676708,      -13.83827425,       -14.1089789
          0,           0,        3767,      -14.03834604,      -13.91219564,      -14.12764014
          0,           0,        3768,      -14.09170468,      -13.96366306,      -14.13144444
          0,           0,        3769,      -14.00343542,      -13.86484909,      -14.12400897
          0,           0,        3770,       -14.1202168,      -14.00114602,      -14.17650878
          0,           0,        3771,       -13.9928192,      -13.86973362,      -14.10890149
          0,           0,        3772,      -14.10717431,      -13.97800413,      -14.16246638
          0,           0,        3773,      -14.02212777,       -13.8976083,      -14.11576311
          0,           0,        3774,       -13.9923638,      -13.86776685,      -14.11848062
          0,           0,        3775,      -14.06510617,      -13.93599993,      -14.13516612
          0,           0,        3776,      -14.01055201,      -13.88183402,      -14.07686516
          0,           0,        3777,       -13.9830675,      -13.87691039,      -14.15457659
          0,           0,        3778,      -13.97935759,      -13.86911115,      -14.09862395
          0,           0,        3779,      -14.08984646,      -13.96876972,      -14.18487846
          0,           0,        3780,      -13.99071429,      -13.88779254,       -14.1439704
          0,           0,        3781,      -14.08508825,       -13.9683698,      -14.17494377
          0,           0,        3782,        -14.038202,      -13.90712199,      -14.16208639
          0,           0,        3783,      -14.10341493,      -13.96554207,      -14.15901196
          0,           0,        3784,      -14.08758022,      -13.97296168,      -14.22884529
          0,           0,        3785,      -13.99431135,      -13.86975263,      -14.12159709
          0,           0,        3786,      -14.01507637,      -13.88719207,      -14.16816924
          0,           0,        3787,      -14.06450344,      -13.94034982,      -14.14629056
          0,           0,        3788,      -14.04892259,      -13.91570442,      -14.14033369
          0,           0,        3789,      -14.00736948,      -13.87226916,      -14.14020248
          0,           0,        3790,      -14.10960285,      -13.95308647,      -14.19506307
          0,           0,        3791,      -13.97708612,      -13.82168139,      -14.10302524
          0,           0,        3792,      -14.10053307,      -13.97560352,      -14.18782936
          0,           0,        3793,      -13.96162726,      -13.84149305,      -14.12531021
          0,           0,        3794,      -13.94836615,       -13.8376019,      -14.08185361
          0,           0,        3795,      -14.02685367,      -13.89101044,      -14.15470501
          0,           0,        3796,      -13.95972331,      -13.84552833,      -14.16177804
          0,           0,        3797,      -14.07145803,      -13.94346052,      -14.12252181
          0,           0,        3798,      -14.08271763,      -13.93512853,      -14.16398324
          0,           0,        3799,      -14.01802217,      -13.89375646,      -14.13559876
          0,           0,        3800,      -13.92171307,      -13.78874584,      -14.09485727
          0,           0,        3801,       -13.9823419,      -13.83975081,      -14.10501912
          0,           0,        3802,      -14.02243363,      -13.90399711,      -14.09164225
          0,           0,        3803,      -14.00080429,      -13.88725499,      -14.08229222
          0,           0,        3804,      -14.05085281,      -13.93391379,      -14.14393117
          0,           0,        3805,      -14.06667509,      -13.94249997,      -14.14292465
          0,           0,        3806,      -14.13746223,      -13.99357548,      -14.24278149
          0,           0,        3807,      -14.03866975,      -13.89754952,      -14.17575932
          0,           0,        3808,      -14.07960455,      -13.94542476,      -14.19420887
          0,           0,        3809,      -14.09037433,      -13.96873537,      -14.16053659
          0,           0,        3810,      -14.07954259,      -13.94732886,      -14.16915097
          0,           0,        3811,      -14.10003202,      -13.96064174,      -14.17220445
          0,           0,        3812,      -14.04944849,      -13.93701334,      -14.11830573
          0,           0,        3813,       -13.9604371,      -13.84266201,      -14.10111449
          0,           0,        3814,      -14.06147276,      -13.95262573,      -14.15906162
          0,           0,        3815,       -14.0201512,      -13.87735317,      -14.11701587
          0,           0,        3816,      -14.12367452,      -13.97156924,      -14.20126681
          0,           0,        3817,      -14.02066236,      -13.88857765,      -14.10534553
          0,           0,        3818,      -13.97885724,      -13.86489168,      -14.13801269
          0,           0,        3819,      -14.01587914,      -13.89861641,      -14.13981915
          0,           0,        3820,      -14.05248289,      -13.92743128,      -14.13334241
          0,           0,        3821,      -14.01543271,      -13.87981154,      -14.13772948
          0,           0,        3822,      -14.06884127,      -13.93915944,      -14.14181535
          0,           0,        3823,      -14.04569254,       -13.9300005,      -14.19010414
          0,           0,        3824,      -14.09682929,      -13.96145613,      -14.17641162
          0,           0,        3825,      -13.96428532,      -13.81990873,      -14.05816814
          0,           0,        3826,      -14.03670617,      -13.89970737,       -14.1903893
          0,           0,        3827,      -13.99803776,      -13.88208194,      -14.12100331
          0,           0,        3828,      -14.06895884,      -13.94884832,      -14.18434535
          0,           0,        3829,      -14.06426123,      -13.92966438,      -14.19632372
          0,           0,        3830,      -14.03115394,      -13.88940475,      -14.09586571
          0,           0,        3831,      -14.05229889,      -13.90761401,      -14.15686126
          0,           0,        3832,      -14.07705507,      -13.94683635,      -14.17115725
          0,           0,        3833,      -14.02251148,      -13.89256144,      -14.12959029
          0,           0,        3834,      -14.02301189,        -13.910115,      -14.12101682
          0,           0,        3835,      -14.07704403,      -13.95457653,      -14.18790223
          0,           0,        3836,      -14.05188572,      -13.92856357,      -14.09337436
          0,           0,        3837,      -14.02115755,      -13.89711665,      -14.12781393
          0,           0,        3838,       -14.0748165,      -13.95357969,      -14.22054764
          0,           0,        3839,      -14.06793121,      -13.93601774,      -14.15740506
          0,           0,        3840,      -14.08927432,      -13.95670221,      -14.14846004
          0,           0,        3841,      -14.06877565,      -13.95050768,       -14.1858349
          0,           0,        3842,      -14.05817286,      -13.92896192,      -14.14428688
          0,           0,        3843,      -14.01756037,      -13.88700815,       -14.1375713
          0,           0,        3844,      -14.02226378,      -13.88356877,      -14.10478374
          0,           0,        3845,      -14.04970103,      -13.93585609,      -14.15388982
          0,           0,        3846,      -14.06305662,      -13.95120245,      -14.11743876
          0,           0,        3847,       -13.9548873,      -13.82253195,      -14.14528104
          0,           0,        3848,      -14.00287277,       -13.8783779,      -14.15717441
          0,           0,        3849,      -14.01535967,      -13.88366913,      -14.15370835
          0,           0,        3850,      -14.02761865,      -13.90035913,      -14.11020038
          0,           0,        3851,      -13.99479043,      -13.86507465,      -14.14799747
          0,           0,        3852,      -14.08075585,      -13.95806181,      -14.23445505
          0,           0,        3853,      -14.05232925,       -13.9384059,      -14.18571626
          0,           0,        3854,      -14.10383839,       -13.9795211,      -14.18581215
          0,           0,        3855,      -14.08754006,      -13.95598564,      -14.19084047
          0,           0,        3856,       -14.0699334,      -13.93713605,      -14.14419763
          0,           0,        3857,      -14.02280787,       -13.8839428,      -14.07721714
          0,           0,        3858,      -14.01620813,       -13.8752253,      -14.11426869
          0,           0,        3859,      -14.05195556,      -13.94116829,      -14.16954523
          0,           0,        3860,      -14.12004445,      -14.00931352,      -14.22071979
          0,           0,        3861,      -14.03055314,      -13.90365714,      -14.15517398
          0,           0,        3862,      -14.08798138,      -13.97533495,      -14.17505824
          0,           0,        3863,      -14.02265334,      -13.92472963,      -14.19825042
          0,           0,        3864,      -14.11825939,      -14.01283385,       -14.1906674
          0,           0,        3865,      -14.05647228,      -13.94199417,      -14.17162154
          0,           0,        3866,      -14.02353824,      -13.89532883,      -14.11962443
          0,           0,        3867,      -14.08528156,      -13.95469942,      -14.21699156
          0,           0,        3868,      -14.07744349,      -13.94811233,      -14.15496554
          0,           0,        3869,      -14.07916445,      -13.94391352,      -14.13807176
          0,           0,        3870,      -14.12681938,      -13.98610828,      -14.16831989
          0,           0,        3871,       -14.0568956,      -13.92948807,      -14.13901355
          0,           0,        3872,       -14.0776459,      -13.96497797,      -14.18996668
          0,           0,        3873,      -14.07988591,       -13.9599922,       -14.2013394
          0,           0,        3874,      -14.07708513,      -13.93296338,      -14.16467951
          0,           0,        3875,      -13.95090782,      -13.82569277,      -14.10380263
          0,           0,        3876,      -14.13458997,      -14.00530097,      -14.17088753
          0,           0,        3877,      -14.10267053,      -13.97990985,      -14.18458036
          0,           0,        3878,      -14.07883511,      -13.94966479,      -14.19992864
          0,           0,        3879,      -14.01756752,      -13.89600775,      -14.08507636
          0,           0,        3880,      -14.01798485,      -13.89517984,      -14.14315402
          0,           0,        3881,      -14.00581728,      -13.90111888,      -14.07995662
          0,           0,        3882,      -13.94304617,       -13.8124517,      -14.05412443
          0,           0,        3883,      -14.01631974,      -13.87206959,      -14.12709299
          0,           0,        3884,      -13.99857059,       -13.8776053,      -14.13549683
          0,           0,        3885,      -13.99790407,       -13.8771039,      -14.15109542
          0,           0,        3886,       -14.0558353,      -13.95190716,      -14.15061394
          0,           0,        3887,      -14.09201683,      -13.99687379,      -14.24199337
          0,           0,        3888,      -14.09252297,      -13.97596952,       -14.2399298
          0,           0,        3889,      -14.05933448,      -13.92418938,      -14.15558313
          0,           0,        3890,      -14.05031664,      -13.91113252,      -14.13241364
          0,           0,        3891,      -14.00298282,      -13.87465766,      -14.12645332
          0,           0,        3892,      -14.03628132,      -13.93224488,      -14.11328589
          0,           0,        3893,      -14.00922579,      -13.89255821,      -14.15850738
          0,           0,        3894,      -13.98414282,      -13.84183882,      -14.07730581
          0,           0,        3895,      -13.96509944,      -13.84378791,      -14.12405637
          0,           0,        3896,      -14.01511873,      -13.87815886,      -14.07705997
          0,           0,        3897,      -14.02370575,      -13.93332887,      -14.12887585
          0,           0,        3898,      -14.05118611,      -13.91998292,      -14.13144988
          0,           0,        3899,      -14.08486291,      -13.95322494,      -14.13928427
          0,           0,        3900,      -14.06920996,      -13.93988123,      -14.15163853
          0,           0,        3901,      -14.08336751,      -13.95093303,      -14.14825055
          0,           0,        3902,      -14.01862765,      -13.88797292,      -14.16651613
          0,           0,        3903,       -14.0627233,       -13.9407765,      -14.15299431
          0,           0,        3904,      -14.02129019,      -13.89466041,      -14.15545782
          0,           0,        3905,      -14.10657303,      -13.99089901,      -14.29064208
          0,           0,        3906,      -14.00797764,      -13.88506975,      -14.14652538
          0,           0,        3907,      -14.04820452,      -13.93007016,      -14.14528313
          0,           0,        3908,      -13.98839036,      -13.86149573,      -14.15029034
          0,           0,        3909,      -14.07019241,      -13.95472238,      -14.09675544
          0,           0,        3910,       -14.0040245,      -13.88780696,       -14.1285501
          0,           0,        3911,      -13.93013533,      -13.80428043,      -14.10613332
          0,           0,        3912,      -14.02442289,      -13.89815364,      -14.13197693
          0,           0,        3913,      -14.06040485,       -13.9289684,      -14.16204051
          0,           0,        3914,       -14.0513875,      -13.93802985,       -14.1643296
          0,           0,        3915,      -13.98587592,      -13.86465295,      -14.07552196
          0,           0,        3916,      -14.04171345,      -13.92561358,      -14.15755417
          0,           0,        3917,      -14.02802684,       -13.9117892,      -14.14549366
          0,           0,        3918,      -13.98459345,      -13.86652703,      -14.14429201
          0,           0,        3919,      -14.09654423,      -13.95460962,      -14.16125543
          0,           0,        3920,      -14.08509724,      -13.94802782,      -14.17919757
          0,           0,        3921,      -14.07948181,        -13.950659,      -14.14689643
          0,           0,        3922,      -14.06536221,      -13.92736761,      -14.14793656
          0,           0,        3923,      -14.08653096,      -13.95415781,      -14.21448573
          0,           0,        3924,      -14.02497638,      -13.92089594,      -14.13525821
          0,           0,        3925,      -14.03741958,      -13.89798073,      -14.12156666
          0,           0,        3926,      -14.05787569,      -13.91517271,      -14.15967157
          0,           0,        3927,      -13.93223714,       -13.8043752,       -14.0948445
          0,           0,        3928,      -14.03396697,      -13.92054397,      -14.19445705
          0,           0,        3929,      -14.05069281,       -13.9442257,      -14.14180849
          0,           0,        3930,      -13.98191236,      -13.84982926,      -14.12201882
          0,           0,        3931,      -14.03244084,      -13.89605713,      -14.16182059
          0,           0,        3932,      -14.00830335,      -13.87577454,      -14.13194086
          0,           0,        3933,      -13.97340818,      -13.83356876,      -14.14561855
          0,           0,        3934,      -13.98505722,      -13.85945726,      -14.12213373
          0,           0,        3935,      -13.96035102,      -13.83123869,      -14.09373753
          0,           0,        3936,      -13.98316036,      -13.86422274,      -14.16401476
          0,           0,        3937,      -13.98813295,      -13.85271907,      -14.12939511
          0,           0,        3938,      -14.03135042,      -13.89571614,      -14.17925328
          0,           0,        3939,      -14.10391089,      -13.98081577,       -14.2184657
          0,           0,        3940,      -14.07035908,      -13.94191821,      -14.13796871
          0,           0,        3941,      -13.98665536,       -13.8744382,      -14.09879099
          0,           0,        3942,       -14.0355501,      -13.90911772,          -14.1133
          0,           0,        3943,      -14.03436276,      -13.90881759,      -14.08451739
          0,           0,        3944,       -14.0233136,      -13.89813385,       -14.1444301
          0,           0,        3945,       -14.0884338,      -13.96917947,      -14.18690184
          0,           0,        3946,      -14.02892045,      -13.90729864,      -14.12854792
          0,           0,        3947,      -14.04073182,      -13.89133574,      -14.12765656
          0,           0,        3948,      -13.96334134,      -13.82650405,      -14.06844729
          0,           0,        3949,       -14.0584046,      -13.93167174,       -14.1221301
          0,           0,        3950,      -13.95427612,       -13.8391905,       -14.1079576
          0,           0,        3951,       -14.0674338,      -13.97112408,      -14.21720025
          0,           0,        3952,      -14.07153034,      -13.95304101,      -14.17475393
          0,           0,        3953,      -14.03680358,      -13.91631767,      -14.17488836
          0,           0,        3954,      -14.10416907,      -13.97248519,      -14.20863026
          0,           0,        3955,      -13.99726728,      -13.86857831,      -14.08100699
          0,           0,        3956,      -14.04745658,      -13.91851641,      -14.14605398
          0,           0,        3957,      -13.99189382,      -13.86248183,      -14.09068487
          0,           0,        3958,      -14.07374098,      -13.94879671,      -14.16398963
          0,           0,        3959,      -14.00119329,       -13.8701582,      -14.11722513
          0,           0,        3960,      -13.95932425,      -13.83049152,      -14.04838788
          0,           0,        3961,      -14.09820783,      -13.96508459,      -14.18817293
          0,           0,        3962,      -14.08268613,      -13.98037179,      -14.19100386
          0,           0,        3963,      -14.04180539,      -13.94376011,      -14.10286757
          0,           0,        3964,      -14.00795224,      -13.88643465,      -14.08534518
          0,           0,        3965,      -13.99008932,      -13.85023922,      -14.07582205
          0,           0,        3966,      -14.01906364,      -13.91196236,      -14.14584443
          0,           0,        3967,      -14.07631275,      -13.98194251,      -14.19193681
          0,           0,        3968,      -14.05883629,       -13.9333134,      -14.19376832
          0,           0,        3969,      -14.02901884,      -13.91312116,      -14.12557286
          0,           0,        3970,      -14.10103262,       -13.9831744,      -14.22427513
          0,           0,        3971,       -14.0782925,      -13.93548419,      -14.10749609
          0,           0,        3972,      -13.98326141,      -13.84415538,      -14.05571279
          0,           0,        3973,      -13.99090351,      -13.87093962,      -14.08958589
          0,           0,        3974,      -14.01573403,      -13.88651279,      -14.11284623
          0,           0,        3975,      -14.00823962,      -13.88266816,      -14.14590931
          0,           0,        3976,      -14.03103423,      -13.89277818,      -14.14969966
          0,           0,        3977,      -14.06107643,      -13.92257533,      -14.12977206
          0,           0,        3978,      -14.03573878,      -13.91093498,      -14.14539779
          0,           0,        3979,      -14.08738254,      -13.95844917,      -14.15373926
          0,           0,        3980,      -14.13896933,      -14.01932883,      -14.17904254
          0,           0,        3981,      -14.04256381,      -13.90357028,      -14.12919166
          0,           0,        3982,      -14.10160353,      -13.96074638,       -14.2318572
          0,           0,        3983,      -14.04793857,      -13.91886522,      -14.14449986
          0,           0,        3984,      -14.11341745,      -13.98849457,      -14.17764148
          0,           0,        3985,      -14.05490207,      -13.95237243,       -14.1554269
          0,           0,        3986,      -14.02041055,      -13.88923957,      -14.14510065
          0,           0,        3987,      -14.05371149,      -13.93011198,      -14.12193753
          0,           0,        3988,      -14.07461631,      -13.95678741,      -14.17195578
          0,           0,        3989,      -14.03007691,      -13.90534318,      -14.16694833
          0,           0,        3990,      -14.09227594,      -13.96564291,      -14.19176036
          0,           0,        3991,      -14.06047748,      -13.94606122,      -14.20942807
          0,           0,        3992,      -14.06011058,      -13.93969749,      -14.12409388
          0,           0,        3993,      -14.06886052,      -13.93812069,      -14.15637584
          0,           0,        3994,      -14.08999034,      -13.96337539,      -14.19959954
          0,           0,        3995,      -13.97276757,      -13.84413825,      -14.19981555
          0,           0,        3996,      -13.98946595,      -13.86068895,      -14.09520036
          0,           0,        3997,      -13.96066948,      -13.84605833,      -14.12725221
          0,           0,        3998,      -14.01090355,      -13.90287958,      -14.13180561
          0,           0,        3999,      -14.07618649,      -13.95094762,      -14.19105641
          0,           0,        4000,      -14.11249333,      -13.99459794,      -14.22016575
          0,           0,        4001,       -14.0736142,      -13.95597042,      -14.17889868
          0,           0,        4002,      -13.96483874,       -13.8251195,      -14.14674187
          0,           0,        4003,      -14.02610156,      -13.88720986,      -14.15105588
          0,           0,        4004,      -14.07981901,      -13.94317957,      -14.17891946
          0,           0,        4005,      -14.03709729,      -13.88891496,      -14.13824313
          0,           0,        4006,      -13.96336423,      -13.83666596,      -14.09885236
          0,           0,        4007,      -14.05001493,      -13.92296513,      -14.16235933
          0,           0,        4008,      -14.01739235,      -13.87674303,      -14.10007538
          0,           0,        4009,      -14.00796146,      -13.86531904,      -14.05763289
          0,           0,        4010,      -14.05482004,      -13.91962321,      -14.18720095
          0,           0,        4011,       -14.0726991,      -13.95760255,      -14.20460631
          0,           0,        4012,      -14.08958692,      -13.96166405,      -14.15265821
          0,           0,        4013,      -14.09227225,      -13.98490936,       -14.1577368
          0,           0,        4014,      -13.96608757,      -13.82957235,       -14.1304124
          0,           0,        4015,       -14.0271702,      -13.87954755,      -14.12837633
          0,           0,        4016,      -14.08804843,      -13.97652076,      -14.15570736
          0,           0,        4017,      -13.97142827,      -13.85023325,      -14.11555344
          0,           0,        4018,      -14.05602269,      -13.93845445,      -14.19875471
          0,           0,        4019,      -14.02559879,      -13.91011684,      -14.10994318
          0,           0,        4020,      -14.00322572,      -13.88318962,      -14.10945552
          0,           0,        4021,      -14.06321837,      -13.94807723,      -14.18296771
          0,           0,        4022,      -14.01254085,      -13.89540623,      -14.13729553
          0,           0,        4023,      -14.12018307,       -13.9961366,      -14.22191292
          0,           0,        4024,      -14.01256726,      -13.88122898,      -14.16056106
          0,           0,        4025,      -14.09072266,      -13.94643262,      -14.16297716
          0,           0,        4026,      -14.01862335,      -13.89078822,       -14.1498373
          0,           0,        4027,      -14.06473621,      -13.92882158,      -14.13082372
          0,           0,        4028,      -14.10311176,      -13.97955242,      -14.22012341
          0,           0,        4029,      -14.04357533,      -13.90442241,      -14.14637016
          0,           0,        4030,      -14.04415958,      -13.90692964,      -14.19360955
          0,           0,        4031,      -14.01284092,      -13.88050068,      -14.11072508
          0,           0,        4032,       -14.0957366,      -13.95904489,      -14.21788665
          0,           0,        4033,      -14.08897371,      -13.95129468,      -14.14155295
          0,           0,        4034,      -13.99220058,      -13.87853263,      -14.13221082
          0,           0,        4035,      -14.01874875,      -13.91475035,      -14.10089539
          0,           0,        4036,      -14.10852441,      -13.96498848,      -14.16836206
          0,           0,        4037,      -13.96084247,      -13.84446503,      -14.11069676
          0,           0,        4038,      -14.02710318,      -13.91548562,      -14.15988002
          0,           0,        4039,      -13.99782498,      -13.84704306,      -14.08076494
          0,           0,        4040,      -13.99514358,       -13.8767645,      -14.08555508
          0,           0,        4041,      -14.06187607,      -13.94663131,      -14.18821159
          0,           0,        4042,      -14.08569498,      -13.96499213,      -14.21848986
          0,           0,        4043,      -14.06987759,      -13.94300498,      -14.13541932
          0,           0,        4044,      -14.08868202,      -13.93390625,      -14.17130171
          0,           0,        4045,      -14.05066618,      -13.91933842,      -14.15131655
          0,           0,        4046,      -14.07482474,      -13.96869182,      -14.15893279
          0,           0,        4047,      -14.06626483,       -13.9490965,      -14.15555921
          0,           0,        4048,      -14.03450186,      -13.90687027,      -14.11216151
          0,           0,        4049,      -14.02747844,      -13.89787974,      -14.17838123
          0,           0,        4050,      -14.06359979,      -13.95298633,      -14.17319073
          0,           0,        4051,      -14.05269424,      -13.93989886,      -14.16686394
          0,           0,        4052,      -14.02830505,      -13.91035371,       -14.1330699
          0,           0,        4053,      -13.99759224,      -13.86885572,      -14.12076278
          0,           0,        4054,      -13.99942029,      -13.89574331,       -14.1274069
          0,           0,        4055,      -13.96792859,      -13.83997642,      -14.12836303
          0,           0,        4056,      -14.00094335,      -13.87042679,      -14.14918843
          0,           0,        4057,      -14.15777206,      -14.04335486,      -14.22060637
          0,           0,        4058,       -14.0475962,      -13.92829582,      -14.15230807
          0,           0,        4059,       -14.0425092,      -13.91797939,      -14.12358457
          0,           0,        4060,      -14.05103423,      -13.92336608,      -14.13187302
          0,           0,        4061,      -14.05977602,      -13.92982696,      -14.15933701
          0,           0,        4062,      -14.00357406,      -13.87651834,      -14.16533673
          0,           0,        4063,      -14.09917926,      -13.97703845,      -14.22683752
          0,           0,        4064,      -14.02400842,      -13.90751842,      -14.12222972
          0,           0,        4065,      -14.12596607,      -13.99713407,      -14.22857324
          0,           0,        4066,      -14.03623383,      -13.90086863,      -14.14677491
          0,           0,        4067,      -13.99499964,      -13.85280232,      -14.07513578
          0,           0,        4068,      -14.00604858,      -13.88082073,      -14.15459966
          0,           0,        4069,      -14.13695658,      -13.99819306,      -14.18912501
          0,           0,        4070,      -14.02453961,      -13.90190405,       -14.1300376
          0,           0,        4071,      -14.06834233,      -13.94759767,      -14.13409117
          0,           0,        4072,      -14.04116786,      -13.91678991,      -14.11139815
          0,           0,        4073,      -14.03746979,      -13.91336426,      -14.12709772
          0,           0,        4074,      -14.04721673,      -13.92020372,      -14.17467924
          0,           0,        4075,      -13.98156719,      -13.85350033,      -14.08123094
          0,           0,        4076,      -14.04236144,      -13.92454323,       -14.2120187
          0,           0,        4077,      -14.06836848,      -13.95249095,      -14.13378088
          0,           0,        4078,      -14.07901499,      -13.95375957,      -14.13152821
          0,           0,        4079,      -13.98208181,      -13.84656692,      -14.18218819
          0,           0,        4080,      -14.07042436,      -13.94310802,      -14.15667396
          0,           0,        4081,      -14.00650449,      -13.86239178,      -14.13561823
          0,           0,        4082,      -14.03318813,      -13.90894349,      -14.11528318
          0,           0,        4083,      -14.09250109,      -13.97147463,      -14.13183587
          0,           0,        4084,      -14.02566015,      -13.91810629,      -14.20074332
          0,           0,        4085,      -13.98149253,       -13.8725029,      -14.11171402
          0,           0,        4086,      -14.05183931,      -13.93559719,      -14.09903271
          0,           0,        4087,       -14.0464468,      -13.90986432,      -14.10151953
          0,           0,        4088,        -14.031355,      -13.90754665,      -14.18083552
          0,           0,        4089,      -14.06548221,      -13.94944722,      -14.11797919
          0,           0,        4090,      -14.01206025,      -13.89836492,      -14.11036509
          0,           0,        4091,       -14.0266597,       -13.9035987,      -14.13620474
          0,           0,        4092,      -14.06727444,      -13.93236141,      -14.18494722
          0,           0,        4093,      -14.09551071,       -13.9551682,      -14.20467145
          0,           0,        4094,      -14.09735493,      -13.98031889,      -14.17808332
          0,           0,        4095,      -13.97663821,      -13.85800058,      -14.11302253
          0,           0,        4096,       -13.9865784,      -13.86907031,      -14.13565161
          0,           0,        4097,      -14.05757617,      -13.93572787,      -14.17463332
          0,           0,        4098,       -14.1033485,      -13.96637463,      -14.21013229
          0,           0,        4099,      -14.01333435,      -13.88157324,       -14.1767654
          0,           0,        4100,      -14.06987848,      -13.96894453,      -14.19151604
          0,           0,        4101,       -13.9814534,      -13.85448507,      -14.10611383
          0,           0,        4102,      -14.05581384,      -13.92461206,      -14.10545608
          0,           0,        4103,      -13.97232477,      -13.86216687,       -14.0798421
          0,           0,        4104,      -14.08249457,      -13.95706012,      -14.19331812
          0,           0,        4105,      -14.04022568,      -13.91890486,      -14.16208213
          0,           0,        4106,      -14.04891013,      -13.93564613,      -14.14764975
          0,           0,        4107,      -14.11707274,      -13.98560742,      -14.19919556
          0,           0,        4108,      -14.04222588,      -13.91622981,      -14.11012934
          0,           0,        4109,       -14.0048334,      -13.87486899,      -14.11680633
          0,           0,        4110,      -14.00484968,      -13.88253533,      -14.12712281
          0,           0,        4111,      -14.00390642,      -13.87070808,       -14.1484246
          0,           0,        4112,      -14.06387274,      -13.94197204,      -14.15408865
          0,           0,        4113,      -14.02302497,      -13.90350178,      -14.13556526
          0,           0,        4114,      -14.08637125,      -13.96113322,      -14.11362311
          0,           0,        4115,      -14.03307821,      -13.91495876,        -14.166085
          0,           0,        4116,      -14.01523377,      -13.90526269,      -14.16566084
          0,           0,        4117,      -14.09452317,      -13.96385153,      -14.15854374
          0,           0,        4118,       -14.0228698,      -13.89336574,      -14.10166096
          0,           0,        4119,      -14.07441108,      -13.92765284,      -14.17760198
          0,           0,        4120,       -13.9975297,       -13.8617378,      -14.09722378
          0,           0,        4121,      -14.10744218,      -13.98784858,      -14.18982963
          0,           0,        4122,      -14.04590644,      -13.92088209,      -14.12155715
          0,           0,        4123,      -14.02269467,      -13.88076688,      -14.12724495
          0,           0,        4124,      -14.07884207,      -13.94509945,      -14.18910313
          0,           0,        4125,       -14.0406666,      -13.91085577,      -14.17902515
          0,           0,        4126,      -14.01856114,      -13.88351011,        -14.101859
          0,           0,        4127,      -13.99403145,      -13.84506608,      -14.09813208
          0,           0,        4128,      -14.16654397,      -14.04600496,      -14.22191654
          0,           0,        4129,      -14.15529452,      -14.04420967,      -14.16497629
          0,           0,        4130,      -14.01455548,      -13.88987773,      -14.09982471
          0,           0,        4131,       -14.0453152,      -13.89141755,       -14.1563375
          0,           0,        4132,      -14.01132962,      -13.90116606,      -14.12516277
          0,           0,        4133,      -13.97252174,      -13.85037312,      -14.10309282
          0,           0,        4134,      -14.11124194,      -13.97575095,      -14.18996149
          0,           0,        4135,      -14.03066805,      -13.90385414,      -14.09994867
          0,           0,        4136,      -14.05769367,       -13.9506757,      -14.24130951
          0,           0,        4137,      -14.02299042,      -13.90714351,      -14.13613662
          0,           0,        4138,      -14.08980698,      -13.95627236,      -14.12207748
          0,           0,        4139,      -14.04331001,      -13.92161505,      -14.14502964
          0,           0,        4140,      -13.97389356,       -13.8478556,      -14.11670588
          0,           0,        4141,       -14.0465165,      -13.91997115,       -14.1608184
          0,           0,        4142,      -14.10917834,      -13.98653599,      -14.16167909
          0,           0,        4143,      -14.01557536,      -13.90744457,      -14.10876833
          0,           0,        4144,      -14.06189842,      -13.94020803,      -14.15177671
          0,           0,        4145,      -14.04646247,      -13.92214108,      -14.19203643
          0,           0,        4146,      -13.99175507,      -13.86510874,      -14.16981774
          0,           0,        4147,      -13.99465591,      -13.87236348,      -14.11042095
          0,           0,        4148,      -13.98404528,      -13.86447449,      -14.08562259
          0,           0,        4149,       -14.0526896,      -13.93520493,      -14.13435195
          0,           0,        4150,      -14.05595639,      -13.93757482,      -14.16682203
          0,           0,        4151,      -14.04954188,      -13.93968101,      -14.13381604
          0,           0,        4152,      -14.00671853,      -13.88189291,      -14.10696238
          0,           0,        4153,       -14.0583306,      -13.93085025,      -14.16018904
          0,           0,        4154,      -14.04364899,      -13.90758498,      -14.13716553
          0,           0,        4155,      -14.02932611,      -13.91279178,      -14.07367446
          0,           0,        4156,      -13.99922323,      -13.86607061,      -14.11333363
          0,           0,        4157,      -14.05287766,      -13.91775789,      -14.13561486
          0,           0,        4158,       -14.0549866,       -13.9223814,      -14.14763754
          0,           0,        4159,      -14.02304917,       -13.9078645,      -14.14712208
          0,           0,        4160,      -14.11384138,      -13.95863096,      -14.11947918
          0,           0,        4161,      -13.93977159,      -13.80335935,      -14.08769443
          0,           0,        4162,       -14.0218851,       -13.8801287,      -14.10517375
          0,           0,        4163,      -14.01313154,      -13.90126018,      -14.13180432
          0,           0,        4164,       -14.0478297,      -13.93049261,      -14.13352309
          0,           0,        4165,      -13.97954807,      -13.84972267,      -14.13305372
          0,           0,        4166,      -14.07805543,      -13.95212152,      -14.17905651
          0,           0,        4167,      -14.14272369,      -14.02253928,      -14.21851358
          0,           0,        4168,      -14.06907061,      -13.93947057,      -14.15057695
          0,           0,        4169,       -13.9886066,      -13.85615999,      -14.08990822
          0,           0,        4170,      -14.01998026,      -13.91807988,       -14.1859156
          0,           0,        4171,      -14.02142266,      -13.89855929,      -14.12222585
          0,           0,        4172,      -14.03012821,      -13.88643215,      -14.12827375
          0,           0,        4173,      -14.09696905,       -13.9612442,      -14.17877893
          0,           0,        4174,      -14.06763389,      -13.94149742,      -14.18162735
          0,           0,        4175,      -13.99855231,      -13.86782621,      -14.10766739
          0,           0,        4176,      -14.07957925,      -13.94600858,       -14.2230799
          0,           0,        4177,      -14.04068506,      -13.91075072,      -14.18773213
          0,           0,        4178,      -14.08959943,      -13.97757728,      -14.14121415
          0,           0,        4179,         -14.00493,      -13.89735433,      -14.15144144
          0,           0,        4180,      -14.01836492,      -13.89624312,      -14.16710718
          0,           0,        4181,      -13.99921541,      -13.87187105,      -14.19528656
          0,           0,        4182,      -14.03626196,      -13.91406013,      -14.22397862
          0,           0,        4183,      -13.99833731,      -13.89059305,      -14.12849002
          0,           0,        4184,      -14.10329516,       -13.9750316,      -14.20707544
          0,           0,        4185,      -14.01850572,      -13.89319132,      -14.09204839
          0,           0,        4186,      -14.05503194,      -13.93497236,      -14.14183061
          0,           0,        4187,      -13.98695747,      -13.85852068,      -14.10242994
          0,           0,        4188,       -14.0949101,      -13.97684938,      -14.21801425
          0,           0,        4189,       -14.1006915,      -13.97760139,      -14.15471388
          0,           0,        4190,      -14.02974774,      -13.91055805,      -14.11780581
          0,           0,        4191,      -14.02884184,      -13.90388922,       -14.1376376
          0,           0,        4192,      -14.04147668,      -13.91710578,      -14.13694658
          0,           0,        4193,      -14.08363679,      -14.00329681,      -14.26511636
          0,           0,        4194,      -14.06350948,      -13.93844395,      -14.10962984
          0,           0,        4195,      -14.07347698,      -13.95767006,       -14.1498514
          0,           0,        4196,      -13.96463009,      -13.83975899,      -14.14008455
          0,           0,        4197,      -14.03272998,      -13.89536075,      -14.08464931
          0,           0,        4198,      -14.06757956,      -13.95396655,      -14.27182061
          0,           0,        4199,      -14.07225755,      -13.95671176,       -14.1319936
          0,           0,        4200,      -14.12139268,      -13.99352577,      -14.18618865
          0,           0,        4201,      -14.07287538,      -13.93410586,      -14.12587931
          0,           0,        4202,      -14.01275122,      -13.87281602,      -14.14191618
          0,           0,        4203,      -14.10248671,      -13.97523602,      -14.21129748
          0,           0,        4204,      -14.07525102,      -13.94164432,       -14.1426164
          0,           0,        4205,      -14.00807915,      -13.88889287,       -14.1039471
          0,           0,        4206,      -14.03166813,      -13.90358555,      -14.13640729
          0,           0,        4207,      -13.99262162,      -13.86428753,      -14.10832583
          0,           0,        4208,      -14.05947493,      -13.92111449,      -14.20183983
          0,           0,        4209,      -14.05640843,      -13.94010197,      -14.18268768
          0,           0,        4210,      -14.07877921,       -13.9660266,      -14.21642258
          0,           0,        4211,      -14.10757024,      -13.98831584,      -14.20899682
          0,           0,        4212,      -14.08506194,      -13.96398483,      -14.15632627
          0,           0,        4213,      -14.06990333,      -13.94544516,      -14.16626016
          0,           0,        4214,      -13.99599164,      -13.87612561,      -14.10679626
          0,           0,        4215,      -14.05675783,      -13.92178958,      -14.16762312
          0,           0,        4216,       -14.0412651,      -13.90932618,      -14.13868982
          0,           0,        4217,      -14.03480745,      -13.90174738,      -14.18489865
          0,           0,        4218,      -14.07563279,      -13.95433708,      -14.18450657
          0,           0,        4219,      -13.98737316,      -13.87442388,      -14.12808896
          0,           0,        4220,      -14.07635491,      -13.94077234,      -14.22671776
          0,           0,        4221,      -14.09542563,      -13.96031682,      -14.13814128
          0,           0,        4222,      -14.05397838,      -13.91895594,      -14.12421694
          0,           0,        4223,      -13.95121483,      -13.82519661,      -14.08391495
          0,           0,        4224,      -14.11378477,       -13.9819063,      -14.19580132
          0,           0,        4225,      -14.03953978,      -13.91549177,      -14.16684129
          0,           0,        4226,       -14.1027524,      -13.98045962,      -14.16269423
          0,           0,        4227,      -14.01768805,      -13.88634346,      -14.12611459
          0,           0,        4228,       -13.9927015,       -13.8848003,      -14.14312278
          0,           0,        4229,      -14.12159427,      -14.03097082,      -14.24968432
          0,           0,        4230,        -13.974723,        -13.861932,      -14.10901521
          0,           0,        4231,      -14.02161003,      -13.91701687,      -14.10187712
          0,           0,        4232,      -14.09490649,      -13.99090306,      -14.14568102
          0,           0,        4233,      -14.06804996,      -13.92762127,       -14.1529877
          0,           0,        4234,       -14.0041751,      -13.87154508,      -14.05855286
          0,           0,        4235,      -14.04759691,      -13.91185922,       -14.1670719
          0,           0,        4236,      -14.02224168,      -13.89425839,      -14.14434002
          0,           0,        4237,      -14.00308729,      -13.87958673,      -14.09924168
          0,           0,        4238,      -14.07924823,      -13.94690862,      -14.19054224
          0,           0,        4239,      -14.01370694,      -13.89184281,      -14.08780612
          0,           0,        4240,      -14.00395889,      -13.88147096,      -14.14271864
          0,           0,        4241,      -14.01948933,      -13.88971371,      -14.14598489
          0,           0,        4242,      -14.07723523,      -13.97294763,      -14.21280092
          0,           0,        4243,      -14.08428637,      -13.94742756,      -14.16907261
          0,           0,        4244,      -14.06954225,      -13.93162038,      -14.12562437
          0,           0,        4245,      -14.01749009,      -13.88260413,      -14.11022361
          0,           0,        4246,      -14.00356004,      -13.86574044,      -14.14443603
          0,           0,        4247,      -14.02631355,      -13.88833465,      -14.11080989
          0,           0,        4248,      -14.08764339,      -13.96580492,      -14.26101867
          0,           0,        4249,      -14.12296043,      -14.01192064,      -14.22517607
          0,           0,        4250,      -14.01431838,      -13.89990478,      -14.14001873
          0,           0,        4251,       -14.0987854,      -13.99616956,      -14.21137848
          0,           0,        4252,      -14.09084346,      -13.95793362,      -14.15457018
          0,           0,        4253,      -14.00361603,      -13.86849793,      -14.10226776
          0,           0,        4254,      -14.06848217,      -13.94611111,      -14.19667673
          0,           0,        4255,      -14.05182309,      -13.96295953,      -14.12037781
          0,           0,        4256,      -14.04410327,      -13.90888967,      -14.11041923
          0,           0,        4257,      -14.06793829,      -13.92060159,       -14.1229623
          0,           0,        4258,      -14.05441535,      -13.92284333,      -14.15709777
          0,           0,        4259,      -14.06129018,      -13.94320423,      -14.14383756
          0,           0,        4260,      -14.01387808,       -13.8860087,      -14.10435113
          0,           0,        4261,      -13.98120177,      -13.85133827,      -14.12898592
          0,           0,        4262,      -14.09758222,      -13.97690749,      -14.19680536
          0,           0,        4263,       -14.0305209,      -13.90733549,      -14.09468161
          0,           0,        4264,      -13.97260567,      -13.86623686,      -14.21311167
          0,           0,        4265,      -14.10633708,       -13.9686934,      -14.20799486
          0,           0,        4266,      -14.10757235,      -13.98191095,      -14.17439458
          0,           0,        4267,      -14.07111367,      -13.96781798,      -14.15830126
          0,           0,        4268,      -14.02094279,      -13.88888168,      -14.12530348
          0,           0,        4269,       -14.0230967,      -13.89386827,      -14.15031848
          0,           0,        4270,      -14.01634977,      -13.88376554,      -14.15352623
          0,           0,        4271,       -14.0380351,      -13.91270613,      -14.14967247
          0,           0,        4272,      -14.06795786,      -13.94422713,      -14.13997293
          0,           0,        4273,      -14.03610769,      -13.91655115,       -14.1956006
          0,           0,        4274,      -13.99868975,      -13.87797827,      -14.14613237
          0,           0,        4275,      -14.03057285,      -13.93303454,      -14.15608452
          0,           0,        4276,      -13.98828764,      -13.87524619,      -14.14128589
          0,           0,        4277,      -14.03925358,      -13.91025296,      -14.15216888
          0,           0,        4278,      -14.02194981,      -13.88365223,      -14.17403923
          0,           0,        4279,      -14.00314754,      -13.86457355,      -14.13733768
          0,           0,        4280,      -14.04526522,      -13.91389427,      -14.12745202
          0,           0,        4281,      -14.06497595,      -13.94702475,      -14.14037779
          0,           0,        4282,      -14.05853323,      -13.93074777,      -14.20278238
          0,           0,        4283,      -13.98794406,      -13.84274879,      -14.10692235
          0,           0,        4284,        -14.009705,      -13.87405062,      -14.12094975
          0,           0,        4285,      -13.99315373,      -13.86567344,      -14.15927627
          0,           0,        4286,      -14.09332003,       -13.9727756,      -14.12657522
          0,           0,        4287,      -14.07417537,      -13.93517551,      -14.15072847
          0,           0,        4288,      -14.05936665,      -13.91487365,      -14.14781105
          0,           0,        4289,      -13.97213346,      -13.83512259,       -14.1067252
          0,           0,        4290,      -14.14560591,      -14.02490694,      -14.26207881
          0,           0,        4291,      -14.04972813,      -13.94029307,      -14.19137261
          0,           0,        4292,      -13.99052682,      -13.86883018,      -14.15491058
          0,           0,        4293,      -14.10216005,      -13.98101639,      -14.16009376
          0,           0,        4294,      -13.96644954,       -13.8518827,      -14.15844918
          0,           0,        4295,      -13.97076123,      -13.84586077,      -14.08799393
          0,           0,        4296,       -14.0938918,      -13.95005399,      -14.19460598
          0,           0,        4297,      -14.08262946,      -13.95376077,      -14.10939612
          0,           0,        4298,      -14.00846234,      -13.86603102,      -14.09160466
          0,           0,        4299,      -14.10998559,      -13.99758343,      -14.17042211
          0,           0,        4300,       -14.0359533,      -13.90368549,      -14.14579966
          0,           0,        4301,      -13.99571795,      -13.86509168,      -14.15922766
          0,           0,        4302,      -14.06876598,      -13.94291989,      -14.13250865
          0,           0,        4303,      -14.11184743,      -13.99427819,      -14.17098205
          0,           0,        4304,      -13.97514375,       -13.8526174,      -14.11867721
          0,           0,        4305,       -14.0725525,      -13.97622401,      -14.16413219
          0,           0,        4306,      -13.98098547,      -13.85631521,      -14.11507767
          0,           0,        4307,      -14.08774934,      -13.93260802,      -14.12637113
          0,           0,        4308,      -14.01842411,       -13.9093411,      -14.12242621
          0,           0,        4309,      -14.02259176,      -13.90980452,      -14.15071987
          0,           0,        4310,      -14.08701379,      -13.97654905,      -14.17634856
          0,           0,        4311,      -14.10235211,       -13.9695563,      -14.20095033
          0,           0,        4312,      -14.11432819,      -14.00015904,      -14.21680039
          0,           0,        4313,      -14.06846862,      -13.95169539,      -14.18118917
          0,           0,        4314,      -14.02931444,      -13.90801115,      -14.08351658
          0,           0,        4315,      -14.02742575,      -13.90605307,      -14.09560747
          0,           0,        4316,      -14.03042503,      -13.91836834,      -14.15228372
          0,           0,        4317,      -14.03120252,      -13.90478604,      -14.14758136
          0,           0,        4318,      -14.07521672,      -13.95730454,      -14.19384904
          0,           0,        4319,      -14.05544402,      -13.93508372,      -14.17300536
          0,           0,        4320,       -14.0731288,      -13.94223885,      -14.15604596
          0,           0,        4321,      -14.04130633,      -13.92649631,      -14.17744165
          0,           0,        4322,      -13.97028669,      -13.83981994,      -14.09952385
          0,           0,        4323,       -14.0169181,      -13.91594541,      -14.16910444
          0,           0,        4324,      -14.00675593,      -13.88093447,      -14.13019411
          0,           0,        4325,      -14.10278333,      -13.97091483,      -14.17066136
          0,           0,        4326,      -14.12744419,      -13.97476861,      -14.19437746
          0,           0,        4327,      -13.98780964,      -13.85879471,      -14.09810693
          0,           0,        4328,      -14.01056056,      -13.87088707,      -14.14177898
          0,           0,        4329,      -13.96068949,      -13.83467619,      -14.10175605
          0,           0,        4330,      -14.07333689,      -13.96098731,      -14.13977345
          0,           0,        4331,      -14.01435109,      -13.87790369,      -14.15093031
          0,           0,        4332,      -14.05834761,       -13.9376227,      -14.15140289
          0,           0,        4333,      -14.09993938,       -13.9717282,      -14.15680249
          0,           0,        4334,       -14.0149315,      -13.89309273,      -14.14573326
          0,           0,        4335,      -13.97693615,      -13.85411872,      -14.10440599
          0,           0,        4336,      -14.04737661,      -13.91629203,      -14.13697474
          0,           0,        4337,      -14.07540518,      -13.94636462,      -14.20509365
          0,           0,        4338,      -14.00962542,      -13.89435236,      -14.11818383
          0,           0,        4339,      -14.01088772,       -13.8772442,      -14.18895837
          0,           0,        4340,      -14.01614416,      -13.89406629,      -14.15945098
          0,           0,        4341,      -14.06111958,      -13.94406346,       -14.1014579
          0,           0,        4342,      -13.95405934,      -13.82465613,      -14.12424818
          0,           0,        4343,       -14.0366488,      -13.92163637,      -14.15250329
          0,           0,        4344,      -14.07973396,      -13.95354088,      -14.15407641
          0,           0,        4345,      -14.03896915,      -13.92754798,      -14.13363885
          0,           0,        4346,      -14.08097906,      -13.95510051,      -14.16973384
          0,           0,        4347,      -14.04176192,      -13.91301186,      -14.17410518
          0,           0,        4348,       -14.0480996,      -13.94828043,      -14.20721209
          0,           0,        4349,       -14.0923874,      -13.98555402,      -14.13701106
          0,           0,        4350,      -14.08080583,       -13.9493524,       -14.1603937
          0,           0,        4351,      -14.07049916,      -13.94332592,      -14.18856999
          0,           0,        4352,      -14.08226545,      -13.96696007,      -14.18644593
          0,           0,        4353,      -14.05404707,      -13.91981227,      -14.12006095
          0,           0,        4354,       -13.9945995,      -13.86970089,      -14.16002737
          0,           0,        4355,      -14.03686605,      -13.91971656,      -14.13529594
          0,           0,        4356,      -14.06191064,       -13.9461273,      -14.16064102
          0,           0,        4357,      -14.06130772,      -13.94262914,      -14.15021753
          0,           0,        4358,      -14.04920812,      -13.91946504,      -14.15194788
          0,           0,        4359,      -14.02896971,      -13.88648939,      -14.16071814
          0,           0,        4360,      -14.03372617,      -13.91562679,      -14.10298784
          0,           0,        4361,      -14.06218921,      -13.92197682,      -14.13319715
          0,           0,        4362,      -14.09910334,      -13.97237342,      -14.17136253
          0,           0,        4363,      -14.08076118,      -13.95613022,      -14.13713373
          0,           0,        4364,      -13.97019235,         -13.84378,        -14.101304
          0,           0,        4365,      -13.99476911,      -13.86973393,      -14.16514977
          0,           0,        4366,      -13.95188778,      -13.82917326,      -14.06110568
          0,           0,        4367,      -13.99900052,       -13.8895969,      -14.07004809
          0,           0,        4368,      -14.00754251,      -13.88958836,      -14.12734408
          0,           0,        4369,       -14.0588492,      -13.94362461,      -14.18678865
          0,           0,        4370,      -14.08897875,       -13.9318788,       -14.1119966
          0,           0,        4371,      -13.99031118,      -13.85792304,      -14.07729261
          0,           0,        4372,      -13.94276101,      -13.82084985,      -14.16350335
          0,           0,        4373,      -14.06525977,      -13.92923212,      -14.11252123
          0,           0,        4374,      -14.04763703,       -13.9284878,      -14.16173077
          0,           0,        4375,      -14.00386532,      -13.87359476,       -14.1673185
          0,           0,        4376,      -14.08603628,      -13.95162148,      -14.23513438
          0,           0,        4377,      -14.17704282,      -14.03181754,      -14.19151779
          0,           0,        4378,      -14.02815465,      -13.90099222,      -14.12890653
          0,           0,        4379,       -14.0459758,      -13.93400475,      -14.17925637
          0,           0,        4380,      -14.03886113,      -13.92234722,      -14.14392987
          0,           0,        4381,      -14.06145161,      -13.95712266,      -14.18322307
          0,           0,        4382,      -14.03333092,      -13.90267726,      -14.19732548
          0,           0,        4383,      -14.03902861,      -13.91572318,      -14.12689693
          0,           0,        4384,      -14.03775343,      -13.90425996,      -14.15970914
          0,           0,        4385,       -14.0180474,      -13.88468529,      -14.10046478
          0,           0,        4386,      -14.04706535,      -13.89928438,      -14.09798058
          0,           0,        4387,      -14.03911947,      -13.93125149,      -14.13616684
          0,           0,        4388,       -13.9863705,       -13.8692832,      -14.11223255
          0,           0,        4389,      -14.06550768,      -13.93914269,       -14.1491765
          0,           0,        4390,      -14.00478735,      -13.87296979,      -14.13205033
          0,           0,        4391,      -14.03983557,      -13.92343216,      -14.13740854
          0,           0,        4392,      -14.02868662,      -13.91524938,      -14.12498729
          0,           0,        4393,      -14.05372485,      -13.93562375,      -14.13816414
          0,           0,        4394,      -14.04747638,       -13.9118488,      -14.09086129
          0,           0,        4395,      -14.00109948,      -13.87042983,      -14.11388678
          0,           0,        4396,      -14.02305697,      -13.88541734,      -14.17483361
          0,           0,        4397,      -14.02928394,      -13.91695316,      -14.16671802
          0,           0,        4398,       -14.0221303,      -13.90297337,       -14.1927384
          0,           0,        4399,       -14.0691189,      -13.93503335,      -14.14554873
          0,           0,        4400,      -14.04957228,      -13.92704181,      -14.14371822
          0,           0,        4401,      -14.05999259,      -13.93737195,      -14.24245776
          0,           0,        4402,      -14.04580232,      -13.91133616,      -14.13212172
          0,           0,        4403,      -14.03395259,      -13.90375705,      -14.13491089
          0,           0,        4404,      -13.97689971,      -13.84641354,      -14.13852214
          0,           0,        4405,      -14.05410463,      -13.93140959,      -14.18910642
          0,           0,        4406,      -13.99405242,      -13.88623675,       -14.1869182
          0,           0,        4407,      -14.01728172,      -13.89199063,      -14.08482684
          0,           0,        4408,      -14.05938466,      -13.92517117,      -14.12433498
          0,           0,        4409,       -14.0049952,      -13.86778193,      -14.16098738
          0,           0,        4410,      -14.01036327,      -13.87587424,      -14.11505444
          0,           0,        4411,      -14.02048972,      -13.90690603,      -14.11392086
          0,           0,        4412,      -14.05205737,      -13.90586169,      -14.16459636
          0,           0,        4413,      -13.94373037,      -13.82415967,      -14.09472245
          0,           0,        4414,      -13.93387014,      -13.82367304,      -14.10049702
          0,           0,        4415,       -13.9779674,      -13.86208538,      -14.11564877
          0,           0,        4416,      -14.12578002,      -14.01525087,      -14.22828327
          0,           0,        4417,      -13.98382477,      -13.86641791,      -14.16703957
          0,           0,        4418,      -14.04414608,       -13.9038622,       -14.0888443
          0,           0,        4419,      -14.01803325,      -13.88754657,      -14.14064295
          0,           0,        4420,      -13.95972765,      -13.84578777,       -14.0712002
          0,           0,        4421,      -14.05721556,      -13.92491007,      -14.15787357
          0,           0,        4422,      -14.00692813,      -13.87889795,      -14.12678718
          0,           0,        4423,      -13.97954096,      -13.86548482,      -14.12701958
          0,           0,        4424,      -14.03071937,      -13.91493146,      -14.19463352
          0,           0,        4425,      -14.05216857,      -13.91667547,      -14.15797912
          0,           0,        4426,      -14.02327734,      -13.91240458,      -14.13460128
          0,           0,        4427,      -14.09755857,      -13.97999805,      -14.19787675
          0,           0,        4428,      -14.05555404,      -13.92589381,      -14.12605197
          0,           0,        4429,      -13.98506444,      -13.85756535,      -14.08096496
          0,           0,        4430,      -13.99772869,      -13.88183964,      -14.15099241
          0,           0,        4431,       -14.0676824,      -13.95000814,      -14.20213939
          0,           0,        4432,      -14.00549991,      -13.87466228,      -14.11219985
          0,           0,        4433,      -14.03987187,       -13.9255118,      -14.17517301
          0,           0,        4434,      -14.08284149,      -13.96047927,      -14.11873038
          0,           0,        4435,      -14.01486785,        -13.895933,      -14.13758149
          0,           0,        4436,      -14.04107787,      -13.91301408,        -14.201884
          0,           0,        4437,      -14.06921784,      -13.93564236,      -14.16094176
          0,           0,        4438,      -13.98056072,      -13.86773271,       -14.1159901
          0,           0,        4439,      -14.09415965,      -13.95841647,      -14.17569916
          0,           0,        4440,      -14.05946716,      -13.92093181,      -14.21293771
          0,           0,        4441,      -14.06583495,      -13.95493329,      -14.14609274
          0,           0,        4442,      -14.02938654,      -13.91502403,      -14.18306763
          0,           0,        4443,      -14.08631293,      -13.95380839,      -14.19409829
          0,           0,        4444,      -14.12598779,       -13.9894266,      -14.18001631
          0,           0,        4445,       -14.0109823,      -13.86968599,      -14.07506845
          0,           0,        4446,      -14.03980322,      -13.92060563,      -14.16745918
          0,           0,        4447,       -13.9693966,       -13.8445111,      -14.13143037
          0,           0,        4448,      -14.03908722,         -13.92929,      -14.12265909
          0,           0,        4449,      -14.01465384,      -13.90232858,      -14.12569482
          0,           0,        4450,      -14.06661762,      -13.93910612,      -14.16849104
          0,           0,        4451,      -13.98068976,      -13.84145363,      -14.08466527
          0,           0,        4452,       -14.0248721,      -13.89911047,      -14.14381758
          0,           0,        4453,      -14.10598879,      -13.99459365,      -14.20580594
          0,           0,        4454,      -14.07505494,      -13.96395175,      -14.16093872
          0,           0,        4455,      -14.01046471,      -13.88860536,      -14.10963343
          0,           0,        4456,      -14.03054433,      -13.90032456,      -14.16742124
          0,           0,        4457,      -13.99431771,      -13.89874579,      -14.14156993
          0,           0,        4458,      -14.06318973,      -13.92349104,      -14.17488525
          0,           0,        4459,       -14.0483823,      -13.91077897,      -14.12268277
          0,           0,        4460,      -14.03885323,      -13.90169115,      -14.13156332
          0,           0,        4461,      -14.07270886,      -13.95011181,      -14.16928318
          0,           0,        4462,      -14.06149009,       -13.9444003,       -14.1408694
          0,           0,        4463,       -13.9730541,        -13.845026,      -14.06543601
          0,           0,        4464,       -14.0581392,      -13.92976105,      -14.15136125
          0,           0,        4465,       -14.0465112,      -13.95140349,      -14.13354197
          0,           0,        4466,      -14.07022078,      -13.92372592,      -14.16009325
          0,           0,        4467,      -14.08507023,      -13.95230213,       -14.2136589
          0,           0,        4468,      -14.02474051,      -13.89956876,      -14.15519884
          0,           0,        4469,      -14.08192022,      -13.93169929,      -14.20824706
          0,           0,        4470,      -14.06541618,      -13.94987674,      -14.14927156
          0,           0,        4471,      -14.09230285,      -13.97345255,      -14.14565424
          0,           0,        4472,       -14.0345893,      -13.90551626,      -14.18369305
          0,           0,        4473,      -14.01964361,      -13.90211963,      -14.13840951
          0,           0,        4474,      -14.10337533,      -13.95579405,      -14.14992241
          0,           0,        4475,      -13.96616301,       -13.8405961,      -14.08242589
          0,           0,        4476,      -14.02813724,      -13.89364955,       -14.1549975
          0,           0,        4477,      -14.09117772,        -13.953942,      -14.14014734
          0,           0,        4478,      -13.94632439,      -13.81978086,      -14.04849659
          0,           0,        4479,      -14.02686705,      -13.90605878,       -14.1117821
          0,           0,        4480,      -14.02996727,      -13.90811194,      -14.12048086
          0,           0,        4481,      -14.07227994,      -13.95213663,      -14.13872876
          0,           0,        4482,       -14.0246539,      -13.90541597,      -14.17187438
          0,           0,        4483,      -14.12843497,      -13.98086905,      -14.15470436
          0,           0,        4484,      -13.99430076,      -13.86366128,      -14.07219195
          0,           0,        4485,      -13.99431355,      -13.88216421,      -14.13302757
          0,           0,        4486,      -14.02590668,      -13.90572028,      -14.11341543
          0,           0,        4487,      -14.01707831,      -13.88393234,        -14.107972
          0,           0,        4488,      -13.96993643,      -13.84511583,      -14.06314318
          0,           0,        4489,      -14.04551858,      -13.91890926,      -14.19924193
          0,           0,        4490,      -14.06897629,      -13.93202532,      -14.17838336
          0,           0,        4491,      -14.06886089,      -13.93926684,      -14.20176416
          0,           0,        4492,      -14.09016092,      -13.95763558,      -14.17283477
          0,           0,        4493,      -14.07002778,      -13.94868611,      -14.18336157
          0,           0,        4494,      -14.07414148,      -13.95089224,      -14.16123093
          0,           0,        4495,      -14.04649676,      -13.92843679,      -14.12656109
          0,           0,        4496,      -13.98709955,      -13.87114222,      -14.10079941
          0,           0,        4497,      -14.05656146,      -13.92958179,       -14.1171499
          0,           0,        4498,       -14.0247396,       -13.8942143,      -14.14122968
          0,           0,        4499,      -14.06019649,      -13.93218867,      -14.20212839
          0,           0,        4500,      -14.05533346,      -13.91274357,      -14.14523503
          0,           0,        4501,       -14.0390216,      -13.90802214,      -14.16990695
          0,           0,        4502,      -14.07382113,       -13.9542403,       -14.1777354
          0,           0,        4503,      -14.04216852,       -13.9177641,      -14.15366583
          0,           0,        4504,      -14.08854045,      -13.96483517,      -14.20021633
          0,           0,        4505,      -13.99457836,      -13.85592243,       -14.1539898
          0,           0,        4506,      -14.08966158,      -13.94817022,      -14.18086803
          0,           0,        4507,      -14.05033075,      -13.93353999,      -14.18776789
          0,           0,        4508,      -14.10383416,      -13.97743474,       -14.1967774
          0,           0,        4509,      -14.04853885,      -13.91357088,      -14.13419873
          0,           0,        4510,       -14.0212469,      -13.88509448,      -14.16579401
          0,           0,        4511,      -14.08687032,      -13.95339035,      -14.20370513
          0,           0,        4512,      -14.02410019,      -13.90451676,      -14.12230681
          0,           0,        4513,      -14.02081235,      -13.87690057,      -14.17451915
          0,           0,        4514,      -14.06380263,       -13.9203812,      -14.17148259
          0,           0,        4515,      -13.97950955,      -13.85353774,       -14.1426157
          0,           0,        4516,      -14.02120769,      -13.89636375,      -14.21459801
          0,           0,        4517,      -14.02466113,      -13.91403377,      -14.21454882
          0,           0,        4518,      -14.02346259,      -13.90969025,      -14.13051468
          0,           0,        4519,      -14.07496933,      -13.94007536,      -14.14629553
          0,           0,        4520,       -14.0375349,      -13.92036059,      -14.15288903
          0,           0,        4521,      -14.06150982,      -13.93482834,      -14.20064483
          0,           0,        4522,      -14.04636058,      -13.91194945,      -14.16273848
          0,           0,        4523,      -13.97060954,       -13.8488641,      -14.08415953
          0,           0,        4524,      -14.01479077,      -13.91124432,      -14.15199964
          0,           0,        4525,      -14.01047271,      -13.90463624,      -14.20486331
          0,           0,        4526,      -14.06382907,      -13.93845497,      -14.15715875
          0,           0,        4527,      -14.12056679,      -13.96408343,      -14.22159486
          0,           0,        4528,      -14.05560001,      -13.91364569,      -14.11954507
          0,           0,        4529,      -13.97713075,      -13.85470746,      -14.16960013
          0,           0,        4530,       -14.0267131,      -13.94713418,      -14.14381601
          0,           0,        4531,      -14.03684994,        -13.913842,      -14.13886387
          0,           0,        4532,      -14.10735126,       -13.9806291,      -14.16527614
          0,           0,        4533,      -14.02337223,      -13.88380707,      -14.13611152
          0,           0,        4534,      -14.02649758,      -13.89829553,      -14.16614117
          0,           0,        4535,      -14.00352029,      -13.86372663,      -14.10646395
          0,           0,        4536,      -14.04969831,      -13.92750334,      -14.12609683
          0,           0,        4537,      -13.99455229,       -13.8744815,      -14.13099892
          0,           0,        4538,      -14.04870736,      -13.91417626,      -14.10826846
          0,           0,        4539,      -14.09382257,      -13.97346767,      -14.15751623
          0,           0,        4540,      -14.05957729,       -13.9452067,      -14.15787819
          0,           0,        4541,      -14.02233616,      -13.90926893,      -14.16098654
          0,           0,        4542,      -14.07821969,      -13.94045012,      -14.14191381
          0,           0,        4543,       -14.1093121,      -13.97007223,      -14.19038756
          0,           0,        4544,      -14.02082518,      -13.88739016,      -14.15569346
          0,           0,        4545,      -14.06614071,      -13.94239212,      -14.14990735
          0,           0,        4546,       -14.0535734,      -13.92187343,      -14.12809886
          0,           0,        4547,      -14.12025567,       -14.0027212,       -14.1886028
          0,           0,        4548,      -14.01190341,      -13.89670044,      -14.17786641
          0,           0,        4549,      -14.00629971,      -13.90285438,      -14.12810803
          0,           0,        4550,      -14.03045246,      -13.90175583,       -14.1460944
          0,           0,        4551,      -14.03167298,      -13.91422671,       -14.1668596
          0,           0,        4552,      -14.04606042,      -13.91121809,      -14.13117856
          0,           0,        4553,      -14.01533414,      -13.88171916,      -14.10052715
          0,           0,        4554,      -14.01982612,      -13.90191157,      -14.16594707
          0,           0,        4555,      -14.12242667,      -13.98833387,      -14.22674082
          0,           0,        4556,      -14.07819014,      -13.92261185,      -14.17317973
          0,           0,        4557,      -14.02783393,      -13.90513773,       -14.1639344
          0,           0,        4558,      -14.02529576,      -13.90463693,      -14.12057891
          0,           0,        4559,      -13.98589577,      -13.85043785,       -14.0791673
          0,           0,        4560,      -14.01690708,      -13.88098999,      -14.11977393
          0,           0,        4561,      -14.02184013,      -13.89379855,      -14.11068733
          0,           0,        4562,      -14.03774763,      -13.90570474,      -14.14044577
          0,           0,        4563,       -14.0435312,      -13.91851575,      -14.14268874
          0,           0,        4564,      -13.99387897,      -13.86405181,      -14.16361873
          0,           0,        4565,      -14.05597119,      -13.96350687,      -14.20555086
          0,           0,        4566,      -14.13960104,      -14.03822821,      -14.25733962
          0,           0,        4567,        -14.013667,       -13.8926906,       -14.1139989
          0,           0,        4568,      -14.03336885,      -13.90680304,      -14.13553267
          0,           0,        4569,      -14.01747741,      -13.88740425,      -14.18613671
          0,           0,        4570,      -14.06791859,        -13.957394,      -14.10059526
          0,           0,        4571,      -13.99875071,      -13.88113632,      -14.06890259
          0,           0,        4572,      -14.06768096,      -13.94990702,      -14.18424895
          0,           0,        4573,      -13.99811307,      -13.87223235,      -14.12091842
          0,           0,        4574,      -14.01681736,      -13.90789435,      -14.14560012
          0,           0,        4575,      -14.03945604,      -13.91197979,      -14.17614594
          0,           0,        4576,      -14.05794631,      -13.92465731,      -14.22052606
          0,           0,        4577,      -14.06619064,      -13.92434338,      -14.14872746
          0,           0,        4578,       -13.9658214,      -13.85159491,      -14.12928685
          0,           0,        4579,      -14.01602615,      -13.90505948,      -14.19764464
          0,           0,        4580,      -14.04953278,      -13.92232264,      -14.16133362
          0,           0,        4581,      -13.97011059,       -13.8497986,      -14.06261406
          0,           0,        4582,      -13.99694231,      -13.86879655,       -14.1224292
          0,           0,        4583,      -14.02675792,      -13.91204404,      -14.16157159
          0,           0,        4584,      -13.95241775,      -13.84211551,      -14.10232004
          0,           0,        4585,      -14.05758239,      -13.93498187,      -14.14173058
          0,           0,        4586,      -14.01939724,      -13.89720705,       -14.1894661
          0,           0,        4587,      -13.99342961,      -13.88851362,      -14.13467067
          0,           0,        4588,      -14.09349069,      -13.95991782,      -14.18315065
          0,           0,        4589,      -14.05434122,      -13.93057919,      -14.13119402
          0,           0,        4590,      -14.05640526,      -13.95647033,      -14.14526175
          0,           0,        4591,      -14.03923807,      -13.89784655,      -14.07332002
          0,           0,        4592,      -14.03494253,      -13.89621358,      -14.14227216
          0,           0,        4593,      -14.03810033,       -13.9034672,      -14.11768642
          0,           0,        4594,      -14.05867839,      -13.94242904,      -14.13837858
          0,           0,        4595,      -14.08293055,      -13.97392656,      -14.16552666
          0,           0,        4596,      -13.97200999,      -13.84190903,      -14.11937122
          0,           0,        4597,      -14.05722913,      -13.91471779,       -14.1566274
          0,           0,        4598,       -14.0303245,      -13.92054039,      -14.16581163
          0,           0,        4599,      -14.08893146,      -13.95010069,      -14.16279282
          0,           0,        4600,      -14.01430739,      -13.88916903,       -14.1473281
          0,           0,        4601,      -14.00343052,      -13.87386095,         -14.16582
          0,           0,        4602,      -14.08494545,      -13.95443909,      -14.14075028
          0,           0,        4603,      -14.02700072,      -13.89943072,      -14.11684076
          0,           0,        4604,      -14.06886183,      -13.93917085,      -14.18664028
          0,           0,        4605,      -14.05468158,      -13.92410741,      -14.11856124
          0,           0,        4606,      -14.03345012,      -13.90508043,       -14.1334834
          0,           0,        4607,      -14.08340704,      -13.95878503,      -14.18162061
          0,           0,        4608,      -14.01210648,      -13.87524589,       -14.1421977
          0,           0,        4609,        -14.090878,      -13.97783738,      -14.19294612
          0,           0,        4610,      -14.06105166,      -13.93495877,      -14.18272386
          0,           0,        4611,      -14.00336339,      -13.86081441,      -14.09341514
          0,           0,        4612,      -14.01761076,       -13.9044464,      -14.14949719
          0,           0,        4613,      -14.00593425,      -13.86253357,      -14.14549551
          0,           0,        4614,      -14.04645121,      -13.91848936,      -14.12880012
          0,           0,        4615,      -13.97454236,      -13.85571574,      -14.08941498
          0,           0,        4616,      -14.07301297,      -13.95066552,       -14.1637615
          0,           0,        4617,      -14.07628974,      -13.96349133,      -14.14208057
          0,           0,        4618,      -14.01288171,      -13.89331594,      -14.16565162
          0,           0,        4619,      -14.07261203,      -13.95520017,      -14.21927226
          0,           0,        4620,      -14.03701747,      -13.93364722,      -14.14751704
          0,           0,        4621,      -14.03510829,      -13.91063178,      -14.16531599
          0,           0,        4622,      -14.03928639,      -13.90804262,      -14.11212283
          0,           0,        4623,      -14.04769678,      -13.90422312,       -14.1355707
          0,           0,        4624,      -14.05254785,      -13.93938826,      -14.17342837
          0,           0,        4625,      -14.04221622,      -13.91860705,      -14.19144927
          0,           0,        4626,      -14.15834669,      -14.03770852,      -14.20941365
          0,           0,        4627,      -14.05482366,      -13.91160291,      -14.11440692
          0,           0,        4628,      -14.02314594,      -13.89324253,      -14.19659745
          0,           0,        4629,      -14.05009815,      -13.91626412,      -14.08934702
          0,           0,        4630,      -14.04193587,      -13.92522589,       -14.1371229
          0,           0,        4631,      -14.05373415,      -13.95033646,      -14.14705697
          0,           0,        4632,      -14.10523511,      -13.97410259,      -14.16087742
          0,           0,        4633,       -14.0762342,       -13.9567257,      -14.15016304
          0,           0,        4634,      -13.98793043,      -13.86285745,      -14.08782316
          0,           0,        4635,      -14.06156927,       -13.9191892,      -14.20370262
          0,           0,        4636,      -14.11843421,      -13.95117364,      -14.14473646
          0,           0,        4637,      -14.08913067,      -13.96486386,      -14.17474757
          0,           0,        4638,      -14.04241165,      -13.91326696,      -14.14811319
          0,           0,        4639,      -13.97915852,       -13.8505297,      -14.08830906
          0,           0,        4640,      -14.07959544,      -13.93286187,      -14.16503187
          0,           0,        4641,      -14.03609802,      -13.89360167,      -14.19083589
          0,           0,        4642,      -14.08595766,      -13.99070268,      -14.18404817
          0,           0,        4643,       -13.9954912,      -13.88039906,      -14.17338265
          0,           0,        4644,      -14.10725971,        -13.990764,      -14.19835148
          0,           0,        4645,      -13.93937647,      -13.82283643,      -14.07946688
          0,           0,        4646,      -13.96896137,      -13.83660046,       -14.1352823
          0,           0,        4647,      -14.06087672,      -13.94707051,       -14.1440213
          0,           0,        4648,      -14.06556749,      -13.95360183,      -14.17288061
          0,           0,        4649,      -14.04262924,      -13.91101598,       -14.1516932
          0,           0,        4650,      -14.05077523,      -13.92215118,      -14.22080397
          0,           0,        4651,      -14.08513666,      -13.96272883,      -14.20039757
          0,           0,        4652,      -14.07825606,      -13.96436692,      -14.23568453
          0,           0,        4653,      -14.02601004,      -13.91359194,      -14.11060444
          0,           0,        4654,      -13.99634279,      -13.88915033,      -14.18796886
          0,           0,        4655,      -14.10572683,      -13.98232154,      -14.17820106
          0,           0,        4656,       -13.9957496,      -13.87057955,       -14.1471487
          0,           0,        4657,      -14.05850874,       -13.9479876,      -14.14542298
          0,           0,        4658,      -13.97015435,      -13.84577793,      -14.07921278
          0,           0,        4659,      -14.02359193,      -13.90672836,      -14.15527729
          0,           0,        4660,      -14.04734674,      -13.91789473,      -14.16948633
          0,           0,        4661,      -14.10792377,      -13.98240864,      -14.16464567
          0,           0,        4662,      -14.04741757,       -13.9076231,      -14.12765089
          0,           0,        4663,       -14.0401778,      -13.90931297,      -14.14490826
          0,           0,        4664,       -14.0246305,      -13.92154727,      -14.15858118
          0,           0,        4665,      -14.05973391,       -13.9392824,      -14.15071013
          0,           0,        4666,      -13.99787025,      -13.87583866,      -14.14894097
          0,           0,        4667,      -14.02474882,      -13.90107016,       -14.1116002
          0,           0,        4668,      -13.99146367,      -13.85809668,      -14.13639065
          0,           0,        4669,      -14.01712518,      -13.88678184,      -14.12052859
          0,           0,        4670,       -14.0199333,      -13.89567129,      -14.14277666
          0,           0,        4671,       -14.0820933,      -13.93349423,      -14.15439388
          0,           0,        4672,      -14.02475346,      -13.88848193,      -14.11273401
          0,           0,        4673,      -14.02491527,      -13.89970893,      -14.13671167
          0,           0,        4674,      -14.12753064,      -14.03689367,      -14.18829099
          0,           0,        4675,      -14.02986452,      -13.91761471,      -14.15127697
          0,           0,        4676,      -14.02255903,      -13.90452242,      -14.14649211
          0,           0,        4677,      -14.06158065,      -13.94337927,      -14.18938267
          0,           0,        4678,      -14.10000696,        -13.989984,      -14.21384551
          0,           0,        4679,      -14.08548073,      -13.95548427,      -14.19257613
          0,           0,        4680,      -14.08068594,      -13.95449713,      -14.13064815
          0,           0,        4681,      -14.08873627,      -13.95289148,      -14.16901456
          0,           0,        4682,       -13.9693318,      -13.83544659,      -14.12167278
          0,           0,        4683,      -14.11926785,      -13.98323709,      -14.21950529
          0,           0,        4684,      -14.07377266,      -13.94807089,       -14.1523764
          0,           0,        4685,      -14.03462671,      -13.89875893,      -14.10183241
          0,           0,        4686,      -13.98904694,      -13.84612518,      -14.12421762
          0,           0,        4687,      -14.00815437,      -13.87946208,      -14.17529728
          0,           0,        4688,      -14.07851689,      -13.95379434,      -14.13904408
          0,           0,        4689,      -14.01101896,      -13.88342818,      -14.13398208
          0,           0,        4690,       -14.1293925,      -13.99128695,       -14.2071278
          0,           0,        4691,      -14.09189998,      -13.96721815,      -14.20706611
          0,           0,        4692,      -14.06042306,      -13.92715814,      -14.15713437
          0,           0,        4693,      -14.06895601,      -13.92805732,      -14.15285251
          0,           0,        4694,      -14.04256541,      -13.91860216,      -14.19894452
          0,           0,        4695,      -13.97573404,      -13.84097619,      -14.06363454
          0,           0,        4696,      -13.95754097,      -13.83321069,      -14.14973666
          0,           0,        4697,      -14.10489019,      -13.99645604,      -14.19809702
          0,           0,        4698,      -14.09689144,      -13.97538353,      -14.17965415
          0,           0,        4699,      -14.05230708,      -13.92382071,      -14.10410996
          0,           0,        4700,      -13.95812907,      -13.83444733,      -14.11303797
          0,           0,        4701,      -14.11901899,      -13.98923805,      -14.20545862
          0,           0,        4702,      -14.05748123,      -13.91578716,      -14.13075781
          0,           0,        4703,      -14.03591273,      -13.90520438,      -14.13218483
          0,           0,        4704,       -14.1002039,      -13.98698745,      -14.18950545
          0,           0,        4705,      -14.02727572,      -13.90237732,      -14.19234588
          0,           0,        4706,      -14.11712601,      -14.00346609,      -14.19284757
          0,           0,        4707,      -14.01268402,      -13.88744233,      -14.11609384
          0,           0,        4708,      -14.03117732,      -13.91200786,      -14.16049637
          0,           0,        4709,      -14.05766218,      -13.92528498,      -14.16879757
          0,           0,        4710,      -14.04862195,      -13.90455983,      -14.13409792
          0,           0,        4711,      -14.05095775,      -13.92858148,      -14.11893753
          0,           0,        4712,      -14.06134499,       -13.9159125,      -14.16986646
          0,           0,        4713,      -14.08451497,      -13.95765495,      -14.19271604
          0,           0,        4714,      -14.09129334,      -13.96677966,      -14.13849618
          0,           0,        4715,      -13.97900032,      -13.85984861,      -14.15643386
          0,           0,        4716,       -14.0848561,       -13.9846663,      -14.25121235
          0,           0,        4717,      -14.02344982,      -13.89098556,      -14.09638038
          0,           0,        4718,      -14.00220513,      -13.88468595,      -14.08061206
          0,           0,        4719,      -14.08819218,      -13.96113198,      -14.16230048
          0,           0,        4720,      -14.01752232,      -13.88713107,       -14.1318424
          0,           0,        4721,      -14.05681872,      -13.93472105,      -14.19567829
          0,           0,        4722,      -14.04492087,      -13.92108441,      -14.18577612
          0,           0,        4723,      -14.05952761,      -13.93664971,       -14.1264098
          0,           0,        4724,      -14.07499989,      -13.95779105,      -14.20706927
          0,           0,        4725,      -14.05064246,      -13.93162279,      -14.16302886
          0,           0,        4726,      -14.09075669,      -13.94325256,      -14.09328526
          0,           0,        4727,      -14.02366062,      -13.89766245,        -14.107194
          0,           0,        4728,      -14.00175365,      -13.86506921,      -14.09005452
          0,           0,        4729,       -14.0493779,      -13.91929113,      -14.17317591
          0,           0,        4730,      -14.12858572,      -13.99044445,       -14.1988394
          0,           0,        4731,      -14.03587825,      -13.90791103,      -14.13102392
          0,           0,        4732,      -14.01114867,      -13.88951176,      -14.14138763
          0,           0,        4733,      -14.06617252,      -13.95014188,      -14.13797873
          0,           0,        4734,      -14.11223313,      -13.99289901,      -14.19865304
          0,           0,        4735,      -14.08063973,      -13.97039887,      -14.15021294
          0,           0,        4736,      -14.09306549,      -13.96637629,       -14.1618284
          0,           0,        4737,      -13.92648819,      -13.80881981,      -14.09796342
          0,           0,        4738,      -14.04692543,      -13.94316831,      -14.11621316
          0,           0,        4739,      -14.03126603,      -13.90122697,      -14.17707889
          0,           0,        4740,      -13.99256842,      -13.85585988,       -14.0914063
          0,           0,        4741,      -14.14398941,      -14.00141704,      -14.21242256
          0,           0,        4742,      -14.06180375,      -13.93194961,      -14.15773531
          0,           0,        4743,      -14.04761587,       -13.9173327,      -14.12644968
          0,           0,        4744,      -14.08034867,      -13.95193494,      -14.11399904
          0,           0,        4745,      -14.06152049,      -13.94134092,      -14.19557914
          0,           0,        4746,      -14.07443122,        -13.955287,      -14.13337533
          0,           0,        4747,       -14.0593201,      -13.93356555,      -14.17691673
          0,           0,        4748,      -14.05305774,      -13.94188905,      -14.12518632
          0,           0,        4749,      -14.00309882,      -13.87028109,      -14.09491014
          0,           0,        4750,       -14.0234299,      -13.90676475,       -14.1145858
          0,           0,        4751,       -14.0095951,      -13.87506286,      -14.11126199
          0,           0,        4752,      -13.97790275,      -13.85195001,      -14.14498423
          0,           0,        4753,      -14.02343604,       -13.9202801,      -14.14164409
          0,           0,        4754,      -14.06313004,      -13.94752884,      -14.15721909
          0,           0,        4755,      -14.03647062,      -13.90248363,       -14.1403887
          0,           0,        4756,      -14.00157912,       -13.8809754,      -14.16963272
          0,           0,        4757,      -14.02311632,      -13.89894375,      -14.07812153
          0,           0,        4758,      -14.05015979,      -13.92365136,      -14.11366929
          0,           0,        4759,      -14.00561047,      -13.87293881,      -14.12290618
          0,           0,        4760,      -14.09782775,      -13.98697276,      -14.16397495
          0,           0,        4761,      -14.04758208,      -13.93065248,       -14.1453928
          0,           0,        4762,      -14.07523845,      -13.94816233,      -14.12670665
          0,           0,        4763,      -14.05024526,      -13.91228972,      -14.17845387
          0,           0,        4764,      -14.11481702,      -14.00210133,      -14.18090731
          0,           0,        4765,      -14.07527556,      -13.94796125,      -14.27469188
          0,           0,        4766,      -14.07509956,      -13.94371011,      -14.18069458
          0,           0,        4767,      -14.10023482,      -13.98079192,      -14.19667745
          0,           0,        4768,      -14.04106115,       -13.8976068,      -14.16900791
          0,           0,        4769,      -14.03231784,      -13.92711947,      -14.11990727
          0,           0,        4770,      -14.02547351,      -13.88561799,      -14.14353185
          0,           0,        4771,      -14.02915134,      -13.90237646,      -14.13183464
          0,           0,        4772,      -14.06474559,      -13.94575778,      -14.16702434
          0,           0,        4773,      -14.05148931,      -13.93861222,      -14.13888961
          0,           0,        4774,      -14.07133835,      -13.95769383,      -14.18351816
          0,           0,        4775,      -14.09084056,      -13.95413926,      -14.20297325
          0,           0,        4776,      -14.12704868,      -13.97795913,      -14.22136008
          0,           0,        4777,      -14.03285318,      -13.89837897,      -14.17178957
          0,           0,        4778,      -14.04537619,      -13.92605635,      -14.11894074
          0,           0,        4779,      -14.04782576,      -13.91878839,      -14.15424787
          0,           0,        4780,      -14.08190748,      -13.97758898,      -14.16372547
          0,           0,        4781,      -14.11517994,      -14.00041282,      -14.20020343
          0,           0,        4782,      -14.02751661,      -13.89625739,      -14.13915381
          0,           0,        4783,      -14.03275594,      -13.92007721,      -14.10956719
          0,           0,        4784,      -14.11134284,      -13.97180493,      -14.20998786
          0,           0,        4785,      -14.03387188,      -13.89781836,      -14.11720257
          0,           0,        4786,      -13.94098897,        -13.804398,       -14.0821361
          0,           0,        4787,      -14.04378623,      -13.91445298,      -14.13437256
          0,           0,        4788,      -13.99345807,      -13.86453313,      -14.09409585
          0,           0,        4789,      -14.13136558,      -13.99674547,      -14.17268157
          0,           0,        4790,      -13.99650693,      -13.85854474,      -14.11665751
          0,           0,        4791,      -14.03146806,      -13.91056986,      -14.14451378
          0,           0,        4792,      -14.01639871,      -13.88273077,      -14.09205243
          0,           0,        4793,       -14.0838378,      -13.96141964,      -14.15644896
          0,           0,        4794,      -14.03277251,      -13.87436186,      -14.14858308
          0,           0,        4795,      -14.03636235,      -13.90344801,      -14.15505912
          0,           0,        4796,      -14.09871801,      -13.98181416,      -14.21344978
          0,           0,        4797,      -14.05341814,      -13.94240744,      -14.12732138
          0,           0,        4798,       -14.1443873,      -14.01892866,       -14.1768179
          0,           0,        4799,      -14.03782184,      -13.90568996,      -14.13302654
          0,           0,        4800,      -14.00322029,      -13.87002068,      -14.13288694
          0,           0,        4801,      -13.90297123,      -13.79189243,      -14.06533592
          0,           0,        4802,      -14.08082712,      -13.93764062,      -14.20302027
          0,           0,        4803,      -14.06696577,      -13.92338757,       -14.1124174
          0,           0,        4804,      -14.06427428,      -13.94639723,      -14.15312228
          0,           0,        4805,      -14.06162133,      -13.93442239,      -14.13780253
          0,           0,        4806,      -14.00581912,      -13.86556744,      -14.15216097
          0,           0,        4807,      -14.00734911,       -13.8836494,      -14.14674853
          0,           0,        4808,      -14.08306404,      -13.96519026,      -14.14847516
          0,           0,        4809,      -13.95458891,      -13.82128278,      -14.11733036
          0,           0,        4810,      -14.04161749,      -13.91044261,      -14.15533252
          0,           0,        4811,      -14.02773316,      -13.90758008,      -14.13844974
          0,           0,        4812,      -14.07214682,      -13.96702487,      -14.16229791
          0,           0,        4813,      -14.03540862,      -13.92228104,      -14.11073164
          0,           0,        4814,       -14.0544065,      -13.92562918,      -14.16656206
          0,           0,        4815,       -14.0584896,      -13.93519758,      -14.22296222
          0,           0,        4816,      -14.17806449,       -14.0492048,      -14.18912086
          0,           0,        4817,      -13.99568279,      -13.85800709,      -14.11025842
          0,           0,        4818,      -14.09516075,      -13.97309415,      -14.20304657
          0,           0,        4819,      -14.05004954,      -13.93542955,      -14.19767744
          0,           0,        4820,      -14.11861389,      -13.99222551,      -14.18682183
          0,           0,        4821,      -14.06636097,      -13.94704469,      -14.15265673
          0,           0,        4822,      -14.02614263,      -13.89717647,      -14.13141759
          0,           0,        4823,      -14.05228764,      -13.92743709,      -14.19598685
          0,           0,        4824,       -14.1239834,      -14.00868807,      -14.15637506
          0,           0,        4825,      -13.99640903,      -13.88187335,      -14.13017414
          0,           0,        4826,      -14.06842828,      -13.94402584,      -14.23033823
          0,           0,        4827,      -14.04470868,      -13.92583228,      -14.17136106
          0,           0,        4828,      -14.01968327,      -13.89209367,      -14.11065719
          0,           0,        4829,      -14.13881629,      -14.03270381,      -14.23728339
          0,           0,        4830,       -14.0003526,      -13.86846072,      -14.11869214
          0,           0,        4831,      -14.09381866,      -13.96685686,      -14.14676083
          0,           0,        4832,      -13.98142835,      -13.84878893,      -14.09755425
          0,           0,        4833,      -14.00535725,      -13.86004919,      -14.05744441
          0,           0,        4834,      -14.00358888,       -13.8569567,      -14.09318217
          0,           0,        4835,      -14.00234827,      -13.87844275,      -14.20247284
          0,           0,        4836,      -14.05674616,      -13.92426335,      -14.16987873
          0,           0,        4837,      -14.00006626,      -13.87814562,      -14.08950798
          0,           0,        4838,      -14.00989382,      -13.88191683,      -14.12386127
          0,           0,        4839,      -14.07878786,      -13.94858192,      -14.13309034
          0,           0,        4840,      -13.95364594,       -13.8114758,      -14.14498751
          0,           0,        4841,        -14.042718,      -13.90084476,      -14.10434667
          0,           0,        4842,      -14.10484192,      -13.96298432,      -14.20895155
          0,           0,        4843,      -14.03575215,      -13.89491011,        -14.128454
          0,           0,        4844,       -13.9694096,      -13.84446797,      -14.08573356
          0,           0,        4845,      -14.04770601,      -13.91191368,      -14.10751602
          0,           0,        4846,      -14.00740211,      -13.88249395,      -14.12206369
          0,           0,        4847,      -14.03271727,       -13.9076119,       -14.1141927
          0,           0,        4848,      -14.04662412,      -13.93105565,      -14.19021656
          0,           0,        4849,      -13.98918585,      -13.86260023,       -14.1184419
          0,           0,        4850,      -13.96132175,      -13.84431726,      -14.16667361
          0,           0,        4851,       -14.1026872,        -13.986506,      -14.23643831
          0,           0,        4852,      -14.03068098,       -13.9080749,      -14.20625661
          0,           0,        4853,      -14.03169933,      -13.90093578,      -14.12347495
          0,           0,        4854,      -14.03867987,      -13.91982248,      -14.08958226
          0,           0,        4855,      -14.01805696,      -13.89068798,      -14.08587325
          0,           0,        4856,      -14.08704092,      -13.96814635,      -14.19828636
          0,           0,        4857,      -14.02575257,      -13.89023051,      -14.15401449
          0,           0,        4858,      -14.07404924,      -13.95897844,      -14.22706357
          0,           0,        4859,      -14.07550725,      -13.95261328,      -14.14493949
          0,           0,        4860,      -14.14758861,      -14.01726372,      -14.21873583
          0,           0,        4861,      -14.07475123,      -13.94265155,      -14.12122983
          0,           0,        4862,      -14.07862481,       -13.9426415,      -14.19535741
          0,           0,        4863,      -14.03312163,      -13.89423952,      -14.20863922
          0,           0,        4864,       -14.0265837,      -13.89454002,      -14.14520287
          0,           0,        4865,      -14.05267503,      -13.93017195,      -14.16850903
          0,           0,        4866,      -14.15362883,      -14.02382131,       -14.2073452
          0,           0,        4867,      -13.95652738,      -13.82972928,      -14.09882325
          0,           0,        4868,      -13.89073185,      -13.77384534,      -14.07042645
          0,           0,        4869,      -14.04093942,      -13.91175006,      -14.05759254
          0,           0,        4870,      -14.04558435,      -13.93309285,      -14.17205275
          0,           0,        4871,      -14.09568536,      -13.95139788,      -14.14461252
          0,           0,        4872,      -13.98003244,      -13.84889686,      -14.08746651
          0,           0,        4873,      -14.06978352,      -13.94195706,      -14.17863505
          0,           0,        4874,      -13.96495294,      -13.85144199,      -14.10148906
          0,           0,        4875,      -13.99269602,      -13.87915107,      -14.12487879
          0,           0,        4876,      -13.96550886,      -13.83632602,      -14.10568278
          0,           0,        4877,       -14.0317652,      -13.89629568,      -14.10955181
          0,           0,        4878,       -13.9598853,      -13.82730873,      -14.09285082
          0,           0,        4879,      -14.02872093,      -13.90619904,      -14.13322152
          0,           0,        4880,       -14.0575378,      -13.93006132,      -14.19906854
          0,           0,        4881,      -14.07391379,      -13.94851811,      -14.19953174
          0,           0,        4882,      -14.15440352,      -14.03837092,      -14.20573275
          0,           0,        4883,      -14.04333857,      -13.92352615,      -14.12223447
          0,           0,        4884,      -14.09227242,      -13.97682536,      -14.11351204
          0,           0,        4885,       -14.0032397,       -13.8540617,      -14.12826898
          0,           0,        4886,       -13.9712842,      -13.84184882,      -14.12699347
          0,           0,        4887,      -14.05879073,      -13.92505308,      -14.11978967
          0,           0,        4888,      -14.04789706,      -13.91983386,      -14.17980855
          0,           0,        4889,      -14.02566167,      -13.89454894,      -14.14655709
          0,           0,        4890,      -14.06951748,      -13.92343131,      -14.11899378
          0,           0,        4891,       -14.0064039,      -13.88137545,      -14.16455557
          0,           0,        4892,      -14.10137801,        -13.995285,      -14.21700151
          0,           0,        4893,       -14.0262096,      -13.88424508,      -14.16632158
          0,           0,        4894,      -14.03255964,      -13.91620388,      -14.11680779
          0,           0,        4895,      -14.12565385,      -13.98840667,      -14.18641478
          0,           0,        4896,      -14.06083274,      -13.93408165,      -14.11647462
          0,           0,        4897,      -14.05377318,      -13.93638468,      -14.15687295
          0,           0,        4898,      -14.01291013,      -13.86419178,      -14.15476955
          0,           0,        4899,       -13.9493844,      -13.81454673,      -14.08474486
          0,           0,        4900,      -14.07436381,      -13.93874569,      -14.18256479
          0,           0,        4901,      -14.01786694,      -13.87742395,      -14.22665043
          0,           0,        4902,      -14.02628122,      -13.90299384,      -14.14667762
          0,           0,        4903,       -14.1613486,      -14.05137808,      -14.19601647
          0,           0,        4904,      -14.10623034,      -13.97842766,      -14.16481262
          0,           0,        4905,      -14.06469264,      -13.92689648,      -14.19659185
          0,           0,        4906,      -14.02740179,      -13.91381788,      -14.12469719
          0,           0,        4907,      -14.04355043,      -13.92503791,      -14.15023815
          0,           0,        4908,      -14.06600835,      -13.95666469,       -14.1520188
          0,           0,        4909,      -13.99123004,      -13.86685738,      -14.10081504
          0,           0,        4910,      -13.97937139,      -13.85383599,      -14.14651837
          0,           0,        4911,      -14.05528999,      -13.91384989,      -14.16458845
          0,           0,        4912,       -14.0089756,      -13.88872285,      -14.12324921
          0,           0,        4913,      -14.07992784,      -13.98111036,      -14.20654059
          0,           0,        4914,      -14.13076444,      -14.01830165,      -14.20021632
          0,           0,        4915,       -14.0081257,      -13.86269919,      -14.12181584
          0,           0,        4916,      -14.04093354,      -13.92184213,       -14.0973433
          0,           0,        4917,      -14.01456473,      -13.89856859,       -14.1131613
          0,           0,        4918,      -14.02669979,      -13.88886237,      -14.12669006
          0,           0,        4919,      -14.05985875,      -13.92287202,      -14.17306511
          0,           0,        4920,      -14.02666032,      -13.90697806,      -14.19820486
          0,           0,        4921,      -14.11288503,      -13.97777703,      -14.17039955
          0,           0,        4922,      -14.10105614,      -13.97153528,      -14.20939476
          0,           0,        4923,      -14.10460661,      -13.96446068,      -14.17869684
          0,           0,        4924,      -14.04524413,      -13.92915429,      -14.17188088
          0,           0,        4925,      -14.13716068,      -14.01599057,      -14.23383435
          0,           0,        4926,      -14.05318854,      -13.92035177,      -14.12672902
          0,           0,        4927,       -14.0873487,      -13.94339846,      -14.15408206
          0,           0,        4928,      -14.02456331,      -13.88553105,      -14.15764717
          0,           0,        4929,      -14.08934225,      -13.96591269,      -14.18083987
          0,           0,        4930,      -14.03161233,       -13.9172302,      -14.13248633
          0,           0,        4931,      -14.02322976,       -13.9072868,      -14.16623366
          0,           0,        4932,      -14.08340423,      -13.95691335,      -14.19266473
          0,           0,        4933,      -14.02904074,      -13.90885758,      -14.16494384
          0,           0,        4934,      -14.08239218,      -13.94591128,      -14.16944185
          0,           0,        4935,      -13.93949339,      -13.80796506,      -14.08460832
          0,           0,        4936,      -14.02356884,      -13.88775036,      -14.13055835
          0,           0,        4937,      -14.03546161,      -13.92292249,      -14.17428489
          0,           0,        4938,      -14.05770558,      -13.94834387,      -14.11150779
          0,           0,        4939,      -14.07541188,        -13.939383,      -14.11073937
          0,           0,        4940,      -14.02955939,      -13.88605859,       -14.1477423
          0,           0,        4941,      -14.05243146,      -13.90591009,      -14.10885191
          0,           0,        4942,       -14.0503227,        -13.929027,       -14.1433817
          0,           0,        4943,      -14.04967335,      -13.92755867,      -14.20759429
          0,           0,        4944,       -14.0708643,       -13.9493205,      -14.13709034
          0,           0,        4945,      -14.10290263,      -13.94367066,      -14.16745608
          0,           0,        4946,      -14.13045691,      -14.00597746,      -14.23084207
          0,           0,        4947,      -14.02701439,      -13.92762601,       -14.1994891
          0,           0,        4948,      -14.06083827,      -13.91877152,      -14.11476944
          0,           0,        4949,      -14.04929284,      -13.90869253,      -14.09484173
          0,           0,        4950,      -14.03185214,      -13.89520976,      -14.11520451
          0,           0,        4951,      -13.97731828,      -13.85653864,      -14.05107169
          0,           0,        4952,      -14.04860409,      -13.92125027,      -14.18169346
          0,           0,        4953,      -14.04948729,      -13.92828551,      -14.16519671
          0,           0,        4954,      -14.03352603,      -13.89154932,      -14.13508416
          0,           0,        4955,      -14.00734714,      -13.87848877,      -14.11853526
          0,           0,        4956,      -14.00112197,      -13.88748558,      -14.14464267
          0,           0,        4957,      -14.12420722,      -14.02494617,      -14.26364697
          0,           0,        4958,      -14.12195174,      -13.97121681,       -14.1241558
          0,           0,        4959,      -13.99664131,      -13.86601222,       -14.1225212
          0,           0,        4960,      -14.06196561,      -13.95465635,      -14.15256199
          0,           0,        4961,      -13.98874953,      -13.88147657,      -14.14621945
          0,           0,        4962,      -14.07322086,      -13.94261185,      -14.16965362
          0,           0,        4963,      -13.99821789,      -13.86893044,      -14.10569169
          0,           0,        4964,      -14.07629547,      -13.95815576,      -14.16672276
          0,           0,        4965,       -14.0989701,      -13.96904305,      -14.18878999
          0,           0,        4966,      -14.02887325,      -13.88600652,      -14.15240758
          0,           0,        4967,      -14.05685642,      -13.92096146,      -14.12628498
          0,           0,        4968,      -14.03448509,      -13.89525625,      -14.16773212
          0,           0,        4969,      -14.08634768,      -13.97439873,      -14.15750173
          0,           0,        4970,      -14.10651109,      -14.00492613,        -14.176119
          0,           0,        4971,      -14.05381362,      -13.91314181,      -14.14866884
          0,           0,        4972,      -14.09594129,       -13.9525022,      -14.16247454
          0,           0,        4973,       -14.0426422,      -13.90860099,      -14.19678312
          0,           0,        4974,      -14.09111009,      -13.94959746,      -14.13803045
          0,           0,        4975,      -14.00012263,      -13.89600075,      -14.14344426
          0,           0,        4976,      -14.04905637,      -13.92113423,      -14.20844665
          0,           0,        4977,      -14.13179674,      -13.99284638,        -14.181102
          0,           0,        4978,      -14.04395169,      -13.91952476,      -14.08917491
          0,           0,        4979,      -13.98626455,      -13.84998305,      -14.12321136
          0,           0,        4980,      -14.06044713,      -13.92840978,      -14.17324015
          0,           0,        4981,      -13.99644548,      -13.87139266,      -14.11909625
          0,           0,        4982,       -14.0405622,      -13.90377077,      -14.08312473
          0,           0,        4983,      -13.99674317,      -13.87418276,      -14.15256259
          0,           0,        4984,      -14.03967768,      -13.92019828,      -14.15257649
          0,           0,        4985,      -14.02801478,      -13.88505667,      -14.18906678
          0,           0,        4986,      -14.02423268,      -13.90002402,      -14.13694903
          0,           0,        4987,      -14.06189127,      -13.94268352,      -14.20466994
          0,           0,        4988,      -13.99681231,      -13.87852311,      -14.13607453
          0,           0,        4989,      -14.08589344,      -13.95495438,      -14.14146485
          0,           0,        4990,      -14.06048224,      -13.95530498,      -14.17445209
          0,           0,        4991,       -14.0639825,      -13.94230529,      -14.13368462
          0,           0,        4992,      -14.05369903,      -13.91955639,      -14.12071721
          0,           0,        4993,      -14.06724039,      -13.96887748,      -14.17130514
          0,           0,        4994,      -13.95142966,      -13.84603631,      -14.07868434
          0,           0,        4995,      -14.02476583,      -13.90814273,      -14.13131275
          0,           0,        4996,      -14.12748388,      -14.00447939,      -14.21988204
          0,           0,        4997,      -14.04215758,      -13.92856855,      -14.13005066
          0,           0,        4998,      -14.04077049,      -13.90708184,      -14.15336947
          0,           0,        4999,       -14.0843309,       -13.9584491,      -14.20995793
          0,           0,        5000,      -14.04182457,      -13.91310925,      -14.17549995
          0,           0,        5001,      -14.07685782,      -13.94844886,      -14.22778227
          0,           0,        5002,      -14.03033247,      -13.90317836,      -14.13441474
          0,           0,        5003,      -13.94786519,      -13.82035146,      -14.09277442
          0,           0,        5004,      -13.99982426,      -13.86242105,      -14.09774569
          0,           0,        5005,      -14.11057201,      -13.97468468,      -14.20984841
          0,           0,        5006,      -14.07144284,       -13.9492031,      -14.18992714
          0,           0,        5007,      -14.09620946,      -13.97209072,      -14.16535669
          0,           0,        5008,      -13.95674525,      -13.82739895,      -14.09453921
          0,           0,        5009,       -13.9949697,      -13.86644079,      -14.09191735
          0,           0,        5010,      -13.97114868,      -13.84184021,      -14.09917455
          0,           0,        5011,       -14.0127938,      -13.87598924,      -14.15795496
          0,           0,        5012,      -13.99003361,       -13.8610351,      -14.12628208
          0,           0,        5013,      -14.06063928,      -13.95212774,      -14.16153287
          0,           0,        5014,      -14.01085726,      -13.86753485,      -14.04741893
          0,           0,        5015,      -13.97491787,      -13.85795249,       -14.0747549
          0,           0,        5016,      -14.02174534,      -13.88769756,      -14.09686913
          0,           0,        5017,      -14.09194087,      -13.98597201,      -14.18376081
          0,           0,        5018,      -14.06995528,        -13.927404,      -14.18341454
          0,           0,        5019,      -14.06635821,      -13.91378629,      -14.15313167
          0,           0,        5020,      -14.00287718,      -13.87559888,      -14.06765753
          0,           0,        5021,      -14.00392935,      -13.88883796,      -14.14663159
          0,           0,        5022,      -14.01117519,      -13.91006377,      -14.11908283
          0,           0,        5023,      -13.98727978,      -13.86900088,      -14.13421187
          0,           0,        5024,      -14.16188466,      -14.02796433,      -14.19705176
          0,           0,        5025,      -13.99161159,      -13.85116324,      -14.13243333
          0,           0,        5026,      -14.07180126,       -13.9330428,      -14.14487482
          0,           0,        5027,      -14.12634463,      -13.99808395,      -14.24838501
          0,           0,        5028,      -14.11872146,       -13.9957404,       -14.1560686
          0,           0,        5029,      -13.98773461,      -13.85463889,      -14.15055536
          0,           0,        5030,      -14.12733391,       -13.9992204,      -14.21211113
          0,           0,        5031,      -14.00160691,      -13.88525365,      -14.11499651
          0,           0,        5032,      -14.07475154,      -13.96263466,      -14.14332062
          0,           0,        5033,      -14.03006085,      -13.90415824,      -14.17303719
          0,           0,        5034,      -14.03673782,       -13.9213106,      -14.23387669
          0,           0,        5035,      -14.03597673,       -13.9265407,      -14.17007557
          0,           0,        5036,      -14.13755417,      -14.01309197,      -14.21149532
          0,           0,        5037,      -13.99133996,       -13.8554518,      -14.12404889
          0,           0,        5038,      -14.09212659,      -13.98789424,       -14.2213295
          0,           0,        5039,      -14.09235747,       -13.9540446,      -14.16601642
          0,           0,        5040,      -14.09680936,      -13.97271574,      -14.15364574
          0,           0,        5041,      -14.07341501,      -13.95472223,      -14.15171657
          0,           0,        5042,       -14.0573195,      -13.93784175,      -14.17755172
          0,           0,        5043,       -14.0687515,      -13.92791779,      -14.12067906
          0,           0,        5044,      -14.03849329,      -13.91365701,      -14.08478259
          0,           0,        5045,      -13.98608181,      -13.86205414,      -14.19454951
          0,           0,        5046,      -14.09833537,      -13.97318044,      -14.13628144
          0,           0,        5047,      -14.00210038,      -13.87796312,      -14.11313105
          0,           0,        5048,      -14.06601539,      -13.96387509,      -14.20275628
          0,           0,        5049,      -14.09377437,      -13.97607059,      -14.18723577
          0,           0,        5050,      -14.05086785,      -13.91734695,      -14.12105594
          0,           0,        5051,      -14.00997464,      -13.88259447,        -14.139125
          0,           0,        5052,       -14.0121734,      -13.86854074,       -14.1682674
          0,           0,        5053,      -14.18553306,      -14.04593627,      -14.24125333
          0,           0,        5054,      -14.06910705,      -13.95609674,      -14.16567473
          0,           0,        5055,      -14.02825286,      -13.91577393,      -14.13125075
          0,           0,        5056,      -14.03652975,      -13.92738693,      -14.15618241
          0,           0,        5057,       -14.0351082,      -13.91004684,      -14.18876975
          0,           0,        5058,      -14.11280893,      -14.01419157,      -14.14324471
          0,           0,        5059,      -14.03835819,      -13.91646278,      -14.18567102
          0,           0,        5060,      -14.09627313,      -13.97019801,      -14.13247579
          0,           0,        5061,      -13.95993402,      -13.81784037,      -14.11974705
          0,           0,        5062,      -14.03285384,      -13.90016604,      -14.17575343
          0,           0,        5063,      -14.01890113,      -13.89495517,      -14.16124845
          0,           0,        5064,      -14.06804734,      -13.91529834,       -14.2036636
          0,           0,        5065,      -14.11729596,      -13.98845678,      -14.20629454
          0,           0,        5066,      -14.05767325,       -13.9352017,      -14.14266523
          0,           0,        5067,      -14.02550153,      -13.90528206,      -14.08641634
          0,           0,        5068,      -14.01191285,      -13.89333362,      -14.17396483
          0,           0,        5069,       -14.1226124,      -13.99574931,      -14.19981324
          0,           0,        5070,      -14.13771918,      -14.02760491,      -14.22423371
          0,           0,        5071,       -14.0475735,      -13.91729416,      -14.13997882
          0,           0,        5072,      -14.01286136,      -13.88631401,      -14.11025782
          0,           0,        5073,      -14.06953334,      -13.95536564,      -14.18971009
          0,           0,        5074,      -14.01650219,      -13.87662259,      -14.12164725
          0,           0,        5075,      -13.95953998,      -13.83874545,      -14.20841162
          0,           0,        5076,      -14.06472978,      -13.95797646,      -14.13483351
          0,           0,        5077,      -14.14010983,      -14.02005072,      -14.20268086
          0,           0,        5078,      -13.97603158,      -13.85552857,      -14.18819451
          0,           0,        5079,       -14.1466112,      -14.02524652,      -14.21556877
          0,           0,        5080,      -13.97205383,       -13.8546246,      -14.09716599
          0,           0,        5081,      -14.01106507,      -13.88009092,      -14.14703664
          0,           0,        5082,      -13.97802249,      -13.86053154,      -14.11506533
          0,           0,        5083,       -14.0744267,      -13.97334983,      -14.15199334
          0,           0,        5084,      -14.07942825,      -13.95688611,      -14.15256715
          0,           0,        5085,       -14.0085796,      -13.87700287,      -14.11679285
          0,           0,        5086,      -14.03439099,      -13.91150787,      -14.13555323
          0,           0,        5087,      -14.13069789,      -14.00061797,       -14.1944616
          0,           0,        5088,      -14.06044632,      -13.93196752,      -14.15787814
          0,           0,        5089,       -14.0854358,      -13.95760542,      -14.14196905
          0,           0,        5090,      -14.12914308,      -14.00223772,      -14.20545292
          0,           0,        5091,      -14.03265912,      -13.89823718,      -14.11191937
          0,           0,        5092,      -14.05576754,      -13.92086024,      -14.10565897
          0,           0,        5093,      -13.99735849,      -13.85571776,      -14.15255191
          0,           0,        5094,       -13.9950862,      -13.87625371,         -14.14432
          0,           0,        5095,      -14.14390933,      -14.02133872,      -14.20356478
          0,           0,        5096,      -14.08825321,      -13.96958396,      -14.17805811
          0,           0,        5097,      -14.10739797,      -13.98811127,      -14.13415233
          0,           0,        5098,      -13.99940948,      -13.88861497,      -14.09951281
          0,           0,        5099,      -14.03728242,       -13.9128238,      -14.17657883
          0,           0,        5100,      -14.12066086,      -13.98526168,      -14.19038168
          0,           0,        5101,      -14.04738382,      -13.91887234,      -14.18411603
          0,           0,        5102,      -14.01887176,      -13.88165042,      -14.10649118
          0,           0,        5103,      -14.07721394,      -13.96004813,      -14.22259265
          0,           0,        5104,      -14.05633886,      -13.92746126,      -14.23922949
          0,           0,        5105,      -14.04592228,      -13.89398163,      -14.14500414
          0,           0,        5106,       -14.0733086,      -13.94216393,       -14.1332951
          0,           0,        5107,      -14.07379701,      -13.97084366,      -14.20263034
          0,           0,        5108,      -14.06715298,      -13.94268393,      -14.14702937
          0,           0,        5109,      -14.02697928,      -13.88744882,      -14.09477369
          0,           0,        5110,      -14.04783044,      -13.91810265,      -14.13354336
          0,           0,        5111,      -14.02732879,      -13.88759329,      -14.12182449
          0,           0,        5112,      -14.02413635,      -13.90317335,      -14.18726139
          0,           0,        5113,      -14.01261095,      -13.89460423,      -14.12873594
          0,           0,        5114,      -14.05557072,      -13.92492307,      -14.21819916
          0,           0,        5115,      -14.03372557,      -13.89124781,      -14.12047428
          0,           0,        5116,      -14.03286996,      -13.90905803,      -14.16470397
          0,           0,        5117,       -13.9979085,      -13.87195866,      -14.07362309
          0,           0,        5118,      -14.10492575,      -13.98132842,      -14.20138596
          0,           0,        5119,      -14.02774187,      -13.89306239,      -14.11031388
          0,           0,        5120,      -14.06824601,      -13.94424191,      -14.22116519
          0,           0,        5121,      -14.04483692,      -13.92562749,      -14.15787723
          0,           0,        5122,      -14.10304069,      -13.98196222,      -14.15518544
          0,           0,        5123,      -13.92647805,      -13.80716202,      -14.09375746
          0,           0,        5124,      -14.10310299,      -13.96598482,      -14.15359655
          0,           0,        5125,      -13.97902151,      -13.84632514,      -14.09059222
          0,           0,        5126,      -13.98951947,      -13.86171773,      -14.16350697
          0,           0,        5127,       -14.0706322,      -13.94518793,       -14.1746798
          0,           0,        5128,        -14.023182,      -13.91391934,      -14.13795517
          0,           0,        5129,      -13.96784692,      -13.84489205,      -14.13024673
          0,           0,        5130,      -14.05059029,      -13.91646185,       -14.1983588
          0,           0,        5131,      -13.97299653,      -13.83888459,      -14.06803916
          0,           0,        5132,      -14.06194764,      -13.94454375,      -14.15337478
          0,           0,        5133,      -14.01863638,      -13.90827473,       -14.1724519
          0,           0,        5134,      -14.12624337,      -13.99212501,      -14.18480614
          0,           0,        5135,      -14.03737955,         -13.89389,      -14.12978151
          0,           0,        5136,      -13.99130399,      -13.86089152,      -14.13796459
          0,           0,        5137,      -14.04839504,      -13.92059855,      -14.09039064
          0,           0,        5138,      -14.05344917,      -13.95067374,      -14.15679761
          0,           0,        5139,      -14.02130003,       -13.8982324,       -14.1975389
          0,           0,        5140,      -14.07123606,      -13.95008496,      -14.21823315
          0,           0,        5141,      -14.08429615,      -13.94172579,      -14.16297704
          0,           0,        5142,      -14.01449458,      -13.88878439,      -14.15353299
          0,           0,        5143,      -14.02766115,      -13.92135119,      -14.08692897
          0,           0,        5144,      -14.08678221,      -13.95917153,      -14.16315129
          0,           0,        5145,      -14.07576548,      -13.94811031,      -14.18928343
          0,           0,        5146,      -14.04371956,      -13.93100797,      -14.13598872
          0,           0,        5147,       -14.0866621,      -13.96883846,      -14.19300586
          0,           0,        5148,       -14.0681862,      -13.94286492,      -14.14585492
          0,           0,        5149,      -14.04356103,      -13.92513095,      -14.17610476
          0,           0,        5150,      -14.09767672,      -13.97892901,      -14.19202006
          0,           0,        5151,      -14.07826243,      -13.95082886,      -14.21530012
          0,           0,        5152,       -14.0782777,      -13.95559295,      -14.15627801
          0,           0,        5153,        -14.033594,      -13.89937242,      -14.17014283
          0,           0,        5154,      -14.02246438,      -13.89295781,      -14.16515109
          0,           0,        5155,      -14.05638602,      -13.92869757,      -14.15003091
          0,           0,        5156,      -14.02230507,      -13.88557512,      -14.10586456
          0,           0,        5157,      -14.04747283,      -13.93279251,      -14.16537041
          0,           0,        5158,      -13.98748102,      -13.85713386,      -14.06994401
          0,           0,        5159,      -14.02497884,      -13.90000696,      -14.16835579
          0,           0,        5160,      -14.03251646,      -13.92580455,      -14.11955429
          0,           0,        5161,      -14.08045104,      -13.97078344,      -14.17978446
          0,           0,        5162,      -14.04918684,      -13.91453859,      -14.14935664
          0,           0,        5163,       -14.0384707,      -13.91128431,       -14.1627246
          0,           0,        5164,      -14.01072236,      -13.87761492,      -14.14455755
          0,           0,        5165,      -14.00434357,      -13.87731862,      -14.08955042
          0,           0,        5166,       -13.9998126,      -13.86264734,      -14.11094119
          0,           0,        5167,      -14.03983146,      -13.90990989,      -14.12205437
          0,           0,        5168,      -13.99093467,      -13.86983437,      -14.15017433
          0,           0,        5169,      -14.06462612,      -13.93319307,      -14.24267021
          0,           0,        5170,      -14.05931355,      -13.93882704,      -14.13774753
          0,           0,        5171,      -14.10040241,      -13.98545295,      -14.21702393
          0,           0,        5172,      -14.05769101,      -13.94678726,      -14.14807241
          0,           0,        5173,      -14.12123023,      -13.98709971,      -14.17379921
          0,           0,        5174,      -14.06561214,      -13.92842397,      -14.11986104
          0,           0,        5175,      -14.03608812,      -13.90919039,      -14.16255876
          0,           0,        5176,      -14.05057865,      -13.90749548,      -14.17636841
          0,           0,        5177,      -14.01806445,      -13.89601216,      -14.14201025
          0,           0,        5178,      -14.10767636,      -14.00760242,      -14.24060943
          0,           0,        5179,      -14.04244421,      -13.91260556,      -14.14879619
          0,           0,        5180,      -14.08550231,      -13.97047164,      -14.21223394
          0,           0,        5181,      -14.11435718,      -13.99665903,      -14.18383424
          0,           0,        5182,      -14.03481549,      -13.89889107,      -14.11314471
          0,           0,        5183,      -13.97533162,      -13.83004559,      -14.10428394
          0,           0,        5184,      -14.04248427,      -13.91407691,      -14.10879508
          0,           0,        5185,      -14.07568294,      -13.93627337,      -14.12893807
          0,           0,        5186,      -14.00345125,      -13.88226766,      -14.09942324
          0,           0,        5187,      -13.99136782,      -13.86327681,       -14.1171879
          0,           0,        5188,      -14.06938241,      -13.95544123,      -14.16530838
          0,           0,        5189,      -14.09596141,      -13.97376597,      -14.14120848
          0,           0,        5190,      -14.02772926,      -13.89629141,       -14.1270805
          0,           0,        5191,      -13.98753615,      -13.86559193,      -14.09599281
          0,           0,        5192,      -13.98187238,      -13.87335107,      -14.20412989
          0,           0,        5193,      -14.10581324,       -13.9683319,      -14.20219202
          0,           0,        5194,      -14.07933371,       -13.9580981,      -14.15840998
          0,           0,        5195,      -14.14405509,      -14.00809551,      -14.19017778
          0,           0,        5196,       -14.0067201,      -13.86454933,      -14.19320686
          0,           0,        5197,      -14.08502939,      -13.95947872,      -14.20186673
          0,           0,        5198,       -14.0771757,      -13.95606673,      -14.20142384
          0,           0,        5199,      -14.10984128,       -13.9661237,      -14.21028957
          0,           0,        5200,      -14.04035413,      -13.88953348,      -14.12665969
          0,           0,        5201,      -13.99482162,      -13.87939005,      -14.12140211
          0,           0,        5202,      -13.97236027,      -13.87379339,      -14.17291665
          0,           0,        5203,      -14.06126267,      -13.95711857,      -14.11725512
          0,           0,        5204,      -14.04519701,      -13.92811018,      -14.15242288
          0,           0,        5205,      -14.08861326,      -13.93568236,      -14.15445968
          0,           0,        5206,      -14.03481641,      -13.90724635,      -14.13037428
          0,           0,        5207,      -13.97036346,       -13.8570993,      -14.12823319
          0,           0,        5208,      -14.07356702,       -13.9414911,      -14.14311897
          0,           0,        5209,      -14.02175675,      -13.88464836,       -14.1023332
          0,           0,        5210,      -14.00070128,       -13.8773483,      -14.09566386
          0,           0,        5211,      -13.99201559,      -13.84911212,       -14.1407466
          0,           0,        5212,       -14.0232981,       -13.8913486,      -14.09814945
          0,           0,        5213,      -14.13215874,      -14.00918553,      -14.17348031
          0,           0,        5214,      -13.99359127,      -13.87335157,      -14.07022024
          0,           0,        5215,      -14.16136223,      -14.04655206,      -14.24187356
          0,           0,        5216,      -14.09370426,      -13.96556538,       -14.1916135
          0,           0,        5217,      -14.00676753,      -13.85152463,      -14.06084719
          0,           0,        5218,      -13.93853324,      -13.81136047,      -14.06519589
          0,           0,        5219,      -13.99338164,      -13.86503684,      -14.09274996
          0,           0,        5220,      -14.03013287,      -13.89802707,      -14.18719369
          0,           0,        5221,      -14.08745887,      -13.97117581,      -14.16113542
          0,           0,        5222,      -14.06758512,      -13.92590926,      -14.22132149
          0,           0,        5223,      -14.02816318,      -13.90237015,      -14.12992583
          0,           0,        5224,      -14.08498719,       -13.9573646,      -14.22493658
          0,           0,        5225,      -14.06135104,      -13.93355163,       -14.1554142
          0,           0,        5226,      -14.05410109,      -13.93895942,       -14.1676418
          0,           0,        5227,      -14.10676032,      -13.98735519,      -14.20990118
          0,           0,        5228,       -14.0323699,      -13.91549219,      -14.17249931
          0,           0,        5229,      -14.02001714,      -13.89996957,      -14.11079349
          0,           0,        5230,      -14.08149351,      -13.95458736,      -14.22106979
          0,           0,        5231,      -14.02945923,      -13.90615455,       -14.1324883
          0,           0,        5232,      -14.08288895,      -13.95298797,      -14.11886249
          0,           0,        5233,      -14.06619913,      -13.93838719,      -14.14880063
          0,           0,        5234,      -14.16486244,      -14.01609087,      -14.21199607
          0,           0,        5235,      -14.06426636,      -13.92841823,        -14.167182
          0,           0,        5236,       -13.9605149,      -13.83486319,      -14.07360411
          0,           0,        5237,      -14.00996558,       -13.8942597,      -14.08935234
          0,           0,        5238,      -13.99664677,      -13.85757443,      -14.13161773
          0,           0,        5239,       -13.9815623,      -13.84653397,      -14.11023672
          0,           0,        5240,       -14.0115046,      -13.89629464,      -14.12233062
          0,           0,        5241,      -14.02672745,      -13.90065067,      -14.15235923
          0,           0,        5242,      -14.00670814,      -13.87221789,        -14.130034
          0,           0,        5243,      -14.03823168,      -13.89111399,      -14.14489327
          0,           0,        5244,      -14.04412121,      -13.90975188,      -14.12728769
          0,           0,        5245,       -14.0207252,      -13.89561717,      -14.13584325
          0,           0,        5246,      -14.06161036,      -13.93303427,       -14.1609129
          0,           0,        5247,      -14.07457318,      -13.96318309,      -14.18135681
          0,           0,        5248,      -13.97946261,      -13.86152697,      -14.13093073
          0,           0,        5249,      -14.05884536,      -13.92182109,      -14.13458938
          0,           0,        5250,      -14.02034282,      -13.89112859,      -14.13314183
          0,           0,        5251,      -14.01398319,      -13.85563666,      -14.12720393
          0,           0,        5252,       -13.9957567,       -13.8602614,      -14.12013003
          0,           0,        5253,      -14.05051876,      -13.91408967,      -14.13184578
          0,           0,        5254,      -14.14546416,      -14.01321644,      -14.20905486
          0,           0,        5255,      -14.10892068,      -13.97880608,      -14.22050259
          0,           0,        5256,      -14.01699587,      -13.91266197,      -14.26830379
          0,           0,        5257,      -13.99299179,      -13.87842349,      -14.08624227
          0,           0,        5258,      -13.96595566,      -13.84355836,      -14.12982491
          0,           0,        5259,      -14.10005094,      -13.96836339,      -14.15553085
          0,           0,        5260,      -14.10394652,      -13.97478275,      -14.18440054
          0,           0,        5261,      -14.11965673,      -13.99997926,      -14.21415003
          0,           0,        5262,      -14.05584092,      -13.93792108,      -14.17604631
          0,           0,        5263,      -13.97908899,      -13.86307908,      -14.15945375
          0,           0,        5264,      -14.06335533,      -13.93570864,      -14.14736045
          0,           0,        5265,      -14.07996586,      -13.95271149,      -14.20905099
          0,           0,        5266,      -14.08911203,      -13.96370907,      -14.16222095
          0,           0,        5267,      -13.98092764,      -13.85419648,      -14.07231877
          0,           0,        5268,      -13.91877146,      -13.79646451,      -14.11248441
          0,           0,        5269,      -14.09934615,      -13.97101213,      -14.26468899
          0,           0,        5270,      -14.05955549,      -13.94499365,      -14.17696908
          0,           0,        5271,      -13.99851796,      -13.87762817,      -14.10306256
          0,           0,        5272,      -14.00517058,        -13.869773,      -14.10676125
          0,           0,        5273,       -14.0905837,      -13.93418349,      -14.19482138
          0,           0,        5274,      -14.03310381,       -13.8884586,      -14.15882274
          0,           0,        5275,      -14.15191827,      -14.05206425,      -14.26713451
          0,           0,        5276,      -14.08405738,      -13.95953165,      -14.20718591
          0,           0,        5277,      -14.02619653,      -13.90627364,      -14.17149841
          0,           0,        5278,      -14.02782018,      -13.89048604,      -14.11038219
          0,           0,        5279,      -14.03695819,       -13.8939658,      -14.11386141
          0,           0,        5280,       -14.0053278,      -13.88207867,      -14.14581031
          0,           0,        5281,      -14.00081665,      -13.89069888,      -14.15235061
          0,           0,        5282,      -14.07396629,      -13.97549937,      -14.18317117
          0,           0,        5283,      -14.13287068,      -14.05068847,      -14.19524108
          0,           0,        5284,      -14.10459143,       -13.9729544,      -14.16610196
          0,           0,        5285,      -14.07010912,       -13.9506487,      -14.14696895
          0,           0,        5286,      -14.08863517,      -13.96357911,      -14.17529959
          0,           0,        5287,      -14.07512545,      -13.95806343,      -14.17578484
          0,           0,        5288,      -13.94552306,      -13.82655474,      -14.15287493
          0,           0,        5289,       -14.0496059,      -13.95621733,      -14.14258911
          0,           0,        5290,      -14.04517458,      -13.92543222,      -14.14424486
          0,           0,        5291,      -13.99446232,      -13.85961071,      -14.08771712
          0,           0,        5292,      -14.05101552,      -13.92584995,      -14.18229572
          0,           0,        5293,      -14.08991934,      -13.96983888,      -14.23689455
          0,           0,        5294,      -14.01816612,      -13.89496772,      -14.17326387
          0,           0,        5295,      -14.00644254,      -13.87911255,      -14.12351296
          0,           0,        5296,      -14.05510616,      -13.94822594,      -14.10993026
          0,           0,        5297,      -14.05122825,       -13.9109654,      -14.11425626
          0,           0,        5298,      -14.01133245,      -13.87392254,      -14.08380971
          0,           0,        5299,      -13.99249151,      -13.84583427,      -14.13039482
          0,           0,        5300,      -14.03286212,      -13.90464602,      -14.13652901
          0,           0,        5301,      -14.02912442,      -13.91472762,      -14.12116197
          0,           0,        5302,      -14.00965127,      -13.89189919,       -14.1620367
          0,           0,        5303,      -13.98647374,      -13.86325391,      -14.10443075
          0,           0,        5304,      -14.06671649,      -13.93229457,       -14.1244654
          0,           0,        5305,      -14.08782915,      -13.95467795,      -14.19900068
          0,           0,        5306,      -13.99841162,      -13.86440296,      -14.11999604
          0,           0,        5307,      -14.00359992,       -13.8759069,        -14.095319
          0,           0,        5308,      -14.13642152,      -14.02073213,       -14.2085906
          0,           0,        5309,      -13.97386736,      -13.86495893,      -14.11567737
          0,           0,        5310,       -14.1128022,      -13.98067572,      -14.12449335
          0,           0,        5311,      -13.95966974,      -13.83558596,       -14.1306408
          0,           0,        5312,      -14.07876293,      -13.91784884,      -14.17638477
          0,           0,        5313,      -14.03317075,       -13.8958741,      -14.21883358
          0,           0,        5314,      -14.04019882,      -13.91794466,      -14.12723949
          0,           0,        5315,      -14.04590004,      -13.93278838,      -14.11930754
          0,           0,        5316,      -14.08928497,      -13.95940548,      -14.18041949
          0,           0,        5317,      -14.00766074,      -13.87299585,      -14.12154552
          0,           0,        5318,      -14.06786374,      -13.95101366,      -14.20376798
          0,           0,        5319,      -14.06056063,      -13.90577671,      -14.14325988
          0,           0,        5320,      -14.01230454,      -13.88826005,      -14.15189565
          0,           0,        5321,      -14.09672678,      -13.95919562,      -14.16214839
          0,           0,        5322,      -14.04318108,      -13.91960544,      -14.07998302
          0,           0,        5323,      -13.98423621,      -13.87029754,      -14.12162385
          0,           0,        5324,      -14.07250915,      -13.94271277,      -14.22870818
          0,           0,        5325,      -14.00579735,      -13.86656234,      -14.10071362
          0,           0,        5326,      -13.99098352,      -13.86562518,      -14.13071562
          0,           0,        5327,      -13.98896016,      -13.85290715,      -14.12111165
          0,           0,        5328,      -14.06187849,      -13.95744856,      -14.14666509
          0,           0,        5329,      -13.95404648,        -13.812485,       -14.0471068
          0,           0,        5330,      -14.04818083,      -13.92781292,      -14.12724533
          0,           0,        5331,      -14.10056695,      -13.96973657,      -14.16112719
          0,           0,        5332,      -13.95151568,      -13.81239731,      -14.10861112
          0,           0,        5333,      -14.04908732,      -13.91237381,      -14.13798077
          0,           0,        5334,      -13.99486058,      -13.86281206,       -14.0957439
          0,           0,        5335,      -14.06233195,      -13.92884929,      -14.13774028
          0,           0,        5336,      -13.99160956,      -13.85428806,      -14.13239634
          0,           0,        5337,      -14.02885911,      -13.91687538,      -14.13282735
          0,           0,        5338,      -14.06862302,      -13.95316227,        -14.183323
          0,           0,        5339,      -14.06914346,       -13.9470096,      -14.23366165
          0,           0,        5340,      -14.02652651,      -13.89387595,      -14.11796199
          0,           0,        5341,      -14.09698969,      -13.96490679,      -14.19247913
          0,           0,        5342,      -13.96939015,      -13.85433398,       -14.0496095
          0,           0,        5343,      -13.98908215,      -13.85732526,      -14.09248188
          0,           0,        5344,      -14.00715834,       -13.8907395,        -14.120025
          0,           0,        5345,      -14.05901135,      -13.95178185,      -14.13470122
          0,           0,        5346,      -14.02515604,      -13.88353119,      -14.09713195
          0,           0,        5347,      -14.01939781,      -13.88742472,      -14.12809418
          0,           0,        5348,      -14.00458762,      -13.88782312,      -14.15612052
          0,           0,        5349,      -13.96757756,       -13.8403698,      -14.10378347
          0,           0,        5350,      -13.99706879,      -13.86998701,      -14.13451352
          0,           0,        5351,      -14.09603683,      -13.98291609,      -14.18951455
          0,           0,        5352,      -14.11394448,      -13.98508265,      -14.15895116
          0,           0,        5353,      -14.00558588,      -13.89117843,      -14.19230237
          0,           0,        5354,      -14.02002677,      -13.90067266,      -14.10903175
          0,           0,        5355,      -14.10983306,      -14.00545847,      -14.20498874
          0,           0,        5356,      -14.05243299,      -13.92623444,      -14.14693558
          0,           0,        5357,      -14.06920351,       -13.9420605,      -14.19704108
          0,           0,        5358,      -14.03550263,      -13.92349796,      -14.15314082
          0,           0,        5359,      -13.98936089,       -13.8608624,      -14.09639653
          0,           0,        5360,      -13.97565943,      -13.84776053,      -14.11078994
          0,           0,        5361,      -14.07302357,      -13.95113466,      -14.16957197
          0,           0,        5362,      -14.01832798,      -13.91456646,      -14.12767777
          0,           0,        5363,      -14.06003094,      -13.93817495,      -14.14661942
          0,           0,        5364,      -14.04791878,      -13.92170246,       -14.1378624
          0,           0,        5365,      -14.01326775,      -13.88679612,      -14.14844062
          0,           0,        5366,      -14.08738803,      -13.95095021,      -14.15273972
          0,           0,        5367,      -14.04402008,      -13.92414213,      -14.08077376
          0,           0,        5368,      -13.94972463,      -13.82508774,       -14.1023173
          0,           0,        5369,      -14.00843915,      -13.88517722,      -14.14490405
          0,           0,        5370,      -14.08733652,      -13.96733983,      -14.18958891
          0,           0,        5371,       -14.0757617,       -13.9555305,       -14.1758123
          0,           0,        5372,      -14.09270882,      -13.97813417,      -14.19703106
          0,           0,        5373,       -14.0163612,      -13.87906943,      -14.11355687
          0,           0,        5374,      -14.10709164,      -13.98595686,      -14.16261837
          0,           0,        5375,       -14.0191892,      -13.89889626,      -14.10338178
          0,           0,        5376,      -14.07507702,      -13.95459577,      -14.17608564
          0,           0,        5377,       -14.0033861,      -13.89574264,      -14.15679662
          0,           0,        5378,      -14.00730688,      -13.89210363,      -14.12490573
          0,           0,        5379,      -14.04820151,      -13.93170007,       -14.1389681
          0,           0,        5380,      -13.95404616,      -13.82637999,      -14.07894974
          0,           0,        5381,      -14.05492782,      -13.92508449,      -14.12235888
          0,           0,        5382,      -14.04943523,      -13.91377388,        -14.180763
          0,           0,        5383,      -14.11749007,      -13.97097453,       -14.1558484
          0,           0,        5384,      -14.09218625,      -13.94160474,      -14.11119028
          0,           0,        5385,      -14.02951736,      -13.90343093,      -14.11455004
          0,           0,        5386,      -14.08631933,      -13.95563433,      -14.21273894
          0,           0,        5387,      -14.05802572,      -13.91997306,      -14.11660809
          0,           0,        5388,        -14.006707,      -13.87846777,      -14.12963485
          0,           0,        5389,      -14.13633784,       -13.9972167,      -14.19143688
          0,           0,        5390,      -14.14501719,       -14.0441514,      -14.27742996
          0,           0,        5391,      -14.02258657,       -13.8838086,      -14.09280047
          0,           0,        5392,       -14.0823814,      -13.93055991,      -14.17870656
          0,           0,        5393,      -14.01848356,      -13.90189117,      -14.14459386
          0,           0,        5394,      -14.05960734,      -13.93376682,      -14.21846933
          0,           0,        5395,      -14.09269181,      -13.94011684,      -14.19343108
          0,           0,        5396,       -13.9915673,      -13.86384665,      -14.14080169
          0,           0,        5397,      -14.02834231,      -13.91057145,      -14.17249755
          0,           0,        5398,      -14.04467535,      -13.91417013,       -14.1395232
          0,           0,        5399,      -14.02393065,      -13.90840722,      -14.17282791
          0,           0,        5400,      -14.05100649,      -13.91703155,      -14.18452444
          0,           0,        5401,      -14.05964423,      -13.91688235,      -14.13559083
          0,           0,        5402,      -14.04161464,      -13.91440932,      -14.17332006
          0,           0,        5403,      -14.04630537,       -13.9273668,      -14.14064244
          0,           0,        5404,      -14.03571888,      -13.89026344,      -14.18304758
          0,           0,        5405,      -14.01547298,      -13.88467886,      -14.11853325
          0,           0,        5406,      -14.08507593,      -13.94406335,      -14.13986842
          0,           0,        5407,      -14.13459044,      -14.00461122,       -14.1935688
          0,           0,        5408,      -14.02804202,      -13.91296078,      -14.11470762
          0,           0,        5409,       -14.0475735,      -13.90993932,      -14.13342797
          0,           0,        5410,      -14.01246047,      -13.90374038,       -14.1745866
          0,           0,        5411,      -14.14302418,      -14.00476115,      -14.19043201
          0,           0,        5412,      -14.00078511,      -13.86677362,      -14.12736631
          0,           0,        5413,      -14.08159169,      -13.95864014,      -14.18144727
          0,           0,        5414,      -14.04088064,      -13.91962343,      -14.18223419
          0,           0,        5415,      -14.04740314,      -13.91010851,      -14.19023562
          0,           0,        5416,      -14.05303117,      -13.92512534,      -14.11068178
          0,           0,        5417,      -14.01551027,      -13.88172332,      -14.09661312
          0,           0,        5418,      -13.99666838,      -13.86691705,      -14.11360334
          0,           0,        5419,      -13.95845617,       -13.8222059,      -14.10873061
          0,           0,        5420,      -13.98053982,      -13.85568746,      -14.17964578
          0,           0,        5421,      -14.03947472,      -13.91658012,      -14.21601183
          0,           0,        5422,      -14.01716267,      -13.88648611,      -14.12410772
          0,           0,        5423,      -14.11783043,      -13.98372586,      -14.15729867
          0,           0,        5424,      -14.09916835,      -13.96386759,      -14.20007005
          0,           0,        5425,      -14.02793102,      -13.89114706,      -14.08295911
          0,           0,        5426,      -14.04146207,      -13.91283274,      -14.13571504
          0,           0,        5427,      -14.08060975,      -13.94349318,      -14.18727175
          0,           0,        5428,      -14.08697751,      -13.95542021,      -14.11229765
          0,           0,        5429,       -14.0029257,      -13.87198004,       -14.1336415
          0,           0,        5430,      -13.98329342,      -13.86502441,      -14.10085503
          0,           0,        5431,      -14.04885373,      -13.92310275,      -14.09764984
          0,           0,        5432,      -14.04993934,      -13.92587466,      -14.10959634
          0,           0,        5433,      -13.97276998,      -13.86925065,      -14.16461701
          0,           0,        5434,      -14.07790065,      -13.96623134,      -14.12387468
          0,           0,        5435,      -14.04465567,      -13.91720414,      -14.16177436
          0,           0,        5436,      -14.03649182,      -13.89541616,      -14.16948453
          0,           0,        5437,      -14.03237792,      -13.90614697,      -14.15664858
          0,           0,        5438,      -14.00100523,      -13.87083176,      -14.10505375
          0,           0,        5439,      -14.05520339,      -13.93738855,      -14.14749817
          0,           0,        5440,      -14.06013479,      -13.94995018,      -14.16356771
          0,           0,        5441,       -13.9963526,      -13.87175752,      -14.08567471
          0,           0,        5442,      -14.15917883,      -14.04569117,      -14.27516854
          0,           0,        5443,      -13.99862666,      -13.86853002,      -14.10925392
          0,           0,        5444,      -13.99591493,      -13.86958185,      -14.13929915
          0,           0,        5445,      -13.98045989,      -13.85165538,      -14.14101095
          0,           0,        5446,      -14.05345463,      -13.91110693,      -14.13360631
          0,           0,        5447,      -14.12433896,      -14.00669312,      -14.19278959
          0,           0,        5448,      -14.05922455,      -13.94139464,      -14.11661539
          0,           0,        5449,      -14.11492984,      -13.99639708,      -14.20381363
          0,           0,        5450,      -14.06378163,      -13.94235662,      -14.18324367
          0,           0,        5451,       -14.0532833,      -13.93218435,      -14.17357855
          0,           0,        5452,      -14.12562307,      -14.00801539,      -14.17548482
          0,           0,        5453,      -14.02145507,      -13.89542594,      -14.16393638
          0,           0,        5454,      -14.02164625,      -13.91762071,      -14.14570326
          0,           0,        5455,      -14.00492268,      -13.87731231,      -14.20629746
          0,           0,        5456,      -14.03597468,       -13.9088069,      -14.14815315
          0,           0,        5457,      -14.10780899,      -14.00302136,      -14.16106871
          0,           0,        5458,      -14.04763403,      -13.93050051,      -14.16698142
          0,           0,        5459,      -14.01854607,      -13.90305944,      -14.09431051
          0,           0,        5460,      -14.05924351,      -13.93347558,      -14.18327723
          0,           0,        5461,      -14.00398429,      -13.88836389,      -14.16170641
          0,           0,        5462,      -14.04292268,      -13.90907389,      -14.16819271
          0,           0,        5463,      -14.05117805,      -13.93574265,      -14.15558221
          0,           0,        5464,      -14.01679169,      -13.88849301,       -14.1261902
          0,           0,        5465,      -14.10518084,      -13.98222121,      -14.16666207
          0,           0,        5466,      -14.10829852,      -13.95211232,      -14.17278387
          0,           0,        5467,      -14.04176255,      -13.92251565,      -14.13053334
          0,           0,        5468,      -14.04807426,      -13.91781229,       -14.1518459
          0,           0,        5469,      -14.06113718,      -13.94296491,      -14.17721308
          0,           0,        5470,       -14.0536454,      -13.90798042,      -14.14137583
          0,           0,        5471,      -14.04009459,      -13.90488589,      -14.19184153
          0,           0,        5472,      -14.05147045,      -13.93880062,        -14.157737
          0,           0,        5473,      -14.01091879,      -13.88243834,      -14.16804467
          0,           0,        5474,      -14.04418174,      -13.90981201,      -14.14812306
          0,           0,        5475,      -14.07444312,      -13.95591525,      -14.13218276
          0,           0,        5476,      -14.08704624,      -13.96166032,      -14.16778835
          0,           0,        5477,      -13.99496249,      -13.84789441,      -14.09036283
          0,           0,        5478,      -13.97141965,      -13.82307789,      -14.10200638
          0,           0,        5479,      -14.02570928,      -13.89749276,      -14.11744817
          0,           0,        5480,      -14.12788783,      -13.99800769,       -14.2298023
          0,           0,        5481,      -14.05740478,      -13.92531447,      -14.13576684
          0,           0,        5482,      -14.02784417,      -13.90686942,      -14.10664261
          0,           0,        5483,      -14.00956186,      -13.88585884,      -14.14589978
          0,           0,        5484,      -14.00271386,      -13.90017231,      -14.13474667
          0,           0,        5485,      -14.04490571,      -13.91489104,      -14.13015856
          0,           0,        5486,      -14.07458663,      -13.93799803,      -14.19493101
          0,           0,        5487,       -14.0246306,      -13.89335538,      -14.16299337
          0,           0,        5488,      -14.05609692,      -13.91411386,      -14.18645644
          0,           0,        5489,      -14.03941537,      -13.91964951,      -14.21632621
          0,           0,        5490,      -14.06162344,      -13.94417231,      -14.13775076
          0,           0,        5491,      -14.04055663,      -13.92881377,      -14.13107886
          0,           0,        5492,      -14.08453091,      -13.96025311,      -14.24773758
          0,           0,        5493,      -14.11336255,      -13.96271846,      -14.17747434
          0,           0,        5494,      -14.06686413,      -13.94683366,      -14.14459845
          0,           0,        5495,      -14.03416237,      -13.91307133,      -14.09884063
          0,           0,        5496,      -14.02504018,       -13.9088745,       -14.1547689
          0,           0,        5497,      -14.01724761,      -13.88358049,      -14.14285488
          0,           0,        5498,      -14.09243081,      -13.96506765,      -14.17020449
          0,           0,        5499,       -14.1723138,      -14.03778798,      -14.23754375
          0,           0,        5500,      -14.15603867,      -14.02666482,      -14.20557571
          0,           0,        5501,      -14.00512582,      -13.87737812,      -14.10467328
          0,           0,        5502,      -14.01046159,      -13.90663666,      -14.13106856
          0,           0,        5503,      -14.00579795,      -13.87509709,      -14.07926768
          0,           0,        5504,      -14.08768686,      -13.97232422,      -14.23091572
          0,           0,        5505,      -14.03563628,      -13.90903262,      -14.11493652
          0,           0,        5506,      -14.02981468,      -13.89244783,      -14.08725217
          0,           0,        5507,      -14.06179345,      -13.92368157,      -14.12963579
          0,           0,        5508,      -13.97178628,      -13.84217493,      -14.14270674
          0,           0,        5509,      -14.04497989,      -13.92528912,      -14.13699711
          0,           0,        5510,      -14.06562921,      -13.92727147,      -14.15672095
          0,           0,        5511,       -14.1089577,      -13.97615745,      -14.23399061
          0,           0,        5512,      -14.04254986,      -13.91529049,      -14.14223557
          0,           0,        5513,      -14.02996597,       -13.9190483,      -14.20512706
          0,           0,        5514,      -14.05879856,      -13.93924274,      -14.17187394
          0,           0,        5515,      -14.09578548,      -13.96628405,      -14.22302288
          0,           0,        5516,      -14.02936652,       -13.9111216,      -14.21198424
          0,           0,        5517,      -14.07065838,      -13.94148036,      -14.16205624
          0,           0,        5518,      -14.04614925,      -13.90477348,      -14.12592867
          0,           0,        5519,      -14.05436283,      -13.92179196,      -14.10396262
          0,           0,        5520,      -14.03976409,      -13.89719358,      -14.16640715
          0,           0,        5521,      -14.00349031,      -13.87162985,      -14.10022373
          0,           0,        5522,      -14.04270849,      -13.91913243,      -14.17994385
          0,           0,        5523,      -14.03265745,      -13.90703453,      -14.16319076
          0,           0,        5524,      -14.05564863,      -13.93897556,      -14.17793101
          0,           0,        5525,      -14.08943003,      -13.95244448,      -14.15840665
          0,           0,        5526,      -14.10806531,      -13.99085534,      -14.18125621
          0,           0,        5527,       -14.0255536,      -13.90319528,      -14.11715988
          0,           0,        5528,       -14.0814232,      -13.95488253,      -14.13745552
          0,           0,        5529,       -14.0765101,      -13.95706745,      -14.14690546
          0,           0,        5530,      -14.08724974,      -13.96223881,      -14.17723424
          0,           0,        5531,       -14.0974879,      -13.96393534,      -14.15571608
          0,           0,        5532,      -14.10694392,      -13.96226521,      -14.18330628
          0,           0,        5533,      -13.98435756,      -13.84457537,      -14.12252208
          0,           0,        5534,       -13.9842984,      -13.86248995,      -14.07836361
          0,           0,        5535,       -14.0197291,      -13.89968219,      -14.12981473
          0,           0,        5536,      -14.10009548,      -13.94769238,      -14.26789826
          0,           0,        5537,      -14.06331937,      -13.92140394,      -14.16170224
          0,           0,        5538,      -14.06955719,      -13.93345842,      -14.11552783
          0,           0,        5539,      -14.02322592,      -13.90116715,      -14.16949447
          0,           0,        5540,      -14.07725831,      -13.97320505,      -14.14035378
          0,           0,        5541,      -13.98044718,      -13.85268346,      -14.10327206
          0,           0,        5542,      -14.06419599,      -13.93233029,      -14.17173831
          0,           0,        5543,      -14.10649647,      -13.98802094,       -14.1918532
          0,           0,        5544,      -14.00450975,      -13.87444192,      -14.13156923
          0,           0,        5545,      -14.13048464,      -14.00299441,      -14.17994231
          0,           0,        5546,      -14.06872406,      -13.95948778,      -14.25111066
          0,           0,        5547,       -14.0969118,      -13.95961424,      -14.18329973
          0,           0,        5548,      -14.08768784,      -13.96375308,      -14.21275496
          0,           0,        5549,      -14.07801041,      -13.93962077,      -14.12604659
          0,           0,        5550,      -14.05606598,      -13.92622061,      -14.20222827
          0,           0,        5551,       -14.0437898,      -13.93939283,      -14.20868395
          0,           0,        5552,      -14.03494373,      -13.90143654,      -14.07217605
          0,           0,        5553,      -13.97744113,      -13.85026819,      -14.07797943
          0,           0,        5554,      -14.02098032,      -13.90292049,      -14.18680235
          0,           0,        5555,       -14.1111199,      -13.97828153,      -14.17614379
          0,           0,        5556,      -13.95881068,      -13.85325612,      -14.10383202
          0,           0,        5557,      -13.99322661,       -13.8784455,       -14.1150113
          0,           0,        5558,      -14.01486257,      -13.88922092,      -14.10263672
          0,           0,        5559,      -14.10721099,      -13.96130405,      -14.20315256
          0,           0,        5560,      -13.99161511,      -13.87444894,      -14.12960677
          0,           0,        5561,      -14.05419819,      -13.93983343,      -14.13973277
          0,           0,        5562,      -14.13242747,      -14.02179466,      -14.19784464
          0,           0,        5563,      -14.02487925,       -13.9067666,      -14.10012958
          0,           0,        5564,      -13.96445367,      -13.83778292,      -14.09618905
          0,           0,        5565,      -14.02637423,      -13.91833988,      -14.16456096
          0,           0,        5566,      -14.07633626,      -13.95333711,      -14.16688849
          0,           0,        5567,      -14.06464882,      -13.93380018,      -14.17936612
          0,           0,        5568,      -14.13501978,      -13.97952353,      -14.21817974
          0,           0,        5569,      -14.03645445,      -13.89074323,      -14.14032788
          0,           0,        5570,      -14.03010541,      -13.91372937,      -14.14173344
          0,           0,        5571,      -14.04706582,      -13.93013696,      -14.15827953
          0,           0,        5572,      -14.01121909,       -13.9008507,      -14.19502931
          0,           0,        5573,      -14.04907456,      -13.92014553,      -14.16238426
          0,           0,        5574,      -14.10556222,      -13.97348267,      -14.19185813
          0,           0,        5575,      -14.11026172,      -13.97837299,      -14.20189767
          0,           0,        5576,      -14.01237754,      -13.88659949,      -14.11553154
          0,           0,        5577,      -14.01987272,      -13.90744619,      -14.09241382
          0,           0,        5578,      -14.06988533,      -13.94103364,      -14.13021201
          0,           0,        5579,      -14.07134413,      -13.93306553,      -14.17490601
          0,           0,        5580,      -14.12887715,      -13.97872684,      -14.18581498
          0,           0,        5581,      -14.07848185,      -13.95229974,      -14.22279176
          0,           0,        5582,      -14.13796302,      -14.01843885,      -14.21157343
          0,           0,        5583,      -14.08270059,      -13.96032567,      -14.14517872
          0,           0,        5584,      -13.97276303,      -13.84749491,      -14.11463361
          0,           0,        5585,      -14.04543954,       -13.9340541,       -14.2253754
          0,           0,        5586,      -14.18779189,      -14.06763866,      -14.29028207
          0,           0,        5587,      -14.12790924,      -14.00776888,      -14.23737857
          0,           0,        5588,      -14.09154829,      -13.96933312,      -14.18017417
          0,           0,        5589,      -14.03890026,      -13.90810328,      -14.14823133
          0,           0,        5590,      -14.07624796,      -13.95536736,      -14.16457412
          0,           0,        5591,       -14.0001127,      -13.87144124,      -14.17181347
          0,           0,        5592,      -14.08681233,      -13.98010334,      -14.19011838
          0,           0,        5593,      -13.94363834,      -13.82968754,      -14.09378215
          0,           0,        5594,      -14.01599636,      -13.90415242,       -14.1309338
          0,           0,        5595,      -14.08797162,      -13.94884549,      -14.17035259
          0,           0,        5596,      -14.06062674,      -13.93379567,      -14.18691678
          0,           0,        5597,       -14.0777893,      -13.96471419,      -14.20967076
          0,           0,        5598,      -14.05090958,      -13.92580365,       -14.1692892
          0,           0,        5599,      -14.03367907,       -13.9143714,      -14.16603805
          0,           0,        5600,      -14.00938878,      -13.87938181,      -14.08573516
          0,           0,        5601,      -14.00768286,      -13.87567943,      -14.08066457
          0,           0,        5602,      -13.96163098,      -13.81798609,       -14.0553372
          0,           0,        5603,       -13.9592144,      -13.83461121,      -14.12766547
          0,           0,        5604,      -14.01883725,      -13.90849632,      -14.15608224
          0,           0,        5605,      -14.02984245,      -13.91550083,      -14.17030327
          0,           0,        5606,      -14.08678494,      -13.95366163,      -14.15938684
          0,           0,        5607,      -14.07068095,      -13.95203891,      -14.15864383
          0,           0,        5608,      -14.01850208,      -13.86419215,      -14.12663952
          0,           0,        5609,      -14.08095056,      -13.95648487,      -14.14198622
          0,           0,        5610,      -14.05147172,       -13.9272212,      -14.15858589
          0,           0,        5611,      -14.06151516,      -13.94895571,      -14.12123669
          0,           0,        5612,      -14.06147763,      -13.95083906,      -14.16770922
          0,           0,        5613,      -14.01790737,       -13.8847371,       -14.1822788
          0,           0,        5614,      -14.10101015,       -13.9882815,      -14.18795184
          0,           0,        5615,      -14.14183465,      -14.02777651,      -14.17320954
          0,           0,        5616,      -13.99642123,      -13.86517346,      -14.10776334
          0,           0,        5617,      -14.00316369,      -13.87406321,      -14.14836216
          0,           0,        5618,      -14.01144905,       -13.8962527,      -14.10672407
          0,           0,        5619,      -14.09385599,      -13.95610753,      -14.16038563
          0,           0,        5620,      -13.97871248,      -13.83996544,      -14.07530879
          0,           0,        5621,      -14.06653432,      -13.92503896,      -14.14969577
          0,           0,        5622,      -14.03148161,      -13.91077032,      -14.09407123
          0,           0,        5623,      -14.10745428,      -13.99233544,      -14.23525491
          0,           0,        5624,      -13.99812551,      -13.87223373,      -14.05812163
          0,           0,        5625,      -14.07180488,       -13.9590736,      -14.20057983
          0,           0,        5626,       -13.9398557,      -13.81696837,      -14.09828895
          0,           0,        5627,      -14.10225408,      -13.98505775,      -14.20724896
          0,           0,        5628,      -14.01773477,      -13.88868871,       -14.1821945
          0,           0,        5629,      -14.06778317,      -13.95499841,      -14.10700487
          0,           0,        5630,      -14.01869721,      -13.90678949,      -14.13071279
          0,           0,        5631,      -14.02077041,      -13.88758176,      -14.09600496
          0,           0,        5632,      -14.04399212,      -13.90423232,       -14.1685394
          0,           0,        5633,       -14.0675012,      -13.93363801,      -14.20752273
          0,           0,        5634,       -14.1230157,      -14.02993747,      -14.21244125
          0,           0,        5635,      -14.10700957,      -13.99977367,       -14.2568849
          0,           0,        5636,      -14.05186908,      -13.92325699,      -14.18143561
          0,           0,        5637,      -14.03496282,      -13.91396708,      -14.16720439
          0,           0,        5638,      -13.99820304,      -13.87440707,      -14.08729141
          0,           0,        5639,      -13.98942611,      -13.86331139,      -14.16207198
          0,           0,        5640,      -14.03612339,       -13.9200926,       -14.1738847
          0,           0,        5641,      -14.03008612,      -13.90208998,      -14.09753984
          0,           0,        5642,      -13.99741391,      -13.86952328,      -14.13230432
          0,           0,        5643,      -13.98302484,      -13.86112832,      -14.16342364
          0,           0,        5644,      -14.12219444,      -14.01626814,      -14.22493537
          0,           0,        5645,      -14.04447792,      -13.92772028,      -14.12313263
          0,           0,        5646,      -14.03480511,      -13.88830535,      -14.12145441
          0,           0,        5647,      -14.03005685,      -13.89023913,      -14.14306492
          0,           0,        5648,      -14.09494204,      -13.96787674,      -14.18854843
          0,           0,        5649,       -13.9612488,      -13.83342246,      -14.14801182
          0,           0,        5650,      -14.06037394,      -13.94990774,      -14.16038155
          0,           0,        5651,      -14.05457171,      -13.92511931,      -14.13708071
          0,           0,        5652,      -14.08733972,      -13.97882459,      -14.17409665
          0,           0,        5653,       -14.0537886,      -13.92253242,      -14.14101065
          0,           0,        5654,      -14.07836757,      -13.94533584,      -14.14515504
          0,           0,        5655,      -13.99330389,      -13.87368399,      -14.10674351
          0,           0,        5656,      -14.00264424,      -13.89814705,      -14.07107154
          0,           0,        5657,       -14.0752687,      -13.95881766,      -14.18363988
          0,           0,        5658,      -14.02194982,      -13.89335841,      -14.14829043
          0,           0,        5659,      -14.00062451,      -13.86729049,      -14.12525618
          0,           0,        5660,      -14.06852115,       -13.9251005,      -14.14759952
          0,           0,        5661,      -14.00409565,      -13.86274436,      -14.11687841
          0,           0,        5662,      -14.08656452,      -13.94703965,      -14.16540298
          0,           0,        5663,      -14.01110393,      -13.90841127,      -14.09459473
          0,           0,        5664,      -13.99982422,      -13.91085643,       -14.1831382
          0,           0,        5665,      -14.00473385,      -13.88354835,      -14.12855191
          0,           0,        5666,      -14.07247367,      -13.95228998,      -14.18689841
          0,           0,        5667,      -14.13584107,      -14.03243373,      -14.20164801
          0,           0,        5668,      -13.98186452,      -13.84704731,      -14.07360467
          0,           0,        5669,      -14.02191389,      -13.90192263,      -14.14528003
          0,           0,        5670,      -13.97680526,      -13.86033624,      -14.21866616
          0,           0,        5671,      -14.02234073,      -13.89407996,      -14.11990364
          0,           0,        5672,      -14.03883007,      -13.90472967,      -14.17941539
          0,           0,        5673,      -14.09266283,      -13.96742012,       -14.1826892
          0,           0,        5674,      -14.07327482,       -13.9424284,      -14.13665931
          0,           0,        5675,      -14.04702894,       -13.9235836,       -14.1591006
          0,           0,        5676,      -14.06233225,      -13.94341731,      -14.15168168
          0,           0,        5677,      -14.11551708,       -13.9845131,      -14.25135086
          0,           0,        5678,      -14.03799245,      -13.92203286,      -14.13930811
          0,           0,        5679,      -13.98848087,      -13.87741587,      -14.10149068
          0,           0,        5680,      -14.03005352,      -13.91809866,      -14.13678591
          0,           0,        5681,      -14.02698844,      -13.87787966,      -14.09809784
          0,           0,        5682,      -13.99735108,      -13.86328513,      -14.12238216
          0,           0,        5683,       -14.0504754,      -13.93356909,      -14.11095956
          0,           0,        5684,      -14.01305737,      -13.89657034,      -14.13399792
          0,           0,        5685,      -13.98648618,       -13.8659888,      -14.13458667
          0,           0,        5686,      -14.15478239,      -14.02545097,      -14.20868416
          0,           0,        5687,      -14.06094068,      -13.93814289,      -14.14532269
          0,           0,        5688,      -14.07888341,      -13.95478444,       -14.1550511
          0,           0,        5689,       -14.0753811,      -13.95349716,      -14.13675625
          0,           0,        5690,      -14.06530055,       -13.9588421,      -14.22152167
          0,           0,        5691,      -14.09936926,      -13.98014149,      -14.16061991
          0,           0,        5692,      -14.05871426,      -13.94763758,      -14.13769177
          0,           0,        5693,      -14.00882975,      -13.87867622,       -14.1519932
          0,           0,        5694,      -14.11890378,      -13.99445409,      -14.19529106
          0,           0,        5695,      -14.05899209,      -13.93599271,      -14.13702231
          0,           0,        5696,      -14.01409582,      -13.87368774,      -14.08044399
          0,           0,        5697,      -14.00689293,      -13.88111744,      -14.16934031
          0,           0,        5698,      -14.08672982,      -13.93378638,      -14.16836875
          0,           0,        5699,      -14.02551984,      -13.88587145,      -14.14283959
          0,           0,        5700,       -14.0404092,      -13.90651293,      -14.18394824
          0,           0,        5701,       -13.9987467,      -13.87507808,      -14.13299652
          0,           0,        5702,      -14.08604119,      -13.97048702,      -14.17484551
          0,           0,        5703,        -14.039113,      -13.91131206,      -14.18651046
          0,           0,        5704,      -14.06859724,      -13.93932737,       -14.1766714
          0,           0,        5705,      -14.11070602,      -13.98920517,      -14.23736175
          0,           0,        5706,      -14.01811902,       -13.9035397,      -14.17308328
          0,           0,        5707,      -14.04672368,      -13.92999241,      -14.14852781
          0,           0,        5708,      -14.07955428,      -13.94270998,      -14.16923534
          0,           0,        5709,      -14.04261199,      -13.92323262,      -14.13510182
          0,           0,        5710,      -13.97544007,      -13.84955278,      -14.07207015
          0,           0,        5711,      -14.01891279,      -13.88535425,      -14.13661638
          0,           0,        5712,      -14.06030881,      -13.94453324,      -14.23837046
          0,           0,        5713,      -14.10650544,      -13.98588244,      -14.19800934
          0,           0,        5714,      -14.02381298,      -13.90095212,      -14.16354757
          0,           0,        5715,      -14.01490899,      -13.89014785,      -14.10286217
          0,           0,        5716,      -14.06866591,      -13.91552631,      -14.15578161
          0,           0,        5717,      -13.98946564,      -13.84542615,      -14.08054029
          0,           0,        5718,      -14.02391551,      -13.90010008,      -14.14015786
          0,           0,        5719,      -14.06568285,       -13.9407172,      -14.20402127
          0,           0,        5720,      -14.11198275,      -13.99543572,      -14.16203116
          0,           0,        5721,      -14.06101825,      -13.92823343,      -14.14182564
          0,           0,        5722,      -13.95489701,      -13.84052194,      -14.09608561
          0,           0,        5723,      -14.05693178,      -13.92447552,      -14.17240244
          0,           0,        5724,      -14.04325963,      -13.90808472,       -14.1185223
          0,           0,        5725,      -13.97341777,      -13.85488815,      -14.15106504
          0,           0,        5726,      -14.03928183,      -13.90885754,      -14.11812669
          0,           0,        5727,       -14.0392182,      -13.91271526,      -14.15162766
          0,           0,        5728,      -14.06734872,      -13.95534089,      -14.16934781
          0,           0,        5729,      -14.05194965,      -13.91197486,      -14.15513546
          0,           0,        5730,      -14.06978017,      -13.93666404,       -14.1166375
          0,           0,        5731,      -14.00641025,      -13.88701102,      -14.09652809
          0,           0,        5732,      -13.94635946,      -13.82804124,      -14.19931227
          0,           0,        5733,      -14.03599149,      -13.91334271,      -14.16324987
          0,           0,        5734,      -14.03310234,       -13.8994303,      -14.14188013
          0,           0,        5735,      -14.02597838,      -13.88096532,      -14.14666202
          0,           0,        5736,      -14.04653685,      -13.92698917,      -14.11767776
          0,           0,        5737,      -13.94455523,      -13.82518507,      -14.08317583
          0,           0,        5738,      -14.06228075,      -13.95017944,      -14.18049445
          0,           0,        5739,      -14.04648311,      -13.91601295,      -14.12429865
          0,           0,        5740,      -14.05924626,      -13.93531978,      -14.11229657
          0,           0,        5741,      -14.04756364,      -13.91433145,      -14.14612834
          0,           0,        5742,      -14.10000998,      -13.96039731,      -14.22569662
          0,           0,        5743,      -14.09573736,      -13.98361727,      -14.20424058
          0,           0,        5744,      -14.03770607,      -13.93239577,      -14.14392403
          0,           0,        5745,      -13.98288262,      -13.86828877,      -14.15199158
          0,           0,        5746,      -13.97974362,      -13.85276358,      -14.14596698
          0,           0,        5747,      -14.09053873,      -13.94164886,      -14.15306314
          0,           0,        5748,      -14.04433338,       -13.8984194,      -14.17352881
          0,           0,        5749,      -14.08332346,       -13.9721152,      -14.22918534
          0,           0,        5750,      -14.07713713,      -13.95109842,      -14.19430663
          0,           0,        5751,       -14.0932052,      -13.93744134,      -14.13250568
          0,           0,        5752,      -14.03680424,      -13.91483264,      -14.09481044
          0,           0,        5753,      -14.02938822,       -13.9067453,      -14.11734568
          0,           0,        5754,      -13.98932501,      -13.87547424,      -14.11846075
          0,           0,        5755,      -14.07078243,      -13.94057232,      -14.18395383
          0,           0,        5756,      -14.07244003,      -13.95941765,      -14.16641044
          0,           0,        5757,      -13.93215708,       -13.8169653,       -14.1501984
          0,           0,        5758,      -14.03785308,      -13.89180547,      -14.11147741
          0,           0,        5759,      -14.01519908,      -13.88649919,      -14.12997094
          0,           0,        5760,      -14.02412251,      -13.90762221,      -14.10749034
          0,           0,        5761,      -14.03230129,      -13.90569445,      -14.14045822
          0,           0,        5762,      -14.04486847,      -13.91167324,      -14.10144483
          0,           0,        5763,      -14.01757203,      -13.87881277,      -14.16044912
          0,           0,        5764,      -14.06070877,       -13.9286906,      -14.18294696
          0,           0,        5765,      -14.09736402,      -13.97811135,      -14.18691354
          0,           0,        5766,      -14.05894969,       -13.9360754,       -14.1341519
          0,           0,        5767,        -14.019614,      -13.89665036,      -14.12043207
          0,           0,        5768,      -14.06907807,      -13.93764095,        -14.137617
          0,           0,        5769,      -14.05769271,      -13.94257234,      -14.14520788
          0,           0,        5770,      -14.05397374,      -13.93299376,      -14.17309471
          0,           0,        5771,      -14.03818057,      -13.91955023,      -14.13793226
          0,           0,        5772,      -13.99249336,      -13.86709929,      -14.15567951
          0,           0,        5773,      -14.07437056,      -13.93726448,      -14.14303031
          0,           0,        5774,      -14.01203347,       -13.8812883,      -14.12895848
          0,           0,        5775,      -13.97548023,      -13.84111325,      -14.07317536
          0,           0,        5776,      -14.07516103,      -13.94585451,      -14.19164822
          0,           0,        5777,        -14.037301,      -13.90191673,      -14.15852291
          0,           0,        5778,      -14.12924906,       -14.0117133,      -14.18999473
          0,           0,        5779,      -13.99741146,      -13.89231865,      -14.13836364
          0,           0,        5780,      -14.04166846,      -13.92545839,      -14.19767228
          0,           0,        5781,      -14.12451722,      -14.00804557,      -14.24633971
          0,           0,        5782,       -14.0265208,      -13.90506874,      -14.17423991
          0,           0,        5783,      -14.00843831,      -13.89039192,      -14.10174669
          0,           0,        5784,      -14.12205817,      -13.98285766,      -14.16846384
          0,           0,        5785,      -14.05888487,      -13.93071304,      -14.18089424
          0,           0,        5786,      -14.03418003,      -13.91564198,      -14.12564955
          0,           0,        5787,      -14.06524489,      -13.95055379,      -14.17754248
          0,           0,        5788,      -14.02855799,      -13.88860122,      -14.09933024
          0,           0,        5789,       -13.9675011,      -13.83784886,      -14.12506462
          0,           0,        5790,      -14.05539441,      -13.90714345,      -14.17761053
          0,           0,        5791,      -13.97613224,      -13.84188658,      -14.10910611
          0,           0,        5792,      -14.06520479,      -13.94370505,      -14.17684166
          0,           0,        5793,      -14.10570733,       -13.9895409,      -14.18575447
          0,           0,        5794,      -14.12002824,      -14.00727791,      -14.23524191
          0,           0,        5795,      -14.13653199,      -14.03469141,      -14.18880628
          0,           0,        5796,       -14.0024213,      -13.89317901,      -14.14163142
          0,           0,        5797,      -14.00574504,      -13.88338197,      -14.14800391
          0,           0,        5798,      -14.09107677,        -13.985695,      -14.16705061
          0,           0,        5799,      -14.05132116,      -13.91802163,      -14.10967217
          0,           0,        5800,      -13.98752206,      -13.85532258,       -14.0679963
          0,           0,        5801,      -14.02959415,      -13.91934873,      -14.13977531
          0,           0,        5802,       -13.9946097,      -13.88328962,      -14.07578651
          0,           0,        5803,      -14.06384693,      -13.94026018,      -14.14494844
          0,           0,        5804,      -13.98689944,      -13.87393507,      -14.10867671
          0,           0,        5805,      -14.07634162,      -13.96829952,      -14.22862643
          0,           0,        5806,      -14.11299547,      -13.98651601,       -14.2265609
          0,           0,        5807,      -14.04879425,      -13.93062493,      -14.14659197
          0,           0,        5808,      -14.09589423,       -13.9653709,      -14.16451643
          0,           0,        5809,      -14.06679342,      -13.92676573,      -14.15859067
          0,           0,        5810,      -14.09456011,      -13.95848968,      -14.16958939
          0,           0,        5811,      -13.93646723,      -13.81677739,      -14.10361426
          0,           0,        5812,      -14.00273832,      -13.89603738,      -14.08007595
          0,           0,        5813,       -14.0536082,      -13.94337566,      -14.17357932
          0,           0,        5814,      -14.02168958,      -13.90715323,      -14.16663536
          0,           0,        5815,      -14.08137595,      -13.94059667,      -14.10958054
          0,           0,        5816,      -14.06959975,       -13.9276169,      -14.16865481
          0,           0,        5817,      -14.05989017,      -13.93469884,       -14.1430213
          0,           0,        5818,      -14.00525051,      -13.89633268,       -14.1015729
          0,           0,        5819,      -14.03634554,       -13.9145364,      -14.15730214
          0,           0,        5820,       -14.0821404,      -13.97032048,      -14.17537365
          0,           0,        5821,      -14.07427724,      -13.96338476,      -14.21304652
          0,           0,        5822,      -14.06066934,       -13.9319512,      -14.11669067
          0,           0,        5823,      -14.07381757,      -13.95357427,      -14.22388181
          0,           0,        5824,      -14.10034207,      -13.97455252,      -14.18385247
          0,           0,        5825,      -14.01809986,      -13.89899814,      -14.14761566
          0,           0,        5826,      -14.10695071,      -13.98022971,      -14.18553178
          0,           0,        5827,      -13.97692526,      -13.85839506,      -14.12604004
          0,           0,        5828,        -14.066614,      -13.96998852,      -14.15368276
          0,           0,        5829,      -13.98485568,      -13.85858901,      -14.11834823
          0,           0,        5830,      -14.04723877,      -13.92202445,      -14.14421176
          0,           0,        5831,      -14.05182865,      -13.92486824,      -14.19508428
          0,           0,        5832,       -14.0931077,      -13.98880732,      -14.16415704
          0,           0,        5833,      -14.03649425,      -13.91060365,      -14.15801019
          0,           0,        5834,      -14.14099601,        -13.978659,      -14.22179366
          0,           0,        5835,      -14.10087837,      -13.94936091,      -14.17442855
          0,           0,        5836,      -14.01879553,      -13.91593443,      -14.10687024
          0,           0,        5837,      -14.03438135,      -13.91899932,      -14.13851982
          0,           0,        5838,      -13.95998416,      -13.81713996,      -14.08219543
          0,           0,        5839,      -14.04345918,      -13.90412893,      -14.15276304
          0,           0,        5840,       -14.0232973,      -13.91420154,      -14.13945253
          0,           0,        5841,       -14.1616107,      -14.03767115,       -14.2202124
          0,           0,        5842,      -14.06568534,      -13.93137258,      -14.09006744
          0,           0,        5843,      -13.97568194,      -13.85250507,      -14.13564931
          0,           0,        5844,      -14.01285531,      -13.89428081,      -14.11795993
          0,           0,        5845,      -14.06021779,      -13.94850027,      -14.17470343
          0,           0,        5846,       -14.0278938,       -13.9098105,      -14.12238873
          0,           0,        5847,      -14.03704525,      -13.91543504,      -14.14942863
          0,           0,        5848,      -14.07601699,      -13.93781167,      -14.12239166
          0,           0,        5849,       -14.0788862,      -13.96416012,      -14.21526443
          0,           0,        5850,      -14.06786687,      -13.93243216,      -14.15332956
          0,           0,        5851,      -13.96940962,      -13.84663174,      -14.10226701
          0,           0,        5852,      -14.03910608,      -13.92379957,      -14.12983244
          0,           0,        5853,      -14.02045907,      -13.88607025,      -14.09236754
          0,           0,        5854,      -13.96157673,      -13.82842507,       -14.1218033
          0,           0,        5855,      -14.03972746,      -13.92451315,      -14.24862415
          0,           0,        5856,      -13.99584061,      -13.86144807,      -14.12945808
          0,           0,        5857,       -14.0381388,      -13.89252425,      -14.12303791
          0,           0,        5858,      -14.06543737,      -13.93368335,      -14.18787436
          0,           0,        5859,      -14.02979593,      -13.89611663,      -14.15369801
          0,           0,        5860,      -14.07472022,      -13.96378327,      -14.16103471
          0,           0,        5861,      -14.00447033,      -13.88926293,      -14.12857397
          0,           0,        5862,       -14.0439105,      -13.92062594,      -14.16574539
          0,           0,        5863,       -14.0452839,      -13.92038428,      -14.16316715
          0,           0,        5864,      -14.03353835,      -13.91976728,      -14.11014139
          0,           0,        5865,      -14.05482054,      -13.95195892,      -14.16599663
          0,           0,        5866,      -14.08024777,      -13.94713653,      -14.18174168
          0,           0,        5867,      -14.04839955,       -13.9079562,      -14.19606271
          0,           0,        5868,      -14.10319311,      -13.97130057,       -14.2531842
          0,           0,        5869,      -14.08765818,      -13.96340137,      -14.15680547
          0,           0,        5870,       -14.0725885,      -13.95779497,      -14.18344852
          0,           0,        5871,      -14.01354237,      -13.90785816,      -14.10719909
          0,           0,        5872,      -14.01585102,      -13.90935285,      -14.09464188
          0,           0,        5873,      -14.03045218,      -13.90402572,      -14.15767067
          0,           0,        5874,      -14.07636321,      -13.95087839,       -14.1759546
          0,           0,        5875,       -14.0064973,      -13.87436179,      -14.13013761
          0,           0,        5876,      -14.04250919,      -13.92155907,      -14.17039798
          0,           0,        5877,      -14.07347417,      -13.94585696,      -14.17010946
          0,           0,        5878,       -14.0206695,      -13.88956915,      -14.14553469
          0,           0,        5879,      -14.11497794,      -13.99991565,      -14.20938716
          0,           0,        5880,      -14.04385569,      -13.93471684,      -14.14321636
          0,           0,        5881,      -14.10847605,      -13.98285324,      -14.15532344
          0,           0,        5882,      -14.05511657,      -13.94146932,      -14.15293252
          0,           0,        5883,      -14.06765204,      -13.94503202,      -14.14033869
          0,           0,        5884,       -14.0252592,       -13.9092772,      -14.14682709
          0,           0,        5885,      -14.03277445,      -13.88935701,      -14.12847461
          0,           0,        5886,      -14.09227155,      -13.97389631,      -14.15657507
          0,           0,        5887,      -13.94301206,      -13.82952499,       -14.1051105
          0,           0,        5888,      -14.00697352,      -13.88382636,      -14.13666641
          0,           0,        5889,      -14.02581958,      -13.88779954,      -14.08192836
          0,           0,        5890,      -13.95982393,      -13.83444855,      -14.06865996
          0,           0,        5891,      -14.05547868,        -13.937852,      -14.15892791
          0,           0,        5892,      -14.04146895,      -13.93503868,      -14.14496566
          0,           0,        5893,      -14.14238767,      -13.98767825,      -14.20625537
          0,           0,        5894,      -14.08403847,      -13.97270833,      -14.17423135
          0,           0,        5895,       -14.0010405,      -13.86921077,      -14.10755919
          0,           0,        5896,      -14.10260843,      -13.97251081,      -14.13900128
          0,           0,        5897,      -14.02472853,      -13.88308865,      -14.09836937
          0,           0,        5898,      -13.96985365,      -13.83444619,      -14.09092638
          0,           0,        5899,       -14.0127299,      -13.88428186,      -14.13879815
          0,           0,        5900,      -13.97552019,      -13.86336715,      -14.17690001
          0,           0,        5901,      -14.04583371,      -13.94381797,      -14.17900237
          0,           0,        5902,      -13.99882005,      -13.88134743,      -14.11930024
          0,           0,        5903,      -14.04907032,      -13.92911204,      -14.13550787
          0,           0,        5904,      -14.00082769,      -13.86587087,      -14.10518557
          0,           0,        5905,      -14.00500888,      -13.87508413,      -14.12265062
          0,           0,        5906,      -14.08262087,      -13.96027617,      -14.18312347
          0,           0,        5907,      -13.98149884,      -13.84885893,      -14.03702378
          0,           0,        5908,      -14.05160127,      -13.92081042,      -14.14366203
          0,           0,        5909,      -14.07390842,      -13.94900889,      -14.17775295
          0,           0,        5910,      -14.13732821,       -14.0077538,      -14.21298959
          0,           0,        5911,      -13.99678429,      -13.87772042,      -14.11604815
          0,           0,        5912,      -14.04846522,      -13.91131338,       -14.1850832
          0,           0,        5913,      -13.99213612,      -13.85526664,      -14.12095114
          0,           0,        5914,       -14.0243014,      -13.91032481,      -14.13938472
          0,           0,        5915,      -14.00374047,       -13.8720217,      -14.14719453
          0,           0,        5916,      -14.06986095,      -13.93836274,      -14.18430084
          0,           0,        5917,      -14.06337347,       -13.9324625,       -14.1028925
          0,           0,        5918,      -14.08476808,      -13.97976313,      -14.16392599
          0,           0,        5919,      -14.16204379,      -14.03182853,      -14.22791596
          0,           0,        5920,      -14.08868842,      -13.95716874,      -14.15950358
          0,           0,        5921,      -14.04000799,      -13.88714896,      -14.09155896
          0,           0,        5922,      -13.98180808,       -13.8703295,      -14.08370647
          0,           0,        5923,      -14.05853639,      -13.91742436,       -14.1370547
          0,           0,        5924,      -14.05140368,      -13.89378637,      -14.17953918
          0,           0,        5925,      -14.07258129,      -13.95032526,      -14.19643245
          0,           0,        5926,      -14.02055336,      -13.90037432,      -14.15656973
          0,           0,        5927,      -14.11967696,        -13.993835,        -14.257222
          0,           0,        5928,      -14.04502901,      -13.90953739,      -14.12590534
          0,           0,        5929,      -14.04294341,      -13.92090031,      -14.21257858
          0,           0,        5930,      -14.04657581,      -13.90788607,      -14.18047918
          0,           0,        5931,      -14.09786777,      -13.96229098,      -14.18630716
          0,           0,        5932,      -14.08666167,      -13.95826404,      -14.15573662
          0,           0,        5933,       -14.0140635,      -13.87505114,      -14.10817324
          0,           0,        5934,      -13.92838621,      -13.79429017,      -14.12729474
          0,           0,        5935,      -14.09912145,      -13.97908278,      -14.15596121
          0,           0,        5936,      -14.09087637,      -13.95588288,      -14.16974638
          0,           0,        5937,      -14.05439516,      -13.91543367,      -14.15624755
          0,           0,        5938,      -14.06426338,      -13.93254232,      -14.12985842
          0,           0,        5939,      -14.06426664,      -13.93387567,      -14.13532278
          0,           0,        5940,      -14.06300744,      -13.95342524,      -14.20463517
          0,           0,        5941,      -14.02664698,      -13.91375841,      -14.20134878
          0,           0,        5942,      -14.01719932,      -13.87773418,      -14.12562417
          0,           0,        5943,      -14.02528302,      -13.90023321,      -14.15767879
          0,           0,        5944,      -14.10426671,      -13.98701337,      -14.16385254
          0,           0,        5945,      -14.06631316,      -13.94179345,      -14.10733436
          0,           0,        5946,      -14.03765834,      -13.90569828,      -14.11117416
          0,           0,        5947,      -14.06657349,      -13.95991159,      -14.18021543
          0,           0,        5948,       -14.1059006,      -13.98694869,      -14.21468364
          0,           0,        5949,       -14.0753311,       -13.9505043,      -14.16933891
          0,           0,        5950,      -14.03686426,      -13.90412467,      -14.14390624
          0,           0,        5951,       -13.9774109,      -13.86023124,      -14.06365324
          0,           0,        5952,      -14.11236479,       -13.9923981,      -14.19989367
          0,           0,        5953,      -14.03473903,      -13.91650579,      -14.17090126
          0,           0,        5954,      -14.07630907,      -13.92182389,       -14.1431856
          0,           0,        5955,       -14.0402305,      -13.90993467,      -14.15887019
          0,           0,        5956,      -13.98517043,      -13.85917865,      -14.12903627
          0,           0,        5957,       -14.0747508,      -13.95158294,      -14.18221326
          0,           0,        5958,      -14.10420763,      -13.94247684,      -14.14781304
          0,           0,        5959,      -14.03506544,      -13.91377894,      -14.12866267
          0,           0,        5960,      -14.02544729,      -13.90151918,      -14.20962683
          0,           0,        5961,      -14.05375209,      -13.92439374,       -14.1701499
          0,           0,        5962,      -14.06399578,      -13.93897001,      -14.15231027
          0,           0,        5963,      -14.05585544,       -13.9131556,      -14.11400583
          0,           0,        5964,      -14.04057602,       -13.9057166,      -14.11802061
          0,           0,        5965,      -14.08740445,      -13.97402696,       -14.1992033
          0,           0,        5966,      -14.05736837,      -13.93869782,      -14.16854817
          0,           0,        5967,      -13.98329746,      -13.85392988,      -14.10370164
          0,           0,        5968,       -14.0317813,      -13.91559915,      -14.17396745
          0,           0,        5969,      -13.97573735,      -13.86454742,      -14.11623684
          0,           0,        5970,      -14.03628257,       -13.9287561,      -14.16425902
          0,           0,        5971,      -14.02868096,      -13.90801356,      -14.13490197
          0,           0,        5972,      -14.09823058,      -13.96607861,      -14.21936465
          0,           0,        5973,      -14.01573568,      -13.89456151,       -14.1428863
          0,           0,        5974,      -14.01387534,      -13.88534843,      -14.18075507
          0,           0,        5975,      -14.08396705,      -13.97313207,      -14.17814088
          0,           0,        5976,      -14.07302321,      -13.94895521,      -14.09934772
          0,           0,        5977,       -13.9921533,      -13.86117076,      -14.10690786
          0,           0,        5978,      -13.97565551,      -13.85719482,      -14.16011323
          0,           0,        5979,      -13.97097292,      -13.83999017,      -14.10134494
          0,           0,        5980,      -14.05435388,      -13.92667494,      -14.24574831
          0,           0,        5981,      -14.06037682,      -13.93462409,       -14.1124665
          0,           0,        5982,      -14.10964649,      -13.97508939,      -14.22369326
          0,           0,        5983,      -14.08779516,      -13.94523844,       -14.1785812
          0,           0,        5984,      -14.03878198,      -13.91879726,      -14.12482503
          0,           0,        5985,      -14.05853709,      -13.94162364,      -14.16451494
          0,           0,        5986,      -14.09851568,      -13.98210531,      -14.23475208
          0,           0,        5987,      -14.03526903,      -13.92359317,      -14.09186499
          0,           0,        5988,      -14.03968001,      -13.93272928,      -14.12026988
          0,           0,        5989,      -13.96024579,      -13.83921078,      -14.10589645
          0,           0,        5990,      -14.01777061,      -13.89007851,       -14.1125223
          0,           0,        5991,      -14.00379017,      -13.88243772,      -14.09787825
          0,           0,        5992,      -14.00838761,      -13.88821106,      -14.12563762
          0,           0,        5993,      -14.10700796,      -14.00625296,      -14.20185877
          0,           0,        5994,      -13.99344105,      -13.87753325,      -14.14571387
          0,           0,        5995,      -14.01888239,        -13.896798,      -14.12433393
          0,           0,        5996,      -14.12198219,       -13.9847954,      -14.23981073
          0,           0,        5997,      -14.03226173,      -13.92902878,      -14.17156371
          0,           0,        5998,      -14.04817254,      -13.92579159,      -14.12972486
          0,           0,        5999,      -14.08680939,       -13.9550651,      -14.19180748
          0,           0,        6000,      -14.05065271,      -13.91991386,      -14.13341903
          0,           0,        6001,       -14.0194004,       -13.9098963,      -14.17911275
          0,           0,        6002,      -14.03487629,      -13.89910837,       -14.1121021
          0,           0,        6003,      -14.02167251,       -13.8760632,      -14.13664762
          0,           0,        6004,      -14.05520408,       -13.9293966,      -14.14447385
          0,           0,        6005,       -14.0851434,      -13.96680815,      -14.19559717
          0,           0,        6006,       -14.0870523,      -13.95493018,      -14.23819533
          0,           0,        6007,      -14.05571557,      -13.92501273,      -14.16987986
          0,           0,        6008,      -14.06773359,       -13.9326712,       -14.2007097
          0,           0,        6009,      -14.11893543,      -13.97682741,      -14.21371415
          0,           0,        6010,      -14.04892268,      -13.91521414,      -14.12089401
          0,           0,        6011,      -14.02248214,      -13.90835701,      -14.14074925
          0,           0,        6012,      -14.06642177,      -13.94792287,      -14.16959462
          0,           0,        6013,       -14.0090538,      -13.89244459,       -14.2251875
          0,           0,        6014,      -14.00492227,      -13.89668253,      -14.09509807
          0,           0,        6015,      -14.08375932,      -13.95290602,      -14.15879542
          0,           0,        6016,      -14.09846586,      -13.98131753,      -14.20066113
          0,           0,        6017,      -13.97409371,      -13.84452642,      -14.11636407
          0,           0,        6018,      -14.02731245,      -13.90725975,      -14.15700941
          0,           0,        6019,      -14.08045256,       -13.9690238,      -14.23152357
          0,           0,        6020,      -14.05522121,      -13.92065676,      -14.15277275
          0,           0,        6021,      -14.10321988,      -13.96478797,      -14.19000391
          0,           0,        6022,      -13.98386735,      -13.85084249,      -14.12815292
          0,           0,        6023,      -14.10385157,      -13.99063721,      -14.19572852
          0,           0,        6024,      -14.06131698,      -13.94767489,      -14.17597023
          0,           0,        6025,      -14.07343654,      -13.93806669,      -14.14998138
          0,           0,        6026,       -14.0689705,      -13.94440678,      -14.14070496
          0,           0,        6027,      -14.03717891,      -13.89963912,      -14.17675344
          0,           0,        6028,      -14.11716833,      -13.98885893,       -14.1733442
          0,           0,        6029,      -14.02081604,      -13.89056365,      -14.10961487
          0,           0,        6030,      -14.06478708,      -13.95019031,       -14.1863647
          0,           0,        6031,      -14.06820206,      -13.96965634,      -14.19183095
          0,           0,        6032,      -14.02706572,      -13.89896936,      -14.11927929
          0,           0,        6033,       -14.1465964,      -14.00273108,      -14.23000243
          0,           0,        6034,      -14.05135292,      -13.89983953,      -14.17811315
          0,           0,        6035,      -14.01059127,      -13.87830744,      -14.12715745
          0,           0,        6036,      -14.01915243,      -13.90178963,      -14.14747749
          0,           0,        6037,       -14.0664349,      -13.98214728,      -14.21647034
          0,           0,        6038,      -14.13979706,      -14.03259067,      -14.16665138
          0,           0,        6039,      -14.00560584,      -13.87508963,      -14.11866136
          0,           0,        6040,      -14.09401945,       -13.9601886,      -14.15826139
          0,           0,        6041,      -14.06746907,      -13.94252429,      -14.12092035
          0,           0,        6042,       -14.1118833,      -13.98775327,      -14.17449172
          0,           0,        6043,      -14.15300965,       -14.0250451,      -14.18825443
          0,           0,        6044,      -14.07129548,      -13.95396456,       -14.1905876
          0,           0,        6045,      -14.05775263,      -13.93376071,      -14.20779143
          0,           0,        6046,      -14.03913576,      -13.90614448,      -14.11624218
          0,           0,        6047,      -14.02297437,       -13.8896797,      -14.19712735
          0,           0,        6048,      -14.08040849,      -13.95888961,      -14.18379814
          0,           0,        6049,      -13.99154441,      -13.87434664,      -14.14828525
          0,           0,        6050,      -14.08487933,      -13.94721504,      -14.19030404
          0,           0,        6051,      -14.04655843,      -13.93240593,      -14.14441983
          0,           0,        6052,      -14.04510277,      -13.93112129,      -14.13171376
          0,           0,        6053,       -14.0181868,      -13.90856907,      -14.11222805
          0,           0,        6054,      -14.15335487,      -14.02404248,      -14.20088861
          0,           0,        6055,      -14.05828566,        -13.941042,       -14.1367908
          0,           0,        6056,       -13.9906157,      -13.87829658,       -14.1534105
          0,           0,        6057,      -14.03410464,      -13.91097188,      -14.15507555
          0,           0,        6058,       -14.0694488,      -13.93345398,      -14.13456056
          0,           0,        6059,      -14.03514074,       -13.8873211,      -14.15459535
          0,           0,        6060,      -14.06535417,      -13.93420039,      -14.20289499
          0,           0,        6061,      -14.04797533,      -13.91075481,      -14.16697515
          0,           0,        6062,      -14.07090935,      -13.94514958,      -14.15022008
          0,           0,        6063,       -13.9879856,      -13.86904292,      -14.15111503
          0,           0,        6064,      -14.08415742,      -13.97269538,      -14.22430776
          0,           0,        6065,      -14.04901975,      -13.89825691,       -14.1063768
          0,           0,        6066,      -14.04222807,      -13.90601168,      -14.14429999
          0,           0,        6067,      -14.05761138,      -13.92405345,      -14.17176305
          0,           0,        6068,      -14.03038428,      -13.90136212,      -14.19757858
          0,           0,        6069,       -13.9885731,      -13.86918093,      -14.15429235
          0,           0,        6070,       -14.0461479,      -13.92366891,      -14.13578455
          0,           0,        6071,      -14.07823179,      -13.95812355,      -14.16347843
          0,           0,        6072,       -14.1034675,      -14.00139648,       -14.2085746
          0,           0,        6073,      -14.04834495,       -13.9174703,      -14.15406506
          0,           0,        6074,      -14.08163432,      -13.92706784,      -14.17848524
          0,           0,        6075,       -14.0695317,      -13.93405429,      -14.16690752
          0,           0,        6076,       -14.1279681,      -14.01300144,      -14.19439854
          0,           0,        6077,      -14.02983892,      -13.91602583,      -14.10904502
          0,           0,        6078,      -14.00933339,      -13.89587159,      -14.15999761
          0,           0,        6079,      -14.00942431,      -13.88261668,      -14.13370896
          0,           0,        6080,        -13.981811,      -13.84096242,      -14.08905427
          0,           0,        6081,      -13.99448733,      -13.85923275,      -14.07343119
          0,           0,        6082,      -14.05945033,      -13.92487092,      -14.11506612
          0,           0,        6083,      -14.02300216,      -13.89533767,      -14.12405758
          0,           0,        6084,      -14.07908499,      -13.95367746,      -14.16984621
          0,           0,        6085,      -14.06066568,      -13.92382879,      -14.19538212
          0,           0,        6086,      -14.15655383,      -14.03621339,      -14.18581916
          0,           0,        6087,      -14.02610482,      -13.89238883,      -14.11811128
          0,           0,        6088,      -14.09164303,      -13.94334685,      -14.13335287
          0,           0,        6089,      -13.98610357,      -13.84636285,      -14.10755155
          0,           0,        6090,      -14.09790491,      -13.96843495,      -14.17298096
          0,           0,        6091,      -13.96010169,      -13.83173363,      -14.14315015
          0,           0,        6092,      -13.99017325,      -13.85588388,      -14.14712796
          0,           0,        6093,      -14.10238902,      -13.97729022,      -14.25240663
          0,           0,        6094,      -14.03816452,      -13.91121238,      -14.16978003
          0,           0,        6095,      -14.10176275,      -13.96198737,      -14.18663342
          0,           0,        6096,       -13.9837528,      -13.85762534,      -14.06572511
          0,           0,        6097,      -14.06523964,      -13.93472898,      -14.19777808
          0,           0,        6098,      -14.04164337,      -13.92737852,      -14.18567549
          0,           0,        6099,       -14.0541927,      -13.92653292,      -14.15391819
          0,           0,        6100,      -14.06922262,      -13.96477986,      -14.13025988
          0,           0,        6101,      -14.02227838,       -13.9124374,      -14.16006618
          0,           0,        6102,      -14.07467053,      -13.97152244,      -14.19972091
          0,           0,        6103,      -14.11315776,      -14.00243634,      -14.17438946
          0,           0,        6104,      -14.14183831,      -14.01043784,      -14.17259728
          0,           0,        6105,      -14.06298255,      -13.94999616,      -14.10010048
          0,           0,        6106,      -14.02044736,       -13.9008238,       -14.1323636
          0,           0,        6107,      -14.10627328,      -13.98053556,      -14.19728685
          0,           0,        6108,      -14.03936075,      -13.92571726,      -14.17374871
          0,           0,        6109,      -14.00618253,      -13.86767245,       -14.0579309
          0,           0,        6110,       -14.0235984,      -13.90205973,      -14.14943318
          0,           0,        6111,      -14.06402349,      -13.94960291,      -14.22764528
          0,           0,        6112,      -14.01676163,      -13.90751224,      -14.09883718
          0,           0,        6113,      -13.99006025,       -13.8811211,      -14.14073256
          0,           0,        6114,      -14.11529229,      -13.99354352,      -14.22241632
          0,           0,        6115,      -14.03070354,      -13.89548118,      -14.10994212
          0,           0,        6116,      -13.98490294,      -13.85683076,      -14.10647979
          0,           0,        6117,       -13.9709901,      -13.83933194,      -14.12033194
          0,           0,        6118,      -14.03096527,      -13.90213989,      -14.09914247
          0,           0,        6119,       -14.0886169,      -13.95992077,      -14.14825956
          0,           0,        6120,      -14.00053295,      -13.87173175,      -14.09473128
          0,           0,        6121,      -13.96685511,      -13.85201683,      -14.11024778
          0,           0,        6122,       -14.0155751,      -13.90068183,      -14.13777588
          0,           0,        6123,      -14.10519134,      -13.96906959,      -14.18288568
          0,           0,        6124,      -14.02723665,      -13.90809403,      -14.13234913
          0,           0,        6125,      -14.05075361,      -13.92949164,      -14.13448186
          0,           0,        6126,      -13.99821428,      -13.86630696,      -14.07076419
          0,           0,        6127,      -14.00270197,      -13.88519609,      -14.12796012
          0,           0,        6128,      -13.99649066,       -13.8967912,      -14.20331268
          0,           0,        6129,      -14.07970643,      -13.96600283,      -14.17875231
          0,           0,        6130,      -13.97898028,      -13.85680196,      -14.11524666
          0,           0,        6131,      -14.07236264,      -13.95171699,      -14.20275496
          0,           0,        6132,      -14.02650482,      -13.90105248,      -14.13831785
          0,           0,        6133,      -14.00385198,      -13.87746097,      -14.13938112
          0,           0,        6134,      -13.97847118,      -13.84488762,      -14.09245921
          0,           0,        6135,      -14.06720703,      -13.94503605,      -14.22332904
          0,           0,        6136,      -14.09850487,      -13.99418134,      -14.24688198
          0,           0,        6137,      -14.11222744,       -13.9971584,      -14.17034787
          0,           0,        6138,      -14.04356736,      -13.92420309,      -14.12394455
          0,           0,        6139,        -14.069231,      -13.92907436,      -14.13039772
          0,           0,        6140,      -14.06904725,      -13.93446088,      -14.13268392
          0,           0,        6141,      -13.97043841,      -13.85269117,      -14.10335482
          0,           0,        6142,      -14.05101323,      -13.93709501,      -14.18608032
          0,           0,        6143,      -14.12109889,      -13.99269965,      -14.19100445
          0,           0,        6144,      -14.04783978,      -13.90583564,      -14.15475861
          0,           0,        6145,      -14.04102882,      -13.90126013,      -14.13240858
          0,           0,        6146,       -14.0851948,      -13.95842705,      -14.15731062
          0,           0,        6147,      -13.98704115,      -13.85877577,      -14.09611117
          0,           0,        6148,      -13.99422363,      -13.86706344,      -14.11639576
          0,           0,        6149,       -13.9912745,      -13.86993825,      -14.08387266
          0,           0,        6150,      -14.07743201,      -13.94384661,      -14.12905636
          0,           0,        6151,      -13.98964812,       -13.8776821,      -14.15463668
          0,           0,        6152,      -14.03698951,      -13.92241385,      -14.17456693
          0,           0,        6153,      -14.06929699,      -13.95471772,      -14.21739528
          0,           0,        6154,      -14.14042623,      -14.02764973,      -14.21902147
          0,           0,        6155,      -14.03486182,      -13.91109026,      -14.12363172
          0,           0,        6156,       -14.0740309,      -13.95844119,      -14.17339528
          0,           0,        6157,       -14.0240754,      -13.90868118,      -14.15882531
          0,           0,        6158,      -14.07737738,      -13.94807466,      -14.18281237
          0,           0,        6159,      -14.04353409,      -13.90875315,      -14.12406798
          0,           0,        6160,      -14.07363235,      -13.93427145,      -14.18574493
          0,           0,        6161,      -14.11576826,      -13.97519405,      -14.18114239
          0,           0,        6162,      -14.01878143,        -13.871461,      -14.10224402
          0,           0,        6163,      -14.03760949,      -13.90788869,      -14.11196604
          0,           0,        6164,      -14.06165657,      -13.94155958,      -14.20696138
          0,           0,        6165,      -14.18149499,      -14.06307598,      -14.22041303
          0,           0,        6166,      -13.98460514,      -13.85431337,      -14.14553995
          0,           0,        6167,      -14.04199792,      -13.91912396,      -14.15934818
          0,           0,        6168,       -14.0159992,      -13.91347121,       -14.1484478
          0,           0,        6169,      -14.04565542,       -13.9237551,      -14.14038596
          0,           0,        6170,      -14.06481072,      -13.93326665,      -14.11835029
          0,           0,        6171,      -14.07177972,      -13.93681081,      -14.15952772
          0,           0,        6172,      -14.14984579,      -14.01639632,      -14.22776986
          0,           0,        6173,      -14.02478321,      -13.90494647,      -14.17669398
          0,           0,        6174,      -14.02324461,      -13.89560873,      -14.12951419
          0,           0,        6175,      -14.06561045,      -13.95976369,      -14.11159691
          0,           0,        6176,      -14.02624151,      -13.91512877,      -14.18055457
          0,           0,        6177,      -14.02423421,      -13.89858946,      -14.16167524
          0,           0,        6178,      -14.01538178,       -13.8703716,      -14.10072456
          0,           0,        6179,      -14.03711289,       -13.9054113,      -14.17309936
          0,           0,        6180,      -14.02625131,      -13.90659992,      -14.15188332
          0,           0,        6181,      -14.04039077,      -13.91891852,      -14.14886356
          0,           0,        6182,      -14.04424776,      -13.93221947,      -14.14643598
          0,           0,        6183,      -14.03812454,      -13.90894823,      -14.10479859
          0,           0,        6184,      -13.99364646,      -13.86876451,      -14.06953558
          0,           0,        6185,      -14.03177154,      -13.91785713,       -14.1291876
          0,           0,        6186,       -14.0022323,      -13.88816539,       -14.1661316
          0,           0,        6187,      -14.09175797,      -13.96433473,      -14.15093188
          0,           0,        6188,      -14.10584323,      -13.96024801,      -14.16084633
          0,           0,        6189,      -14.11211091,      -13.99487135,      -14.20411151
          0,           0,        6190,      -14.05421844,      -13.93922433,       -14.1827867
          0,           0,        6191,      -14.05326227,      -13.92971799,      -14.15977734
          0,           0,        6192,      -14.12126114,      -14.00604497,      -14.19609137
          0,           0,        6193,      -14.02677478,       -13.9135247,       -14.1307043
          0,           0,        6194,      -13.99599233,      -13.88432567,      -14.15223874
          0,           0,        6195,      -13.99908308,      -13.86252642,      -14.13140877
          0,           0,        6196,      -14.04491924,      -13.92443998,      -14.18851987
          0,           0,        6197,      -14.00159029,      -13.87324731,      -14.12914926
          0,           0,        6198,      -14.02936164,      -13.88457663,      -14.14885877
          0,           0,        6199,      -14.06700431,      -13.94639203,      -14.19637128
          0,           0,        6200,      -14.04923654,      -13.93545693,      -14.16982787
          0,           0,        6201,      -14.07100024,      -13.95426405,      -14.21142898
          0,           0,        6202,      -14.02759528,      -13.90212899,       -14.1645905
          0,           0,        6203,      -13.99592574,      -13.87247826,       -14.1065744
          0,           0,        6204,      -14.02547294,      -13.89368723,      -14.14995137
          0,           0,        6205,      -14.12027852,      -13.97407441,      -14.21111645
          0,           0,        6206,      -14.09621436,      -13.96662235,      -14.15014073
          0,           0,        6207,      -14.00681802,      -13.87974199,      -14.16341291
          0,           0,        6208,      -14.01427899,      -13.87948757,      -14.12031349
          0,           0,        6209,      -14.04608901,      -13.91638068,      -14.14851292
          0,           0,        6210,      -13.96807549,      -13.84909541,      -14.20560872
          0,           0,        6211,       -14.0874628,      -13.96364149,      -14.15065342
          0,           0,        6212,      -14.08514356,      -13.97353144,      -14.18118858
          0,           0,        6213,      -14.06695772,      -13.92442974,      -14.16535623
          0,           0,        6214,      -14.07627751,      -13.93108991,      -14.18029226
          0,           0,        6215,      -14.07035371,      -13.92196175,      -14.17117641
          0,           0,        6216,      -14.03319145,       -13.8973364,      -14.14459134
          0,           0,        6217,      -14.00517556,      -13.87545552,       -14.1014774
          0,           0,        6218,      -14.03996885,      -13.91501557,        -14.096189
          0,           0,        6219,      -14.10916814,      -13.99097585,       -14.2073516
          0,           0,        6220,       -14.0856985,      -13.95593162,      -14.25517892
          0,           0,        6221,      -14.11040194,      -13.99880744,      -14.21056523
          0,           0,        6222,       -13.9874346,      -13.85529069,      -14.09088257
          0,           0,        6223,      -14.05754442,       -13.9125931,      -14.12569809
          0,           0,        6224,      -14.02165344,       -13.9047009,      -14.15998328
          0,           0,        6225,      -14.07545203,      -13.99351854,      -14.18798197
          0,           0,        6226,      -14.01238114,      -13.88837156,      -14.10075758
          0,           0,        6227,      -14.00406294,      -13.86930053,      -14.08678331
          0,           0,        6228,      -14.01118007,      -13.89511664,      -14.14235464
          0,           0,        6229,      -14.03079791,      -13.90137212,      -14.11419232
          0,           0,        6230,      -14.11463424,      -14.00497357,      -14.21474172
          0,           0,        6231,      -13.95048535,       -13.8341146,      -14.13120133
          0,           0,        6232,      -14.07322969,      -13.96723341,      -14.14537914
          0,           0,        6233,      -14.09188459,      -13.96614234,      -14.18165364
          0,           0,        6234,       -14.0025294,      -13.88305322,       -14.1116018
          0,           0,        6235,      -14.07200185,      -13.96520269,      -14.12737164
          0,           0,        6236,      -14.07301651,      -13.92994682,      -14.13692019
          0,           0,        6237,      -14.00384955,      -13.88448505,      -14.11845721
          0,           0,        6238,      -14.07862421,      -13.93096797,      -14.21861669
          0,           0,        6239,      -14.04327234,      -13.91891727,      -14.17379615
          0,           0,        6240,      -14.04363347,      -13.93570713,      -14.14962451
          0,           0,        6241,      -14.09634537,      -13.97966679,      -14.22365187
          0,           0,        6242,       -14.0808152,      -13.94759578,      -14.13608024
          0,           0,        6243,      -14.00413815,      -13.87538259,      -14.13111285
          0,           0,        6244,      -14.05094103,      -13.92188751,      -14.19047304
          0,           0,        6245,      -14.02155714,      -13.88199319,      -14.10814764
          0,           0,        6246,      -13.99055167,      -13.84878301,      -14.11025506
          0,           0,        6247,      -14.08165664,      -13.95775467,      -14.18207673
          0,           0,        6248,      -14.04224534,       -13.9109192,      -14.15639293
          0,           0,        6249,      -14.04110884,      -13.88588507,      -14.13884744
          0,           0,        6250,      -14.01183319,      -13.89078324,      -14.18628613
          0,           0,        6251,      -14.05274951,       -13.9276358,      -14.19526348
          0,           0,        6252,      -14.02369955,      -13.91613504,      -14.20945192
          0,           0,        6253,      -14.04733645,      -13.90863134,      -14.16151301
          0,           0,        6254,        -14.010458,      -13.87699746,      -14.08247553
          0,           0,        6255,       -14.0276949,      -13.90507914,       -14.1175654
          0,           0,        6256,      -14.03830945,      -13.91145168,      -14.16721723
          0,           0,        6257,      -14.05751279,      -13.92153523,      -14.14704814
          0,           0,        6258,      -14.02226404,      -13.89817549,       -14.1174264
          0,           0,        6259,      -14.07290578,       -13.9604774,      -14.21804469
          0,           0,        6260,      -14.13431515,      -14.00506321,      -14.16526088
          0,           0,        6261,       -13.9619336,      -13.83849976,      -14.05577103
          0,           0,        6262,      -14.06298954,      -13.92791088,      -14.15134629
          0,           0,        6263,      -14.01205039,      -13.88758366,      -14.12421819
          0,           0,        6264,      -14.01888176,      -13.88619152,      -14.13606985
          0,           0,        6265,      -14.09559882,      -13.97219368,      -14.16731272
          0,           0,        6266,      -14.05697755,      -13.91237607,      -14.15221254
          0,           0,        6267,      -14.12804847,      -14.00812097,      -14.25316015
          0,           0,        6268,      -14.04633742,      -13.92324562,      -14.18426761
          0,           0,        6269,      -14.01720848,      -13.89984475,      -14.13241035
          0,           0,        6270,      -14.08114624,      -13.96479562,      -14.13731312
          0,           0,        6271,      -13.97031575,      -13.86676062,       -14.0991944
          0,           0,        6272,      -14.12437293,      -14.01858929,      -14.18004391
          0,           0,        6273,      -13.97590142,      -13.86015666,      -14.09312132
          0,           0,        6274,      -14.10244165,      -13.98987198,      -14.16107569
          0,           0,        6275,      -14.12548091,      -13.99257714,      -14.17326579
          0,           0,        6276,      -14.01262426,      -13.87826852,      -14.18227522
          0,           0,        6277,      -14.06252147,      -13.91127955,      -14.13319379
          0,           0,        6278,      -14.08110081,      -13.96261332,      -14.12950077
          0,           0,        6279,      -14.11136546,      -13.98875777,      -14.22397236
          0,           0,        6280,      -14.02666451,      -13.89033948,      -14.10402158
          0,           0,        6281,      -14.05989121,      -13.93188279,      -14.18060996
          0,           0,        6282,      -14.05858385,      -13.93712553,      -14.21038672
          0,           0,        6283,      -14.05245944,      -13.92140582,      -14.19205649
          0,           0,        6284,      -14.05439766,      -13.91761703,      -14.16218376
          0,           0,        6285,      -14.02618716,      -13.89156149,      -14.14066678
          0,           0,        6286,      -13.98636541,      -13.84336627,      -14.05807835
          0,           0,        6287,       -14.1050257,      -13.96431377,      -14.17900092
          0,           0,        6288,       -14.0812831,      -13.93977533,      -14.12889197
          0,           0,        6289,      -14.06018605,       -13.9245015,      -14.17004958
          0,           0,        6290,       -13.9675499,      -13.83125959,      -14.05978231
          0,           0,        6291,      -14.03507972,      -13.92729475,      -14.24119892
          0,           0,        6292,      -14.03007802,      -13.91691831,      -14.07639029
          0,           0,        6293,      -14.05213499,      -13.94837571,      -14.16362283
          0,           0,        6294,       -14.0890708,      -13.97535714,      -14.18131221
          0,           0,        6295,      -14.04752942,      -13.91598046,      -14.12870639
          0,           0,        6296,       -14.0966538,      -13.98389262,      -14.17101582
          0,           0,        6297,      -14.07505265,      -13.96133484,      -14.15814472
          0,           0,        6298,      -14.12390027,      -14.00273117,      -14.18975819
          0,           0,        6299,      -14.00892547,       -13.8945371,      -14.09241547
          0,           0,        6300,      -14.11402293,      -14.01210969,      -14.14819834
          0,           0,        6301,      -13.99116346,      -13.87659464,      -14.12231789
          0,           0,        6302,      -14.03672489,      -13.90405686,      -14.12499982
          0,           0,        6303,      -14.00486253,      -13.88476507,      -14.14565027
          0,           0,        6304,      -14.05163955,      -13.92440489,      -14.14535552
          0,           0,        6305,      -14.04069838,      -13.90252805,      -14.16076337
          0,           0,        6306,      -14.02996442,      -13.89783572,      -14.16854313
          0,           0,        6307,      -14.07218345,      -13.93462527,      -14.14985558
          0,           0,        6308,      -14.08890737,      -13.96381661,      -14.16593663
          0,           0,        6309,      -14.05881522,      -13.94149723,       -14.1863761
          0,           0,        6310,       -14.0911099,      -13.97141285,      -14.17066199
          0,           0,        6311,       -14.0274309,      -13.90710774,      -14.12138284
          0,           0,        6312,      -14.06257866,      -13.92479341,       -14.1356143
          0,           0,        6313,      -14.06502888,      -13.93660915,      -14.18502911
          0,           0,        6314,      -14.00785177,      -13.88489557,      -14.17868473
          0,           0,        6315,      -14.08960182,      -13.97979078,      -14.16591133
          0,           0,        6316,      -14.01007044,       -13.8794263,      -14.12068912
          0,           0,        6317,      -14.05100031,       -13.9299112,      -14.10590856
          0,           0,        6318,       -14.0583674,       -13.9390662,      -14.09534783
          0,           0,        6319,      -13.95590428,      -13.83890655,       -14.1050007
          0,           0,        6320,      -14.02816717,      -13.91744652,      -14.12176176
          0,           0,        6321,      -14.02147619,      -13.90974845,      -14.11031776
          0,           0,        6322,      -14.07497746,      -13.93765479,      -14.21554259
          0,           0,        6323,      -14.10802626,      -13.98584106,      -14.14394204
          0,           0,        6324,      -14.00876199,      -13.85558886,      -14.15357559
          0,           0,        6325,      -14.07366949,      -13.94485978,      -14.15237817
          0,           0,        6326,      -13.99643165,      -13.87711992,      -14.18298079
          0,           0,        6327,      -14.10752647,      -13.96771705,      -14.15873511
          0,           0,        6328,      -13.98902494,      -13.85220086,      -14.09544477
          0,           0,        6329,      -13.97715844,      -13.86643192,       -14.0885907
          0,           0,        6330,      -14.04623165,      -13.93755915,      -14.14437167
          0,           0,        6331,       -14.0588208,      -13.94246756,      -14.19184046
          0,           0,        6332,       -14.1127355,      -13.97817303,      -14.18477424
          0,           0,        6333,      -14.01705958,       -13.9001093,      -14.16348452
          0,           0,        6334,      -14.04146427,      -13.92390379,       -14.1361015
          0,           0,        6335,      -14.03731185,      -13.91835263,      -14.19105051
          0,           0,        6336,      -14.05668872,      -13.92888042,      -14.17476545
          0,           0,        6337,      -14.13361443,       -14.0051106,      -14.20025228
          0,           0,        6338,      -14.09230399,      -13.97086911,      -14.20043902
          0,           0,        6339,      -14.09583446,      -13.94420148,      -14.19778277
          0,           0,        6340,      -14.09513276,      -13.96194154,      -14.20896849
          0,           0,        6341,      -14.05699589,      -13.94173041,      -14.17196966
          0,           0,        6342,      -14.10797721,      -13.98937082,      -14.19790429
          0,           0,        6343,       -14.0454626,      -13.92472925,      -14.15595124
          0,           0,        6344,      -14.00452657,      -13.88198592,      -14.12101703
          0,           0,        6345,      -14.11893401,      -13.98111747,      -14.20173452
          0,           0,        6346,      -14.16530642,      -14.04238574,      -14.21197074
          0,           0,        6347,      -14.08050081,       -13.9580668,      -14.15552693
          0,           0,        6348,      -14.05605831,      -13.92664638,      -14.15852769
          0,           0,        6349,      -14.09324854,      -13.98226685,       -14.1952563
          0,           0,        6350,      -13.98331294,      -13.85510486,       -14.1146315
          0,           0,        6351,      -14.00624091,      -13.86842146,      -14.14296848
          0,           0,        6352,      -14.03159743,       -13.8918757,      -14.11558212
          0,           0,        6353,      -13.99313037,       -13.8676455,      -14.14826854
          0,           0,        6354,      -14.01590205,      -13.89298888,      -14.14486296
          0,           0,        6355,       -14.0681816,       -13.9552175,      -14.15237251
          0,           0,        6356,       -14.0630454,      -13.92635059,       -14.1772787
          0,           0,        6357,      -13.99231251,      -13.86962375,      -14.16996723
          0,           0,        6358,      -14.00209637,      -13.89844285,       -14.0967716
          0,           0,        6359,      -14.02588914,      -13.90187155,      -14.13456323
          0,           0,        6360,      -13.94024256,       -13.8041145,      -14.09537773
          0,           0,        6361,      -14.01008789,      -13.86705506,      -14.12455506
          0,           0,        6362,      -14.05566433,      -13.93312315,      -14.19078016
          0,           0,        6363,      -14.05292728,      -13.93419325,      -14.17776016
          0,           0,        6364,       -14.0212133,      -13.89564733,      -14.12966817
          0,           0,        6365,      -14.05880351,      -13.93107081,      -14.18408411
          0,           0,        6366,      -13.97700269,      -13.86598484,        -14.107428
          0,           0,        6367,      -14.05208367,      -13.93041997,      -14.17710855
          0,           0,        6368,      -14.08469894,        -13.985819,      -14.15012487
          0,           0,        6369,      -13.98087102,      -13.84760046,       -14.1715897
          0,           0,        6370,       -14.0414411,      -13.91112822,      -14.10197065
          0,           0,        6371,      -14.01561134,       -13.8933471,      -14.12525361
          0,           0,        6372,      -14.04413268,      -13.92694288,      -14.11663687
          0,           0,        6373,      -14.08780833,      -13.95373604,      -14.19808908
          0,           0,        6374,      -14.11866586,      -14.00205187,       -14.1847421
          0,           0,        6375,      -14.09148206,      -13.96815433,       -14.1325025
          0,           0,        6376,       -14.0281825,      -13.90282601,      -14.13221895
          0,           0,        6377,      -14.04889777,      -13.92054525,      -14.17415474
          0,           0,        6378,      -14.09685626,      -13.98510857,      -14.17584369
          0,           0,        6379,       -14.0653128,      -13.94211845,      -14.15425721
          0,           0,        6380,      -13.96759864,      -13.84383291,      -14.10915028
          0,           0,        6381,      -13.99796695,      -13.87005096,      -14.15644288
          0,           0,        6382,      -14.07271658,      -13.95519761,      -14.20836818
          0,           0,        6383,      -14.06033939,      -13.93661075,      -14.16990602
          0,           0,        6384,      -14.12890834,      -14.01135301,      -14.21438541
          0,           0,        6385,      -14.06164363,      -13.94185096,      -14.12951871
          0,           0,        6386,      -14.05959238,      -13.93681009,       -14.1635257
          0,           0,        6387,       -14.0756041,      -13.95174334,      -14.15018137
          0,           0,        6388,       -14.0605489,      -13.95480711,      -14.10290345
          0,           0,        6389,      -14.01548987,      -13.88151005,      -14.14942228
          0,           0,        6390,      -14.04559788,      -13.93304949,      -14.16113945
          0,           0,        6391,      -14.08727336,       -13.9511733,      -14.19165335
          0,           0,        6392,      -13.99488525,      -13.85644237,       -14.1422254
          0,           0,        6393,      -14.04998406,      -13.92246741,      -14.15625097
          0,           0,        6394,      -14.10798573,      -13.98991062,      -14.20360325
          0,           0,        6395,      -14.11979763,      -13.99679575,       -14.2123697
          0,           0,        6396,      -14.07375627,       -13.9545945,      -14.14397084
          0,           0,        6397,      -13.95992192,      -13.81412215,      -14.07838631
          0,           0,        6398,      -14.06021132,       -13.9256622,      -14.13094684
          0,           0,        6399,      -14.14420175,      -14.02596183,      -14.23469596
          0,           0,        6400,      -14.02333736,      -13.90796496,      -14.11699416
          0,           0,        6401,      -14.10854912,       -13.9994196,      -14.18754961
          0,           0,        6402,      -14.02808775,      -13.89805776,      -14.11960796
          0,           0,        6403,      -13.95204851,      -13.81371557,      -14.04813317
          0,           0,        6404,      -14.00360719,      -13.87379732,      -14.07433538
          0,           0,        6405,      -14.05468888,      -13.93933534,      -14.12891129
          0,           0,        6406,      -14.03092177,      -13.90245462,      -14.09801661
          0,           0,        6407,      -14.07071062,      -13.95563955,      -14.15444045
          0,           0,        6408,      -14.05208991,      -13.93799983,      -14.09856969
          0,           0,        6409,       -14.0024221,      -13.86858367,       -14.1276057
          0,           0,        6410,      -14.08369853,      -13.95881914,      -14.19230532
          0,           0,        6411,      -14.07125189,      -13.93602612,      -14.20525565
          0,           0,        6412,      -14.02650323,      -13.89406455,      -14.13470033
          0,           0,        6413,      -14.08019381,      -13.95679652,      -14.15185137
          0,           0,        6414,      -13.99331852,      -13.86958394,      -14.15194245
          0,           0,        6415,      -14.05198625,      -13.91479059,      -14.09374691
          0,           0,        6416,      -14.01104673,      -13.87272892,      -14.12015963
          0,           0,        6417,      -14.05503215,      -13.93374997,      -14.20163024
          0,           0,        6418,      -13.98190856,      -13.85348514,      -14.14276153
          0,           0,        6419,      -14.01377356,      -13.90003355,      -14.15670595
          0,           0,        6420,      -14.09675216,       -13.9815702,      -14.21239936
          0,           0,        6421,      -14.10672378,      -13.97162328,      -14.19750236
          0,           0,        6422,      -14.05728508,      -13.92439125,      -14.15330697
          0,           0,        6423,      -13.99912591,      -13.87604959,      -14.10316988
          0,           0,        6424,      -14.00353429,      -13.88239958,      -14.14148061
          0,           0,        6425,      -14.00294469,      -13.89999177,      -14.18896188
          0,           0,        6426,       -14.0408093,      -13.91888634,      -14.11157453
          0,           0,        6427,      -14.04428551,      -13.92523737,      -14.15369451
          0,           0,        6428,      -14.07759983,      -13.92051161,      -14.16311218
          0,           0,        6429,      -14.02764585,      -13.88660785,      -14.11787157
          0,           0,        6430,      -14.01828061,      -13.89382189,      -14.16906498
          0,           0,        6431,      -14.00414583,      -13.89206156,      -14.09464057
          0,           0,        6432,      -14.06925045,      -13.97010208,      -14.18869188
          0,           0,        6433,      -14.09159241,      -13.96718691,      -14.16393728
          0,           0,        6434,       -14.0509143,      -13.93991685,      -14.15657189
          0,           0,        6435,      -14.07033103,      -13.95162184,      -14.18673451
          0,           0,        6436,      -14.05623696,      -13.92430666,      -14.16661747
          0,           0,        6437,      -14.03284908,      -13.88784389,      -14.11720208
          0,           0,        6438,      -14.04103541,      -13.91983836,      -14.13424866
          0,           0,        6439,      -14.03198065,      -13.91964173,      -14.13883841
          0,           0,        6440,      -14.06938282,      -13.94664828,      -14.23561079
          0,           0,        6441,       -14.0394373,      -13.92729302,      -14.20101149
          0,           0,        6442,      -14.06937703,      -13.94885953,      -14.16304848
          0,           0,        6443,      -14.08824299,      -13.95577805,      -14.18517159
          0,           0,        6444,      -14.10987493,      -13.98252524,       -14.1793965
          0,           0,        6445,      -14.04691788,      -13.94415509,      -14.19327882
          0,           0,        6446,      -14.07296755,       -13.9550161,       -14.1259424
          0,           0,        6447,      -14.01264786,       -13.8776058,      -14.12861495
          0,           0,        6448,      -14.11619515,      -13.99788341,      -14.22594273
          0,           0,        6449,      -14.04039246,      -13.94548993,      -14.12412352
          0,           0,        6450,      -14.01620113,      -13.90229104,       -14.1099369
          0,           0,        6451,      -14.00176929,      -13.85979602,       -14.1619422
          0,           0,        6452,      -13.98883579,      -13.86279436,      -14.16042515
          0,           0,        6453,      -14.10278114,      -13.98715235,      -14.21651008
          0,           0,        6454,      -14.07039793,      -13.95368655,      -14.19077634
          0,           0,        6455,      -14.06225919,      -13.91201453,      -14.16333044
          0,           0,        6456,      -13.98006677,      -13.87619291,      -14.08938444
          0,           0,        6457,      -14.07891515,      -13.94721111,      -14.15370167
          0,           0,        6458,      -14.04225104,      -13.91514138,      -14.16894395
          0,           0,        6459,       -14.0423284,      -13.90536136,      -14.14873284
          0,           0,        6460,      -14.05885126,      -13.93015998,      -14.13241404
          0,           0,        6461,      -14.04676038,      -13.91258589,      -14.13181724
          0,           0,        6462,      -13.99558993,      -13.85287722,       -14.1317774
          0,           0,        6463,      -14.02156034,      -13.89508801,       -14.1258555
          0,           0,        6464,      -14.05421912,      -13.91785818,       -14.1003017
          0,           0,        6465,      -14.01644746,      -13.89894602,      -14.10690774
          0,           0,        6466,      -14.06164745,      -13.96117779,      -14.18903438
          0,           0,        6467,      -14.08165006,      -13.94968763,      -14.14716642
          0,           0,        6468,      -14.05199336,      -13.93212996,      -14.15979534
          0,           0,        6469,      -14.06312928,      -13.95534134,      -14.16362303
          0,           0,        6470,      -14.03434167,       -13.8976286,      -14.15573337
          0,           0,        6471,      -14.05354397,      -13.93427305,      -14.21163442
          0,           0,        6472,       -14.0364627,      -13.91198074,      -14.18193197
          0,           0,        6473,      -14.08527761,      -13.95736709,       -14.1769047
          0,           0,        6474,      -14.04576985,      -13.92694203,      -14.13723208
          0,           0,        6475,      -14.06732409,      -13.93494807,       -14.1380741
          0,           0,        6476,      -14.06454399,      -13.92819454,      -14.16572456
          0,           0,        6477,      -14.00273051,      -13.87772894,      -14.12138711
          0,           0,        6478,      -14.08993149,       -13.9649228,      -14.16350577
          0,           0,        6479,      -14.04099442,      -13.93127927,      -14.11195028
          0,           0,        6480,      -14.06095297,      -13.94920537,      -14.16761208
          0,           0,        6481,      -14.01182036,      -13.89157261,      -14.13936729
          0,           0,        6482,      -14.02496185,      -13.90424888,      -14.15970436
          0,           0,        6483,      -14.04842647,      -13.90393124,      -14.12578618
          0,           0,        6484,      -14.01069597,      -13.88072356,      -14.14164282
          0,           0,        6485,      -14.04091896,      -13.91855879,      -14.18289475
          0,           0,        6486,      -14.02351225,      -13.91152021,      -14.11677736
          0,           0,        6487,      -14.10011938,      -13.98664483,      -14.12523116
          0,           0,        6488,      -13.97805685,      -13.85049861,      -14.11081567
          0,           0,        6489,       -14.0621907,      -13.92831386,      -14.13567011
          0,           0,        6490,       -14.0559145,      -13.92792759,      -14.17241168
          0,           0,        6491,       -14.1013265,      -13.98168506,      -14.20820826
          0,           0,        6492,      -14.07179754,       -13.9428041,       -14.1410116
          0,           0,        6493,       -14.0085618,      -13.89370956,       -14.1372378
          0,           0,        6494,      -13.99638906,      -13.87119928,      -14.13147326
          0,           0,        6495,      -13.94615259,      -13.81671687,      -14.11393622
          0,           0,        6496,      -14.04210253,      -13.91803247,       -14.1196999
          0,           0,        6497,       -14.0123051,      -13.87602651,      -14.11721346
          0,           0,        6498,      -13.97307759,      -13.85362032,      -14.05294772
          0,           0,        6499,      -13.96131826,      -13.84525657,      -14.11434057
          0,           0,        6500,      -14.02059231,      -13.88348972,       -14.1146382
          0,           0,        6501,       -13.9725528,      -13.84984022,      -14.10981985
          0,           0,        6502,      -14.07478418,      -13.97961875,      -14.15570553
          0,           0,        6503,      -14.05663127,      -13.94227093,      -14.14882637
          0,           0,        6504,      -14.05527552,      -13.91596033,      -14.12456937
          0,           0,        6505,      -13.94673999,      -13.82833256,      -14.11450029
          0,           0,        6506,      -14.05292617,      -13.91732502,      -14.17160068
          0,           0,        6507,      -14.02234094,      -13.91944081,      -14.16995402
          0,           0,        6508,       -13.9551026,      -13.83604034,      -14.12862103
          0,           0,        6509,      -14.06369889,      -13.91930871,       -14.1601171
          0,           0,        6510,       -13.9982327,      -13.87829628,      -14.15595091
          0,           0,        6511,      -14.06523668,      -13.95731859,       -14.1948476
          0,           0,        6512,      -13.98359925,      -13.83948503,      -14.10085415
          0,           0,        6513,      -14.11610568,      -13.97349744,      -14.19804876
          0,           0,        6514,      -14.01828796,      -13.90538091,      -14.12917278
          0,           0,        6515,      -14.06500883,      -13.93836674,      -14.15949522
          0,           0,        6516,       -14.1349921,      -13.99029439,      -14.19325107
          0,           0,        6517,      -14.05070438,      -13.90209951,       -14.2177435
          0,           0,        6518,      -14.10573293,      -14.00018403,      -14.21685008
          0,           0,        6519,      -14.12833673,      -14.00756901,      -14.23136514
          0,           0,        6520,      -14.11147016,      -13.99740811,       -14.1843716
          0,           0,        6521,      -14.04522016,      -13.91919853,      -14.15160155
          0,           0,        6522,      -14.10121646,      -13.95846545,      -14.16669379
          0,           0,        6523,      -14.05131671,      -13.92349159,      -14.12167209
          0,           0,        6524,      -14.02073018,       -13.9022164,      -14.12650295
          0,           0,        6525,      -14.04631854,      -13.89831707,      -14.11144043
          0,           0,        6526,       -14.0595159,      -13.92466774,      -14.15312506
          0,           0,        6527,      -14.02957466,      -13.90026559,      -14.12050186
          0,           0,        6528,      -14.00566315,       -13.8736844,      -14.08833476
          0,           0,        6529,      -14.07322505,      -13.95250702,      -14.21769795
          0,           0,        6530,      -13.98468087,      -13.87637148,      -14.13525799
          0,           0,        6531,      -13.99092407,      -13.88711331,      -14.17008849
          0,           0,        6532,      -14.08785519,      -13.96373363,      -14.19238096
          0,           0,        6533,      -13.99511851,        -13.873092,      -14.14123101
          0,           0,        6534,       -13.9916874,      -13.86699881,      -14.13411263
          0,           0,        6535,      -14.01446973,      -13.88411934,      -14.07678622
          0,           0,        6536,      -14.06907141,      -13.94755568,      -14.13920335
          0,           0,        6537,      -14.06453887,      -13.93124148,       -14.1966176
          0,           0,        6538,      -14.08800372,      -13.96414363,      -14.20292214
          0,           0,        6539,      -14.09881851,      -13.98212473,      -14.16154535
          0,           0,        6540,      -13.98589335,      -13.84392545,      -14.07426698
          0,           0,        6541,      -14.03840572,      -13.91156517,      -14.13299187
          0,           0,        6542,      -14.09391235,      -13.97993738,      -14.19400082
          0,           0,        6543,      -14.04984052,       -13.9335281,      -14.11580844
          0,           0,        6544,      -14.06192923,      -13.93006105,      -14.16336664
          0,           0,        6545,      -14.02519062,      -13.88909298,      -14.12006719
          0,           0,        6546,      -14.05124411,      -13.91680558,        -14.172573
          0,           0,        6547,       -14.1354578,      -14.01940087,      -14.22055066
          0,           0,        6548,      -14.05314195,      -13.92957344,      -14.11688051
          0,           0,        6549,      -14.09053602,      -13.96197075,       -14.1806069
          0,           0,        6550,      -14.11400489,      -13.99003692,       -14.1641021
          0,           0,        6551,      -14.13466224,       -13.9983532,      -14.21095116
          0,           0,        6552,      -14.02489748,      -13.89736432,      -14.15872221
          0,           0,        6553,        -14.089019,      -13.98485495,      -14.19664002
          0,           0,        6554,      -14.02317734,      -13.90170254,      -14.13002256
          0,           0,        6555,       -14.0555945,      -13.91912037,      -14.19205519
          0,           0,        6556,       -14.0304815,      -13.91061068,      -14.09424086
          0,           0,        6557,      -14.01539116,      -13.88405456,      -14.10456037
          0,           0,        6558,      -14.06643674,      -13.92799355,      -14.17707828
          0,           0,        6559,      -14.05966035,       -13.9112634,      -14.14209056
          0,           0,        6560,      -14.03701418,      -13.90790895,      -14.15120549
          0,           0,        6561,      -13.99683947,      -13.88132014,      -14.15718962
          0,           0,        6562,      -14.04640365,      -13.91998995,      -14.20771053
          0,           0,        6563,      -14.07072954,      -13.96597631,      -14.13019713
          0,           0,        6564,      -14.03477931,       -13.9099099,      -14.10194959
          0,           0,        6565,      -14.07061465,      -13.94222844,      -14.14600886
          0,           0,        6566,      -14.07026066,      -13.92709863,      -14.18205862
          0,           0,        6567,      -14.05812082,      -13.91879056,      -14.17565812
          0,           0,        6568,      -14.03961117,      -13.91340581,      -14.15505971
          0,           0,        6569,      -14.05653747,      -13.91068561,      -14.17456844
          0,           0,        6570,      -14.03595787,       -13.9141015,      -14.16164993
          0,           0,        6571,      -14.07758052,      -13.96162462,      -14.18565266
          0,           0,        6572,      -14.09698814,      -13.97267726,      -14.18040329
          0,           0,        6573,      -13.99474946,       -13.8591998,      -14.08615224
          0,           0,        6574,       -14.0585001,      -13.92147774,      -14.19780676
          0,           0,        6575,      -14.06648005,      -13.90823103,      -14.19309224
          0,           0,        6576,      -14.06271664,      -13.94990798,      -14.14270335
          0,           0,        6577,      -13.92775612,      -13.80990154,      -14.11055434
          0,           0,        6578,      -14.00582518,      -13.87210611,       -14.1654731
          0,           0,        6579,      -14.07544477,      -13.95476868,      -14.14361096
          0,           0,        6580,      -13.96424585,      -13.85058053,      -14.10955098
          0,           0,        6581,      -13.97969418,      -13.86008461,      -14.15487285
          0,           0,        6582,      -14.07871174,      -13.94560076,        -14.161618
          0,           0,        6583,      -14.00627482,      -13.87988689,      -14.09037182
          0,           0,        6584,      -14.02026898,      -13.90125567,      -14.17350951
          0,           0,        6585,      -14.06220649,      -13.93131342,      -14.21532141
          0,           0,        6586,      -14.02684098,      -13.90486217,      -14.13492841
          0,           0,        6587,      -13.99291124,      -13.86465326,      -14.05952701
          0,           0,        6588,      -14.03536976,      -13.91317738,      -14.14840989
          0,           0,        6589,       -14.1218033,      -14.00280677,      -14.24036309
          0,           0,        6590,      -14.08659348,      -13.95482708,       -14.1419968
          0,           0,        6591,      -14.04675831,      -13.91463018,      -14.14568621
          0,           0,        6592,      -14.01934173,        -13.862301,      -14.09182593
          0,           0,        6593,       -13.9700036,      -13.86287755,      -14.07805257
          0,           0,        6594,      -14.07592148,      -13.94240907,      -14.17187541
          0,           0,        6595,      -13.99761731,      -13.85391779,      -14.17619032
          0,           0,        6596,      -14.06570699,      -13.92010499,      -14.13365797
          0,           0,        6597,      -14.02201873,      -13.91770318,      -14.18539557
          0,           0,        6598,      -14.09802599,      -13.97978854,      -14.18334605
          0,           0,        6599,       -14.0448297,       -13.9255672,      -14.12432331
          0,           0,        6600,       -14.0713116,      -13.93758327,      -14.15469902
          0,           0,        6601,      -14.03286899,      -13.89616921,      -14.18403277
          0,           0,        6602,      -14.08081236,      -13.93768408,      -14.15281239
          0,           0,        6603,      -14.02393753,       -13.9057673,      -14.15962043
          0,           0,        6604,      -14.03510374,      -13.91006432,      -14.14057822
          0,           0,        6605,       -14.0490789,      -13.92429748,      -14.14227368
          0,           0,        6606,      -14.06497703,      -13.94709105,      -14.13500685
          0,           0,        6607,      -13.95428597,      -13.82929771,      -14.12561439
          0,           0,        6608,      -14.10000442,      -13.96654834,      -14.15919722
          0,           0,        6609,      -14.12125061,      -13.98259469,      -14.18438436
          0,           0,        6610,      -14.05748176,      -13.93529444,      -14.18888021
          0,           0,        6611,       -14.0868419,      -13.95975955,      -14.21372549
          0,           0,        6612,      -14.07337674,      -13.94003406,      -14.20185537
          0,           0,        6613,       -14.0104621,      -13.87344145,      -14.11734174
          0,           0,        6614,      -14.04612716,      -13.92734347,      -14.11318664
          0,           0,        6615,      -13.99781118,       -13.8759073,      -14.13175122
          0,           0,        6616,      -14.10650013,      -13.97837445,      -14.17656033
          0,           0,        6617,      -14.12276805,      -14.00490069,      -14.20383199
          0,           0,        6618,      -14.05880613,      -13.94124553,      -14.17089026
          0,           0,        6619,      -13.98413782,      -13.86521587,      -14.18110442
          0,           0,        6620,      -14.06132097,      -13.94506426,      -14.18929014
          0,           0,        6621,      -14.08959009,      -13.94739302,        -14.162748
          0,           0,        6622,      -14.07413878,      -13.93702089,      -14.17443687
          0,           0,        6623,      -14.06524556,      -13.95640805,      -14.19718574
          0,           0,        6624,      -14.09117978,      -13.97697101,      -14.18453798
          0,           0,        6625,      -14.12444817,      -14.00226912,      -14.15826882
          0,           0,        6626,      -14.10065331,      -13.97221167,      -14.20217553
          0,           0,        6627,       -14.0420444,      -13.93158591,      -14.11660191
          0,           0,        6628,      -14.00902172,      -13.87769749,      -14.13798614
          0,           0,        6629,      -14.08546965,      -13.93328556,      -14.16124728
          0,           0,        6630,      -14.13103817,      -13.98654503,      -14.20833466
          0,           0,        6631,      -14.05863614,      -13.92596237,      -14.12451262
          0,           0,        6632,      -13.97569062,      -13.84222306,       -14.1598214
          0,           0,        6633,      -13.98897873,      -13.86906987,      -14.13606521
          0,           0,        6634,       -14.0835808,      -13.95953521,      -14.10642347
          0,           0,        6635,      -14.04586896,      -13.91090052,      -14.16577702
          0,           0,        6636,      -14.03951267,      -13.90039132,        -14.213152
          0,           0,        6637,       -14.0373741,      -13.91454405,      -14.15978846
          0,           0,        6638,      -14.04947438,      -13.93668633,      -14.10845642
          0,           0,        6639,      -13.94954224,      -13.82525444,      -14.06545028
          0,           0,        6640,      -13.97528546,      -13.85337059,      -14.09489915
          0,           0,        6641,      -14.06459398,      -13.96546714,      -14.17798728
          0,           0,        6642,      -14.02116673,      -13.87984958,      -14.12866858
          0,           0,        6643,      -14.09403821,       -13.9383308,      -14.12973032
          0,           0,        6644,      -14.07924034,      -13.95109105,      -14.19622598
          0,           0,        6645,       -14.0053445,      -13.88000577,      -14.14210177
          0,           0,        6646,      -14.04494836,      -13.90893792,       -14.1937863
          0,           0,        6647,      -14.09119018,      -13.96391647,      -14.24115807
          0,           0,        6648,      -14.10132744,      -13.97414727,      -14.13101138
          0,           0,        6649,       -13.9816342,      -13.85458938,      -14.11508972
          0,           0,        6650,      -13.97639195,      -13.84721784,      -14.13787284
          0,           0,        6651,      -14.09754362,      -14.00494371,      -14.18872721
          0,           0,        6652,      -14.03483048,      -13.89446075,      -14.16733599
          0,           0,        6653,      -14.02718595,      -13.89062214,      -14.11247972
          0,           0,        6654,      -14.05038815,      -13.91442399,      -14.17213772
          0,           0,        6655,       -14.0429201,      -13.90728041,      -14.11863756
          0,           0,        6656,      -14.06235077,      -13.93614558,      -14.18761105
          0,           0,        6657,      -14.05293043,      -13.92836395,      -14.13182207
          0,           0,        6658,      -13.99453537,      -13.86018902,      -14.10837641
          0,           0,        6659,      -14.03645062,      -13.92101979,      -14.15946009
          0,           0,        6660,      -14.01991827,      -13.89488612,      -14.11747263
          0,           0,        6661,       -14.0015484,      -13.88521868,      -14.14433581
          0,           0,        6662,      -14.05181709,      -13.94044908,      -14.18328871
          0,           0,        6663,      -14.08206972,      -13.97095711,      -14.18561781
          0,           0,        6664,       -14.0543741,      -13.93053575,      -14.15583386
          0,           0,        6665,      -14.04392362,       -13.9105231,      -14.16731895
          0,           0,        6666,      -14.08205592,      -13.94629338,      -14.16288312
          0,           0,        6667,      -14.09457577,      -13.97201419,      -14.16948612
          0,           0,        6668,      -14.05117637,       -13.9469523,       -14.1508909
          0,           0,        6669,      -14.00349924,       -13.8818366,      -14.11393119
          0,           0,        6670,       -14.0017586,      -13.87008938,      -14.15738784
          0,           0,        6671,      -14.03071921,      -13.89261975,      -14.18697601
          0,           0,        6672,      -14.06579068,        -13.940998,      -14.14630261
          0,           0,        6673,      -14.02759849,      -13.90881828,      -14.14811168
          0,           0,        6674,      -14.04819985,      -13.92201454,      -14.13569311
          0,           0,        6675,      -14.13527107,      -14.01142326,      -14.20283592
          0,           0,        6676,      -14.08886442,      -13.97224702,      -14.16336011
          0,           0,        6677,      -14.09007322,       -13.9552466,      -14.16320008
          0,           0,        6678,      -14.04260207,      -13.91331385,      -14.15512877
          0,           0,        6679,      -14.01131422,      -13.88923236,      -14.12444921
          0,           0,        6680,      -14.04481698,      -13.91113865,        -14.110381
          0,           0,        6681,      -14.06514848,      -13.92867708,      -14.14771687
          0,           0,        6682,      -14.02426465,      -13.90141617,      -14.13488049
          0,           0,        6683,      -14.05667108,      -13.91976031,      -14.18611125
          0,           0,        6684,      -14.06210116,      -13.94907395,      -14.21374908
          0,           0,        6685,      -14.07695376,       -13.9535955,       -14.1707452
          0,           0,        6686,      -14.06432393,      -13.94812834,      -14.13292123
          0,           0,        6687,      -14.11782988,      -14.00593093,      -14.23363781
          0,           0,        6688,      -14.06961175,      -13.95297795,      -14.17338152
          0,           0,        6689,      -14.09162173,      -13.94538615,      -14.12690872
          0,           0,        6690,       -14.0469162,      -13.91828195,      -14.13516505
          0,           0,        6691,      -14.06305926,      -13.93468654,      -14.14129621
          0,           0,        6692,      -14.02841703,      -13.88873012,      -14.10032684
          0,           0,        6693,      -13.99668501,      -13.86145628,      -14.14466384
          0,           0,        6694,      -14.06580732,      -13.93448246,      -14.16327788
          0,           0,        6695,      -13.95779846,       -13.8414482,      -14.15540425
          0,           0,        6696,      -14.03418479,      -13.90388829,      -14.10955689
          0,           0,        6697,      -14.05723245,      -13.92884101,       -14.1346393
          0,           0,        6698,      -14.07638995,      -13.94699147,      -14.16817052
          0,           0,        6699,      -14.06510886,       -13.9204517,       -14.1855124
          0,           0,        6700,      -14.09639122,      -13.97522269,      -14.20424005
          0,           0,        6701,      -14.05848652,      -13.93475618,      -14.16131396
          0,           0,        6702,      -14.04706665,      -13.90613206,      -14.18058437
          0,           0,        6703,      -13.98403002,      -13.86751225,         -14.17211
          0,           0,        6704,      -14.03528773,      -13.90619189,      -14.14238099
          0,           0,        6705,      -14.07120286,      -13.95427543,      -14.16683691
          0,           0,        6706,      -14.09363807,      -13.97437406,      -14.19825497
          0,           0,        6707,      -14.01030127,      -13.87317065,      -14.14017076
          0,           0,        6708,      -14.06005033,      -13.93496758,      -14.21308204
          0,           0,        6709,      -14.12197713,      -13.98794561,       -14.2119643
          0,           0,        6710,      -14.00019973,      -13.87227932,       -14.0911173
          0,           0,        6711,      -14.00220779,      -13.89087419,      -14.16324155
          0,           0,        6712,        -14.147602,       -14.0445185,      -14.21772222
          0,           0,        6713,      -14.05140843,      -13.93903564,      -14.13122741
          0,           0,        6714,       -14.0129503,      -13.90431608,      -14.09785243
          0,           0,        6715,      -14.16197258,      -14.05126379,      -14.26823755
          0,           0,        6716,      -14.07877184,      -13.93258304,      -14.18075777
          0,           0,        6717,      -14.03275788,      -13.93108175,      -14.16536954
          0,           0,        6718,      -13.99625668,      -13.87715122,      -14.12218321
          0,           0,        6719,      -14.08864151,      -13.96823812,      -14.18604347
          0,           0,        6720,      -14.06856753,      -13.93805538,      -14.16018691
          0,           0,        6721,      -13.96985206,      -13.83563924,       -14.1265648
          0,           0,        6722,      -14.07275445,      -13.93971692,      -14.14238789
          0,           0,        6723,      -14.05933353,      -13.93548519,      -14.14804542
          0,           0,        6724,      -14.04179908,      -13.89782944,      -14.09835915
          0,           0,        6725,      -14.01672887,      -13.89667272,      -14.11112988
          0,           0,        6726,      -14.03365988,      -13.92305326,      -14.22825263
          0,           0,        6727,      -14.10101274,      -13.99149235,      -14.18982163
          0,           0,        6728,       -14.0296343,      -13.90529553,      -14.08042073
          0,           0,        6729,      -14.04785689,      -13.94193173,      -14.15905664
          0,           0,        6730,      -14.06115474,      -13.92232166,      -14.15649996
          0,           0,        6731,      -14.01640053,      -13.87668405,       -14.1062736
          0,           0,        6732,       -14.0364497,      -13.89547802,      -14.09590103
          0,           0,        6733,      -14.10097492,      -13.98219935,      -14.18086437
          0,           0,        6734,      -14.11328853,      -13.97970493,      -14.19516742
          0,           0,        6735,      -14.00846244,       -13.8769403,      -14.10314947
          0,           0,        6736,      -14.03099815,        -13.914417,       -14.1438444
          0,           0,        6737,      -14.06139021,      -13.93754468,      -14.17262068
          0,           0,        6738,      -14.01405577,      -13.88839752,      -14.15066346
          0,           0,        6739,      -14.05461893,      -13.92954634,      -14.09483569
          0,           0,        6740,      -14.03309721,      -13.90841804,      -14.15149367
          0,           0,        6741,      -13.89921043,       -13.7772197,      -14.04990357
          0,           0,        6742,      -14.03603281,      -13.91677849,      -14.14494473
          0,           0,        6743,      -14.03793823,      -13.93274969,       -14.1753752
          0,           0,        6744,      -14.04001145,      -13.93223618,      -14.21287888
          0,           0,        6745,      -14.03641127,      -13.91396086,      -14.11691526
          0,           0,        6746,        -13.985857,       -13.8546388,      -14.12149007
          0,           0,        6747,      -14.00262633,      -13.87752302,      -14.14532932
          0,           0,        6748,       -14.0323959,      -13.90264845,      -14.10650205
          0,           0,        6749,      -13.97672514,      -13.84503126,      -14.14949686
          0,           0,        6750,      -14.08221232,      -13.96069643,      -14.14492668
          0,           0,        6751,      -14.02521602,      -13.89929537,      -14.17176641
          0,           0,        6752,      -14.00781327,      -13.86974101,       -14.1318257
          0,           0,        6753,      -14.05949414,      -13.94795848,      -14.17167686
          0,           0,        6754,      -14.09335101,      -13.95240874,      -14.17870777
          0,           0,        6755,       -13.9683965,      -13.83936964,      -14.09720669
          0,           0,        6756,      -13.99363162,      -13.86153421,      -14.11064049
          0,           0,        6757,      -13.95510373,      -13.83354708,      -14.10071372
          0,           0,        6758,      -14.07801633,      -13.94736744,      -14.18277408
          0,           0,        6759,      -14.12260434,      -13.99375982,      -14.22447571
          0,           0,        6760,      -14.07208018,       -13.9520792,      -14.13704427
          0,           0,        6761,      -13.95625073,      -13.83754546,      -14.08825798
          0,           0,        6762,      -14.12509515,      -13.99030882,      -14.15721881
          0,           0,        6763,      -14.07540962,      -13.94289626,      -14.18417367
          0,           0,        6764,       -14.0759386,      -13.94927527,      -14.16172594
          0,           0,        6765,      -14.01584653,      -13.90290913,      -14.16923408
          0,           0,        6766,      -14.00856453,      -13.87976446,      -14.08854754
          0,           0,        6767,       -14.0448968,      -13.94063555,      -14.12755065
          0,           0,        6768,      -13.97016256,      -13.85148048,      -14.09187364
          0,           0,        6769,      -13.98190398,      -13.83610253,      -14.12387526
          0,           0,        6770,      -14.08390238,      -13.93713177,      -14.20663864
          0,           0,        6771,      -14.01807811,       -13.8989693,       -14.1457796
          0,           0,        6772,      -14.01424977,      -13.90448443,      -14.14055289
          0,           0,        6773,      -14.05564442,      -13.94555573,      -14.17690086
          0,           0,        6774,      -13.99071193,      -13.88140818,       -14.1436679
          0,           0,        6775,       -14.0847007,      -13.95992097,       -14.1961369
          0,           0,        6776,      -14.08169328,      -13.96585079,      -14.17654604
          0,           0,        6777,      -14.11907847,      -13.98743645,      -14.18809949
          0,           0,        6778,      -14.01699087,      -13.89537287,      -14.14913228
          0,           0,        6779,      -13.98236156,      -13.86449114,      -14.08698799
          0,           0,        6780,      -14.01274826,      -13.88256682,      -14.19759987
          0,           0,        6781,      -14.03456016,      -13.89557948,      -14.13839588
          0,           0,        6782,      -13.99244162,      -13.86992866,      -14.13995314
          0,           0,        6783,      -13.95477036,      -13.83342599,      -14.07855752
          0,           0,        6784,      -14.02958716,      -13.89516662,      -14.07908463
          0,           0,        6785,      -13.98248274,      -13.85310513,      -14.15192272
          0,           0,        6786,      -14.05337804,      -13.90713748,      -14.13274558
          0,           0,        6787,      -14.05996335,      -13.94558847,      -14.14488134
          0,           0,        6788,      -14.11493121,      -13.98642629,      -14.24923027
          0,           0,        6789,      -14.04289896,      -13.91382747,      -14.13636162
          0,           0,        6790,       -14.0491779,      -13.92153979,      -14.14500046
          0,           0,        6791,      -14.00536574,      -13.86932612,       -14.1454842
          0,           0,        6792,      -14.03251938,      -13.91760308,      -14.20760371
          0,           0,        6793,      -14.04536285,      -13.94691873,      -14.18923941
          0,           0,        6794,       -14.1254795,      -13.98955362,      -14.15968967
          0,           0,        6795,      -14.04759109,      -13.91635826,      -14.15896103
          0,           0,        6796,      -14.07024472,      -13.94648725,      -14.22136302
          0,           0,        6797,      -13.99057717,      -13.86979278,      -14.14232006
          0,           0,        6798,       -13.9584954,      -13.84520943,      -14.09929534
          0,           0,        6799,        -14.074699,      -13.96336171,      -14.12221153
          0,           0,        6800,       -14.0049989,      -13.88089451,      -14.11366984
          0,           0,        6801,       -14.0953533,      -13.95368688,      -14.14954044
          0,           0,        6802,      -14.02389469,      -13.88181724,      -14.13779369
          0,           0,        6803,      -14.01335095,      -13.85629142,       -14.0664952
          0,           0,        6804,      -13.97730719,      -13.85096327,      -14.16440631
          0,           0,        6805,      -14.10805216,      -13.97782596,      -14.19679034
          0,           0,        6806,      -13.98746865,      -13.87160512,      -14.13987863
          0,           0,        6807,      -14.10332973,      -13.97015482,      -14.15285348
          0,           0,        6808,      -14.00019753,      -13.86546529,        -14.126122
          0,           0,        6809,      -14.00160142,      -13.87747924,      -14.14461626
          0,           0,        6810,      -14.06271033,      -13.93841888,      -14.20374112
          0,           0,        6811,      -14.04806362,      -13.92204166,      -14.15147428
          0,           0,        6812,      -14.05764543,      -13.93042536,      -14.12599025
          0,           0,        6813,      -14.07584925,      -13.96341222,      -14.18927185
          0,           0,        6814,      -14.06947655,      -13.95821969,      -14.14856388
          0,           0,        6815,      -14.08803836,      -13.96514298,      -14.18974575
          0,           0,        6816,      -14.07852373,      -13.95893827,      -14.19303671
          0,           0,        6817,      -14.04717981,      -13.91408174,      -14.08229108
          0,           0,        6818,       -13.9891461,      -13.83738134,      -14.09194877
          0,           0,        6819,      -14.10412246,      -13.96280192,      -14.19643275
          0,           0,        6820,       -14.0247386,       -13.9016072,      -14.13652401
          0,           0,        6821,      -14.01436361,      -13.87652358,      -14.09823869
          0,           0,        6822,      -14.01859679,      -13.87813761,      -14.13564754
          0,           0,        6823,       -14.0381652,      -13.90925046,       -14.2143631
          0,           0,        6824,      -14.01325652,       -13.8802608,       -14.1525641
          0,           0,        6825,      -14.02386154,      -13.91728711,      -14.17913219
          0,           0,        6826,       -13.9962116,      -13.87559417,      -14.09962304
          0,           0,        6827,      -14.08186015,      -13.94119997,      -14.17154622
          0,           0,        6828,      -14.04069362,       -13.9125386,      -14.08739771
          0,           0,        6829,      -13.91909474,      -13.78703833,      -14.06159196
          0,           0,        6830,      -14.01832199,      -13.90703707,      -14.14225749
          0,           0,        6831,      -14.09528153,       -13.9959984,      -14.17426741
          0,           0,        6832,      -14.08111695,      -13.97798368,      -14.13809594
          0,           0,        6833,      -13.98672335,       -13.8480898,      -14.10172276
          0,           0,        6834,      -13.96624207,      -13.83661252,      -14.12007383
          0,           0,        6835,      -14.13063097,      -14.01862057,      -14.23880963
          0,           0,        6836,      -14.02204023,      -13.88523571,      -14.12321998
          0,           0,        6837,      -13.98885311,      -13.87394023,      -14.09297338
          0,           0,        6838,      -14.02835207,      -13.90912729,      -14.17352368
          0,           0,        6839,      -14.08567103,      -13.95128026,      -14.18762672
          0,           0,        6840,      -14.04860043,      -13.92017547,      -14.13424184
          0,           0,        6841,       -13.9820927,      -13.86330164,      -14.12817113
          0,           0,        6842,      -14.14342299,      -14.01698864,      -14.14046054
          0,           0,        6843,      -14.04502705,        -13.923642,      -14.17397267
          0,           0,        6844,      -14.02396002,      -13.89768112,      -14.12949807
          0,           0,        6845,      -14.05144539,       -13.9183353,      -14.20807285
          0,           0,        6846,      -13.98602698,      -13.86042025,      -14.10055361
          0,           0,        6847,      -14.04206441,      -13.92754912,      -14.13283803
          0,           0,        6848,      -14.03800712,      -13.90615792,      -14.15480869
          0,           0,        6849,      -13.98014895,      -13.85086155,      -14.11831593
          0,           0,        6850,       -14.0962169,      -13.97582026,      -14.18383994
          0,           0,        6851,      -14.04751274,      -13.91555061,      -14.14444026
          0,           0,        6852,      -14.02049264,      -13.88533076,      -14.10804002
          0,           0,        6853,      -13.97439476,       -13.8079836,      -14.09011316
          0,           0,        6854,      -14.02003613,       -13.8707554,      -14.11153445
          0,           0,        6855,      -14.06798522,      -13.96045319,      -14.15871312
          0,           0,        6856,      -14.09387386,      -13.94220573,      -14.19476614
          0,           0,        6857,      -14.05379334,      -13.91944733,      -14.15052024
          0,           0,        6858,      -14.01276331,      -13.88285902,      -14.07423631
          0,           0,        6859,      -13.98385523,      -13.85428815,      -14.16984635
          0,           0,        6860,      -13.99857692,       -13.8735144,      -14.09657894
          0,           0,        6861,      -14.01719773,      -13.89655064,      -14.16680785
          0,           0,        6862,      -13.99503281,       -13.8742628,       -14.1494055
          0,           0,        6863,      -14.00769389,      -13.88442654,      -14.11133812
          0,           0,        6864,      -14.05264673,      -13.92041794,       -14.1419161
          0,           0,        6865,      -14.02986168,      -13.93033582,      -14.12075825
          0,           0,        6866,      -14.07120315,      -13.94631346,      -14.15909911
          0,           0,        6867,      -14.03564267,      -13.91024229,      -14.19286746
          0,           0,        6868,      -14.02339361,      -13.91485847,      -14.16551132
          0,           0,        6869,      -14.00352167,      -13.88074308,      -14.09785413
          0,           0,        6870,      -14.06441267,      -13.95333264,      -14.14500129
          0,           0,        6871,      -14.02144067,      -13.91835139,      -14.12758246
          0,           0,        6872,      -14.00771745,      -13.87909075,      -14.17401133
          0,           0,        6873,      -14.01774825,       -13.8989037,      -14.18310232
          0,           0,        6874,      -14.05465015,      -13.95333901,      -14.09642282
          0,           0,        6875,      -14.08605373,      -13.97051346,      -14.15649371
          0,           0,        6876,      -14.05773802,      -13.92978857,      -14.16455476
          0,           0,        6877,      -14.09482356,       -13.9682188,      -14.16117735
          0,           0,        6878,      -14.04833642,      -13.92034935,      -14.13353507
          0,           0,        6879,      -14.05235002,      -13.91913275,      -14.19489715
          0,           0,        6880,      -14.01302752,      -13.89113882,      -14.13796242
          0,           0,        6881,      -14.03446406,      -13.90425705,      -14.15244862
          0,           0,        6882,      -13.99940077,        -13.877576,      -14.10146338
          0,           0,        6883,      -14.07381354,      -13.94803864,      -14.20195508
          0,           0,        6884,      -14.01718033,      -13.89946396,      -14.18631677
          0,           0,        6885,       -14.0908233,      -13.93860142,      -14.17613232
          0,           0,        6886,       -14.0574321,       -13.9371321,      -14.14382387
          0,           0,        6887,      -14.07097724,      -13.94781882,      -14.12146043
          0,           0,        6888,      -13.98275033,      -13.87660412,      -14.12051171
          0,           0,        6889,      -14.16889213,      -14.02656374,      -14.23205119
          0,           0,        6890,      -14.07139751,      -13.92797319,      -14.15509824
          0,           0,        6891,      -13.94337857,      -13.82581125,      -14.09567543
          0,           0,        6892,       -14.1011288,      -13.97563477,      -14.15271939
          0,           0,        6893,      -14.09787151,      -13.96863951,      -14.17665646
          0,           0,        6894,      -14.03663236,      -13.90412868,      -14.16036094
          0,           0,        6895,      -14.07685427,      -13.94176981,      -14.17591247
          0,           0,        6896,      -14.09485395,      -13.96505009,      -14.19614412
          0,           0,        6897,       -14.0315535,      -13.89822782,      -14.18746678
          0,           0,        6898,      -14.13491572,      -14.01985942,      -14.20821752
          0,           0,        6899,      -14.04912447,      -13.92660196,      -14.11279359
          0,           0,        6900,        -14.047838,      -13.92789678,      -14.18915652
          0,           0,        6901,      -14.05164745,       -13.9275214,      -14.13402328
          0,           0,        6902,      -14.03177797,      -13.90063249,       -14.1061012
          0,           0,        6903,      -14.00857362,      -13.87899584,      -14.12544082
          0,           0,        6904,      -13.99624162,      -13.88293637,      -14.14606461
          0,           0,        6905,      -14.08706167,       -13.9847971,      -14.17899436
          0,           0,        6906,      -14.02736777,      -13.91937316,      -14.15059596
          0,           0,        6907,      -13.95815279,      -13.84548855,      -14.11704698
          0,           0,        6908,      -14.12532338,      -13.99312529,      -14.18711575
          0,           0,        6909,      -14.01385006,       -13.8986147,      -14.09429755
          0,           0,        6910,      -14.05356116,      -13.92063441,      -14.15835845
          0,           0,        6911,      -14.05907852,         -13.92656,      -14.20688947
          0,           0,        6912,      -14.04876913,      -13.91859723,      -14.14759977
          0,           0,        6913,      -14.04931221,      -13.91930308,      -14.19503717
          0,           0,        6914,      -14.04909211,       -13.9094384,      -14.15683642
          0,           0,        6915,      -14.04143546,      -13.91944986,      -14.15907012
          0,           0,        6916,       -14.0048909,      -13.88959327,       -14.1667963
          0,           0,        6917,      -14.15923472,      -14.04050055,      -14.20313979
          0,           0,        6918,      -14.11904076,      -13.99388557,      -14.19344362
          0,           0,        6919,      -14.01057702,      -13.88160671,      -14.13673906
          0,           0,        6920,      -14.03362255,      -13.91608266,      -14.09864478
          0,           0,        6921,      -13.95815304,      -13.82750007,      -14.10762374
          0,           0,        6922,       -14.0880669,      -13.98995988,      -14.14235664
          0,           0,        6923,      -14.04939096,      -13.94184272,      -14.17195556
          0,           0,        6924,      -14.00804722,      -13.87665585,      -14.10307074
          0,           0,        6925,      -14.01000966,      -13.89470159,      -14.16533413
          0,           0,        6926,       -14.0978743,      -13.97187253,      -14.19653561
          0,           0,        6927,      -14.06165434,      -13.93954596,      -14.12545464
          0,           0,        6928,      -14.02050715,       -13.8883936,      -14.07265822
          0,           0,        6929,      -13.98642998,      -13.85015271,      -14.14223037
          0,           0,        6930,      -14.07802902,      -13.93807894,      -14.20003526
          0,           0,        6931,       -14.0617194,      -13.95221252,      -14.17681045
          0,           0,        6932,      -14.09434064,      -13.97540524,      -14.18386896
          0,           0,        6933,      -14.07205991,      -13.94908939,      -14.15494022
          0,           0,        6934,      -14.04023907,      -13.93460701,      -14.14555096
          0,           0,        6935,      -14.03483545,      -13.91231877,      -14.20368427
          0,           0,        6936,      -14.05087843,       -13.9160469,      -14.13410621
          0,           0,        6937,      -14.02091291,      -13.87635833,      -14.07398856
          0,           0,        6938,      -14.04441041,      -13.91706071,      -14.17141402
          0,           0,        6939,       -14.1042107,       -13.9676497,      -14.20472943
          0,           0,        6940,      -14.09041877,      -13.95238975,      -14.16936569
          0,           0,        6941,      -13.96968276,      -13.85323875,       -14.1588458
          0,           0,        6942,      -14.03323754,      -13.90911889,      -14.15308144
          0,           0,        6943,      -14.05140526,      -13.91452599,      -14.16111757
          0,           0,        6944,      -14.06500268,      -13.93397179,      -14.23755781
          0,           0,        6945,      -14.02781238,      -13.91082971,      -14.14411662
          0,           0,        6946,      -14.00808344,      -13.91214983,      -14.12576665
          0,           0,        6947,      -13.99602748,      -13.88482058,      -14.18658903
          0,           0,        6948,      -14.08711726,      -13.95983872,      -14.17271979
          0,           0,        6949,      -13.95189156,      -13.82947273,      -14.15533378
          0,           0,        6950,      -14.06313101,      -13.95000527,      -14.12741092
          0,           0,        6951,      -14.07019208,      -13.95414378,      -14.17689784
          0,           0,        6952,      -14.10889137,      -13.97589065,      -14.25803997
          0,           0,        6953,      -14.09908347,      -13.95499084,      -14.15915669
          0,           0,        6954,      -14.15511584,      -14.01986046,      -14.19597334
          0,           0,        6955,      -14.02018801,      -13.89678393,      -14.14455567
          0,           0,        6956,      -14.07554202,      -13.94829806,      -14.19430716
          0,           0,        6957,       -14.0582466,      -13.93789507,      -14.15664411
          0,           0,        6958,      -14.02692525,       -13.9104714,      -14.12980219
          0,           0,        6959,      -14.09449163,      -13.99789542,      -14.15686953
          0,           0,        6960,       -14.0683901,      -13.93855101,      -14.14891151
          0,           0,        6961,      -14.02837192,        -13.899818,      -14.13840975
          0,           0,        6962,      -13.98090349,      -13.85772634,      -14.12060093
          0,           0,        6963,      -14.00459883,      -13.88929226,      -14.11758964
          0,           0,        6964,      -14.08268308,      -13.95604512,      -14.20651525
          0,           0,        6965,      -14.10334742,      -13.98047946,      -14.20486706
          0,           0,        6966,      -14.03855033,      -13.90262592,      -14.16769732
          0,           0,        6967,      -14.07283786,      -13.97235076,       -14.1648565
          0,           0,        6968,       -13.9214005,      -13.80096266,      -14.11701761
          0,           0,        6969,      -14.09670228,       -14.0030011,      -14.18231813
          0,           0,        6970,      -14.03022456,      -13.91742726,      -14.10499207
          0,           0,        6971,      -14.04608918,       -13.9113828,      -14.12786021
          0,           0,        6972,      -14.00956322,      -13.88593035,      -14.10343345
          0,           0,        6973,      -14.10330158,      -13.98437397,      -14.19040403
          0,           0,        6974,      -14.10423645,      -13.96864024,      -14.21333743
          0,           0,        6975,      -14.10212833,      -13.97183433,      -14.17649994
          0,           0,        6976,       -14.0282931,      -13.89673379,      -14.13511901
          0,           0,        6977,      -14.09443501,      -13.96588648,      -14.20178804
          0,           0,        6978,       -14.0257733,      -13.88340885,      -14.10304442
          0,           0,        6979,      -13.96615807,      -13.84650438,      -14.15070368
          0,           0,        6980,       -14.0772697,      -13.95539179,      -14.23849308
          0,           0,        6981,      -14.06673792,       -13.9428405,      -14.27796929
          0,           0,        6982,      -14.02213529,      -13.91241272,      -14.19351025
          0,           0,        6983,      -14.05897593,      -13.95052696,      -14.20369183
          0,           0,        6984,      -14.05576509,       -13.9296599,      -14.19003568
          0,           0,        6985,      -14.06514515,      -13.95312669,      -14.17503888
          0,           0,        6986,        -14.074586,      -13.95384099,      -14.13498628
          0,           0,        6987,      -14.02644215,      -13.88835921,      -14.14326099
          0,           0,        6988,      -14.05230434,      -13.93354753,      -14.12322978
          0,           0,        6989,      -14.02048264,      -13.89645121,      -14.11796304
          0,           0,        6990,      -13.99793152,      -13.88780606,      -14.13426722
          0,           0,        6991,      -14.00513538,      -13.89767201,      -14.16258058
          0,           0,        6992,      -14.04381631,      -13.92065435,      -14.12549963
          0,           0,        6993,      -14.03513837,      -13.89933332,      -14.15010768
          0,           0,        6994,      -14.11744291,      -13.99108186,      -14.16413481
          0,           0,        6995,      -14.04309045,      -13.90418293,      -14.11450722
          0,           0,        6996,       -14.0477834,      -13.93661046,      -14.22068678
          0,           0,        6997,      -14.08725047,      -13.96914225,      -14.19203907
          0,           0,        6998,      -14.05326471,      -13.92411564,      -14.14119676
          0,           0,        6999,      -14.00382067,      -13.87392578,      -14.12941765
          0,           0,        7000,      -14.08329638,      -13.94043586,      -14.18581691
          0,           0,        7001,       -14.0620187,      -13.93108751,      -14.16381374
          0,           0,        7002,      -14.12082657,      -13.99444404,      -14.17005665
          0,           0,        7003,      -14.06102983,      -13.93461548,      -14.16399962
          0,           0,        7004,      -14.09339857,      -13.98089932,      -14.16685957
          0,           0,        7005,       -14.0726673,      -13.94701621,      -14.15984232
          0,           0,        7006,       -14.0730162,      -13.93788786,      -14.16974954
          0,           0,        7007,      -14.03288236,      -13.90769651,       -14.1376202
          0,           0,        7008,      -14.10137638,      -13.98859733,      -14.15738069
          0,           0,        7009,      -14.11382378,      -13.97756637,      -14.21069092
          0,           0,        7010,      -14.08672452,      -13.95521446,      -14.23891268
          0,           0,        7011,      -14.10657482,      -13.99437685,      -14.17857616
          0,           0,        7012,       -14.0617153,      -13.93813998,      -14.15948304
          0,           0,        7013,      -14.02702289,      -13.88643524,      -14.16943492
          0,           0,        7014,      -14.03057912,      -13.90421616,      -14.14292057
          0,           0,        7015,      -14.00124222,      -13.87890802,      -14.07034726
          0,           0,        7016,      -14.05520126,      -13.92266907,      -14.15192835
          0,           0,        7017,      -13.95461421,      -13.83079996,      -14.11061435
          0,           0,        7018,      -14.06760626,      -13.93100522,      -14.12650527
          0,           0,        7019,      -14.03298659,      -13.91619012,      -14.15172204
          0,           0,        7020,       -14.0522454,      -13.94447072,      -14.13886883
          0,           0,        7021,      -14.04515495,      -13.92462535,      -14.20965825
          0,           0,        7022,      -14.00661788,       -13.8775213,      -14.12459501
          0,           0,        7023,      -14.09061375,      -13.96692213,      -14.17651399
          0,           0,        7024,      -14.02493529,      -13.90007227,      -14.13394717
          0,           0,        7025,      -14.11759934,       -13.9812585,      -14.22651946
          0,           0,        7026,      -14.03640267,      -13.91243129,      -14.21179232
          0,           0,        7027,      -14.13307177,      -14.00748167,      -14.18764116
          0,           0,        7028,       -14.0276235,       -13.8980937,       -14.1695038
          0,           0,        7029,      -14.03686049,      -13.90584031,      -14.14000018
          0,           0,        7030,      -14.06419966,      -13.96085826,      -14.13694614
          0,           0,        7031,      -14.02902842,      -13.91470015,      -14.10316605
          0,           0,        7032,      -13.97761896,      -13.86025224,      -14.13271208
          0,           0,        7033,      -13.99689107,      -13.85964404,      -14.09471092
          0,           0,        7034,      -14.06301297,      -13.92327291,       -14.1445527
          0,           0,        7035,      -14.09041981,       -13.9761949,      -14.18824568
          0,           0,        7036,      -14.04808071,      -13.91533094,      -14.10626422
          0,           0,        7037,      -13.96551741,      -13.84486955,      -14.08089209
          0,           0,        7038,      -14.02864143,      -13.89848067,      -14.13809961
          0,           0,        7039,      -13.96300966,      -13.82880319,      -14.12748295
          0,           0,        7040,      -14.04957611,      -13.92539905,      -14.18593621
          0,           0,        7041,      -13.99497858,      -13.87153925,      -14.10171446
          0,           0,        7042,      -14.08155359,      -13.96979303,      -14.15332989
          0,           0,        7043,      -14.02618604,      -13.87603319,       -14.1287657
          0,           0,        7044,      -13.99616555,      -13.85803552,      -14.11946855
          0,           0,        7045,      -13.98424393,      -13.86362063,      -14.12767445
          0,           0,        7046,      -14.01221991,      -13.90094508,      -14.19355889
          0,           0,        7047,      -14.06194469,      -13.95272908,      -14.20052243
          0,           0,        7048,      -14.02754674,      -13.89775746,      -14.18247217
          0,           0,        7049,      -14.13833221,      -13.99219105,      -14.17804094
          0,           0,        7050,      -14.00337289,      -13.86209964,      -14.13495336
          0,           0,        7051,      -14.13661683,      -13.99607034,      -14.23022325
          0,           0,        7052,      -14.12462896,      -14.00970551,      -14.23394232
          0,           0,        7053,      -14.07576001,      -13.96337881,      -14.14961122
          0,           0,        7054,      -14.01077382,      -13.89778355,      -14.12185797
          0,           0,        7055,      -14.07744716,      -13.95800594,       -14.1964129
          0,           0,        7056,      -14.02261347,      -13.91887245,      -14.19805035
          0,           0,        7057,      -14.05504706,      -13.93093379,      -14.11872128
          0,           0,        7058,      -14.10427525,      -13.97229053,      -14.17110066
          0,           0,        7059,      -14.06671843,      -13.93241076,      -14.13205493
          0,           0,        7060,      -14.04790773,      -13.92222739,      -14.11862204
          0,           0,        7061,       -13.9825319,      -13.86633142,       -14.1228589
          0,           0,        7062,      -14.01873843,      -13.89839243,      -14.12683706
          0,           0,        7063,      -14.03071898,      -13.90833705,      -14.12961278
          0,           0,        7064,      -14.04977696,      -13.93876996,        -14.141831
          0,           0,        7065,      -14.06987533,      -13.94301347,      -14.19028577
          0,           0,        7066,      -14.09142886,      -13.97499356,      -14.18305343
          0,           0,        7067,      -13.98881409,      -13.83447948,      -14.12186921
          0,           0,        7068,      -14.01862829,      -13.90138109,      -14.07646192
          0,           0,        7069,      -14.07500311,      -13.94050343,      -14.17956013
          0,           0,        7070,      -14.11044231,       -13.9800757,      -14.18776491
          0,           0,        7071,      -14.05451156,      -13.92029344,      -14.12062827
          0,           0,        7072,      -14.03739436,       -13.9059421,      -14.15457513
          0,           0,        7073,      -14.11159739,      -13.97482101,      -14.21299451
          0,           0,        7074,      -14.01094681,       -13.9039554,      -14.13172068
          0,           0,        7075,      -14.08306497,      -13.96720563,      -14.18482935
          0,           0,        7076,      -14.05278376,      -13.92895888,      -14.16232935
          0,           0,        7077,      -14.08215767,      -13.95387248,      -14.15866435
          0,           0,        7078,      -14.09373877,      -13.95292825,      -14.16745834
          0,           0,        7079,      -14.03178334,      -13.90631997,      -14.15153383
          0,           0,        7080,      -14.00540098,      -13.86987966,      -14.11851539
          0,           0,        7081,      -13.99738206,       -13.8764384,        -14.076004
          0,           0,        7082,       -14.0001878,      -13.88297476,      -14.10037285
          0,           0,        7083,      -13.99244115,      -13.88756699,      -14.13329027
          0,           0,        7084,      -14.05836158,      -13.93641002,      -14.13911938
          0,           0,        7085,       -14.0646926,      -13.91930038,      -14.13280302
          0,           0,        7086,      -14.05721981,      -13.92315772,      -14.24106012
          0,           0,        7087,      -14.07186369,      -13.94844085,      -14.16035455
          0,           0,        7088,      -14.08317525,      -13.96578556,      -14.17341222
          0,           0,        7089,      -13.99872478,      -13.87059341,      -14.08028749
          0,           0,        7090,      -13.90730039,      -13.78131016,      -14.12863668
          0,           0,        7091,      -13.99148335,      -13.86545333,      -14.11185649
          0,           0,        7092,      -14.03101302,      -13.90106173,      -14.13687013
          0,           0,        7093,      -14.02619043,      -13.89665218,      -14.11977831
          0,           0,        7094,      -14.03657857,      -13.92401317,      -14.14721215
          0,           0,        7095,      -14.09070959,      -13.97833669,      -14.18555445
          0,           0,        7096,      -14.05167796,      -13.92741819,      -14.15082248
          0,           0,        7097,      -14.04720489,      -13.92256688,       -14.1148677
          0,           0,        7098,      -13.98008431,      -13.84222197,      -14.15542757
          0,           0,        7099,      -14.07797665,      -13.93115107,      -14.17334272
          0,           0,        7100,      -14.01830391,      -13.88912671,      -14.10338024
          0,           0,        7101,      -14.00724885,      -13.89117295,      -14.14842968
          0,           0,        7102,      -13.98100756,      -13.85529534,      -14.13462427
          0,           0,        7103,       -14.0349893,      -13.89832453,      -14.16483156
          0,           0,        7104,      -13.97528197,      -13.83482556,      -14.09829113
          0,           0,        7105,      -13.99685149,      -13.88407423,      -14.12827527
          0,           0,        7106,      -14.04364108,      -13.91768036,       -14.1436205
          0,           0,        7107,      -13.97916169,      -13.86022165,      -14.13304921
          0,           0,        7108,        -13.970102,      -13.85062584,      -14.09324181
          0,           0,        7109,      -14.12995601,      -13.99716773,      -14.17794826
          0,           0,        7110,      -14.12550518,      -13.98809936,      -14.21048037
          0,           0,        7111,      -14.02831355,       -13.9009973,      -14.13507969
          0,           0,        7112,      -14.01383095,      -13.89015267,       -14.1378879
          0,           0,        7113,      -14.04916822,      -13.91141494,      -14.15343948
          0,           0,        7114,      -14.11002386,      -13.97898696,      -14.16627104
          0,           0,        7115,      -14.03554815,      -13.92515957,      -14.18986608
          0,           0,        7116,       -14.0842866,      -13.95385002,      -14.15019191
          0,           0,        7117,      -14.00288589,      -13.86283915,      -14.10870497
          0,           0,        7118,      -14.08542472,      -13.95532044,      -14.16172408
          0,           0,        7119,      -13.99267518,      -13.85938065,      -14.17063546
          0,           0,        7120,      -14.03714878,       -13.9123041,      -14.11419021
          0,           0,        7121,      -14.06374412,      -13.92263009,      -14.17210844
          0,           0,        7122,      -14.09056345,      -13.97204805,      -14.16519742
          0,           0,        7123,      -14.06502153,      -13.93294194,      -14.16715997
          0,           0,        7124,      -14.04161296,      -13.90264616,      -14.11979666
          0,           0,        7125,      -13.96696177,      -13.82043416,      -14.05026467
          0,           0,        7126,      -13.95728294,      -13.81878598,      -14.11902522
          0,           0,        7127,       -14.0144975,      -13.89780357,      -14.06693608
          0,           0,        7128,      -14.00178822,      -13.88462377,      -14.08667834
          0,           0,        7129,      -14.05259817,      -13.92169594,      -14.18614349
          0,           0,        7130,      -14.08021014,      -13.96076619,      -14.15911561
          0,           0,        7131,      -14.01293491,      -13.88211783,       -14.1094097
          0,           0,        7132,      -14.05156876,      -13.91515024,      -14.18537814
          0,           0,        7133,      -14.07850268,      -13.96321723,        -14.130678
          0,           0,        7134,       -14.0499308,      -13.92953256,      -14.13201348
          0,           0,        7135,       -14.0366399,      -13.92916531,      -14.16003189
          0,           0,        7136,      -14.03964445,      -13.89653139,      -14.09601729
          0,           0,        7137,      -14.06241645,      -13.92678898,      -14.17652757
          0,           0,        7138,      -14.00923894,      -13.88504955,      -14.11367371
          0,           0,        7139,      -14.01972458,      -13.91075286,      -14.15284037
          0,           0,        7140,      -14.08502185,      -13.96322978,      -14.18088491
          0,           0,        7141,      -14.06820315,      -13.96134246,      -14.15323126
          0,           0,        7142,      -13.99619716,       -13.8642222,       -14.1048939
          0,           0,        7143,      -14.02307447,      -13.91058894,      -14.19888053
          0,           0,        7144,      -14.09211044,      -13.97184965,      -14.14473961
          0,           0,        7145,      -14.13558971,      -14.01722923,      -14.17967191
          0,           0,        7146,      -14.01485538,      -13.90388568,      -14.11591281
          0,           0,        7147,      -14.08341514,      -13.95988645,      -14.17618306
          0,           0,        7148,      -14.01745888,      -13.88857985,      -14.06258994
          0,           0,        7149,      -13.99630373,      -13.87793336,      -14.13515853
          0,           0,        7150,      -14.06636387,      -13.94336401,      -14.16701936
          0,           0,        7151,      -14.10292393,      -13.97340826,      -14.19404499
          0,           0,        7152,      -14.05009029,      -13.90797952,      -14.10881329
          0,           0,        7153,      -14.00854425,       -13.8784591,      -14.11951917
          0,           0,        7154,      -14.06719697,      -13.93786254,      -14.13251785
          0,           0,        7155,      -14.05441145,      -13.93039205,      -14.15497402
          0,           0,        7156,      -14.00833812,      -13.89359131,       -14.1387661
          0,           0,        7157,      -14.04260105,      -13.92638081,      -14.19103337
          0,           0,        7158,      -14.01114592,      -13.87109408,      -14.15486874
          0,           0,        7159,      -13.99033658,      -13.85394744,       -14.0938518
          0,           0,        7160,      -14.05469718,      -13.93043872,       -14.1625401
          0,           0,        7161,      -13.99305674,      -13.86005172,      -14.11328236
          0,           0,        7162,       -13.9688369,      -13.84326304,      -14.10369655
          0,           0,        7163,        -14.064225,      -13.93501005,      -14.15534893
          0,           0,        7164,      -14.03904381,      -13.92531967,      -14.12916799
          0,           0,        7165,      -14.04188884,      -13.91674699,      -14.12173492
          0,           0,        7166,      -14.02326092,      -13.89294153,      -14.16938574
          0,           0,        7167,       -14.0306238,      -13.89507752,      -14.15148183
          0,           0,        7168,      -14.07381317,      -13.96884227,      -14.16246972
          0,           0,        7169,      -14.04690145,      -13.91139805,      -14.15623026
          0,           0,        7170,       -14.1842801,      -14.03152112,      -14.23707086
          0,           0,        7171,      -14.12605206,      -13.99238667,      -14.18447019
          0,           0,        7172,      -14.09786897,       -13.9533561,      -14.17748471
          0,           0,        7173,      -14.05804909,      -13.94240999,      -14.20038658
          0,           0,        7174,      -13.99403798,      -13.89079271,      -14.14432586
          0,           0,        7175,       -14.0167062,      -13.90938423,      -14.13156523
          0,           0,        7176,      -13.91219983,      -13.78248756,      -14.12815709
          0,           0,        7177,       -13.9855747,       -13.8715424,      -14.13772658
          0,           0,        7178,      -14.09905905,      -13.96470501,      -14.20254131
          0,           0,        7179,      -14.04369851,      -13.92489635,      -14.20033309
          0,           0,        7180,      -14.05749898,      -13.93301441,       -14.1519625
          0,           0,        7181,      -14.06400971,      -13.93566164,      -14.22222861
          0,           0,        7182,       -14.1138133,      -13.97727296,      -14.19222922
          0,           0,        7183,      -14.13946369,      -14.01530708,      -14.23122507
          0,           0,        7184,      -14.06621843,      -13.94825743,      -14.13580786
          0,           0,        7185,      -14.02702741,      -13.89712369,      -14.12845635
          0,           0,        7186,      -13.98339558,      -13.84456144,      -14.14951258
          0,           0,        7187,      -14.06029607,      -13.94932368,      -14.18762043
          0,           0,        7188,      -14.02392815,       -13.9062622,       -14.1798185
          0,           0,        7189,      -14.03597649,      -13.91287765,       -14.1823917
          0,           0,        7190,      -14.03367028,       -13.9157095,       -14.1890728
          0,           0,        7191,      -13.99169816,       -13.8578855,      -14.17148217
          0,           0,        7192,      -14.02498668,      -13.89305263,      -14.14339591
          0,           0,        7193,      -14.02855849,      -13.90119056,      -14.16616456
          0,           0,        7194,      -14.03639863,      -13.90793185,      -14.11773128
          0,           0,        7195,      -14.09101548,      -13.97105014,      -14.14463077
          0,           0,        7196,      -14.09864913,      -13.97972244,      -14.21798656
          0,           0,        7197,      -13.97582785,      -13.85461431,      -14.11425086
          0,           0,        7198,      -14.00030344,      -13.89362606,      -14.14199488
          0,           0,        7199,      -14.12591175,      -13.99963515,      -14.20505869
          0,           0,        7200,      -14.07945587,      -13.94257989,      -14.19067629
          0,           0,        7201,      -13.99931929,      -13.86538307,      -14.11908217
          0,           0,        7202,      -14.14820263,      -14.01910647,      -14.23793198
          0,           0,        7203,      -14.07630524,      -13.92795499,      -14.14815021
          0,           0,        7204,      -14.00011493,      -13.87436808,      -14.09269771
          0,           0,        7205,      -14.06888349,      -13.94563646,      -14.20441212
          0,           0,        7206,      -14.02214266,      -13.89768449,      -14.11845596
          0,           0,        7207,      -14.01143074,       -13.9045331,      -14.12857649
          0,           0,        7208,      -13.97073527,      -13.83262813,      -14.14632816
          0,           0,        7209,      -14.06310596,      -13.93899877,      -14.13643257
          0,           0,        7210,      -14.06492063,       -13.9230844,      -14.16849256
          0,           0,        7211,       -14.1037725,      -13.97637451,      -14.13076211
          0,           0,        7212,       -14.0182887,      -13.88543502,      -14.16067254
          0,           0,        7213,      -14.01360504,      -13.89607443,      -14.23983313
          0,           0,        7214,      -14.03927997,      -13.92670991,      -14.13195424
          0,           0,        7215,      -14.07552529,      -13.96903586,      -14.20208839
          0,           0,        7216,      -14.01832348,      -13.89949453,      -14.16320381
          0,           0,        7217,       -14.0343634,      -13.90023014,      -14.15198161
          0,           0,        7218,      -14.08461914,      -13.96932263,       -14.1703658
          0,           0,        7219,      -14.15642239,      -14.01899828,      -14.21974779
          0,           0,        7220,      -14.06057551,      -13.92677077,      -14.07608299
          0,           0,        7221,      -13.99508176,      -13.86006401,      -14.14293972
          0,           0,        7222,      -14.05146619,      -13.91349575,      -14.13935482
          0,           0,        7223,      -14.04808602,      -13.89689087,      -14.13022778
          0,           0,        7224,      -14.07336191,      -13.94247041,      -14.15317974
          0,           0,        7225,      -14.09472181,      -13.95387515,      -14.18081174
          0,           0,        7226,      -14.08621995,      -13.93018174,      -14.15444578
          0,           0,        7227,      -14.00390637,      -13.87955679,      -14.11233435
          0,           0,        7228,      -14.05094115,      -13.91604195,       -14.1512705
          0,           0,        7229,      -14.11749607,       -13.9887989,       -14.2518705
          0,           0,        7230,      -14.02937336,      -13.89188405,      -14.14685876
          0,           0,        7231,      -13.98772692,      -13.86059229,      -14.12575778
          0,           0,        7232,      -14.05230028,      -13.94931902,      -14.15552629
          0,           0,        7233,      -14.10317695,      -14.01107121,      -14.16299985
          0,           0,        7234,      -14.05876611,      -13.93887177,      -14.08697489
          0,           0,        7235,       -13.9941072,       -13.8685026,      -14.06703269
          0,           0,        7236,      -14.09848129,       -13.9632265,      -14.12363518
          0,           0,        7237,      -13.99725305,      -13.86886448,      -14.12107394
          0,           0,        7238,      -14.08933265,      -13.96850476,      -14.18160561
          0,           0,        7239,      -13.98891277,      -13.86872931,      -14.08797719
          0,           0,        7240,      -14.13970958,      -14.01280576,      -14.24139416
          0,           0,        7241,        -13.985269,      -13.85242976,      -14.09246797
          0,           0,        7242,      -14.11287397,      -13.97529608,      -14.17343353
          0,           0,        7243,      -14.05657099,      -13.92941997,      -14.17648687
          0,           0,        7244,      -14.03351595,      -13.91306701,      -14.16783328
          0,           0,        7245,      -13.99027845,       -13.8768224,      -14.10410982
          0,           0,        7246,      -14.03759401,      -13.90702361,      -14.10803224
          0,           0,        7247,      -14.06415644,      -13.93016893,      -14.19932533
          0,           0,        7248,      -14.05054621,      -13.93825366,      -14.21616842
          0,           0,        7249,      -13.96049362,      -13.84733181,       -14.0567118
          0,           0,        7250,      -14.02482599,      -13.88314895,       -14.0918059
          0,           0,        7251,      -14.05851426,      -13.91582219,      -14.10870358
          0,           0,        7252,      -14.01427958,      -13.89052698,      -14.11738679
          0,           0,        7253,       -14.0709108,      -13.95627687,      -14.21174593
          0,           0,        7254,      -14.05832401,      -13.93264722,      -14.15509817
          0,           0,        7255,      -14.02010688,      -13.90438427,      -14.13460446
          0,           0,        7256,      -14.13457214,      -13.99592406,       -14.1955531
          0,           0,        7257,      -14.11333513,      -13.96203671,       -14.1575799
          0,           0,        7258,      -14.02559837,      -13.90332687,      -14.16954925
          0,           0,        7259,      -14.01995725,       -13.8977261,      -14.08334145
          0,           0,        7260,      -14.06716553,      -13.94346279,      -14.10674988
          0,           0,        7261,      -14.02107076,      -13.90025853,      -14.12130519
          0,           0,        7262,       -13.9896134,      -13.85455123,      -14.14394531
          0,           0,        7263,      -14.01402661,      -13.89769068,      -14.15992315
          0,           0,        7264,      -14.00999651,       -13.9097803,      -14.14415424
          0,           0,        7265,      -13.98612354,      -13.85734047,      -14.10169694
          0,           0,        7266,      -13.96024121,      -13.83610154,      -14.10456511
          0,           0,        7267,       -13.9971256,      -13.85991166,      -14.07219214
          0,           0,        7268,      -14.04745255,      -13.91955561,       -14.1452761
          0,           0,        7269,      -14.02432664,      -13.89782845,      -14.15266184
          0,           0,        7270,      -14.01292318,      -13.89655548,      -14.17646357
          0,           0,        7271,      -14.00896354,      -13.87244257,      -14.07961221
          0,           0,        7272,       -13.9733661,      -13.85504441,      -14.14914024
          0,           0,        7273,      -14.14424662,      -14.01269002,      -14.16190392
          0,           0,        7274,      -14.02185409,      -13.88857788,      -14.13244043
          0,           0,        7275,      -13.96561516,      -13.84327864,      -14.16730196
          0,           0,        7276,      -14.10309426,      -13.99366576,      -14.19919118
          0,           0,        7277,      -13.99144345,      -13.87165552,      -14.17001343
          0,           0,        7278,      -14.08010127,      -13.95298262,      -14.17691082
          0,           0,        7279,      -14.07091355,      -13.95530897,      -14.15544574
          0,           0,        7280,      -14.04806759,      -13.92844306,      -14.14406643
          0,           0,        7281,      -14.04096205,      -13.91037924,      -14.15516286
          0,           0,        7282,      -14.07070757,      -13.94486302,      -14.15492255
          0,           0,        7283,      -14.02789944,      -13.89883458,      -14.11205752
          0,           0,        7284,      -13.97923068,      -13.86210354,       -14.1342588
          0,           0,        7285,      -14.09239841,      -13.96451699,       -14.1870076
          0,           0,        7286,      -13.99170087,      -13.86762393,      -14.12559308
          0,           0,        7287,      -14.04291762,      -13.90970439,      -14.21900148
          0,           0,        7288,      -14.07885285,       -13.9571803,       -14.1581402
          0,           0,        7289,      -14.06394489,      -13.93891525,      -14.11159938
          0,           0,        7290,      -14.09786458,      -13.99960962,      -14.19523481
          0,           0,        7291,       -14.0792109,      -13.94443073,      -14.21736138
          0,           0,        7292,       -13.9952012,      -13.88028846,      -14.15152706
          0,           0,        7293,      -14.04173579,      -13.90324705,      -14.16644963
          0,           0,        7294,      -14.03953068,      -13.91171019,      -14.12613224
          0,           0,        7295,      -14.15439152,      -14.02965462,      -14.19463642
          0,           0,        7296,       -14.0747059,      -13.93225628,      -14.15237597
          0,           0,        7297,      -14.01901641,      -13.88366881,      -14.19676128
          0,           0,        7298,       -14.0523145,       -13.9094734,      -14.15633495
          0,           0,        7299,       -13.9891255,      -13.86246653,      -14.11448981
          0,           0,        7300,      -14.04571849,      -13.93605248,      -14.16300076
          0,           0,        7301,      -14.05175626,      -13.94418044,      -14.15678445
          0,           0,        7302,      -14.02811025,      -13.90370204,      -14.14866954
          0,           0,        7303,      -14.04507493,      -13.91230424,      -14.13632832
          0,           0,        7304,      -14.16160485,      -14.02925242,      -14.25415016
          0,           0,        7305,      -14.04210833,      -13.91040259,      -14.14796755
          0,           0,        7306,      -13.95270678,      -13.83191508,      -14.10201374
          0,           0,        7307,      -14.01235023,      -13.89657031,      -14.12617421
          0,           0,        7308,      -14.02117878,      -13.86979539,      -14.18107584
          0,           0,        7309,      -13.98884273,      -13.87963515,      -14.09445172
          0,           0,        7310,      -13.99628281,      -13.87169971,      -14.14046158
          0,           0,        7311,       -13.9996817,      -13.88475633,      -14.11711387
          0,           0,        7312,      -14.03315615,      -13.90632661,      -14.12322557
          0,           0,        7313,      -14.04837407,      -13.93333673,      -14.23228789
          0,           0,        7314,      -14.03297446,      -13.90356439,      -14.12248033
          0,           0,        7315,      -13.96366123,      -13.83886082,      -14.11717229
          0,           0,        7316,      -14.05230899,      -13.93665545,      -14.19517476
          0,           0,        7317,      -14.05292642,      -13.92752255,      -14.24300682
          0,           0,        7318,      -14.12842681,      -14.01801467,      -14.21367957
          0,           0,        7319,       -13.9966602,      -13.88550698,      -14.18278709
          0,           0,        7320,      -14.09112811,      -13.98062662,      -14.19576627
          0,           0,        7321,      -14.01223865,      -13.89307222,      -14.07577635
          0,           0,        7322,      -14.01484167,      -13.87457165,      -14.15335655
          0,           0,        7323,       -14.0608625,      -13.93430629,      -14.18594945
          0,           0,        7324,      -14.23356535,      -14.11412382,      -14.26804698
          0,           0,        7325,      -14.13531763,      -13.99675126,      -14.25593872
          0,           0,        7326,       -14.0715202,      -13.93455652,      -14.18551557
          0,           0,        7327,      -14.06286905,      -13.94256916,      -14.16210519
          0,           0,        7328,      -14.05549484,      -13.93836028,      -14.18556695
          0,           0,        7329,      -14.10121157,      -13.98391152,      -14.19127112
          0,           0,        7330,      -14.00732133,       -13.8716732,      -14.08668636
          0,           0,        7331,       -14.0607298,      -13.92868418,      -14.18016666
          0,           0,        7332,      -14.00743569,         -13.88802,      -14.12949269
          0,           0,        7333,      -14.12613562,      -14.00571055,      -14.25361659
          0,           0,        7334,      -14.05630957,      -13.94404075,      -14.20629966
          0,           0,        7335,      -14.08082187,      -13.96173699,      -14.15939343
          0,           0,        7336,       -14.0395423,      -13.89485229,      -14.10423265
          0,           0,        7337,      -13.97755169,      -13.84758646,      -14.10165963
          0,           0,        7338,      -13.99668519,      -13.88450729,      -14.14294353
          0,           0,        7339,      -14.06202003,      -13.94299888,      -14.15078963
          0,           0,        7340,      -13.92936576,      -13.81141869,      -14.10157898
          0,           0,        7341,      -14.05384544,      -13.93250279,       -14.1601547
          0,           0,        7342,      -13.98859792,      -13.86734732,      -14.11274382
          0,           0,        7343,      -14.01411472,      -13.89991376,      -14.13080867
          0,           0,        7344,      -14.06313138,      -13.93032341,       -14.1569336
          0,           0,        7345,      -14.04992407,      -13.91705274,      -14.13118959
          0,           0,        7346,      -13.95308102,      -13.83360399,      -14.12015978
          0,           0,        7347,      -14.07924143,      -13.94334164,      -14.19452088
          0,           0,        7348,      -14.08008305,      -13.96608071,      -14.22246206
          0,           0,        7349,      -14.02064407,      -13.89865807,      -14.10132216
          0,           0,        7350,      -14.02347527,      -13.89993618,      -14.14484869
          0,           0,        7351,      -14.03773219,      -13.90848177,       -14.1224671
          0,           0,        7352,      -14.07355848,      -13.93374914,      -14.17440033
          0,           0,        7353,      -14.10908107,      -14.00729441,      -14.16228516
          0,           0,        7354,      -14.01042382,      -13.89614074,      -14.08545799
          0,           0,        7355,      -14.04362122,      -13.91967097,      -14.14450074
          0,           0,        7356,      -14.04403493,       -13.9162591,       -14.1575758
          0,           0,        7357,      -14.04653762,      -13.92803096,        -14.124382
          0,           0,        7358,      -14.00074083,      -13.87441621,      -14.14429661
          0,           0,        7359,       -14.0186949,      -13.90369873,      -14.12366816
          0,           0,        7360,      -14.07757411,       -13.9624879,       -14.1926886
          0,           0,        7361,      -14.08084587,      -13.95301718,      -14.20896279
          0,           0,        7362,      -13.99939285,      -13.88365201,      -14.17282342
          0,           0,        7363,      -14.06100345,      -13.91670797,      -14.12857444
          0,           0,        7364,      -14.02625014,      -13.89171372,      -14.17146589
          0,           0,        7365,      -14.02060217,      -13.90449973,      -14.19423816
          0,           0,        7366,      -14.08812499,      -13.97161019,      -14.14554666
          0,           0,        7367,      -14.07507606,      -13.94881149,       -14.1629635
          0,           0,        7368,      -14.03634383,       -13.9089838,      -14.17799624
          0,           0,        7369,      -13.99084406,      -13.86842003,      -14.10311677
          0,           0,        7370,      -14.02075051,      -13.88946854,      -14.22400333
          0,           0,        7371,      -14.09626394,      -13.96412974,       -14.1376453
          0,           0,        7372,      -14.02151773,       -13.8855995,      -14.10668515
          0,           0,        7373,      -14.04270444,      -13.93038879,      -14.15600291
          0,           0,        7374,       -14.0626559,      -13.94839285,      -14.18466771
          0,           0,        7375,      -14.10114773,      -13.96418052,      -14.15708706
          0,           0,        7376,      -13.99428737,      -13.85444366,      -14.14077123
          0,           0,        7377,      -14.06427003,      -13.94157026,      -14.18501083
          0,           0,        7378,      -14.06489891,      -13.95099722,      -14.18666729
          0,           0,        7379,      -14.07685959,      -13.95423558,      -14.13888979
          0,           0,        7380,      -14.03145036,      -13.91148265,      -14.13109531
          0,           0,        7381,      -14.05421283,      -13.92310594,      -14.14344444
          0,           0,        7382,      -14.02859304,      -13.89851891,      -14.12760347
          0,           0,        7383,      -14.10429195,      -13.95831393,      -14.18438357
          0,           0,        7384,      -14.01557384,      -13.87651756,       -14.0923557
          0,           0,        7385,      -14.05967643,      -13.92015377,      -14.14434189
          0,           0,        7386,      -14.06110623,      -13.94378279,      -14.15895804
          0,           0,        7387,      -13.96781764,       -13.8438821,      -14.10737319
          0,           0,        7388,      -14.05528277,      -13.94443604,      -14.15175277
          0,           0,        7389,      -14.08269669,       -13.9723524,      -14.12425019
          0,           0,        7390,      -13.95590569,      -13.82863814,       -14.1257304
          0,           0,        7391,       -14.0132974,      -13.88599402,      -14.11689799
          0,           0,        7392,      -14.00376354,      -13.86640525,      -14.09933251
          0,           0,        7393,      -14.08699845,      -13.93332768,      -14.20956718
          0,           0,        7394,       -14.0760385,      -13.94605318,      -14.20165318
          0,           0,        7395,       -14.0602811,      -13.93817417,      -14.19401582
          0,           0,        7396,      -14.05970326,       -13.9323298,        -14.167374
          0,           0,        7397,      -13.94978022,      -13.84492066,       -14.0972075
          0,           0,        7398,      -13.95020039,      -13.83143458,      -14.09483822
          0,           0,        7399,      -14.05605178,      -13.91715763,      -14.14452929
          0,           0,        7400,      -14.04396076,      -13.90246884,      -14.12153659
          0,           0,        7401,      -14.06469778,      -13.92988825,        -14.157055
          0,           0,        7402,      -14.11246306,      -13.97664043,       -14.2069148
          0,           0,        7403,      -14.05454501,      -13.93257488,      -14.19427078
          0,           0,        7404,      -14.17062178,      -14.03672326,      -14.20478572
          0,           0,        7405,      -14.02506857,      -13.88482008,       -14.1685584
          0,           0,        7406,      -14.11192205,      -13.96497853,      -14.18279745
          0,           0,        7407,       -14.0207889,      -13.90618179,      -14.18563604
          0,           0,        7408,      -14.08959391,      -13.96656789,      -14.17983499
          0,           0,        7409,      -14.12439113,      -13.99609309,      -14.20066126
          0,           0,        7410,      -14.03628619,      -13.91102134,      -14.10013961
          0,           0,        7411,      -14.07880802,      -13.97058662,      -14.19426288
          0,           0,        7412,      -14.14203654,      -14.00793151,       -14.1899978
          0,           0,        7413,      -14.03280603,      -13.90093818,      -14.16952047
          0,           0,        7414,      -14.00872443,      -13.89332049,      -14.17068014
          0,           0,        7415,      -14.08300401,      -13.93980212,      -14.12818495
          0,           0,        7416,      -14.05471165,      -13.92557707,      -14.17864091
          0,           0,        7417,      -14.04192105,      -13.92569039,       -14.1969536
          0,           0,        7418,      -14.07394043,      -13.95121472,      -14.22491495
          0,           0,        7419,       -14.0290286,      -13.88746996,      -14.12281491
          0,           0,        7420,      -14.08039831,       -13.9479012,      -14.19154825
          0,           0,        7421,      -14.01191123,      -13.89338397,      -14.17596822
          0,           0,        7422,      -14.12476818,      -14.00458278,      -14.18129912
          0,           0,        7423,      -14.01365369,      -13.86814689,      -14.18775434
          0,           0,        7424,      -14.11660071,       -13.9984797,      -14.23147096
          0,           0,        7425,      -14.08694424,       -14.0041246,      -14.21838039
          0,           0,        7426,      -14.00166443,      -13.86937417,      -14.12862732
          0,           0,        7427,      -14.05445147,       -13.9285314,      -14.20056684
          0,           0,        7428,      -14.06032523,      -13.93843532,      -14.18135046
          0,           0,        7429,      -13.99767421,      -13.85774224,      -14.07650772
          0,           0,        7430,      -14.05601299,      -13.91589477,      -14.17864056
          0,           0,        7431,      -14.01711092,      -13.89612049,      -14.14061563
          0,           0,        7432,      -14.00396578,      -13.89603583,      -14.10464949
          0,           0,        7433,       -13.9797628,        -13.869401,      -14.10934857
          0,           0,        7434,      -14.08302172,      -13.93837273,      -14.13517007
          0,           0,        7435,      -13.97939135,      -13.86327938,      -14.15620654
          0,           0,        7436,      -14.04194019,      -13.90557762,      -14.12923196
          0,           0,        7437,      -14.00509002,      -13.88385041,      -14.15894668
          0,           0,        7438,      -13.98241251,      -13.87733915,      -14.15389485
          0,           0,        7439,      -14.02510921,      -13.91960121,      -14.12031072
          0,           0,        7440,      -14.07940146,      -13.95400627,      -14.12851572
          0,           0,        7441,      -13.98178123,      -13.87476494,      -14.07849883
          0,           0,        7442,      -14.04923534,      -13.93503902,      -14.16587904
          0,           0,        7443,      -14.03915154,      -13.91349132,       -14.1374335
          0,           0,        7444,      -14.11241062,      -13.98048697,      -14.12064731
          0,           0,        7445,      -13.97931081,       -13.8417644,      -14.11721524
          0,           0,        7446,      -14.03177717,      -13.88907018,      -14.14656472
          0,           0,        7447,      -14.00609937,      -13.86915475,      -14.17812921
          0,           0,        7448,      -14.10462572,      -13.98236162,      -14.19385635
          0,           0,        7449,      -14.07195772,      -13.92273985,      -14.17942153
          0,           0,        7450,      -13.95333395,      -13.81813904,      -14.10151347
          0,           0,        7451,      -14.03782671,      -13.91821609,      -14.12117914
          0,           0,        7452,      -14.10632042,       -14.0112491,      -14.19038213
          0,           0,        7453,      -14.03856296,      -13.90591495,      -14.17207542
          0,           0,        7454,      -14.07495871,      -13.94834252,      -14.19417847
          0,           0,        7455,      -14.01708033,      -13.89628185,      -14.11842006
          0,           0,        7456,      -14.04573526,      -13.94901099,      -14.16609669
          0,           0,        7457,      -13.97018342,      -13.84650526,      -14.14301437
          0,           0,        7458,      -14.03078445,      -13.90759966,       -14.1292988
          0,           0,        7459,      -13.99666067,      -13.85166326,      -14.12718263
          0,           0,        7460,      -14.10650246,      -13.98478793,      -14.17445638
          0,           0,        7461,      -13.95915271,      -13.84573041,       -14.1263805
          0,           0,        7462,      -14.06190419,      -13.93886438,      -14.22133247
          0,           0,        7463,      -14.02984289,       -13.9048647,      -14.12896885
          0,           0,        7464,      -13.97201022,       -13.8503866,      -14.15171703
          0,           0,        7465,      -14.09228955,      -13.95930918,      -14.25517669
          0,           0,        7466,      -13.96232414,      -13.84233313,      -14.13302711
          0,           0,        7467,      -14.16277051,      -14.04984512,      -14.17114145
          0,           0,        7468,      -13.99840047,      -13.84877303,      -14.13520567
          0,           0,        7469,      -14.03322143,      -13.91059848,      -14.14497235
          0,           0,        7470,      -14.09586429,      -13.96849355,      -14.13117456
          0,           0,        7471,      -13.98423175,      -13.87740268,      -14.07988581
          0,           0,        7472,       -14.0006856,      -13.87629605,      -14.12481785
          0,           0,        7473,      -14.00841952,      -13.87570616,      -14.08796328
          0,           0,        7474,       -13.9890039,      -13.86104703,      -14.11643159
          0,           0,        7475,      -14.13491983,      -14.03003696,      -14.22482611
          0,           0,        7476,      -14.11737468,      -13.97209512,      -14.20749387
          0,           0,        7477,      -14.02632094,      -13.88720776,      -14.13545346
          0,           0,        7478,      -14.04969914,      -13.92075519,      -14.18317149
          0,           0,        7479,      -14.06459221,       -13.9445834,      -14.21338848
          0,           0,        7480,      -14.12290578,      -13.99705504,      -14.18138205
          0,           0,        7481,      -14.02162138,      -13.89859017,      -14.18051262
          0,           0,        7482,      -14.05125487,      -13.92550539,      -14.16286751
          0,           0,        7483,      -13.98829989,      -13.87789094,      -14.12127448
          0,           0,        7484,      -14.00465561,      -13.88348259,      -14.17071201
          0,           0,        7485,      -13.99030041,      -13.85498066,      -14.15534078
          0,           0,        7486,      -14.17362816,      -13.99282305,       -14.2232074
          0,           0,        7487,      -14.02849574,      -13.89131547,      -14.08808787
          0,           0,        7488,       -14.0539083,      -13.93578313,      -14.16676056
          0,           0,        7489,      -14.09881036,      -13.97371868,      -14.22045048
          0,           0,        7490,      -14.09557667,      -13.94644323,      -14.14270999
          0,           0,        7491,      -14.03441268,      -13.91541457,      -14.20010053
          0,           0,        7492,      -14.07524153,      -13.92943305,      -14.14058617
          0,           0,        7493,      -13.99206061,      -13.86573731,      -14.12181641
          0,           0,        7494,      -14.17269787,      -14.05819944,      -14.26729868
          0,           0,        7495,      -14.13391444,        -14.023439,      -14.17492998
          0,           0,        7496,      -14.03874987,      -13.90768374,       -14.2344692
          0,           0,        7497,      -14.06963098,      -13.93071418,      -14.18293604
          0,           0,        7498,      -14.01061997,       -13.8858359,      -14.16453352
          0,           0,        7499,      -14.00715609,      -13.88236006,      -14.10456798
          0,           0,        7500,       -14.0288084,       -13.9169764,      -14.13483014
          0,           0,        7501,      -14.04067445,      -13.92668841,      -14.20265723
          0,           0,        7502,      -14.10022017,      -13.95582545,      -14.15439577
          0,           0,        7503,      -14.08604348,      -13.95209329,      -14.15855121
          0,           0,        7504,      -14.07027741,      -13.93627403,      -14.12468912
          0,           0,        7505,      -13.97836266,       -13.8415329,      -14.09312338
          0,           0,        7506,      -14.05735838,      -13.92775806,      -14.12778009
          0,           0,        7507,      -13.96658071,      -13.84108277,      -14.09201552
          0,           0,        7508,      -14.02060666,      -13.89443659,      -14.14607392
          0,           0,        7509,      -14.01368539,      -13.88701479,      -14.13304304
          0,           0,        7510,      -14.02901557,      -13.89910138,      -14.10597574
          0,           0,        7511,      -14.05394215,      -13.91884667,       -14.1485684
          0,           0,        7512,      -14.05284852,      -13.93326233,      -14.13165008
          0,           0,        7513,      -14.04265958,      -13.92104243,      -14.08159711
          0,           0,        7514,      -14.04263667,      -13.93394608,      -14.17153031
          0,           0,        7515,      -14.05172892,        -13.942299,      -14.25456486
          0,           0,        7516,      -14.05045357,      -13.90408279,      -14.12004894
          0,           0,        7517,      -14.07408993,      -13.93248406,      -14.18658516
          0,           0,        7518,      -14.06594645,      -13.93091299,      -14.17698681
          0,           0,        7519,      -14.05217118,      -13.92820723,      -14.13602633
          0,           0,        7520,      -13.98347462,      -13.86320579,      -14.16462598
          0,           0,        7521,      -14.08479863,      -13.96741927,      -14.15294644
          0,           0,        7522,      -14.10123729,      -13.97228753,      -14.20179207
          0,           0,        7523,       -14.0346611,      -13.90682742,      -14.20989162
          0,           0,        7524,      -14.00618597,      -13.88211645,      -14.15825219
          0,           0,        7525,      -14.04631499,      -13.91469886,      -14.15297714
          0,           0,        7526,      -14.04789575,      -13.91048774,      -14.16598779
          0,           0,        7527,      -14.01311615,      -13.88145657,      -14.11138187
          0,           0,        7528,      -13.96561795,      -13.84215216,      -14.05248502
          0,           0,        7529,      -14.07568682,      -13.96780204,      -14.19842898
          0,           0,        7530,      -14.02452043,      -13.89245489,      -14.11547033
          0,           0,        7531,      -14.08797144,      -13.95497252,      -14.16217359
          0,           0,        7532,      -14.03000259,      -13.91057426,       -14.1715264
          0,           0,        7533,      -13.98024367,      -13.84606535,      -14.04258937
          0,           0,        7534,      -14.05207926,      -13.92964754,      -14.17327498
          0,           0,        7535,      -14.03194347,      -13.91781112,      -14.15457433
          0,           0,        7536,      -14.12096749,      -14.01164475,      -14.23588244
          0,           0,        7537,      -14.10668279,      -13.97982329,      -14.21786798
          0,           0,        7538,      -14.07137296,      -13.94924566,      -14.14071549
          0,           0,        7539,      -14.06992506,      -13.94186158,       -14.1481416
          0,           0,        7540,      -13.96816251,      -13.84091822,      -14.11914011
          0,           0,        7541,      -14.07326938,      -13.94835935,      -14.19978257
          0,           0,        7542,      -14.04845241,      -13.92401755,      -14.16980685
          0,           0,        7543,      -14.12341523,      -13.99265772,      -14.22927644
          0,           0,        7544,      -14.09904167,      -13.96296815,      -14.19393019
          0,           0,        7545,      -14.04626794,      -13.92223023,      -14.18240857
          0,           0,        7546,      -14.02366839,       -13.8935926,      -14.13835893
          0,           0,        7547,      -14.11263626,      -13.96555022,      -14.18997145
          0,           0,        7548,      -14.07427213,       -13.9424879,      -14.19658832
          0,           0,        7549,      -14.09541923,      -13.94340506,      -14.15588388
          0,           0,        7550,      -14.05346766,      -13.92921702,      -14.16310506
          0,           0,        7551,      -14.03904036,      -13.91820272,      -14.20661855
          0,           0,        7552,      -13.95206355,      -13.84268124,      -14.10370663
          0,           0,        7553,      -14.05527397,      -13.94334256,         -14.15437
          0,           0,        7554,      -14.06070717,      -13.93303744,      -14.17573202
          0,           0,        7555,      -14.08567753,      -13.94902168,      -14.11667692
          0,           0,        7556,      -13.98005193,      -13.85427225,      -14.09976379
          0,           0,        7557,      -14.01726497,      -13.88194785,      -14.14165026
          0,           0,        7558,      -14.00371633,      -13.87957411,      -14.14317054
          0,           0,        7559,       -14.0802737,      -13.95618414,      -14.16125399
          0,           0,        7560,      -14.09206177,      -13.96554997,      -14.17990458
          0,           0,        7561,      -13.99074744,       -13.8651022,      -14.12869719
          0,           0,        7562,      -14.05086205,      -13.92771537,      -14.10715786
          0,           0,        7563,      -14.08538088,       -13.9574132,      -14.17286699
          0,           0,        7564,      -14.05975385,      -13.92466886,      -14.13055413
          0,           0,        7565,      -14.03981229,      -13.89963723,      -14.13436439
          0,           0,        7566,      -14.02314329,      -13.89302314,      -14.10420042
          0,           0,        7567,      -14.01529862,       -13.8986249,      -14.16573603
          0,           0,        7568,      -14.05817864,      -13.92616773,      -14.16773734
          0,           0,        7569,      -13.99731838,      -13.85527316,      -14.07258531
          0,           0,        7570,      -14.08948423,       -13.9654527,       -14.2015473
          0,           0,        7571,      -14.01831136,      -13.87661358,      -14.12023902
          0,           0,        7572,      -14.06319595,      -13.92408202,      -14.14540803
          0,           0,        7573,      -13.96873773,      -13.83579852,       -14.1074053
          0,           0,        7574,      -13.99053062,       -13.8422941,      -14.09807205
          0,           0,        7575,      -14.01917539,      -13.90825509,      -14.14073334
          0,           0,        7576,      -14.01494987,       -13.8889497,      -14.16693629
          0,           0,        7577,      -14.03620969,        -13.908908,      -14.12072912
          0,           0,        7578,      -14.05648321,      -13.92473175,      -14.12169847
          0,           0,        7579,      -14.03667337,      -13.91241724,      -14.13002907
          0,           0,        7580,      -13.99489336,      -13.87645046,      -14.13275522
          0,           0,        7581,      -13.95767168,      -13.84118674,      -14.16215893
          0,           0,        7582,      -14.09539045,      -13.99436311,      -14.28309835
          0,           0,        7583,      -14.02195555,      -13.90025185,      -14.16946775
          0,           0,        7584,      -14.04721245,      -13.91974776,      -14.14618486
          0,           0,        7585,      -14.06365472,      -13.95520447,      -14.16477987
          0,           0,        7586,      -14.01145863,      -13.87848183,      -14.18585591
          0,           0,        7587,      -14.02381807,      -13.89636782,      -14.11200716
          0,           0,        7588,      -14.09067854,       -13.9568624,        -14.201236
          0,           0,        7589,      -14.09224122,       -13.9983321,      -14.16464405
          0,           0,        7590,      -14.05492528,      -13.91948438,      -14.12789398
          0,           0,        7591,      -14.06227371,      -13.91492151,      -14.16647098
          0,           0,        7592,      -14.03560882,        -13.909634,      -14.15896154
          0,           0,        7593,      -14.02694804,      -13.89132615,      -14.11624007
          0,           0,        7594,      -14.01242171,      -13.88323499,      -14.09918573
          0,           0,        7595,      -14.06395966,      -13.91049037,      -14.12697646
          0,           0,        7596,      -14.00509981,      -13.87032148,      -14.13340899
          0,           0,        7597,       -13.9898913,      -13.86092224,      -14.14414989
          0,           0,        7598,      -13.93894608,      -13.80032476,      -14.05288194
          0,           0,        7599,       -13.9900816,       -13.8423784,      -14.08702012
          0,           0,        7600,       -14.0156864,      -13.89219439,      -14.16544941
          0,           0,        7601,      -14.05138587,      -13.95212429,      -14.18128351
          0,           0,        7602,      -14.10929589,      -14.00064963,      -14.23972414
          0,           0,        7603,      -14.03530313,      -13.90162759,       -14.1242047
          0,           0,        7604,      -13.98874391,      -13.86290438,      -14.11334129
          0,           0,        7605,      -14.00717936,      -13.88554135,      -14.19346886
          0,           0,        7606,       -14.1144241,       -13.9900763,       -14.2205664
          0,           0,        7607,      -14.07806352,      -13.95517983,      -14.17964813
          0,           0,        7608,      -14.14459865,      -14.02189784,      -14.17970412
          0,           0,        7609,      -14.06514925,       -13.9268601,      -14.12100263
          0,           0,        7610,      -14.05426594,      -13.93845866,      -14.19294446
          0,           0,        7611,      -14.04292118,       -13.9175866,      -14.09267897
          0,           0,        7612,      -13.98768232,      -13.88040558,      -14.17909794
          0,           0,        7613,      -14.05120475,      -13.92024956,      -14.14091029
          0,           0,        7614,      -14.04421655,      -13.92109576,      -14.15180194
          0,           0,        7615,      -14.09333292,      -13.94063831,      -14.18988678
          0,           0,        7616,       -14.0344638,      -13.90740365,      -14.16893236
          0,           0,        7617,      -14.02581863,      -13.89692488,      -14.15864874
          0,           0,        7618,      -14.05840296,      -13.93904753,      -14.14362866
          0,           0,        7619,      -14.00726357,      -13.87422044,      -14.10893774
          0,           0,        7620,       -14.0123218,      -13.89118622,      -14.19824496
          0,           0,        7621,      -14.09398331,      -13.97153057,       -14.1779113
          0,           0,        7622,      -14.10841689,      -13.97431673,      -14.16259034
          0,           0,        7623,      -14.03354476,      -13.91428516,      -14.17598596
          0,           0,        7624,      -14.03168031,      -13.92091591,      -14.17444447
          0,           0,        7625,      -14.09951019,      -13.96408846,      -14.21765558
          0,           0,        7626,      -14.00501323,      -13.89153164,      -14.14534856
          0,           0,        7627,      -13.98202904,      -13.86449725,      -14.07400019
          0,           0,        7628,      -14.06756545,      -13.95540334,      -14.20749777
          0,           0,        7629,      -14.05605174,      -13.93218807,      -14.13609014
          0,           0,        7630,      -13.96606188,      -13.84143839,      -14.11943366
          0,           0,        7631,      -14.12569196,      -14.00741417,      -14.21643345
          0,           0,        7632,      -14.06751563,      -13.94743239,      -14.18763837
          0,           0,        7633,      -14.03370507,      -13.91378055,      -14.13440832
          0,           0,        7634,      -14.09808541,      -13.96943316,      -14.20719919
          0,           0,        7635,      -14.04179948,      -13.90502311,      -14.09965675
          0,           0,        7636,      -13.98326513,      -13.85258441,      -14.15937655
          0,           0,        7637,      -14.04604572,      -13.92373851,      -14.17760787
          0,           0,        7638,      -14.02638146,      -13.91192682,      -14.13302032
          0,           0,        7639,       -14.0532152,      -13.92531271,      -14.12789981
          0,           0,        7640,      -14.04446585,      -13.92314313,      -14.17661825
          0,           0,        7641,      -14.08516105,      -13.97032082,      -14.13809326
          0,           0,        7642,      -14.02782775,      -13.90229175,      -14.13400193
          0,           0,        7643,      -13.99645107,      -13.88159193,      -14.07526431
          0,           0,        7644,      -14.04956094,      -13.92346379,      -14.18254986
          0,           0,        7645,      -14.00549639,      -13.87550489,       -14.1511258
          0,           0,        7646,      -14.07057142,         -13.95701,       -14.2517033
          0,           0,        7647,      -14.06271046,       -13.9241969,      -14.12921456
          0,           0,        7648,       -13.9344784,      -13.81650139,      -14.12341733
          0,           0,        7649,      -14.07948631,      -13.94404197,      -14.12994995
          0,           0,        7650,      -14.02519721,      -13.88845784,      -14.10866792
          0,           0,        7651,      -14.03878543,      -13.92098936,      -14.16434055
          0,           0,        7652,       -14.0619412,      -13.93637222,      -14.16211933
          0,           0,        7653,      -14.09100265,      -13.96071747,      -14.20200937
          0,           0,        7654,      -14.03915116,      -13.92104946,      -14.14449522
          0,           0,        7655,      -14.00732141,      -13.87772042,      -14.14066365
          0,           0,        7656,      -13.97585735,      -13.87173308,      -14.12854121
          0,           0,        7657,      -14.07856419,      -13.96394913,      -14.17510379
          0,           0,        7658,      -14.08047658,      -13.94765516,      -14.15426859
          0,           0,        7659,        -14.006939,      -13.87008478,      -14.12173492
          0,           0,        7660,      -14.10755069,      -13.97044626,      -14.20364957
          0,           0,        7661,      -14.06248698,       -13.9406662,      -14.17609356
          0,           0,        7662,      -14.05960053,      -13.93226091,      -14.17596388
          0,           0,        7663,      -13.95554743,      -13.83048023,      -14.07990473
          0,           0,        7664,      -14.11419947,      -13.99057803,      -14.21354449
          0,           0,        7665,      -14.01984405,      -13.90170373,      -14.09112205
          0,           0,        7666,      -13.93347338,       -13.8016261,      -14.10711021
          0,           0,        7667,      -14.14057202,      -13.99619069,      -14.19477596
          0,           0,        7668,      -14.02807716,      -13.90580469,      -14.11371776
          0,           0,        7669,      -14.03702817,      -13.92470663,      -14.15679449
          0,           0,        7670,       -14.0870102,      -13.96444476,      -14.16579766
          0,           0,        7671,      -14.08455981,      -13.96649633,      -14.18943843
          0,           0,        7672,      -14.09871102,      -13.98700385,      -14.12746696
          0,           0,        7673,      -14.00741722,      -13.87624207,      -14.15153887
          0,           0,        7674,      -14.07125775,      -13.94415336,      -14.22994526
          0,           0,        7675,      -14.04404408,      -13.91879613,      -14.12257028
          0,           0,        7676,       -14.0281798,      -13.88861174,      -14.10965214
          0,           0,        7677,      -13.94818793,      -13.82421868,      -14.03516021
          0,           0,        7678,      -13.99285774,      -13.86688258,      -14.12286507
          0,           0,        7679,        -14.054699,      -13.92987046,      -14.15197904
          0,           0,        7680,      -14.06814876,      -13.94673527,      -14.15017502
          0,           0,        7681,      -14.01155537,      -13.88786028,      -14.16488494
          0,           0,        7682,      -13.95099366,      -13.81466992,      -14.11758549
          0,           0,        7683,      -14.09246889,      -13.94907664,      -14.19695511
          0,           0,        7684,      -14.06402862,      -13.93035114,      -14.17015571
          0,           0,        7685,      -14.05578034,      -13.93776266,      -14.12228487
          0,           0,        7686,       -14.0507536,      -13.92674903,      -14.12765016
          0,           0,        7687,      -14.05049561,      -13.93846018,      -14.17689684
          0,           0,        7688,      -14.07501319,      -13.94490887,      -14.20968608
          0,           0,        7689,      -14.05968597,       -13.9287312,      -14.13401688
          0,           0,        7690,       -14.0049711,      -13.87526141,      -14.10211859
          0,           0,        7691,      -14.07695196,      -13.94099348,      -14.18248742
          0,           0,        7692,      -14.06173576,      -13.94752932,      -14.19468052
          0,           0,        7693,      -14.00659967,       -13.8656718,      -14.14734427
          0,           0,        7694,      -13.97042789,      -13.85078624,       -14.1296966
          0,           0,        7695,      -14.02930397,      -13.91491011,      -14.21742254
          0,           0,        7696,      -14.04335389,      -13.92959473,       -14.1257597
          0,           0,        7697,      -14.05299256,      -13.93613012,      -14.20899146
          0,           0,        7698,      -14.11769039,      -13.99312859,      -14.21089162
          0,           0,        7699,      -14.01420363,      -13.87138555,      -14.10634863
          0,           0,        7700,      -14.00002506,      -13.86436727,       -14.0801473
          0,           0,        7701,      -14.05982052,      -13.94242792,      -14.13564774
          0,           0,        7702,      -14.08891597,      -13.94893812,      -14.16077014
          0,           0,        7703,      -14.02257171,      -13.88712192,      -14.11547636
          0,           0,        7704,      -13.96409218,      -13.83970513,      -14.10609197
          0,           0,        7705,      -14.06229822,      -13.94541202,      -14.17150133
          0,           0,        7706,      -14.02999548,      -13.91402076,      -14.25516602
          0,           0,        7707,      -14.05254608,      -13.94087369,      -14.17858088
          0,           0,        7708,      -14.03077603,      -13.90250831,      -14.11520884
          0,           0,        7709,       -14.0379892,      -13.92020912,      -14.10199301
          0,           0,        7710,      -14.05646877,      -13.93103859,      -14.16668324
          0,           0,        7711,      -14.03484903,      -13.90798585,      -14.13771411
          0,           0,        7712,      -14.00014576,      -13.86951249,      -14.08406391
          0,           0,        7713,      -14.00038897,      -13.87143873,      -14.13599506
          0,           0,        7714,      -14.06499208,      -13.95911518,      -14.17483005
          0,           0,        7715,       -14.0439033,         -13.91495,      -14.13146705
          0,           0,        7716,      -13.98080254,       -13.8693769,      -14.17467617
          0,           0,        7717,      -14.00819824,      -13.90425832,      -14.11552889
          0,           0,        7718,      -14.00640301,      -13.87892129,      -14.11992531
          0,           0,        7719,      -14.02997406,      -13.89544064,      -14.18466079
          0,           0,        7720,      -14.04204032,      -13.90888092,      -14.16722644
          0,           0,        7721,      -14.09410847,      -13.95867883,      -14.15238371
          0,           0,        7722,      -14.09580492,      -13.96728277,      -14.19462454
          0,           0,        7723,      -14.06128361,      -13.94677212,      -14.14487197
          0,           0,        7724,      -14.02729326,      -13.90757293,      -14.12935275
          0,           0,        7725,       -14.1028361,      -13.98320922,      -14.24776021
          0,           0,        7726,      -14.16004138,       -14.0403177,      -14.20600042
          0,           0,        7727,      -13.97023349,      -13.84727031,      -14.11604855
          0,           0,        7728,      -14.10075932,      -13.95286919,      -14.21507666
          0,           0,        7729,      -14.08334261,      -13.94063148,      -14.25869778
          0,           0,        7730,      -14.08079173,      -13.94194561,      -14.15199108
          0,           0,        7731,      -14.12285507,      -14.00737814,      -14.16821664
          0,           0,        7732,      -13.97614317,      -13.84810895,      -14.09813206
          0,           0,        7733,      -14.07848978,      -13.94357571,      -14.16669859
          0,           0,        7734,      -14.07468423,      -13.98086802,      -14.15671686
          0,           0,        7735,      -14.12245335,      -13.99887174,      -14.18663567
          0,           0,        7736,      -14.01851033,       -13.8914694,      -14.11554338
          0,           0,        7737,      -14.11681478,      -13.97852147,      -14.23867067
          0,           0,        7738,      -14.10972326,      -13.97269487,      -14.12627808
          0,           0,        7739,       -13.9762299,      -13.84866173,      -14.05053496
          0,           0,        7740,      -14.08420497,      -13.95018531,      -14.19279807
          0,           0,        7741,      -14.02326441,      -13.89194834,      -14.11034717
          0,           0,        7742,      -14.03158391,      -13.89831721,      -14.16846524
          0,           0,        7743,      -14.03007969,      -13.88675726,      -14.15692018
          0,           0,        7744,      -14.01078153,       -13.8863908,       -14.1022569
          0,           0,        7745,      -14.10254638,      -13.99352123,       -14.2282372
          0,           0,        7746,      -14.07766699,      -13.94425286,      -14.14670655
          0,           0,        7747,      -14.00652867,      -13.88400746,        -14.150447
          0,           0,        7748,      -13.99655825,      -13.87071591,      -14.11053058
          0,           0,        7749,      -14.10471151,      -13.99689244,      -14.18711552
          0,           0,        7750,      -13.98075241,       -13.8428122,      -14.10500792
          0,           0,        7751,      -14.15132791,      -14.01702249,       -14.2049554
          0,           0,        7752,      -14.09476281,      -13.97910559,      -14.13112587
          0,           0,        7753,       -13.9901729,      -13.86518674,      -14.09568246
          0,           0,        7754,      -14.02587291,      -13.89339791,      -14.14109298
          0,           0,        7755,       -14.0673488,      -13.93818354,      -14.13264622
          0,           0,        7756,      -13.99943168,      -13.86673341,      -14.12766792
          0,           0,        7757,      -13.99425786,      -13.87335144,      -14.11771275
          0,           0,        7758,      -14.08950184,      -13.96228187,      -14.21029447
          0,           0,        7759,      -14.00814752,      -13.88650409,      -14.11562106
          0,           0,        7760,      -14.06989859,      -13.94370781,        -14.177906
          0,           0,        7761,      -14.13983456,      -14.00374601,      -14.23943657
          0,           0,        7762,      -14.07862545,      -13.94942289,      -14.14302678
          0,           0,        7763,      -13.97852443,      -13.84629605,      -14.10138286
          0,           0,        7764,      -14.01954138,      -13.90128875,      -14.18395602
          0,           0,        7765,      -14.08020594,      -13.95091225,      -14.12605882
          0,           0,        7766,      -14.09493212,      -13.96893351,      -14.24709224
          0,           0,        7767,      -14.13897523,      -13.99393216,      -14.21537872
          0,           0,        7768,      -14.12790231,      -13.99269998,          -14.1794
          0,           0,        7769,        -13.979185,      -13.84952587,      -14.05576038
          0,           0,        7770,      -14.06917938,       -13.9383957,      -14.16651463
          0,           0,        7771,      -14.02992852,      -13.90292894,      -14.13305079
          0,           0,        7772,      -14.06260415,      -13.93227504,      -14.11316337
          0,           0,        7773,      -14.08899291,      -13.94059864,      -14.13513593
          0,           0,        7774,      -14.01260424,      -13.88468978,      -14.16510016
          0,           0,        7775,      -14.06876861,      -13.94180375,      -14.16385818
          0,           0,        7776,      -14.03291928,      -13.88690827,      -14.14952712
          0,           0,        7777,      -13.98518108,      -13.84034376,      -14.11087583
          0,           0,        7778,      -14.00178938,      -13.88618885,      -14.12918295
          0,           0,        7779,       -14.0393478,      -13.92829165,      -14.14706063
          0,           0,        7780,      -14.04367328,      -13.92793846,      -14.13349776
          0,           0,        7781,      -13.98854386,      -13.84651892,      -14.13012579
          0,           0,        7782,      -14.05132873,      -13.93770526,      -14.16104965
          0,           0,        7783,      -14.06044969,      -13.92618164,      -14.14479655
          0,           0,        7784,      -14.12563128,      -13.97596078,      -14.18394206
          0,           0,        7785,      -13.96416065,      -13.83636999,      -14.13656667
          0,           0,        7786,      -14.05168092,      -13.93350052,      -14.12463416
          0,           0,        7787,      -14.03630834,      -13.90995982,      -14.13097398
          0,           0,        7788,      -14.08258837,      -13.93578823,      -14.14151955
          0,           0,        7789,      -14.02577294,      -13.90296843,      -14.15322922
          0,           0,        7790,      -14.04379624,      -13.92163412,      -14.20811362
          0,           0,        7791,      -14.07230196,      -13.94284351,      -14.14420854
          0,           0,        7792,      -14.12655064,      -13.99143048,      -14.18969362
          0,           0,        7793,      -14.01277794,      -13.88183342,      -14.09735869
          0,           0,        7794,      -14.06661157,      -13.92654052,       -14.1524916
          0,           0,        7795,      -13.94967941,      -13.82779112,      -14.04274328
          0,           0,        7796,      -14.08038586,      -13.95174565,      -14.22327093
          0,           0,        7797,      -14.03865629,      -13.88337019,      -14.16049713
          0,           0,        7798,      -14.01387993,      -13.88464516,      -14.10649514
          0,           0,        7799,       -14.0456906,      -13.92412812,      -14.14963018
          0,           0,        7800,      -14.02431099,      -13.90336588,      -14.10568889
          0,           0,        7801,      -14.09031787,      -13.95670742,       -14.1698862
          0,           0,        7802,      -14.01914492,      -13.89028181,      -14.14230108
          0,           0,        7803,      -14.01693496,      -13.89936345,      -14.10720575
          0,           0,        7804,      -14.07917666,      -13.95569304,      -14.16476797
          0,           0,        7805,      -14.02582304,      -13.89090082,       -14.1550793
          0,           0,        7806,      -14.01472685,      -13.89082326,      -14.11004867
          0,           0,        7807,      -14.06456149,      -13.94540836,      -14.23025385
          0,           0,        7808,      -13.98528686,      -13.85188157,      -14.06418011
          0,           0,        7809,       -13.9925874,      -13.86605609,      -14.13255202
          0,           0,        7810,      -14.03942265,      -13.92666807,      -14.18460583
          0,           0,        7811,      -14.04788253,      -13.91790264,      -14.13849319
          0,           0,        7812,      -14.08801717,      -13.93529623,      -14.18853808
          0,           0,        7813,      -14.01726568,      -13.90313441,      -14.12834646
          0,           0,        7814,      -14.16226186,      -14.05550852,      -14.17912615
          0,           0,        7815,      -13.94436947,      -13.82068081,      -14.07511107
          0,           0,        7816,      -13.96658197,      -13.85458395,      -14.10178955
          0,           0,        7817,      -14.01339751,      -13.91204166,      -14.21625998
          0,           0,        7818,      -14.07525675,      -13.94314286,      -14.14425017
          0,           0,        7819,      -14.13473998,      -14.01383756,       -14.2453473
          0,           0,        7820,      -14.04851293,      -13.92336499,      -14.18180229
          0,           0,        7821,      -14.10161477,      -13.97285274,      -14.18506641
          0,           0,        7822,      -13.96765437,       -13.8456828,      -14.10262227
          0,           0,        7823,       -14.0801291,      -13.96748657,      -14.17948266
          0,           0,        7824,       -13.9801846,      -13.84908648,      -14.07533475
          0,           0,        7825,      -14.11669764,      -13.98785056,      -14.18886208
          0,           0,        7826,      -14.00202779,      -13.86369682,      -14.12537575
          0,           0,        7827,      -14.12011103,      -13.97984351,      -14.20069483
          0,           0,        7828,      -14.00945283,      -13.88391567,      -14.20680545
          0,           0,        7829,      -14.01237603,      -13.90415465,       -14.1255165
          0,           0,        7830,      -14.05664713,      -13.93502169,      -14.14577886
          0,           0,        7831,      -14.05604554,      -13.92012982,      -14.14089641
          0,           0,        7832,      -14.03437066,      -13.89455954,      -14.15797623
          0,           0,        7833,      -14.07025079,      -13.96204693,      -14.13558928
          0,           0,        7834,      -14.09127734,      -13.96846681,       -14.1632489
          0,           0,        7835,      -14.03883966,       -13.8936873,      -14.18723345
          0,           0,        7836,      -13.99490396,      -13.89012527,      -14.14144133
          0,           0,        7837,      -14.06917558,      -13.94222236,      -14.13155017
          0,           0,        7838,      -14.00004117,      -13.86658976,      -14.13355296
          0,           0,        7839,      -14.02437799,      -13.91389995,       -14.1863923
          0,           0,        7840,      -14.06399222,       -13.9470816,      -14.14445597
          0,           0,        7841,      -14.13680043,      -14.02124142,      -14.15010001
          0,           0,        7842,      -14.00764445,       -13.8727335,      -14.10321847
          0,           0,        7843,      -14.07216507,      -13.92889387,      -14.19610553
          0,           0,        7844,      -14.10234374,      -13.97466049,      -14.18093353
          0,           0,        7845,      -14.04251406,      -13.91674186,      -14.13076022
          0,           0,        7846,      -14.03027994,      -13.93896299,      -14.19248383
          0,           0,        7847,      -14.08245899,      -13.96231162,      -14.21996768
          0,           0,        7848,      -14.06423671,      -13.94411745,        -14.171852
          0,           0,        7849,      -14.05999039,      -13.93820065,      -14.12772321
          0,           0,        7850,       -14.0450399,      -13.90260459,      -14.12547711
          0,           0,        7851,      -14.07277404,      -13.93748819,      -14.18386007
          0,           0,        7852,       -14.1189108,      -14.01780766,      -14.26452738
          0,           0,        7853,       -14.0397017,        -13.893706,      -14.13177543
          0,           0,        7854,      -14.00963874,      -13.88561481,       -14.1671286
          0,           0,        7855,      -14.07184378,      -13.94581463,      -14.18578666
          0,           0,        7856,      -14.05839919,       -13.9450606,      -14.13312694
          0,           0,        7857,      -14.02217184,      -13.88881995,      -14.17461932
          0,           0,        7858,      -13.99870041,      -13.86245734,      -14.11069812
          0,           0,        7859,      -14.05775913,      -13.92163926,      -14.21228355
          0,           0,        7860,      -14.12556715,      -13.97360596,      -14.18529369
          0,           0,        7861,      -14.04708809,      -13.91102215,      -14.13016233
          0,           0,        7862,      -14.04682221,      -13.92038004,      -14.12492991
          0,           0,        7863,      -14.03498306,      -13.91082412,      -14.20913312
          0,           0,        7864,       -14.0257415,      -13.87647031,      -14.12797031
          0,           0,        7865,      -13.99857959,      -13.87504201,      -14.17298816
          0,           0,        7866,      -14.03117606,      -13.92851056,      -14.10609066
          0,           0,        7867,      -14.07940609,      -13.96525971,       -14.1462288
          0,           0,        7868,      -14.02193307,       -13.8980609,      -14.11658632
          0,           0,        7869,      -14.07038819,      -13.93600282,      -14.12828884
          0,           0,        7870,      -14.05638164,      -13.90308391,      -14.09519575
          0,           0,        7871,      -13.94699882,      -13.81575044,      -14.08403431
          0,           0,        7872,      -14.09302899,      -13.98644684,      -14.14264862
          0,           0,        7873,      -14.00848737,      -13.88682547,      -14.12570081
          0,           0,        7874,      -14.09445199,      -13.96852269,      -14.20039977
          0,           0,        7875,      -14.11359847,      -13.98695328,      -14.17485508
          0,           0,        7876,      -13.96145555,      -13.83208443,      -14.03746602
          0,           0,        7877,      -13.99821886,      -13.85544583,      -14.14534116
          0,           0,        7878,      -14.05986184,      -13.95554194,      -14.19030819
          0,           0,        7879,      -13.99045377,      -13.86431324,      -14.14029546
          0,           0,        7880,      -14.02131492,      -13.89645223,      -14.13382449
          0,           0,        7881,      -14.13048706,       -13.9906805,      -14.20541982
          0,           0,        7882,       -14.0312214,      -13.91888358,      -14.07266552
          0,           0,        7883,      -14.01777724,      -13.89126888,      -14.18115983
          0,           0,        7884,      -14.03939079,      -13.89917836,      -14.16633814
          0,           0,        7885,      -13.97201367,      -13.85147383,      -14.11138485
          0,           0,        7886,      -14.05766152,      -13.93304852,      -14.12011734
          0,           0,        7887,      -14.05009067,      -13.93768838,      -14.16397793
          0,           0,        7888,      -14.11282744,      -14.00257791,      -14.16572819
          0,           0,        7889,      -14.02014418,      -13.89339189,      -14.12653792
          0,           0,        7890,      -14.12335205,      -13.99503586,      -14.20872417
          0,           0,        7891,      -14.08125837,      -13.95436171,      -14.14093272
          0,           0,        7892,      -14.01969096,      -13.89641563,      -14.13568147
          0,           0,        7893,      -14.01023631,      -13.88081875,      -14.11163275
          0,           0,        7894,      -14.05139615,      -13.91328711,       -14.1344026
          0,           0,        7895,      -14.04339312,      -13.91660036,      -14.15953517
          0,           0,        7896,      -14.04252559,      -13.93459259,       -14.2033536
          0,           0,        7897,      -14.17066683,      -14.06608426,      -14.25400051
          0,           0,        7898,      -14.02326259,      -13.90545516,      -14.14834526
          0,           0,        7899,      -13.98677079,      -13.87176659,      -14.09394396
          0,           0,        7900,      -14.02652999,      -13.92346382,      -14.10443675
          0,           0,        7901,      -14.03228124,      -13.90138907,      -14.15573523
          0,           0,        7902,      -14.04359004,      -13.90552782,      -14.13132249
          0,           0,        7903,      -14.02854103,      -13.89987527,      -14.12750405
          0,           0,        7904,      -14.00562117,      -13.88676843,      -14.15990636
          0,           0,        7905,      -14.03437333,      -13.92094269,      -14.23784568
          0,           0,        7906,       -14.0486249,      -13.91587704,      -14.15136273
          0,           0,        7907,      -14.04015408,      -13.91882013,      -14.13567412
          0,           0,        7908,      -14.07651915,       -13.9605056,      -14.17501394
          0,           0,        7909,      -14.05672878,      -13.92133738,      -14.18011854
          0,           0,        7910,      -14.03368329,      -13.92375304,      -14.18818689
          0,           0,        7911,      -14.04071245,      -13.91892695,      -14.14144042
          0,           0,        7912,      -14.07508935,      -13.96787571,      -14.18961533
          0,           0,        7913,       -14.1054651,      -13.97642324,      -14.15997312
          0,           0,        7914,      -14.05327858,      -13.93617589,      -14.13262191
          0,           0,        7915,      -14.10637493,       -13.9740466,      -14.22185335
          0,           0,        7916,      -14.07092156,      -13.94788193,      -14.15868512
          0,           0,        7917,       -13.9967912,      -13.85784321,      -14.08194793
          0,           0,        7918,       -13.9958395,      -13.86771934,      -14.07714115
          0,           0,        7919,      -14.00383648,      -13.85817569,       -14.1726984
          0,           0,        7920,      -14.04846832,      -13.90852751,       -14.1475969
          0,           0,        7921,      -14.01995534,      -13.90184872,      -14.13451124
          0,           0,        7922,       -13.9655007,      -13.84626437,      -14.11738052
          0,           0,        7923,      -14.01756651,       -13.8780769,      -14.11358399
          0,           0,        7924,      -14.07022251,      -13.95704667,      -14.17728508
          0,           0,        7925,      -14.08392253,      -13.96063593,      -14.20362795
          0,           0,        7926,      -14.09622865,      -13.96262755,      -14.17329417
          0,           0,        7927,      -14.10192834,      -13.99700399,      -14.15086747
          0,           0,        7928,      -14.03929175,      -13.90011753,      -14.14306113
          0,           0,        7929,      -14.05220482,       -13.9260111,      -14.16958024
          0,           0,        7930,      -13.97029475,      -13.83751484,      -14.09498898
          0,           0,        7931,      -13.96829841,      -13.83136894,      -14.07822289
          0,           0,        7932,      -14.08331824,      -13.96133824,      -14.20673718
          0,           0,        7933,      -14.04749718,      -13.92190968,      -14.13624759
          0,           0,        7934,       -13.9675713,      -13.85741411,      -14.08062606
          0,           0,        7935,      -14.04944767,      -13.91816585,      -14.16386058
          0,           0,        7936,      -14.11941883,       -13.9869738,      -14.16922346
          0,           0,        7937,        -14.073586,      -13.94715752,      -14.14550689
          0,           0,        7938,      -14.10097741,      -13.95117189,      -14.15457971
          0,           0,        7939,      -14.02389779,      -13.89440623,      -14.17317164
          0,           0,        7940,      -14.10144233,      -13.99418339,      -14.19894124
          0,           0,        7941,      -14.01355653,      -13.89012274,      -14.13112268
          0,           0,        7942,      -14.01705938,      -13.90507728,      -14.09461016
          0,           0,        7943,      -14.04106786,      -13.90699823,       -14.1853186
          0,           0,        7944,      -13.97374313,      -13.84229044,       -14.1826983
          0,           0,        7945,      -14.04923792,      -13.93011207,      -14.15040174
          0,           0,        7946,      -14.02554437,      -13.88391071,      -14.16887372
          0,           0,        7947,      -14.01803684,      -13.91006718,       -14.1592626
          0,           0,        7948,      -13.98201144,      -13.88172583,      -14.11349671
          0,           0,        7949,      -14.01768427,      -13.90490236,      -14.13559071
          0,           0,        7950,      -14.04224232,      -13.92438044,      -14.17888687
          0,           0,        7951,      -14.07823513,      -13.95543393,       -14.1384812
          0,           0,        7952,      -13.94044058,      -13.79974746,      -14.11277985
          0,           0,        7953,      -14.08161536,      -13.94632219,      -14.16447631
          0,           0,        7954,      -14.09600191,      -13.96203563,      -14.14463429
          0,           0,        7955,      -14.09272779,      -13.97202918,      -14.20184019
          0,           0,        7956,      -13.98087596,      -13.84708729,      -14.08397502
          0,           0,        7957,      -14.08090095,       -13.9443496,      -14.15157899
          0,           0,        7958,      -14.00810726,      -13.86531866,      -14.15447624
          0,           0,        7959,      -14.02286636,      -13.90389283,      -14.10401465
          0,           0,        7960,      -14.05036599,      -13.90121721,      -14.18297039
          0,           0,        7961,      -13.97561709,      -13.85042519,      -14.13272543
          0,           0,        7962,      -14.03484261,      -13.90741142,      -14.06686345
          0,           0,        7963,      -14.06074138,      -13.91695948,      -14.14926414
          0,           0,        7964,      -13.97848045,      -13.84436312,      -14.09090924
          0,           0,        7965,      -14.13806741,      -14.01438588,      -14.21541145
          0,           0,        7966,      -14.14478126,      -14.03953546,      -14.19887512
          0,           0,        7967,       -14.0773371,      -13.96204761,      -14.19943892
          0,           0,        7968,      -14.05440893,      -13.93233186,      -14.15197459
          0,           0,        7969,       -13.9828681,      -13.84738049,      -14.11925723
          0,           0,        7970,      -13.94619035,      -13.81681659,      -14.07573877
          0,           0,        7971,      -14.00430092,      -13.87849353,      -14.21367905
          0,           0,        7972,      -14.06049382,      -13.91556971,      -14.15087267
          0,           0,        7973,      -14.00403372,      -13.87693509,      -14.08945284
          0,           0,        7974,      -14.04981647,      -13.92679234,      -14.18433383
          0,           0,        7975,      -14.02211473,      -13.91212434,      -14.12367654
          0,           0,        7976,      -14.02833258,      -13.91032266,       -14.1521364
          0,           0,        7977,      -14.10869808,      -13.97624327,       -14.2694652
          0,           0,        7978,      -13.99608814,      -13.86121463,      -14.15896022
          0,           0,        7979,      -14.06798875,      -13.93893192,      -14.20378973
          0,           0,        7980,      -14.07020231,      -13.94039046,      -14.17933771
          0,           0,        7981,      -14.09963634,      -13.96511392,      -14.16700615
          0,           0,        7982,       -14.0863681,      -13.96480846,      -14.21270056
          0,           0,        7983,      -14.02447338,      -13.89537198,       -14.1663055
          0,           0,        7984,      -13.94120294,      -13.82442286,      -14.09127876
          0,           0,        7985,      -14.04836507,      -13.92551201,      -14.18341131
          0,           0,        7986,      -14.10029837,      -13.98561457,      -14.19883419
          0,           0,        7987,      -14.01187292,      -13.86792527,      -14.11587157
          0,           0,        7988,      -14.02419367,      -13.90617138,      -14.12279418
          0,           0,        7989,      -14.06971314,      -13.93773143,      -14.15563862
          0,           0,        7990,      -14.10250005,      -13.95907111,      -14.16123231
          0,           0,        7991,      -13.97236847,      -13.85631568,      -14.07443315
          0,           0,        7992,      -13.98632912,      -13.86794402,      -14.08217669
          0,           0,        7993,      -13.96513434,      -13.83662924,      -14.13195255
          0,           0,        7994,      -14.01957777,      -13.88340453,      -14.13630716
          0,           0,        7995,      -14.11552859,      -13.98221298,      -14.17332722
          0,           0,        7996,      -14.07138166,      -13.93809375,      -14.16457777
          0,           0,        7997,      -14.17556995,      -14.05429254,      -14.25832548
          0,           0,        7998,       -14.0575053,      -13.91507766,      -14.13410707
          0,           0,        7999,      -14.05888541,      -13.91566825,      -14.14369502
          0,           0,        8000,      -14.03241875,      -13.91355552,      -14.09693468
          0,           0,        8001,      -13.98321422,      -13.85307555,       -14.1282651
          0,           0,        8002,      -14.11670227,      -13.98071426,      -14.17147373
          0,           0,        8003,      -14.06561265,      -13.93605304,      -14.12088804
          0,           0,        8004,      -14.07150994,      -13.95586152,      -14.14806665
          0,           0,        8005,      -14.06710104,      -13.97168913,        -14.149524
          0,           0,        8006,      -14.06232566,      -13.92422133,      -14.14606324
          0,           0,        8007,      -14.05738444,      -13.92735349,      -14.18186781
          0,           0,        8008,      -14.03001991,      -13.90736551,      -14.16219213
          0,           0,        8009,      -14.00683721,      -13.89486736,      -14.11458336
          0,           0,        8010,      -14.04494924,      -13.92741072,      -14.14716769
          0,           0,        8011,      -13.99614449,      -13.86688109,      -14.14241753
          0,           0,        8012,      -14.05600031,      -13.92771942,      -14.15846103
          0,           0,        8013,      -14.03205536,       -13.8993372,      -14.13703225
          0,           0,        8014,      -14.08406719,      -13.95577645,      -14.14847204
          0,           0,        8015,      -14.01936674,      -13.90955844,      -14.18341041
          0,           0,        8016,      -14.00530857,      -13.88057809,      -14.13775623
          0,           0,        8017,      -14.05880906,       -13.9337507,      -14.10763788
          0,           0,        8018,      -14.07761254,      -13.94964786,      -14.15138748
          0,           0,        8019,      -14.01734536,      -13.87890824,      -14.12315732
          0,           0,        8020,      -14.02609688,      -13.90618728,      -14.15288112
          0,           0,        8021,      -13.96715031,       -13.8499747,      -14.12460909
          0,           0,        8022,      -14.04285609,      -13.91888737,      -14.12209571
          0,           0,        8023,      -14.11669224,      -13.99331638,      -14.21577023
          0,           0,        8024,      -13.97894524,      -13.84887318,      -14.10713175
          0,           0,        8025,      -14.06546024,      -13.93767444,      -14.14375241
          0,           0,        8026,      -13.99651663,      -13.86190486,      -14.11685734
          0,           0,        8027,      -14.18857993,      -14.02642511,      -14.23845815
          0,           0,        8028,      -13.98811987,      -13.85709844,      -14.10750941
          0,           0,        8029,      -14.01307653,      -13.87948954,      -14.19601023
          0,           0,        8030,      -14.12098204,      -13.98934679,      -14.16937256
          0,           0,        8031,      -14.03832533,      -13.92324421,       -14.1315199
          0,           0,        8032,      -14.03600808,      -13.92919467,      -14.13882574
          0,           0,        8033,       -14.0354257,      -13.90972016,      -14.13086961
          0,           0,        8034,      -14.06849649,      -13.93641615,      -14.15105607
          0,           0,        8035,      -14.02622752,      -13.89722404,      -14.08306018
          0,           0,        8036,      -14.03925835,      -13.92384344,      -14.13136965
          0,           0,        8037,       -14.0038567,      -13.88135135,      -14.05689805
          0,           0,        8038,      -14.01193849,      -13.88687451,       -14.1346661
          0,           0,        8039,      -13.95317785,      -13.81943577,      -14.07992904
          0,           0,        8040,      -13.99391341,      -13.84830547,      -14.08143827
          0,           0,        8041,      -14.02283018,      -13.90066691,      -14.15008725
          0,           0,        8042,      -14.01211394,       -13.8824339,      -14.12785709
          0,           0,        8043,      -14.02841142,      -13.92941948,      -14.10526898
          0,           0,        8044,       -13.9161525,       -13.8000869,      -14.03951356
          0,           0,        8045,      -14.06264921,      -13.94145347,      -14.09751152
          0,           0,        8046,      -14.08210814,      -13.93858546,      -14.15436224
          0,           0,        8047,      -13.99891736,      -13.86591238,      -14.06119927
          0,           0,        8048,      -14.03140465,      -13.89251745,      -14.21432975
          0,           0,        8049,      -14.02611714,      -13.90831401,      -14.14832588
          0,           0,        8050,      -14.05000513,      -13.94116738,       -14.1692253
          0,           0,        8051,      -14.06745785,      -13.92857706,      -14.15069091
          0,           0,        8052,      -13.98899151,      -13.84859455,      -14.09531589
          0,           0,        8053,      -14.07044621,      -13.91976743,      -14.17402905
          0,           0,        8054,      -14.06176255,       -13.9158013,      -14.14458803
          0,           0,        8055,      -14.00519134,        -13.884918,      -14.13614871
          0,           0,        8056,      -13.96997581,      -13.85111166,      -14.10352109
          0,           0,        8057,      -14.04961812,      -13.93979738,      -14.13964372
          0,           0,        8058,      -14.03726339,      -13.92842037,      -14.13222516
          0,           0,        8059,      -13.99582607,      -13.89805359,      -14.08212927
          0,           0,        8060,      -14.06651919,      -13.95073552,      -14.18327756
          0,           0,        8061,      -14.01221136,      -13.88262066,      -14.16547252
          0,           0,        8062,      -14.08155047,      -13.96139041,      -14.23022878
          0,           0,        8063,      -13.96264657,      -13.84124976,      -14.16619548
          0,           0,        8064,       -14.1332851,      -13.99517578,      -14.16447662
          0,           0,        8065,      -14.03044495,      -13.89809769,      -14.13861881
          0,           0,        8066,      -14.16155061,      -14.03225804,      -14.20912011
          0,           0,        8067,      -14.03152808,      -13.91307377,      -14.18365659
          0,           0,        8068,      -14.10298584,      -13.98546258,      -14.21800531
          0,           0,        8069,      -14.01911094,      -13.89240729,      -14.10513516
          0,           0,        8070,      -14.03311677,      -13.90746848,      -14.11639242
          0,           0,        8071,      -14.05360537,      -13.92289978,       -14.1259868
          0,           0,        8072,      -13.98642115,      -13.86258753,      -14.08278739
          0,           0,        8073,      -14.04568726,      -13.91968996,      -14.17433229
          0,           0,        8074,      -14.01220186,       -13.8930017,      -14.14546414
          0,           0,        8075,      -13.99154062,      -13.86566032,      -14.08035043
          0,           0,        8076,      -14.02656852,      -13.90251414,      -14.15637619
          0,           0,        8077,      -14.02339858,      -13.88781277,      -14.10230813
          0,           0,        8078,      -14.07078697,       -13.9554246,      -14.20380759
          0,           0,        8079,       -14.1324911,      -14.01928685,      -14.21096966
          0,           0,        8080,      -14.01920214,      -13.89417627,      -14.14795266
          0,           0,        8081,      -13.99020754,      -13.85508266,       -14.0970482
          0,           0,        8082,      -14.07802416,      -13.95258145,      -14.17539015
          0,           0,        8083,      -13.99487481,      -13.86442111,      -14.07971114
          0,           0,        8084,      -14.09604642,      -13.97188356,      -14.20361476
          0,           0,        8085,      -14.04295256,      -13.93779949,      -14.15285684
          0,           0,        8086,      -14.04266123,      -13.92135879,       -14.1831556
          0,           0,        8087,      -14.04873062,      -13.92150054,      -14.15428493
          0,           0,        8088,      -14.11062835,      -13.97921279,      -14.17304207
          0,           0,        8089,        -14.004387,       -13.8864187,      -14.13240855
          0,           0,        8090,      -14.05224802,      -13.92570371,      -14.18007523
          0,           0,        8091,      -14.03751945,      -13.92141631,      -14.10236221
          0,           0,        8092,      -14.06704418,      -13.93423206,      -14.19208445
          0,           0,        8093,      -14.01070603,      -13.88084468,      -14.15381579
          0,           0,        8094,      -14.12535946,      -14.01539978,      -14.21703761
          0,           0,        8095,      -14.03484297,      -13.90684485,      -14.17658562
          0,           0,        8096,      -14.11341821,      -13.95945877,      -14.21099607
          0,           0,        8097,      -14.04820261,      -13.94615614,       -14.1141548
          0,           0,        8098,      -14.04029266,      -13.92809254,      -14.12908902
          0,           0,        8099,       -14.0211312,      -13.91735359,      -14.18800375
          0,           0,        8100,      -14.06680125,      -13.93745505,      -14.18252506
          0,           0,        8101,      -13.99324041,      -13.85412802,      -14.07856387
          0,           0,        8102,      -14.06901358,      -13.93854068,      -14.12829281
          0,           0,        8103,      -13.97172734,      -13.83479321,      -14.12053116
          0,           0,        8104,      -14.01759026,      -13.90976603,      -14.13634393
          0,           0,        8105,      -14.11347839,      -14.00461112,      -14.17306207
          0,           0,        8106,      -14.04567772,      -13.91491576,      -14.18247562
          0,           0,        8107,      -14.02694718,      -13.89867958,      -14.18397143
          0,           0,        8108,      -14.00122709,      -13.87893549,      -14.12103636
          0,           0,        8109,      -14.09392931,      -13.95996178,      -14.18146596
          0,           0,        8110,      -14.01817631,      -13.88283583,      -14.17937923
          0,           0,        8111,       -14.0684838,      -13.94336362,      -14.16069032
          0,           0,        8112,      -14.09687247,      -13.96367616,      -14.18776213
          0,           0,        8113,       -14.1052765,      -13.98559458,      -14.11732991
          0,           0,        8114,      -14.06488904,      -13.93676936,      -14.13310665
          0,           0,        8115,      -14.02829693,      -13.90200675,      -14.11916693
          0,           0,        8116,      -14.09845292,      -13.97151655,      -14.21851897
          0,           0,        8117,      -14.01647684,      -13.88464137,      -14.13525158
          0,           0,        8118,      -14.06494475,      -13.92700026,      -14.15496704
          0,           0,        8119,      -14.06008708,      -13.94227718,      -14.23773932
          0,           0,        8120,      -14.10071774,      -13.97238422,      -14.19801191
          0,           0,        8121,       -13.9641692,      -13.82711067,      -14.09868405
          0,           0,        8122,      -13.96477318,      -13.84570827,      -14.11782179
          0,           0,        8123,      -14.04555932,       -13.9199146,      -14.23696468
          0,           0,        8124,      -14.05753199,      -13.93077529,      -14.16609739
          0,           0,        8125,      -14.13559868,      -13.99228136,      -14.21364888
          0,           0,        8126,      -14.05093012,      -13.93196804,      -14.16781804
          0,           0,        8127,       -14.1254929,        -14.008151,      -14.20422629
          0,           0,        8128,      -13.99670497,      -13.85724527,      -14.12023581
          0,           0,        8129,      -14.06045642,      -13.95363832,      -14.17133278
          0,           0,        8130,      -14.06731605,      -13.94054239,       -14.1383479
          0,           0,        8131,      -14.04919052,      -13.93002784,      -14.21252653
          0,           0,        8132,      -14.02945078,      -13.90403709,       -14.1256026
          0,           0,        8133,      -14.05845939,      -13.91981383,      -14.14003631
          0,           0,        8134,      -14.05004371,      -13.91931621,      -14.13283002
          0,           0,        8135,      -14.06912103,       -13.9410686,      -14.12936203
          0,           0,        8136,      -14.06482472,      -13.93948354,      -14.13171195
          0,           0,        8137,       -14.0456254,       -13.9343455,      -14.16580986
          0,           0,        8138,      -14.06783535,      -13.95246253,      -14.16850004
          0,           0,        8139,      -13.98421799,      -13.86116316,      -14.05503306
          0,           0,        8140,      -14.08412497,      -13.96644441,      -14.16296109
          0,           0,        8141,      -14.11735582,      -13.97700548,      -14.18800298
          0,           0,        8142,      -13.96464142,      -13.82519891,      -14.11928392
          0,           0,        8143,      -14.10105562,      -13.96960076,      -14.15213143
          0,           0,        8144,      -13.97530605,      -13.84514738,      -14.13370664
          0,           0,        8145,      -14.09474761,      -13.98815677,      -14.20412446
          0,           0,        8146,      -14.10282572,      -13.97449665,      -14.14324469
          0,           0,        8147,      -14.04875662,      -13.93045081,      -14.14794652
          0,           0,        8148,      -14.06248079,      -13.92958297,      -14.14029746
          0,           0,        8149,      -14.02292513,      -13.89763572,      -14.15656571
          0,           0,        8150,      -14.06422512,      -13.94424719,      -14.19786032
          0,           0,        8151,      -14.07871526,       -13.9522358,      -14.18878277
          0,           0,        8152,      -14.07419673,      -13.96239116,      -14.16895481
          0,           0,        8153,      -14.07812296,      -13.94779126,      -14.19801364
          0,           0,        8154,      -14.02204744,      -13.88625913,      -14.12556679
          0,           0,        8155,      -14.14650208,      -14.02505194,      -14.22514475
          0,           0,        8156,      -14.07133371,      -13.96736687,       -14.1917117
          0,           0,        8157,      -14.10382449,       -13.9820887,      -14.22447522
          0,           0,        8158,      -13.99393956,        -13.864817,      -14.07028623
          0,           0,        8159,      -14.00714231,      -13.86866757,      -14.12873935
          0,           0,        8160,      -14.06080691,      -13.94780324,      -14.15556061
          0,           0,        8161,       -14.0676124,      -13.95007721,      -14.17392807
          0,           0,        8162,      -14.07814949,      -13.95022928,      -14.18665133
          0,           0,        8163,      -13.95951831,      -13.83536614,      -14.10156831
          0,           0,        8164,       -14.0285877,      -13.89034802,      -14.15111198
          0,           0,        8165,      -14.13276313,      -13.99123091,      -14.18633942
          0,           0,        8166,      -14.04025865,      -13.91721909,      -14.13575099
          0,           0,        8167,      -14.08140884,      -13.95999842,      -14.18834717
          0,           0,        8168,      -14.00983988,      -13.88983356,      -14.15028442
          0,           0,        8169,      -14.08022527,        -13.960634,      -14.17354781
          0,           0,        8170,      -14.02923189,      -13.89057845,       -14.0924916
          0,           0,        8171,      -14.07017166,      -13.94419024,      -14.12181469
          0,           0,        8172,      -14.07459912,      -13.95011775,      -14.17616984
          0,           0,        8173,      -14.05771938,      -13.92914861,      -14.15589353
          0,           0,        8174,      -14.09100151,      -13.94421015,      -14.19452112
          0,           0,        8175,      -14.12179085,      -13.99611162,      -14.19997535
          0,           0,        8176,      -14.11029935,      -14.00001309,      -14.18870532
          0,           0,        8177,      -14.07249262,      -13.95432928,      -14.22923792
          0,           0,        8178,      -14.11176863,      -13.97701721,      -14.21378686
          0,           0,        8179,      -14.06302805,      -13.94300248,      -14.16151864
          0,           0,        8180,      -14.05018679,      -13.92248073,      -14.07804397
          0,           0,        8181,      -14.02566126,      -13.90228535,      -14.14650072
          0,           0,        8182,      -14.01703575,      -13.89652156,      -14.24316537
          0,           0,        8183,      -14.06936082,      -13.95239916,      -14.21400532
          0,           0,        8184,      -14.00531197,      -13.88364775,      -14.12729369
          0,           0,        8185,      -14.11045375,      -13.97485913,      -14.21810544
          0,           0,        8186,      -14.07492026,      -13.94848234,      -14.11967176
          0,           0,        8187,      -13.93080622,      -13.81071302,      -14.12593173
          0,           0,        8188,      -14.01582704,      -13.88888102,      -14.13623237
          0,           0,        8189,       -13.9932809,      -13.87465574,      -14.11401376
          0,           0,        8190,      -14.06797058,      -13.91908283,      -14.16838914
          0,           0,        8191,      -14.06914886,      -13.95585961,      -14.20811745
          0,           0,        8192,      -14.11700102,      -13.96624053,      -14.18434889
          0,           0,        8193,      -14.01513173,      -13.89790973,      -14.14843707
          0,           0,        8194,      -14.11287822,      -13.98779983,      -14.22570749
          0,           0,        8195,      -14.05316366,      -13.92127593,      -14.09010155
          0,           0,        8196,      -14.01025451,       -13.8960015,      -14.12517114
          0,           0,        8197,      -14.01743345,      -13.88818721,      -14.18389917
          0,           0,        8198,      -14.06526875,       -13.9481956,      -14.13986384
          0,           0,        8199,      -14.05063297,      -13.94003182,      -14.18343517
          0,           0,        8200,      -14.06551681,      -13.92393982,      -14.16294813
          0,           0,        8201,      -14.07706297,      -13.94067968,      -14.19579563
          0,           0,        8202,      -14.07214251,      -13.95419538,      -14.18801781
          0,           0,        8203,      -14.06168291,      -13.93112092,      -14.12224135
          0,           0,        8204,      -13.99945334,      -13.87867784,      -14.17449098
          0,           0,        8205,      -14.12158784,      -14.01327046,      -14.14855554
          0,           0,        8206,      -14.01035347,      -13.87889474,      -14.08315217
          0,           0,        8207,      -14.00458012,      -13.87888286,      -14.18089997
          0,           0,        8208,      -13.96842531,      -13.83679351,      -14.08762811
          0,           0,        8209,      -14.06623799,      -13.92202448,      -14.13187144
          0,           0,        8210,      -14.01602337,      -13.89402391,      -14.13198659
          0,           0,        8211,      -14.04459281,      -13.90529362,      -14.13327398
          0,           0,        8212,      -14.06109413,      -13.93344124,      -14.15799088
          0,           0,        8213,      -13.92792931,      -13.80261649,      -14.10636475
          0,           0,        8214,      -14.04761441,      -13.92312679,      -14.11333703
          0,           0,        8215,      -13.98724711,       -13.8720258,      -14.11255793
          0,           0,        8216,      -14.03704029,      -13.93063956,      -14.15091965
          0,           0,        8217,      -14.04987275,      -13.91837193,      -14.20327944
          0,           0,        8218,      -14.13135405,      -14.00583251,      -14.17952131
          0,           0,        8219,      -14.03570228,      -13.91170727,      -14.09597349
          0,           0,        8220,      -14.08268343,      -13.96431576,      -14.21510218
          0,           0,        8221,      -14.09758746,      -13.97665265,       -14.1887055
          0,           0,        8222,      -14.02737768,      -13.93314023,      -14.18787609
          0,           0,        8223,      -14.06575249,       -13.9583463,      -14.17260005
          0,           0,        8224,      -14.05894877,      -13.91462186,       -14.1226191
          0,           0,        8225,      -14.06083551,      -13.92818913,      -14.17906885
          0,           0,        8226,      -14.04624204,      -13.91234276,      -14.14411782
          0,           0,        8227,      -14.06242376,       -13.9457381,      -14.19827477
          0,           0,        8228,       -14.0632945,      -13.93180422,      -14.23496096
          0,           0,        8229,      -14.00119376,      -13.88466538,      -14.16754176
          0,           0,        8230,      -14.05146246,       -13.9227728,      -14.18285823
          0,           0,        8231,      -14.05202307,      -13.93353965,      -14.16787236
          0,           0,        8232,      -14.04128316,      -13.93176163,      -14.14569731
          0,           0,        8233,      -14.03521018,       -13.9008791,      -14.11299565
          0,           0,        8234,      -14.07501041,      -13.93126344,      -14.21632034
          0,           0,        8235,       -14.0542709,      -13.92908011,       -14.1383198
          0,           0,        8236,      -14.09287509,      -13.97256476,      -14.19431538
          0,           0,        8237,      -14.03007308,      -13.90000074,      -14.14547035
          0,           0,        8238,      -14.06735554,      -13.93139285,      -14.15216855
          0,           0,        8239,      -14.07415543,      -13.95709321,      -14.19695695
          0,           0,        8240,      -14.08874498,      -13.96427186,      -14.11244957
          0,           0,        8241,      -13.99152094,      -13.85747591,      -14.12650767
          0,           0,        8242,      -14.05742929,      -13.91521315,      -14.20642868
          0,           0,        8243,      -14.09027066,      -13.96993815,       -14.1493795
          0,           0,        8244,      -14.02431597,      -13.90291028,      -14.15279248
          0,           0,        8245,      -13.98193938,      -13.86974734,      -14.13691618
          0,           0,        8246,      -14.05967853,      -13.94380574,      -14.18234928
          0,           0,        8247,      -14.06125688,      -13.93043109,      -14.13951669
          0,           0,        8248,      -14.08127962,      -13.95082175,      -14.17603593
          0,           0,        8249,      -14.04971898,      -13.91992008,      -14.14428197
          0,           0,        8250,      -14.08921822,      -13.95201458,      -14.17421604
          0,           0,        8251,       -14.0601557,        -13.944125,      -14.16886664
          0,           0,        8252,      -14.06866331,      -13.95177801,      -14.20334808
          0,           0,        8253,      -14.01054555,      -13.89903733,      -14.06983905
          0,           0,        8254,       -14.0197754,      -13.89784248,      -14.15461561
          0,           0,        8255,      -14.10347529,       -13.9823463,      -14.19682653
          0,           0,        8256,       -14.0257235,      -13.89974527,      -14.12407266
          0,           0,        8257,       -14.0965549,      -13.97212205,      -14.18353162
          0,           0,        8258,      -14.07714127,      -13.93821802,      -14.17871814
          0,           0,        8259,      -14.03161734,      -13.90481711,      -14.14046872
          0,           0,        8260,      -14.15120376,      -14.02654193,      -14.17515072
          0,           0,        8261,      -14.07552331,      -13.95124355,      -14.17678925
          0,           0,        8262,      -13.96466756,      -13.85026539,      -14.05620419
          0,           0,        8263,      -14.07983867,      -13.95689351,       -14.1522665
          0,           0,        8264,      -13.97038349,      -13.83060657,      -14.13138354
          0,           0,        8265,      -14.01469414,      -13.87776931,       -14.1465722
          0,           0,        8266,      -14.00007793,      -13.87758519,      -14.13685465
          0,           0,        8267,      -14.14528539,      -14.02301719,      -14.20263466
          0,           0,        8268,      -13.97709524,      -13.86155998,      -14.10829751
          0,           0,        8269,      -14.07432248,      -13.95924114,      -14.17924971
          0,           0,        8270,      -14.08135981,       -13.9412661,      -14.17743593
          0,           0,        8271,      -14.11438854,      -13.96534809,      -14.20642901
          0,           0,        8272,      -14.07128944,      -13.92698148,      -14.15376525
          0,           0,        8273,       -13.9767561,        -13.841872,      -14.13048643
          0,           0,        8274,      -14.00013148,      -13.85752835,      -14.10474936
          0,           0,        8275,      -14.03853008,       -13.9078991,      -14.19908261
          0,           0,        8276,       -14.0149458,      -13.90493427,      -14.11499369
          0,           0,        8277,      -14.08997784,      -13.95303583,      -14.17623779
          0,           0,        8278,      -14.02827011,      -13.89593191,      -14.13911783
          0,           0,        8279,      -14.00837865,      -13.88722903,      -14.14404029
          0,           0,        8280,      -14.08672386,      -13.97173079,       -14.1610538
          0,           0,        8281,      -14.05969118,      -13.92286758,       -14.1126235
          0,           0,        8282,      -14.00831707,      -13.88263467,      -14.13332459
          0,           0,        8283,      -14.00207733,      -13.88424412,      -14.14591042
          0,           0,        8284,      -14.03996948,       -13.9027362,      -14.15606791
          0,           0,        8285,      -14.00668308,      -13.89049548,      -14.11645133
          0,           0,        8286,      -14.04929129,      -13.92029715,      -14.11773053
          0,           0,        8287,      -14.01350767,      -13.88286221,      -14.11438352
          0,           0,        8288,      -14.01806908,      -13.89702152,      -14.15467312
          0,           0,        8289,      -14.04954664,      -13.91510117,      -14.13060848
          0,           0,        8290,       -14.0272227,      -13.90634645,      -14.08892598
          0,           0,        8291,      -13.98129295,      -13.84564683,      -14.07091328
          0,           0,        8292,      -13.99915861,      -13.86009747,      -14.11358905
          0,           0,        8293,      -14.04143875,      -13.90568944,      -14.17345808
          0,           0,        8294,       -14.0694632,      -13.93413607,       -14.1419789
          0,           0,        8295,      -14.00332757,      -13.90154895,      -14.12948143
          0,           0,        8296,      -14.03404182,      -13.92685337,      -14.16058124
          0,           0,        8297,      -14.13993281,       -14.0212534,      -14.21896978
          0,           0,        8298,      -14.14381514,      -14.01847406,      -14.16991279
          0,           0,        8299,      -14.01727069,       -13.8861081,      -14.17819064
          0,           0,        8300,      -14.12154143,      -14.00825038,      -14.20744456
          0,           0,        8301,      -14.02129838,      -13.89611771,      -14.14907451
          0,           0,        8302,      -14.05321608,      -13.93557893,      -14.21615958
          0,           0,        8303,      -14.01776795,      -13.87457359,      -14.08629206
          0,           0,        8304,      -14.02151516,      -13.88987179,      -14.14199295
          0,           0,        8305,      -14.01972665,      -13.89617838,      -14.14781965
          0,           0,        8306,      -14.04260557,      -13.93100683,      -14.17324413
          0,           0,        8307,      -13.99532907,      -13.88202277,      -14.10567058
          0,           0,        8308,      -14.07955816,      -13.94308061,      -14.19113069
          0,           0,        8309,       -14.0635632,      -13.93440317,      -14.18399046
          0,           0,        8310,      -13.99055832,      -13.86400485,      -14.13222576
          0,           0,        8311,      -14.00250706,      -13.87149629,      -14.12204433
          0,           0,        8312,      -14.12280418,      -14.00013965,      -14.17068796
          0,           0,        8313,      -14.08211941,      -13.94705242,      -14.18637315
          0,           0,        8314,       -14.0816396,      -13.96271231,      -14.19363519
          0,           0,        8315,      -14.04972868,      -13.91399429,      -14.14048255
          0,           0,        8316,      -13.99127337,      -13.87503873,       -14.1083261
          0,           0,        8317,      -13.95597486,      -13.83419556,      -14.12504983
          0,           0,        8318,       -14.0954768,      -13.96472375,      -14.15945509
          0,           0,        8319,       -14.1443629,      -14.01913201,      -14.22473932
          0,           0,        8320,      -14.05201628,      -13.93314249,      -14.26473669
          0,           0,        8321,      -14.14242189,      -14.00562973,      -14.15885218
          0,           0,        8322,      -14.00866294,      -13.89116574,      -14.13149833
          0,           0,        8323,      -13.99960476,      -13.86617821,      -14.12847142
          0,           0,        8324,       -14.0336843,      -13.91074417,      -14.17019442
          0,           0,        8325,      -14.06225594,      -13.94508042,      -14.15165143
          0,           0,        8326,      -14.07553278,      -13.95300827,      -14.23336317
          0,           0,        8327,       -14.1303267,      -14.00767106,       -14.2584265
          0,           0,        8328,      -14.00486484,      -13.87748623,      -14.14320123
          0,           0,        8329,      -13.97126504,      -13.84503561,      -14.03148635
          0,           0,        8330,       -14.0603002,      -13.95629352,      -14.17632362
          0,           0,        8331,      -14.01673428,        -13.897747,      -14.12403276
          0,           0,        8332,      -13.97258903,      -13.84876976,      -14.16190249
          0,           0,        8333,      -14.10655907,      -13.98885044,      -14.16233603
          0,           0,        8334,      -14.02060486,      -13.90111275,      -14.11147956
          0,           0,        8335,      -14.07001468,      -13.94796148,      -14.17406468
          0,           0,        8336,      -14.02421231,       -13.8908455,      -14.17512856
          0,           0,        8337,      -14.04375787,      -13.91127215,      -14.19391389
          0,           0,        8338,      -14.05622644,      -13.93972671,      -14.18743756
          0,           0,        8339,      -14.12246967,      -14.00381038,      -14.19103517
          0,           0,        8340,      -14.03185341,      -13.90431142,      -14.15514312
          0,           0,        8341,      -14.02431033,      -13.90144124,      -14.12594242
          0,           0,        8342,      -14.02265686,      -13.90835099,      -14.16879864
          0,           0,        8343,      -14.07100508,      -13.94428784,      -14.17048239
          0,           0,        8344,      -14.04035809,      -13.91818178,      -14.14936105
          0,           0,        8345,      -14.11137595,      -14.00329192,      -14.18358861
          0,           0,        8346,      -14.04365605,       -13.9243619,      -14.08886893
          0,           0,        8347,      -14.03489803,      -13.91521883,      -14.12922258
          0,           0,        8348,      -14.02148322,      -13.90531973,      -14.20119497
          0,           0,        8349,      -14.02428101,      -13.90393519,      -14.22909327
          0,           0,        8350,      -14.05693657,       -13.9133216,      -14.11408046
          0,           0,        8351,      -13.99475063,      -13.85831596,      -14.12671854
          0,           0,        8352,      -14.10055451,      -13.97351206,      -14.21125904
          0,           0,        8353,      -14.05990956,      -13.92744559,      -14.19863088
          0,           0,        8354,      -14.12840409,      -14.02288499,       -14.2774477
          0,           0,        8355,       -14.0318139,      -13.89728367,      -14.08469002
          0,           0,        8356,      -14.08999238,      -13.96912142,      -14.12000799
          0,           0,        8357,      -14.01254948,      -13.89189565,      -14.12702058
          0,           0,        8358,       -14.1078959,      -13.98058337,       -14.1372828
          0,           0,        8359,      -14.04218497,      -13.91528388,      -14.16583394
          0,           0,        8360,       -14.0010043,      -13.87263785,      -14.09634066
          0,           0,        8361,      -14.06346519,      -13.92315307,      -14.15689448
          0,           0,        8362,      -14.06955336,      -13.92527634,      -14.18845795
          0,           0,        8363,      -14.09038218,      -13.95468767,      -14.14437001
          0,           0,        8364,      -14.04052515,      -13.90680578,      -14.20478724
          0,           0,        8365,      -14.07149982,      -13.94923446,      -14.15099325
          0,           0,        8366,      -14.20494391,      -14.07441391,      -14.25417582
          0,           0,        8367,      -14.02056375,      -13.90640002,      -14.14302555
          0,           0,        8368,      -13.99012395,      -13.88227996,      -14.13824176
          0,           0,        8369,      -14.04642965,      -13.91878725,      -14.11771485
          0,           0,        8370,      -14.06544944,      -13.93538063,      -14.14891502
          0,           0,        8371,      -14.04927235,       -13.9042471,      -14.16916973
          0,           0,        8372,      -14.00503052,      -13.87783737,      -14.13529831
          0,           0,        8373,      -14.08390886,      -13.97692232,      -14.20717052
          0,           0,        8374,      -14.04220505,      -13.93378162,      -14.19275078
          0,           0,        8375,      -14.07516819,      -13.96356645,      -14.21029673
          0,           0,        8376,      -14.05140323,      -13.91062808,      -14.08284393
          0,           0,        8377,      -14.00696319,      -13.88167029,      -14.10247498
          0,           0,        8378,      -14.04607928,      -13.93177054,      -14.24094639
          0,           0,        8379,      -14.04129112,      -13.92737464,      -14.13647036
          0,           0,        8380,      -14.08655558,      -13.96818514,       -14.2236151
          0,           0,        8381,      -13.98806789,      -13.87141819,      -14.14729214
          0,           0,        8382,      -14.05883885,      -13.92741723,      -14.13542304
          0,           0,        8383,      -14.00337016,      -13.88181496,      -14.10571714
          0,           0,        8384,      -14.09591794,      -13.98313425,      -14.22316362
          0,           0,        8385,      -14.00707735,      -13.89640199,       -14.1333584
          0,           0,        8386,      -14.02457508,        -13.914562,      -14.17104432
          0,           0,        8387,      -13.97921485,      -13.84768942,      -14.09607908
          0,           0,        8388,      -14.02416143,      -13.87514717,      -14.12059855
          0,           0,        8389,       -13.9925475,      -13.86346505,      -14.04722502
          0,           0,        8390,      -13.97887656,      -13.86205803,      -14.24474608
          0,           0,        8391,      -14.13186288,       -14.0020361,      -14.13150931
          0,           0,        8392,      -14.06302735,      -13.92973444,      -14.13380782
          0,           0,        8393,      -14.13063994,       -14.0100018,      -14.20989812
          0,           0,        8394,      -14.05129224,      -13.92117867,      -14.10205231
          0,           0,        8395,      -13.99330948,      -13.87575877,      -14.14236874
          0,           0,        8396,      -14.12173753,      -13.98303174,      -14.15233692
          0,           0,        8397,      -13.99986398,      -13.86463181,      -14.11597572
          0,           0,        8398,      -14.08631552,      -13.96242923,      -14.14341002
          0,           0,        8399,      -14.02435797,      -13.90714191,      -14.14056553
          0,           0,        8400,      -14.01189749,      -13.88006185,      -14.15292901
          0,           0,        8401,      -14.05025878,      -13.91864738,      -14.13239378
          0,           0,        8402,      -14.05568112,      -13.93455232,      -14.15770046
          0,           0,        8403,      -14.08638567,      -13.97443719,      -14.19406767
          0,           0,        8404,      -14.06987857,      -13.94294335,      -14.19862934
          0,           0,        8405,        -14.068199,      -13.91760129,       -14.1703044
          0,           0,        8406,      -13.95486721,      -13.84848871,      -14.12079492
          0,           0,        8407,      -14.12575214,      -14.06288375,      -14.20975333
          0,           0,        8408,      -14.03331743,      -13.89054244,      -14.15235432
          0,           0,        8409,      -14.16684197,      -14.01402506,      -14.21440149
          0,           0,        8410,       -14.0387696,      -13.92205248,      -14.18277482
          0,           0,        8411,      -14.13518032,      -14.02066255,      -14.24012136
          0,           0,        8412,      -14.10702422,       -13.9931367,      -14.21318937
          0,           0,        8413,      -14.05164374,      -13.92364813,      -14.12043051
          0,           0,        8414,      -14.07256395,      -13.94936211,      -14.15537335
          0,           0,        8415,      -14.11411163,      -14.01253068,      -14.19513802
          0,           0,        8416,      -14.11727153,      -14.00281746,      -14.16182586
          0,           0,        8417,      -14.08801843,      -13.95902944,      -14.15102184
          0,           0,        8418,      -14.00255423,      -13.86010581,       -14.1192112
          0,           0,        8419,      -14.11414074,      -14.00406219,      -14.18381636
          0,           0,        8420,      -14.18110545,      -14.07084924,      -14.21565775
          0,           0,        8421,      -14.02452507,      -13.87402994,      -14.12232513
          0,           0,        8422,      -13.97129332,      -13.83303949,      -14.10452293
          0,           0,        8423,      -14.05163499,      -13.93377612,      -14.18722465
          0,           0,        8424,      -14.08811215,      -13.96181795,      -14.16475812
          0,           0,        8425,      -14.05049553,      -13.92840491,      -14.14684456
          0,           0,        8426,       -14.0935639,      -13.96752567,      -14.21744121
          0,           0,        8427,      -13.99394108,      -13.87077002,      -14.12096311
          0,           0,        8428,       -14.0970335,      -13.98472577,      -14.23887004
          0,           0,        8429,      -14.12561664,      -13.98882452,        -14.170277
          0,           0,        8430,       -14.0277032,      -13.89020085,      -14.10667215
          0,           0,        8431,       -14.0232291,      -13.89838341,      -14.12779008
          0,           0,        8432,      -14.04320509,      -13.91557049,      -14.18816647
          0,           0,        8433,      -14.09747168,      -13.97382834,      -14.18684346
          0,           0,        8434,      -14.02922976,       -13.8940435,      -14.11369358
          0,           0,        8435,       -14.0401969,      -13.89870296,      -14.19893495
          0,           0,        8436,      -14.01045461,        -13.877884,      -14.08974693
          0,           0,        8437,      -14.09308294,      -13.96350517,      -14.17150486
          0,           0,        8438,      -14.06637813,      -13.94095895,      -14.23065331
          0,           0,        8439,       -14.0877826,      -13.96129279,      -14.21772082
          0,           0,        8440,      -13.98743553,      -13.87215616,      -14.22743022
          0,           0,        8441,      -14.07215722,      -13.93281051,      -14.10450706
          0,           0,        8442,      -14.06723551,      -13.94886468,      -14.14495966
          0,           0,        8443,      -14.08945173,      -13.97357089,      -14.16619177
          0,           0,        8444,       -14.0543242,        -13.921991,      -14.14350577
          0,           0,        8445,      -14.07036497,      -13.92615632,      -14.14790211
          0,           0,        8446,      -14.04475997,      -13.89960234,      -14.11056529
          0,           0,        8447,      -14.09397199,      -13.94135327,      -14.18105357
          0,           0,        8448,      -14.07893456,      -13.94116742,      -14.17257003
          0,           0,        8449,      -14.06579607,      -13.93892916,      -14.16466146
          0,           0,        8450,      -13.97586709,       -13.8506884,      -14.14979142
          0,           0,        8451,      -14.06234798,      -13.92922538,      -14.13758158
          0,           0,        8452,       -14.0322564,        -13.900501,      -14.18491332
          0,           0,        8453,      -14.05545401,       -13.9374853,      -14.16890111
          0,           0,        8454,      -13.97028978,       -13.8502085,      -14.13677095
          0,           0,        8455,      -14.01235609,      -13.86223916,      -14.13264309
          0,           0,        8456,      -13.97538411,      -13.83259082,      -14.09680093
          0,           0,        8457,      -14.13069559,      -14.00850706,      -14.23591992
          0,           0,        8458,      -14.06734468,      -13.91762232,       -14.1422773
          0,           0,        8459,      -14.03926146,      -13.89264752,      -14.10009793
          0,           0,        8460,      -14.04807771,       -13.9167572,      -14.15866987
          0,           0,        8461,      -13.98850815,       -13.8643601,      -14.15136684
          0,           0,        8462,      -14.03731704,      -13.92440746,      -14.13379455
          0,           0,        8463,      -14.06229277,      -13.95958749,      -14.13109502
          0,           0,        8464,      -14.01463213,      -13.89185902,      -14.15484381
          0,           0,        8465,      -14.00802622,      -13.88247001,      -14.09260762
          0,           0,        8466,      -14.06628008,      -13.94742062,       -14.1574521
          0,           0,        8467,      -14.00075124,      -13.87525494,      -14.08763594
          0,           0,        8468,      -13.95943512,      -13.83649051,      -14.08649821
          0,           0,        8469,      -13.99660479,      -13.89448769,      -14.12591905
          0,           0,        8470,      -14.04694239,      -13.93018332,      -14.19990812
          0,           0,        8471,      -14.06527118,      -13.94206835,      -14.25121625
          0,           0,        8472,      -14.11186384,      -13.97544461,      -14.26814076
          0,           0,        8473,      -14.03142237,      -13.91207295,        -14.168065
          0,           0,        8474,      -14.10177947,      -13.96253183,      -14.13192141
          0,           0,        8475,      -13.97797546,      -13.87067288,      -14.09816623
          0,           0,        8476,       -14.0013922,      -13.89404754,      -14.12470493
          0,           0,        8477,      -14.10008551,      -13.95493728,      -14.18294364
          0,           0,        8478,      -14.04775073,      -13.91868986,      -14.16188846
          0,           0,        8479,      -14.01646002,      -13.89370044,      -14.14085047
          0,           0,        8480,      -14.07923778,      -13.95442944,      -14.14982109
          0,           0,        8481,      -14.04473537,      -13.94593251,      -14.15392486
          0,           0,        8482,      -14.08374238,      -13.96850244,      -14.18774115
          0,           0,        8483,      -14.07888705,      -13.93973913,      -14.14215418
          0,           0,        8484,      -14.09858252,      -13.97859148,      -14.16455021
          0,           0,        8485,      -14.01641186,      -13.89671812,      -14.14540358
          0,           0,        8486,      -14.00476511,      -13.89252807,      -14.18568255
          0,           0,        8487,      -14.01050787,      -13.88613643,      -14.10632899
          0,           0,        8488,       -14.0181539,      -13.89721616,      -14.08888141
          0,           0,        8489,      -14.01729153,      -13.87543986,      -14.08479105
          0,           0,        8490,      -14.00695928,      -13.88351169,      -14.14460485
          0,           0,        8491,      -14.10017045,      -14.01429274,       -14.2170053
          0,           0,        8492,      -14.04177871,      -13.94427418,       -14.1397548
          0,           0,        8493,      -14.00543508,        -13.883826,      -14.12354644
          0,           0,        8494,      -14.02347274,      -13.88275956,      -14.12435518
          0,           0,        8495,      -14.01176612,      -13.85563063,      -14.10236853
          0,           0,        8496,      -13.98940655,      -13.85669674,      -14.10738477
          0,           0,        8497,      -13.94682288,      -13.83410677,      -14.08180049
          0,           0,        8498,      -13.96746568,      -13.85060745,      -14.11615122
          0,           0,        8499,      -14.08872133,      -13.96057002,      -14.21387227
          0,           0,        8500,      -14.05877503,      -13.92437952,      -14.13044872
          0,           0,        8501,      -13.98822211,      -13.86318647,      -14.11274521
          0,           0,        8502,      -14.06471616,      -13.92842355,      -14.13434744
          0,           0,        8503,      -14.06841153,      -13.94422603,      -14.18873821
          0,           0,        8504,      -14.05456412,      -13.92178618,      -14.11283387
          0,           0,        8505,      -14.02746804,      -13.89973371,      -14.10032122
          0,           0,        8506,      -14.06979219,      -13.94991183,      -14.18849008
          0,           0,        8507,      -14.12270962,      -13.98718453,      -14.19257069
          0,           0,        8508,      -14.04952067,      -13.91839997,      -14.15018947
          0,           0,        8509,      -14.01905345,      -13.89924321,       -14.1668366
          0,           0,        8510,      -14.04066183,       -13.9266353,      -14.17594739
          0,           0,        8511,      -13.97178572,      -13.84542791,      -14.01970499
          0,           0,        8512,       -14.0502891,      -13.90856169,      -14.15445905
          0,           0,        8513,      -14.06774456,      -13.94459492,      -14.16820794
          0,           0,        8514,      -14.05824289,      -13.93941281,      -14.11777825
          0,           0,        8515,      -14.08283631,      -13.96673975,      -14.19272263
          0,           0,        8516,        -14.057234,      -13.95019758,      -14.16123643
          0,           0,        8517,      -14.07391027,      -13.92568787,      -14.16926253
          0,           0,        8518,        -13.943698,       -13.8291213,       -14.0836252
          0,           0,        8519,      -14.08263434,      -13.94785795,      -14.24370493
          0,           0,        8520,      -14.07480575,      -13.92969607,      -14.14181427
          0,           0,        8521,      -14.00162756,      -13.84883496,      -14.11156479
          0,           0,        8522,      -13.99903189,      -13.84482933,      -14.13836562
          0,           0,        8523,      -14.01761342,      -13.87878488,      -14.09249877
          0,           0,        8524,       -14.1175182,      -13.99797702,      -14.17432405
          0,           0,        8525,      -14.09392191,      -13.97325233,       -14.1993501
          0,           0,        8526,      -14.04264526,      -13.91674449,      -14.12280047
          0,           0,        8527,      -14.04835232,      -13.92618405,      -14.20303622
          0,           0,        8528,      -14.12137369,      -13.99746841,      -14.17956492
          0,           0,        8529,      -14.03492032,      -13.91076532,      -14.12163692
          0,           0,        8530,      -14.06760062,      -13.94668236,      -14.17864371
          0,           0,        8531,      -13.97276253,      -13.84043915,      -14.09700869
          0,           0,        8532,      -13.99005273,      -13.83739243,      -14.06125562
          0,           0,        8533,      -14.04074632,      -13.90664578,      -14.11972186
          0,           0,        8534,      -13.98059382,      -13.86196648,       -14.1121748
          0,           0,        8535,        -14.117801,      -13.99494162,      -14.23136716
          0,           0,        8536,       -14.0231166,      -13.88304246,      -14.10542089
          0,           0,        8537,       -14.0943387,      -14.00631347,      -14.20097115
          0,           0,        8538,      -14.05860291,      -13.94825376,      -14.17598115
          0,           0,        8539,      -14.07605631,      -13.94835927,      -14.14906073
          0,           0,        8540,      -14.08423166,      -13.95813364,      -14.14835751
          0,           0,        8541,      -14.02869318,      -13.88727627,      -14.20433913
          0,           0,        8542,      -14.00462259,      -13.86680106,      -14.13234715
          0,           0,        8543,      -14.05179948,      -13.93312616,      -14.09315898
          0,           0,        8544,      -14.03823343,      -13.90148781,      -14.19524114
          0,           0,        8545,      -14.10817548,       -13.9619409,      -14.17746849
          0,           0,        8546,      -14.06765048,      -13.94402381,      -14.13193976
          0,           0,        8547,      -13.98068579,      -13.85770943,      -14.10642408
          0,           0,        8548,      -14.05439968,      -13.93622807,      -14.13983356
          0,           0,        8549,      -13.97850186,      -13.85143133,      -14.09740854
          0,           0,        8550,      -14.01972869,      -13.90474033,      -14.15589986
          0,           0,        8551,      -14.09227315,       -13.9812289,      -14.21311236
          0,           0,        8552,      -13.95740355,      -13.84625844,      -14.05902541
          0,           0,        8553,      -14.08586808,       -13.9802259,      -14.16629602
          0,           0,        8554,      -14.00002886,      -13.87791611,      -14.14895786
          0,           0,        8555,      -14.08860926,      -13.97122738,      -14.16555561
          0,           0,        8556,      -14.06936868,      -13.93710581,       -14.1633863
          0,           0,        8557,      -14.05424031,      -13.90658808,      -14.13631414
          0,           0,        8558,      -13.96855826,       -13.8346985,      -14.11193345
          0,           0,        8559,      -14.05780564,       -13.9355474,      -14.14648381
          0,           0,        8560,      -13.97972823,      -13.85953182,      -14.11695229
          0,           0,        8561,      -14.08741066,      -13.97674643,      -14.17407864
          0,           0,        8562,      -14.01941671,      -13.90223143,      -14.15265939
          0,           0,        8563,       -14.0535899,      -13.92467828,       -14.1713654
          0,           0,        8564,      -13.97970022,      -13.85208491,      -14.11030322
          0,           0,        8565,      -14.00836425,      -13.90692783,      -14.16054575
          0,           0,        8566,      -14.07518119,       -13.9552999,      -14.17832983
          0,           0,        8567,      -14.01342524,      -13.88530809,      -14.05813748
          0,           0,        8568,      -14.05687535,      -13.89085084,      -14.13199987
          0,           0,        8569,       -14.0151399,      -13.89365767,      -14.12285796
          0,           0,        8570,      -14.13395165,      -14.00820196,      -14.20133831
          0,           0,        8571,      -13.94942666,      -13.82872142,      -14.09896207
          0,           0,        8572,      -14.01770825,       -13.8787756,      -14.11596309
          0,           0,        8573,      -13.99571494,      -13.87848136,      -14.20698299
          0,           0,        8574,      -14.11196373,      -14.00663203,      -14.21535109
          0,           0,        8575,      -14.09257438,      -13.98167336,      -14.21416929
          0,           0,        8576,      -14.14563727,      -14.00658898,      -14.23298852
          0,           0,        8577,      -14.01159108,      -13.88905674,      -14.13240676
          0,           0,        8578,      -14.06680075,      -13.94152523,      -14.19885051
          0,           0,        8579,      -14.02070251,      -13.89484434,      -14.12218922
          0,           0,        8580,       -14.0624064,      -13.93606459,      -14.14198455
          0,           0,        8581,       -14.0803082,      -13.95161549,      -14.17564329
          0,           0,        8582,      -14.01215474,      -13.88612814,      -14.14500095
          0,           0,        8583,      -13.99345437,      -13.88221162,      -14.15492458
          0,           0,        8584,      -14.00613576,      -13.88905461,      -14.14204208
          0,           0,        8585,        -14.110388,      -13.96053507,      -14.12593296
          0,           0,        8586,      -14.05554661,      -13.92732463,      -14.14651317
          0,           0,        8587,      -14.06318385,      -13.95255272,      -14.16937233
          0,           0,        8588,      -14.07470525,      -13.95161068,      -14.20490685
          0,           0,        8589,      -14.06463096,      -13.94639301,      -14.20135781
          0,           0,        8590,       -14.0477802,      -13.93083828,      -14.16920962
          0,           0,        8591,      -14.04951492,      -13.92660797,      -14.15823945
          0,           0,        8592,      -14.08603697,      -13.96662676,      -14.20722872
          0,           0,        8593,      -14.02912894,      -13.90592413,      -14.11230465
          0,           0,        8594,      -14.04292343,      -13.92002358,      -14.11473028
          0,           0,        8595,      -14.01332371,      -13.89385362,      -14.16741595
          0,           0,        8596,      -14.05597623,      -13.94578007,      -14.23563113
          0,           0,        8597,      -14.16108836,      -14.03511393,      -14.23423851
          0,           0,        8598,      -14.02238371,       -13.9307368,      -14.21599655
          0,           0,        8599,      -14.07794969,      -13.96846497,      -14.14374027
          0,           0,        8600,      -14.00031073,      -13.86899277,      -14.15700443
          0,           0,        8601,      -14.04132654,      -13.91389796,      -14.11586651
          0,           0,        8602,      -14.09824552,      -13.96450824,      -14.18506364
          0,           0,        8603,       -13.9963737,      -13.87044122,      -14.13061614
          0,           0,        8604,       -14.0206964,       -13.8829975,      -14.12067641
          0,           0,        8605,      -13.99107831,      -13.86575014,      -14.07116845
          0,           0,        8606,      -14.06101069,      -13.95606531,      -14.14231318
          0,           0,        8607,       -14.1075766,      -13.99341582,      -14.21683626
          0,           0,        8608,      -14.04382892,       -13.9196819,      -14.13539651
          0,           0,        8609,      -14.01967744,       -13.8910437,       -14.1401828
          0,           0,        8610,      -14.02460173,      -13.89070581,       -14.1277467
          0,           0,        8611,      -14.09150471,      -13.93347183,      -14.14329703
          0,           0,        8612,      -13.92912424,      -13.76741775,      -14.03478391
          0,           0,        8613,      -13.91936813,      -13.78529885,      -14.12969674
          0,           0,        8614,      -14.09060498,      -13.94631328,      -14.12275086
          0,           0,        8615,      -14.04610397,      -13.92590793,      -14.14293728
          0,           0,        8616,      -14.05527459,      -13.92598931,      -14.17719109
          0,           0,        8617,      -14.05859662,      -13.92951327,      -14.19304305
          0,           0,        8618,      -14.05461212,      -13.91777823,      -14.13714784
          0,           0,        8619,      -14.08607172,       -13.9773061,      -14.15938113
          0,           0,        8620,      -14.05322912,      -13.91480904,      -14.23516494
          0,           0,        8621,      -14.12732913,      -14.00544643,      -14.17772901
          0,           0,        8622,      -13.97011825,      -13.85784247,      -14.10231986
          0,           0,        8623,      -14.06130238,      -13.95105972,      -14.19450027
          0,           0,        8624,      -14.04527146,      -13.92796728,      -14.22508786
          0,           0,        8625,      -14.08240793,      -13.95624003,      -14.20029025
          0,           0,        8626,      -14.08241092,      -13.93715443,      -14.17190528
          0,           0,        8627,      -14.00979551,      -13.89231638,      -14.11726504
          0,           0,        8628,      -13.98766324,       -13.8822694,      -14.10972802
          0,           0,        8629,      -14.11877772,      -14.00707218,      -14.21843697
          0,           0,        8630,      -14.10988862,       -13.9894141,      -14.20311599
          0,           0,        8631,       -14.0324794,      -13.90397034,      -14.15404282
          0,           0,        8632,      -14.11402665,      -13.98603847,      -14.21618619
          0,           0,        8633,      -14.00993808,      -13.88818419,      -14.11505479
          0,           0,        8634,      -14.10628889,      -14.00173609,      -14.20837381
          0,           0,        8635,      -14.11488101,      -14.01138939,      -14.21895533
          0,           0,        8636,      -14.10494178,      -13.98998846,      -14.19050359
          0,           0,        8637,      -14.06516208,      -13.93617635,      -14.20448025
          0,           0,        8638,      -14.03676061,      -13.90097779,      -14.10963114
          0,           0,        8639,       -14.0557176,      -13.93931878,      -14.11202669
          0,           0,        8640,       -14.0660691,      -13.91396327,      -14.17231689
          0,           0,        8641,       -13.9976843,      -13.86018499,      -14.10456524
          0,           0,        8642,      -14.04732913,       -13.9236821,      -14.13224754
          0,           0,        8643,      -13.94292679,      -13.83713026,      -14.11871892
          0,           0,        8644,      -14.08756258,       -13.9870532,      -14.18260136
          0,           0,        8645,      -14.02767544,      -13.90305866,      -14.17644589
          0,           0,        8646,      -14.04799577,      -13.91985098,      -14.14488797
          0,           0,        8647,      -14.19089805,      -14.06692791,      -14.27957567
          0,           0,        8648,      -14.01892829,      -13.90086238,      -14.16110597
          0,           0,        8649,      -14.03242867,      -13.90628382,      -14.11786008
          0,           0,        8650,      -14.07564954,      -13.97373954,      -14.18723419
          0,           0,        8651,      -14.08396827,      -13.97560616,      -14.20453273
          0,           0,        8652,      -14.05514611,       -13.9334046,      -14.11382004
          0,           0,        8653,      -14.05946247,      -13.91693689,       -14.1239454
          0,           0,        8654,      -14.06406211,      -13.92183933,       -14.1512622
          0,           0,        8655,      -14.06443725,      -13.93894424,      -14.20620637
          0,           0,        8656,      -14.02897837,      -13.92463861,      -14.13664081
          0,           0,        8657,      -14.05105777,      -13.92231708,      -14.15643438
          0,           0,        8658,       -14.1136923,      -13.99221506,      -14.18406675
          0,           0,        8659,       -13.9994605,      -13.86569474,      -14.12592177
          0,           0,        8660,      -14.04244787,      -13.92003281,      -14.11519363
          0,           0,        8661,      -14.01661739,      -13.88455557,      -14.13866657
          0,           0,        8662,      -13.95953869,      -13.84039186,      -14.09689571
          0,           0,        8663,       -14.0606349,      -13.94203742,      -14.15489506
          0,           0,        8664,      -13.99561527,      -13.86235887,      -14.12736149
          0,           0,        8665,      -14.02023846,      -13.89848883,      -14.15917195
          0,           0,        8666,      -14.01963248,      -13.88175714,      -14.07589458
          0,           0,        8667,      -14.03612309,      -13.89095365,      -14.13687552
          0,           0,        8668,      -14.03438679,      -13.90457121,      -14.16517336
          0,           0,        8669,      -14.05552021,      -13.92578635,      -14.17397586
          0,           0,        8670,      -14.01999278,       -13.8840889,      -14.15622474
          0,           0,        8671,      -14.03830934,        -13.908728,      -14.11333103
          0,           0,        8672,      -14.00494439,      -13.88358427,      -14.11852816
          0,           0,        8673,      -14.05457387,      -13.94892832,      -14.13147225
          0,           0,        8674,      -14.04791746,      -13.91741266,      -14.16840845
          0,           0,        8675,      -13.99277706,      -13.86407314,      -14.09984226
          0,           0,        8676,      -14.00615041,       -13.9126637,       -14.0710774
          0,           0,        8677,      -13.96918272,      -13.84426453,      -14.12337674
          0,           0,        8678,      -14.04910154,      -13.90920358,      -14.14974479
          0,           0,        8679,      -13.99214251,        -13.866249,      -14.10840488
          0,           0,        8680,      -14.08622421,      -13.97046482,      -14.15309348
          0,           0,        8681,      -14.01034636,       -13.8608631,      -14.06183268
          0,           0,        8682,      -14.07442672,      -13.95422506,      -14.14103055
          0,           0,        8683,      -13.96746219,      -13.84272303,      -14.10472761
          0,           0,        8684,      -13.96892391,       -13.8624651,      -14.13851083
          0,           0,        8685,      -14.07476835,      -13.95207072,      -14.19793312
          0,           0,        8686,      -14.03911176,      -13.91721876,      -14.20172286
          0,           0,        8687,      -14.00882348,       -13.8847624,      -14.12168847
          0,           0,        8688,      -14.04480927,      -13.91253282,      -14.16925821
          0,           0,        8689,       -14.0848882,      -13.96310511,       -14.1513682
          0,           0,        8690,       -14.1065725,      -13.97255042,      -14.20035993
          0,           0,        8691,      -14.06636657,      -13.95874964,      -14.11327467
          0,           0,        8692,      -14.02969757,      -13.92019821,       -14.1183151
          0,           0,        8693,      -14.02614197,      -13.90743673,      -14.14846893
          0,           0,        8694,      -14.11941897,      -13.97675614,       -14.2046671
          0,           0,        8695,      -14.05974465,      -13.92014993,      -14.15324306
          0,           0,        8696,      -14.02895702,      -13.89838134,      -14.16106506
          0,           0,        8697,      -14.04827701,      -13.92725456,      -14.20133097
          0,           0,        8698,      -14.05162987,      -13.93799564,      -14.11541923
          0,           0,        8699,       -14.0637152,      -13.93582485,      -14.16192555
          0,           0,        8700,      -14.06936606,      -13.94920572,      -14.16801365
          0,           0,        8701,      -14.02590456,       -13.9041103,      -14.11080548
          0,           0,        8702,      -14.07706342,      -13.96801912,      -14.19477408
          0,           0,        8703,      -13.94899609,       -13.8317166,      -14.11939384
          0,           0,        8704,      -14.09946883,      -13.95913202,      -14.15555539
          0,           0,        8705,      -14.04830376,       -13.9077144,      -14.13524242
          0,           0,        8706,      -14.02627204,      -13.89143168,      -14.16682438
          0,           0,        8707,      -13.93772414,      -13.82372794,       -14.1520354
          0,           0,        8708,      -14.07922277,       -13.9581271,      -14.16509248
          0,           0,        8709,      -14.11528421,      -13.98026514,      -14.16193093
          0,           0,        8710,      -14.05722975,       -13.9325831,      -14.15319613
          0,           0,        8711,      -14.07062121,      -13.95431751,      -14.18089831
          0,           0,        8712,      -14.01903645,      -13.89562723,      -14.16424342
          0,           0,        8713,      -14.00501021,      -13.89274182,      -14.10856927
          0,           0,        8714,      -14.01706206,      -13.90458251,      -14.10528017
          0,           0,        8715,      -13.99790095,      -13.89861891,      -14.06616173
          0,           0,        8716,      -14.01169053,      -13.88697798,      -14.10359456
          0,           0,        8717,       -13.9740077,      -13.84268554,      -14.06916746
          0,           0,        8718,      -13.99087377,      -13.85656123,      -14.12182401
          0,           0,        8719,      -14.00807189,      -13.88484822,      -14.19122266
          0,           0,        8720,      -14.04734119,      -13.92739637,      -14.09066556
          0,           0,        8721,      -14.01010548,      -13.88884502,      -14.15154472
          0,           0,        8722,      -14.02106429,      -13.89570349,      -14.12874128
          0,           0,        8723,      -13.98552148,      -13.86062437,      -14.13164016
          0,           0,        8724,      -14.08991548,      -13.96814382,       -14.2146098
          0,           0,        8725,      -14.11822053,      -13.99603727,      -14.14232659
          0,           0,        8726,      -14.06499435,      -13.93373316,      -14.20069854
          0,           0,        8727,      -14.11113586,      -13.97639022,      -14.22072007
          0,           0,        8728,      -14.00628828,      -13.87327287,      -14.10301645
          0,           0,        8729,      -14.00023717,      -13.87860386,      -14.11749797
          0,           0,        8730,      -13.96968322,      -13.86472578,      -14.17565459
          0,           0,        8731,      -14.08437753,      -13.96151846,      -14.14764887
          0,           0,        8732,      -13.99391939,      -13.87667799,      -14.13075011
          0,           0,        8733,      -14.10117856,      -13.96944314,      -14.22074436
          0,           0,        8734,      -14.06757298,      -13.92646265,       -14.1840375
          0,           0,        8735,      -13.99195972,      -13.85974917,      -14.13216711
          0,           0,        8736,      -14.05430508,      -13.92467035,      -14.21880311
          0,           0,        8737,      -14.02536525,      -13.90993357,      -14.20184082
          0,           0,        8738,      -14.00461161,       -13.8761298,      -14.17417288
          0,           0,        8739,       -13.9461148,      -13.81745516,      -14.04785031
          0,           0,        8740,      -14.10570212,      -13.95799509,      -14.23130394
          0,           0,        8741,      -14.07639705,      -13.94062721,        -14.178427
          0,           0,        8742,      -14.07010045,      -13.92824419,      -14.16698605
          0,           0,        8743,      -13.98467592,      -13.87048221,      -14.09678518
          0,           0,        8744,      -14.07354769,      -13.95150173,      -14.17200587
          0,           0,        8745,      -14.00942681,      -13.88600698,      -14.14112094
          0,           0,        8746,      -13.99887815,      -13.87003471,      -14.09062842
          0,           0,        8747,      -14.00578009,      -13.89418512,      -14.08599927
          0,           0,        8748,      -14.00442165,      -13.87804016,       -14.1757495
          0,           0,        8749,      -14.02728155,      -13.87363245,      -14.07707755
          0,           0,        8750,      -13.97471682,      -13.81604187,      -14.06969912
          0,           0,        8751,      -13.99014132,      -13.84165214,      -14.11220961
          0,           0,        8752,      -14.08778152,      -13.97900575,      -14.19023272
          0,           0,        8753,      -14.03141285,      -13.90499791,      -14.11855454
          0,           0,        8754,      -14.01956486,      -13.89062533,       -14.1085304
          0,           0,        8755,      -14.03725609,      -13.94445797,      -14.13056353
          0,           0,        8756,      -13.98529881,      -13.85131515,      -14.07104345
          0,           0,        8757,      -14.05631118,      -13.91853114,      -14.21275505
          0,           0,        8758,      -14.11583497,      -13.98401298,       -14.2659001
          0,           0,        8759,      -14.08902479,      -13.94294211,       -14.1622467
          0,           0,        8760,      -14.03568173,      -13.91910187,      -14.15337589
          0,           0,        8761,      -14.13926704,      -14.01527322,      -14.22625874
          0,           0,        8762,      -13.99363688,       -13.8698546,      -14.14936214
          0,           0,        8763,      -14.07005495,      -13.95907593,      -14.17508848
          0,           0,        8764,      -14.03407905,      -13.92413191,      -14.11418147
          0,           0,        8765,      -14.03024258,      -13.92068541,      -14.15514164
          0,           0,        8766,      -14.02069609,      -13.89301421,       -14.1477392
          0,           0,        8767,      -14.03587875,      -13.90177765,      -14.12632177
          0,           0,        8768,      -14.07428147,       -13.9458043,       -14.1331304
          0,           0,        8769,      -13.98703439,      -13.87449565,      -14.22538377
          0,           0,        8770,      -14.15405587,      -14.03501544,      -14.24974161
          0,           0,        8771,      -14.02392282,      -13.90401837,      -14.12959801
          0,           0,        8772,      -14.05658552,      -13.93456807,      -14.11928875
          0,           0,        8773,      -14.02216576,      -13.88251318,      -14.12442943
          0,           0,        8774,      -14.04924682,      -13.92069526,      -14.15776267
          0,           0,        8775,      -14.10200697,      -13.96222603,      -14.18121428
          0,           0,        8776,      -14.00585502,      -13.87488049,      -14.11127537
          0,           0,        8777,        -14.018192,      -13.89091203,      -14.14780944
          0,           0,        8778,      -14.05643091,       -13.9572343,       -14.1710373
          0,           0,        8779,      -14.11441966,      -13.98265168,      -14.15627639
          0,           0,        8780,      -14.06152815,      -13.93981817,      -14.16519981
          0,           0,        8781,      -14.02535962,      -13.91099376,      -14.13443225
          0,           0,        8782,      -14.03259864,      -13.90502358,      -14.12161925
          0,           0,        8783,      -13.97005062,       -13.8382966,      -14.12779402
          0,           0,        8784,      -14.02401157,       -13.9039219,      -14.15142842
          0,           0,        8785,       -13.9789018,      -13.86819085,      -14.08883103
          0,           0,        8786,      -14.04186033,      -13.92642778,      -14.16337876
          0,           0,        8787,      -14.06983331,       -13.9482672,       -14.2216007
          0,           0,        8788,      -14.07765811,      -13.93767148,      -14.19924627
          0,           0,        8789,      -14.02787743,      -13.89601511,      -14.17129142
          0,           0,        8790,      -14.05536568,      -13.92925024,       -14.2106484
          0,           0,        8791,      -14.11762512,       -13.9962953,      -14.23164972
          0,           0,        8792,      -14.07175268,      -13.92903414,      -14.23025985
          0,           0,        8793,      -14.09571824,      -13.98387015,      -14.18582909
          0,           0,        8794,      -14.07490127,      -13.94147326,      -14.19792585
          0,           0,        8795,      -14.03012072,      -13.90625134,       -14.1112683
          0,           0,        8796,      -14.08173332,      -13.99215639,      -14.14464488
          0,           0,        8797,      -13.99025786,      -13.85850997,      -14.15966974
          0,           0,        8798,      -14.09201125,      -13.96697857,      -14.19926214
          0,           0,        8799,      -14.04692667,       -13.9278846,      -14.17027139
          0,           0,        8800,      -14.05598874,       -13.9393469,      -14.13642738
          0,           0,        8801,      -14.02678059,      -13.88353475,      -14.10026212
          0,           0,        8802,      -13.99051581,      -13.86804616,      -14.17854017
          0,           0,        8803,      -14.08945691,      -13.96805782,      -14.20779073
          0,           0,        8804,      -13.99883318,      -13.87668369,      -14.13145031
          0,           0,        8805,      -14.08843924,      -13.97508238,      -14.21987962
          0,           0,        8806,      -14.03123908,      -13.91622618,      -14.17501443
          0,           0,        8807,      -14.09597947,      -13.98548053,      -14.17016018
          0,           0,        8808,      -14.08654658,      -13.95123853,      -14.16079193
          0,           0,        8809,      -14.03835577,      -13.90111864,      -14.15303885
          0,           0,        8810,      -14.05589811,       -13.9246354,      -14.18198267
          0,           0,        8811,      -14.05803308,      -13.92218735,      -14.10178717
          0,           0,        8812,      -13.99087588,      -13.85986472,      -14.12701248
          0,           0,        8813,       -14.0347503,      -13.91883531,      -14.15497037
          0,           0,        8814,      -14.03684686,      -13.91250512,      -14.14433858
          0,           0,        8815,      -14.09537709,      -13.97973046,      -14.17648283
          0,           0,        8816,      -14.08692609,      -13.96266392,       -14.1597088
          0,           0,        8817,       -14.1382756,      -14.00319099,      -14.23309976
          0,           0,        8818,      -14.04452164,      -13.93563963,      -14.15817093
          0,           0,        8819,      -14.04453494,      -13.91643227,      -14.10688076
          0,           0,        8820,      -14.04043113,      -13.90395123,      -14.13087865
          0,           0,        8821,      -13.95368146,      -13.81521081,      -14.07029118
          0,           0,        8822,      -13.96980334,      -13.83990607,      -14.11758217
          0,           0,        8823,      -14.01083336,      -13.88089868,      -14.15401864
          0,           0,        8824,        -14.017766,      -13.90342441,      -14.11735311
          0,           0,        8825,      -14.02821664,      -13.91283636,      -14.17807075
          0,           0,        8826,      -14.05954189,      -13.91650286,      -14.15202776
          0,           0,        8827,      -14.06425895,      -13.92401122,      -14.12291272
          0,           0,        8828,      -14.06599345,      -13.92658229,      -14.19579351
          0,           0,        8829,      -14.02787518,      -13.91183187,      -14.15105027
          0,           0,        8830,      -14.09348759,      -13.96651113,      -14.16451135
          0,           0,        8831,      -14.06327056,      -13.92561039,       -14.0981994
          0,           0,        8832,      -14.07780318,      -13.94734497,      -14.22535425
          0,           0,        8833,      -14.00283046,      -13.88981537,      -14.09254262
          0,           0,        8834,      -14.01053554,      -13.89529613,      -14.09525583
          0,           0,        8835,      -14.00375484,       -13.8652184,      -14.09650412
          0,           0,        8836,      -14.00651652,      -13.87743918,      -14.15085807
          0,           0,        8837,      -14.05657282,      -13.91357034,      -14.16137847
          0,           0,        8838,      -14.00991102,      -13.87583676,      -14.10147385
          0,           0,        8839,      -13.99074028,      -13.86081113,       -14.1470948
          0,           0,        8840,      -14.03916564,      -13.90898777,      -14.18050018
          0,           0,        8841,      -13.99924907,      -13.87484386,      -14.11636556
          0,           0,        8842,      -13.99319807,      -13.86912166,      -14.14046901
          0,           0,        8843,      -14.03127987,      -13.92488448,       -14.1149649
          0,           0,        8844,      -14.19117023,      -14.06404879,      -14.23973582
          0,           0,        8845,      -14.02259755,      -13.91358579,      -14.09246324
          0,           0,        8846,       -13.9567087,      -13.82629884,      -14.13335597
          0,           0,        8847,      -14.05635183,        -13.925558,      -14.17053919
          0,           0,        8848,      -14.05086684,      -13.91653118,      -14.17817598
          0,           0,        8849,      -13.97166485,      -13.85497366,      -14.11137344
          0,           0,        8850,      -14.03565541,      -13.91723461,      -14.13361544
          0,           0,        8851,      -14.09997568,      -13.96326048,      -14.13478906
          0,           0,        8852,       -14.0623627,      -13.93679816,      -14.17041812
          0,           0,        8853,      -14.07496688,      -13.94736797,      -14.21283508
          0,           0,        8854,      -14.07830686,      -13.94745736,      -14.10548133
          0,           0,        8855,      -13.99802145,      -13.86588287,      -14.13088201
          0,           0,        8856,      -14.08352132,      -13.96759479,      -14.19231593
          0,           0,        8857,      -14.06233679,      -13.93942662,      -14.14669489
          0,           0,        8858,      -14.04739436,      -13.94216835,      -14.16774789
          0,           0,        8859,      -14.08945279,      -13.97324225,      -14.13856695
          0,           0,        8860,      -14.03048392,      -13.91750246,       -14.1583493
          0,           0,        8861,      -14.04190069,      -13.91257563,      -14.18291249
          0,           0,        8862,      -14.03385609,      -13.89248919,       -14.0990556
          0,           0,        8863,      -13.96349674,      -13.83882904,      -14.15266949
          0,           0,        8864,      -14.04785164,      -13.92802341,      -14.08812698
          0,           0,        8865,      -14.03281466,       -13.9146465,      -14.13485595
          0,           0,        8866,      -14.09578176,      -13.97412295,      -14.16414013
          0,           0,        8867,      -14.08411318,      -13.97283108,      -14.22596079
          0,           0,        8868,      -14.08467698,      -13.97259827,      -14.14530551
          0,           0,        8869,      -14.11294933,      -13.98803057,      -14.20915146
          0,           0,        8870,      -13.95428059,      -13.84193422,      -14.09437222
          0,           0,        8871,       -13.9698428,      -13.86332403,      -14.08333337
          0,           0,        8872,      -14.03903713,      -13.89862955,      -14.15936908
          0,           0,        8873,       -14.0000815,      -13.86859462,      -14.13082779
          0,           0,        8874,      -14.05440208,      -13.93897973,      -14.23134376
          0,           0,        8875,      -14.03962397,      -13.91861245,      -14.12710417
          0,           0,        8876,      -14.08877977,       -13.9701518,      -14.14727201
          0,           0,        8877,      -14.09865336,      -13.98481606,        -14.167143
          0,           0,        8878,      -14.06275782,       -13.9523921,      -14.17280435
          0,           0,        8879,      -13.99575367,      -13.85595487,       -14.1131582
          0,           0,        8880,      -13.95962118,        -13.834763,      -14.10359138
          0,           0,        8881,       -14.0103161,      -13.88433905,      -14.14560235
          0,           0,        8882,      -14.02529298,       -13.8773555,      -14.17529881
          0,           0,        8883,      -14.05960637,      -13.91598972,      -14.13361044
          0,           0,        8884,      -14.04322858,      -13.92645527,       -14.1416536
          0,           0,        8885,      -13.95431943,      -13.82710585,      -14.11144485
          0,           0,        8886,      -14.04526982,      -13.91198593,       -14.1714773
          0,           0,        8887,       -14.0027116,      -13.86601872,      -14.12393218
          0,           0,        8888,       -13.9812025,      -13.85686866,       -14.1088422
          0,           0,        8889,      -14.00679605,      -13.87857396,      -14.11368975
          0,           0,        8890,      -14.09645363,      -13.96726811,      -14.16726413
          0,           0,        8891,      -14.12766188,      -13.99686298,      -14.19961908
          0,           0,        8892,      -14.02755371,      -13.89257377,      -14.13071027
          0,           0,        8893,      -13.95014027,      -13.81993795,      -14.10751822
          0,           0,        8894,      -13.99514788,      -13.87075541,      -14.13264514
          0,           0,        8895,      -14.06642508,      -13.94523016,      -14.16885493
          0,           0,        8896,      -14.13661187,       -14.0235331,      -14.17253765
          0,           0,        8897,      -14.07585979,      -13.94396799,        -14.140971
          0,           0,        8898,      -14.05826231,      -13.93967211,       -14.1461449
          0,           0,        8899,      -14.08281573,      -13.97446122,      -14.13786866
          0,           0,        8900,      -14.07816989,      -13.97538566,      -14.16958662
          0,           0,        8901,      -14.08688287,      -13.95380497,      -14.11160731
          0,           0,        8902,       -14.0281958,      -13.89166317,      -14.12957429
          0,           0,        8903,      -13.99578045,      -13.86518101,      -14.12303118
          0,           0,        8904,      -14.01461128,      -13.88229323,      -14.08610585
          0,           0,        8905,      -14.03400966,      -13.90231423,      -14.11408623
          0,           0,        8906,      -14.08051427,      -13.93141225,      -14.15364384
          0,           0,        8907,      -14.00520952,      -13.86454021,      -14.14425521
          0,           0,        8908,      -14.01031135,      -13.89637555,      -14.16062553
          0,           0,        8909,      -14.07947752,      -13.97241208,      -14.16415235
          0,           0,        8910,      -14.10910591,       -13.9704077,      -14.15039652
          0,           0,        8911,      -14.04664548,       -13.9112198,      -14.19310454
          0,           0,        8912,      -14.02462053,      -13.89974145,       -14.1108198
          0,           0,        8913,      -14.10910801,      -13.98295732,      -14.19927594
          0,           0,        8914,      -14.07500104,      -13.94486531,      -14.15580665
          0,           0,        8915,      -14.07418165,      -13.94285106,      -14.10746163
          0,           0,        8916,      -14.00116245,       -13.8856229,      -14.15728726
          0,           0,        8917,      -14.01648274,      -13.90558751,      -14.12941091
          0,           0,        8918,      -14.02292553,      -13.91637287,      -14.16209742
          0,           0,        8919,      -14.00269226,      -13.87328356,      -14.10722391
          0,           0,        8920,      -14.08257453,      -13.94738118,      -14.15112696
          0,           0,        8921,      -14.07299049,      -13.95733419,      -14.18637392
          0,           0,        8922,      -14.05998792,      -13.92439694,      -14.10567916
          0,           0,        8923,      -14.02895453,      -13.89954127,      -14.12311182
          0,           0,        8924,      -14.01930721,      -13.89941325,      -14.16896534
          0,           0,        8925,      -14.04820736,      -13.93576896,      -14.19245575
          0,           0,        8926,      -13.99002895,      -13.86712877,      -14.07258348
          0,           0,        8927,      -14.06243242,      -13.94203916,      -14.18983611
          0,           0,        8928,      -14.08180891,      -13.94189066,      -14.18171755
          0,           0,        8929,      -14.07208473,      -13.94353157,      -14.17339445
          0,           0,        8930,      -14.02201841,       -13.9038901,      -14.18850051
          0,           0,        8931,      -14.07595999,      -13.95328731,      -14.20576863
          0,           0,        8932,      -14.09181631,      -13.96498235,      -14.19000637
          0,           0,        8933,      -14.05444239,      -13.94397296,      -14.18013327
          0,           0,        8934,      -13.98080538,      -13.86484849,      -14.10518287
          0,           0,        8935,       -14.0613779,       -13.9428994,      -14.18638374
          0,           0,        8936,      -14.10171196,      -13.97689398,      -14.24810819
          0,           0,        8937,      -14.08668269,      -13.97080807,      -14.16146573
          0,           0,        8938,       -14.0565056,       -13.9378064,      -14.21892791
          0,           0,        8939,      -14.09198513,      -13.94717552,       -14.1606968
          0,           0,        8940,      -13.98287926,      -13.86894522,      -14.08270535
          0,           0,        8941,      -13.97378194,      -13.84625271,      -14.11790927
          0,           0,        8942,      -14.05644369,      -13.93800466,      -14.15544376
          0,           0,        8943,      -14.01204095,      -13.89386316,      -14.12838372
          0,           0,        8944,      -14.02517793,      -13.91321309,      -14.13614148
          0,           0,        8945,      -14.02006275,      -13.90766825,      -14.12267567
          0,           0,        8946,      -14.07796888,      -13.92650407,      -14.10223473
          0,           0,        8947,      -13.95329745,      -13.82374951,      -14.11294353
          0,           0,        8948,      -13.98726768,      -13.86640944,      -14.11937821
          0,           0,        8949,      -13.98726845,      -13.85684786,       -14.1099954
          0,           0,        8950,      -14.07639186,      -13.93198335,      -14.17938031
          0,           0,        8951,      -14.11416864,      -13.98223708,       -14.2017438
          0,           0,        8952,      -14.06940348,      -13.95085626,      -14.14420839
          0,           0,        8953,      -13.98065358,      -13.85452944,      -14.11079374
          0,           0,        8954,      -14.00950871,      -13.89119626,      -14.15243211
          0,           0,        8955,      -14.00499025,      -13.88215506,      -14.13483233
          0,           0,        8956,      -14.07716829,      -13.94686661,      -14.16973837
          0,           0,        8957,       -14.0879368,      -13.95675938,       -14.1859395
          0,           0,        8958,       -14.0605793,      -13.92886654,      -14.15997703
          0,           0,        8959,      -14.10063117,      -13.98307781,      -14.18195212
          0,           0,        8960,      -14.07523617,      -13.96065156,      -14.21049646
          0,           0,        8961,       -14.0513862,      -13.92935772,       -14.0773726
          0,           0,        8962,      -14.03698656,      -13.91692811,      -14.17869234
          0,           0,        8963,       -14.0681168,      -13.95060556,      -14.12306018
          0,           0,        8964,      -14.10015398,      -13.96379616,       -14.1538899
          0,           0,        8965,        -14.078643,      -13.95046633,      -14.18324609
          0,           0,        8966,      -14.05621965,       -13.9242335,      -14.10127443
          0,           0,        8967,      -14.08002362,      -13.93699435,      -14.15062275
          0,           0,        8968,      -14.02723348,      -13.89789335,      -14.22585781
          0,           0,        8969,      -14.03288649,      -13.90868636,      -14.19772243
          0,           0,        8970,      -13.99811748,      -13.87875467,      -14.10711328
          0,           0,        8971,      -14.00705275,      -13.89885316,      -14.08178311
          0,           0,        8972,      -14.08110147,      -13.96899102,      -14.19494316
          0,           0,        8973,      -14.06237636,      -13.94549652,      -14.14761962
          0,           0,        8974,      -14.03933072,      -13.92829844,      -14.10166127
          0,           0,        8975,      -13.97888396,      -13.85466304,      -14.11730917
          0,           0,        8976,      -13.99517812,      -13.86819148,      -14.12069171
          0,           0,        8977,      -14.12655993,      -13.98253991,      -14.19612031
          0,           0,        8978,      -14.03755285,      -13.92507136,      -14.15871956
          0,           0,        8979,      -14.02890534,      -13.92233581,      -14.16217699
          0,           0,        8980,      -14.05996396,      -13.93660065,      -14.14529903
          0,           0,        8981,      -14.06828357,      -13.93113905,      -14.14697662
          0,           0,        8982,      -14.05963342,      -13.91755792,      -14.12545055
          0,           0,        8983,       -14.0502614,      -13.91911557,      -14.12332414
          0,           0,        8984,      -13.98819371,      -13.87078221,      -14.12806286
          0,           0,        8985,      -14.11001051,      -14.00051755,      -14.17858012
          0,           0,        8986,      -14.05885128,      -13.92987875,      -14.12879554
          0,           0,        8987,      -14.08918953,       -13.9670447,      -14.14363593
          0,           0,        8988,      -14.03203389,      -13.91759946,      -14.12461237
          0,           0,        8989,      -13.99845434,      -13.85709277,      -14.13672398
          0,           0,        8990,      -14.12804178,      -13.99128509,      -14.19663239
          0,           0,        8991,      -14.09630991,      -13.94688175,      -14.18771377
          0,           0,        8992,      -14.02392178,      -13.89790844,      -14.15370941
          0,           0,        8993,      -14.06278582,      -13.91809399,      -14.14433075
          0,           0,        8994,      -14.09594982,      -13.95314181,      -14.19798922
          0,           0,        8995,      -14.14167423,      -14.02463682,      -14.32907478
          0,           0,        8996,      -14.08764859,      -13.96602175,      -14.19618091
          0,           0,        8997,      -13.98802412,      -13.87773804,       -14.1052399
          0,           0,        8998,      -14.02075339,      -13.88966941,      -14.11141403
          0,           0,        8999,      -14.01527181,      -13.88193572,      -14.14108818
          0,           0,        9000,      -14.07837285,      -13.95792192,      -14.14697037
          0,           0,        9001,      -14.10884101,      -13.97606503,      -14.18659845
          0,           0,        9002,      -14.04779263,      -13.92547234,        -14.148668
          0,           0,        9003,      -14.06452658,      -13.94516763,      -14.15342523
          0,           0,        9004,      -14.05541958,      -13.95506273,      -14.20527569
          0,           0,        9005,      -13.96055375,      -13.84101163,      -14.12043594
          0,           0,        9006,      -14.04364514,      -13.92531304,      -14.16226247
          0,           0,        9007,      -14.00355727,      -13.88520242,      -14.17932672
          0,           0,        9008,      -14.02621155,      -13.88888647,      -14.20363549
          0,           0,        9009,      -14.06770249,      -13.93955429,      -14.12960441
          0,           0,        9010,      -14.06926484,      -13.95496958,      -14.14131789
          0,           0,        9011,      -14.00675197,      -13.90560095,      -14.18913901
          0,           0,        9012,      -14.07826816,      -13.96609374,      -14.18459968
          0,           0,        9013,      -14.07628693,      -13.96045162,      -14.12964802
          0,           0,        9014,      -14.05210949,      -13.91951457,      -14.16373323
          0,           0,        9015,      -14.12751057,      -14.01095369,      -14.23108876
          0,           0,        9016,      -13.99062309,      -13.87061503,      -14.10188065
          0,           0,        9017,      -14.01112162,      -13.90603631,       -14.1300813
          0,           0,        9018,      -14.03010585,      -13.90426299,      -14.18883955
          0,           0,        9019,      -14.01877487,      -13.88720169,      -14.21213288
          0,           0,        9020,      -14.02506393,      -13.90389418,      -14.16025019
          0,           0,        9021,      -14.10893981,      -13.98272986,      -14.19887215
          0,           0,        9022,      -14.13921349,      -14.04749599,       -14.2468373
          0,           0,        9023,      -14.07693492,      -13.93843641,      -14.18105426
          0,           0,        9024,      -14.01405471,      -13.87806299,      -14.14279064
          0,           0,        9025,      -13.93253607,      -13.80711407,      -14.08029107
          0,           0,        9026,      -14.00116536,      -13.85829141,      -14.14085774
          0,           0,        9027,      -14.02125802,      -13.87622935,      -14.11977976
          0,           0,        9028,       -13.9818695,      -13.84435687,      -14.09857481
          0,           0,        9029,      -14.01696648,      -13.88504997,      -14.11165548
          0,           0,        9030,      -14.03216958,      -13.91713237,       -14.1414844
          0,           0,        9031,      -14.07380282,      -13.96207353,      -14.14846958
          0,           0,        9032,      -14.01394139,      -13.88225581,      -14.18626136
          0,           0,        9033,       -14.1305017,       -14.0175129,       -14.1837119
          0,           0,        9034,      -13.98891098,      -13.86749542,      -14.11073159
          0,           0,        9035,      -14.03148914,       -13.9118583,      -14.11112661
          0,           0,        9036,       -14.0305555,      -13.89956551,      -14.12501785
          0,           0,        9037,      -14.00250659,      -13.88747821,       -14.1151874
          0,           0,        9038,      -14.05208943,      -13.88921244,      -14.14102535
          0,           0,        9039,      -14.05541515,      -13.93006002,      -14.15912039
          0,           0,        9040,      -14.02970885,       -13.9160208,      -14.16548296
          0,           0,        9041,      -14.14717117,      -14.03690736,      -14.20525537
          0,           0,        9042,      -14.03270028,      -13.90347769,      -14.11619196
          0,           0,        9043,      -14.01622184,      -13.90179414,      -14.14189906
          0,           0,        9044,      -13.98047797,      -13.85716468,      -14.05075557
          0,           0,        9045,      -14.02686505,      -13.92288452,      -14.17501243
          0,           0,        9046,      -14.10944356,      -13.97993167,      -14.16695455
          0,           0,        9047,        -14.055556,      -13.93296947,      -14.18659214
          0,           0,        9048,      -13.97985792,       -13.8640161,      -14.08665273
          0,           0,        9049,      -14.01246948,      -13.89546556,      -14.06149382
          0,           0,        9050,      -14.01296859,      -13.87450852,      -14.11896182
          0,           0,        9051,      -13.93315121,      -13.79828782,      -14.12793191
          0,           0,        9052,       -14.0749059,      -13.95396395,      -14.15316332
          0,           0,        9053,      -14.06698742,      -13.94321173,      -14.16196796
          0,           0,        9054,      -14.07407419,      -13.93765448,      -14.09983639
          0,           0,        9055,      -14.00960223,      -13.87939044,      -14.13349965
          0,           0,        9056,      -14.10525645,      -14.01718287,      -14.22067114
          0,           0,        9057,      -14.08146797,      -13.96280641,      -14.17463439
          0,           0,        9058,      -14.03359394,      -13.88148745,      -14.08919919
          0,           0,        9059,      -14.00463736,      -13.87263245,      -14.12426765
          0,           0,        9060,      -14.02689358,      -13.90272161,      -14.15720075
          0,           0,        9061,      -14.10114363,      -13.98791132,      -14.19136004
          0,           0,        9062,      -14.03917607,      -13.90862321,      -14.12398214
          0,           0,        9063,      -14.07607683,      -13.95324857,      -14.18653059
          0,           0,        9064,      -14.10334347,      -13.97150754,      -14.19162603
          0,           0,        9065,      -14.06314203,      -13.93458622,      -14.19735375
          0,           0,        9066,      -14.03804162,      -13.89649194,      -14.11410369
          0,           0,        9067,      -13.98657262,      -13.86592554,      -14.12896982
          0,           0,        9068,      -14.01565933,      -13.89669542,      -14.11489653
          0,           0,        9069,        -13.989299,      -13.87247822,      -14.11898139
          0,           0,        9070,      -14.03420306,      -13.87742522,      -14.10886018
          0,           0,        9071,      -14.02569819,      -13.89759392,      -14.13597949
          0,           0,        9072,      -14.05523581,      -13.91365047,      -14.14633784
          0,           0,        9073,      -14.07315379,      -13.95520356,      -14.13625261
          0,           0,        9074,      -14.00384677,      -13.87084559,      -14.13382402
          0,           0,        9075,      -13.95869331,      -13.85332805,      -14.11324741
          0,           0,        9076,      -14.09864699,      -13.98265862,      -14.22300843
          0,           0,        9077,      -14.08290706,       -13.9583493,      -14.20344449
          0,           0,        9078,      -14.07031919,      -13.94136526,       -14.1389861
          0,           0,        9079,      -14.06157788,      -13.91950239,       -14.1386511
          0,           0,        9080,      -14.05691213,      -13.93876454,      -14.12876288
          0,           0,        9081,      -14.00910951,      -13.89319744,      -14.14689199
          0,           0,        9082,      -14.05535635,      -13.92696981,      -14.18999334
          0,           0,        9083,        -14.045069,      -13.91635689,      -14.15986588
          0,           0,        9084,      -13.96918197,      -13.82819996,      -14.07670507
          0,           0,        9085,       -14.0526395,      -13.93086493,      -14.16598074
          0,           0,        9086,      -14.07092478,      -13.95623306,      -14.16021042
          0,           0,        9087,      -14.06227263,      -13.93725331,      -14.14545618
          0,           0,        9088,      -14.10732525,      -13.98916794,      -14.17528805
          0,           0,        9089,      -14.04198684,      -13.91857168,      -14.11562325
          0,           0,        9090,      -13.98840104,      -13.86478702,      -14.15898964
          0,           0,        9091,       -14.0563151,      -13.92495701,      -14.18405032
          0,           0,        9092,      -14.04266366,      -13.91279537,      -14.16239899
          0,           0,        9093,      -14.05320874,      -13.93491309,      -14.15173807
          0,           0,        9094,      -13.98685883,      -13.86975486,      -14.10936308
          0,           0,        9095,      -14.05425418,       -13.9204388,      -14.14173249
          0,           0,        9096,      -14.06774286,      -13.93331455,      -14.12781061
          0,           0,        9097,      -14.03766518,      -13.91482618,      -14.21576082
          0,           0,        9098,      -14.02895749,      -13.89838701,      -14.12907495
          0,           0,        9099,      -14.09742059,       -13.9767681,       -14.1734647
          0,           0,        9100,      -14.03394737,      -13.91399755,      -14.14613296
          0,           0,        9101,      -14.05304753,       -13.9310903,      -14.13457248
          0,           0,        9102,      -14.07807195,      -13.94469219,      -14.13950572
          0,           0,        9103,      -14.02874976,      -13.89089256,      -14.11121236
          0,           0,        9104,      -14.00529809,       -13.8736851,      -14.12996275
          0,           0,        9105,       -14.1451667,      -14.03777844,      -14.21354293
          0,           0,        9106,      -14.02766031,        -13.898372,      -14.13200438
          0,           0,        9107,      -14.01318614,      -13.87188536,       -14.0976483
          0,           0,        9108,      -14.01331839,      -13.86653322,      -14.11627058
          0,           0,        9109,      -14.02610555,      -13.90678792,      -14.15023184
          0,           0,        9110,      -14.07784013,      -13.98429211,      -14.24156049
          0,           0,        9111,       -14.1132217,       -13.9999587,      -14.16597736
          0,           0,        9112,      -14.06257996,      -13.93335869,      -14.15286766
          0,           0,        9113,       -14.0677404,       -13.9070185,      -14.11177475
          0,           0,        9114,      -14.01754464,      -13.87862976,      -14.17529014
          0,           0,        9115,      -14.08845535,       -13.9898678,      -14.20105092
          0,           0,        9116,      -14.02477883,      -13.90214285,      -14.14494898
          0,           0,        9117,      -14.01265643,      -13.88281545,      -14.14240702
          0,           0,        9118,      -14.03751474,      -13.89392618,      -14.14467024
          0,           0,        9119,      -14.03516183,      -13.89964223,      -14.14731017
          0,           0,        9120,      -14.05404382,      -13.92805326,      -14.18783532
          0,           0,        9121,      -14.02601409,      -13.90368117,      -14.16130949
          0,           0,        9122,      -14.09666753,      -13.97262484,      -14.17383087
          0,           0,        9123,      -14.08596324,      -13.97069476,      -14.15795788
          0,           0,        9124,      -14.08771222,      -13.98689228,      -14.18665368
          0,           0,        9125,      -13.96098616,      -13.83235767,      -14.07062344
          0,           0,        9126,      -14.09123143,       -13.9606947,      -14.21014238
          0,           0,        9127,       -14.0501792,      -13.92487464,      -14.14451628
          0,           0,        9128,      -14.05721496,      -13.93379445,      -14.20787623
          0,           0,        9129,      -13.95537603,      -13.82128653,      -14.12050873
          0,           0,        9130,      -14.02433812,      -13.90152646,       -14.0997577
          0,           0,        9131,      -14.06029589,      -13.94788909,      -14.17603078
          0,           0,        9132,      -13.99270427,      -13.87166978,      -14.10657618
          0,           0,        9133,      -14.06891724,      -13.97099871,       -14.1499829
          0,           0,        9134,      -14.11292842,       -13.9885643,      -14.20761258
          0,           0,        9135,      -14.03225937,      -13.89836706,      -14.08096485
          0,           0,        9136,      -14.01353159,      -13.90795757,      -14.13659673
          0,           0,        9137,      -14.05997207,      -13.94130439,      -14.20754494
          0,           0,        9138,      -14.09965757,      -13.97092157,      -14.23092897
          0,           0,        9139,      -14.09311433,      -13.96563649,      -14.14775038
          0,           0,        9140,      -14.02618423,      -13.89654188,       -14.1272472
          0,           0,        9141,      -14.01190551,      -13.90613733,       -14.1886217
          0,           0,        9142,      -14.01523376,      -13.90420207,      -14.15056264
          0,           0,        9143,      -14.05331981,       -13.9268716,      -14.13554925
          0,           0,        9144,      -14.01776092,      -13.88026889,       -14.1238299
          0,           0,        9145,      -14.02766249,      -13.89476694,      -14.14664216
          0,           0,        9146,      -13.96068112,      -13.84848744,      -14.11639151
          0,           0,        9147,      -14.03730869,      -13.93065253,      -14.18730597
          0,           0,        9148,       -14.0250224,      -13.90124363,      -14.08046204
          0,           0,        9149,      -14.02880402,      -13.91481393,      -14.12828482
          0,           0,        9150,       -14.0601875,      -13.94168652,      -14.25673481
          0,           0,        9151,      -14.02059107,      -13.89328465,      -14.11222635
          0,           0,        9152,      -14.08743989,      -13.95357108,      -14.12385508
          0,           0,        9153,      -14.06192836,      -13.93565363,      -14.14783917
          0,           0,        9154,      -14.09332962,      -13.96392363,      -14.18099265
          0,           0,        9155,      -14.13104272,      -14.00488142,      -14.20566794
          0,           0,        9156,      -14.07891655,      -13.96102171,      -14.16770797
          0,           0,        9157,      -13.99890658,      -13.87070203,      -14.11156924
          0,           0,        9158,      -14.07890785,      -13.95603247,      -14.17190779
          0,           0,        9159,      -14.06753515,      -13.93242093,      -14.11762164
          0,           0,        9160,      -13.97596837,      -13.84377996,      -14.10427583
          0,           0,        9161,      -13.96364904,      -13.83717423,      -14.12358738
          0,           0,        9162,      -14.04600501,      -13.91756961,       -14.1291918
          0,           0,        9163,      -14.05010211,      -13.91290371,       -14.0985366
          0,           0,        9164,      -14.05433401,      -13.92264527,      -14.13383856
          0,           0,        9165,      -13.98840038,      -13.87490915,      -14.09907283
          0,           0,        9166,      -14.09908127,      -13.96090627,      -14.16678814
          0,           0,        9167,      -14.03589351,      -13.88809112,      -14.11978888
          0,           0,        9168,      -14.03462327,      -13.90528925,      -14.14885793
          0,           0,        9169,      -14.05087021,      -13.92992666,      -14.16549067
          0,           0,        9170,      -14.08863666,      -13.96587801,      -14.15697343
          0,           0,        9171,       -14.0710627,       -13.9672231,      -14.17582811
          0,           0,        9172,       -14.0729992,      -13.96526539,      -14.19536549
          0,           0,        9173,      -14.13326058,      -13.99796367,       -14.2123419
          0,           0,        9174,      -14.04259017,       -13.9213945,      -14.13683617
          0,           0,        9175,      -14.12194572,      -14.00169057,      -14.25391967
          0,           0,        9176,      -14.06896993,      -13.93831613,      -14.13545202
          0,           0,        9177,      -14.03434159,      -13.90467709,      -14.12353229
          0,           0,        9178,      -14.01937469,       -13.8773352,      -14.14345562
          0,           0,        9179,      -14.02998479,      -13.90450888,      -14.14677689
          0,           0,        9180,      -14.00884766,      -13.88393681,      -14.12784929
          0,           0,        9181,      -14.04318344,      -13.91500624,      -14.15553771
          0,           0,        9182,       -14.0214042,      -13.91377937,      -14.08407927
          0,           0,        9183,      -14.04257948,      -13.94169485,      -14.11450557
          0,           0,        9184,      -14.03825897,      -13.92435673,      -14.16904979
          0,           0,        9185,      -14.09071145,      -13.96136921,      -14.14094135
          0,           0,        9186,      -14.02899141,      -13.89808494,      -14.15186703
          0,           0,        9187,      -14.11882038,      -13.96758541,      -14.18314793
          0,           0,        9188,      -13.99929904,       -13.8685803,      -14.11578881
          0,           0,        9189,      -13.96726898,      -13.83872001,      -14.13347819
          0,           0,        9190,      -14.00323725,      -13.87060927,      -14.11683576
          0,           0,        9191,      -14.05295752,      -13.89486884,      -14.10156317
          0,           0,        9192,      -14.03924888,      -13.89459202,      -14.16940046
          0,           0,        9193,      -14.02474002,      -13.88222467,      -14.16849825
          0,           0,        9194,      -14.07392076,      -13.96050166,      -14.15170192
          0,           0,        9195,      -14.06792713,      -13.96041802,      -14.17237248
          0,           0,        9196,      -14.13450103,      -14.02697855,      -14.23797597
          0,           0,        9197,       -14.0965438,      -13.97247287,      -14.15065993
          0,           0,        9198,      -13.97591975,      -13.84791162,      -14.11225216
          0,           0,        9199,      -14.09081035,      -13.98666037,      -14.18977789
          0,           0,        9200,        -13.987371,      -13.87848296,      -14.10235219
          0,           0,        9201,      -14.12063453,      -13.98130168,      -14.15148985
          0,           0,        9202,      -13.97330287,      -13.84282057,      -14.09828934
          0,           0,        9203,      -14.06006729,      -13.93426007,      -14.20961418
          0,           0,        9204,      -14.00821544,       -13.8782894,      -14.11929762
          0,           0,        9205,      -14.09780207,      -13.96372517,      -14.15806869
          0,           0,        9206,      -14.04898804,      -13.92132659,      -14.15943238
          0,           0,        9207,      -14.03106815,      -13.91605098,      -14.17271384
          0,           0,        9208,      -14.08592242,      -13.97678718,      -14.13434199
          0,           0,        9209,      -14.02581623,      -13.90017723,      -14.12073034
          0,           0,        9210,      -13.95630039,      -13.84906685,      -14.09605645
          0,           0,        9211,      -14.05404769,      -13.92472051,       -14.1959871
          0,           0,        9212,      -14.07275815,      -13.94179293,      -14.15816773
          0,           0,        9213,      -13.97945868,      -13.84604878,      -14.13437741
          0,           0,        9214,      -14.06630328,      -13.94047694,       -14.2084738
          0,           0,        9215,      -14.06436761,      -13.96374739,      -14.16174306
          0,           0,        9216,      -14.08438749,      -13.96465507,      -14.19995409
          0,           0,        9217,      -14.03527244,      -13.92267687,      -14.20037401
          0,           0,        9218,      -14.02653586,      -13.91924535,      -14.18808597
          0,           0,        9219,      -14.04150085,      -13.93799426,      -14.12809792
          0,           0,        9220,      -14.09327416,      -13.96281037,      -14.19126543
          0,           0,        9221,      -14.05015802,      -13.92069683,      -14.14952683
          0,           0,        9222,      -14.01045367,      -13.87477653,      -14.09247892
          0,           0,        9223,      -14.03222154,      -13.89909463,      -14.10495223
          0,           0,        9224,      -14.02009772,      -13.90057129,      -14.13627304
          0,           0,        9225,      -13.97514765,      -13.85085878,      -14.08794232
          0,           0,        9226,      -13.98361109,      -13.86013086,      -14.17955831
          0,           0,        9227,      -14.09899724,      -13.96740615,      -14.18126714
          0,           0,        9228,      -14.03195802,      -13.91564183,      -14.16499448
          0,           0,        9229,      -14.04519828,       -13.9371994,      -14.12654948
          0,           0,        9230,      -14.07374427,      -13.95334968,      -14.17628168
          0,           0,        9231,      -14.00346333,      -13.87525744,      -14.12608063
          0,           0,        9232,      -14.01116502,      -13.89508858,      -14.16131694
          0,           0,        9233,      -14.05389603,      -13.92102827,      -14.16318592
          0,           0,        9234,      -14.06923201,         -13.91434,      -14.14714482
          0,           0,        9235,       -14.0327518,      -13.90241496,      -14.19713178
          0,           0,        9236,      -14.01223708,      -13.88521418,      -14.09430989
          0,           0,        9237,      -14.10121438,      -13.98295927,       -14.1732335
          0,           0,        9238,      -14.07972635,      -13.95158706,      -14.14212243
          0,           0,        9239,      -14.04071901,      -13.89705615,      -14.10776167
          0,           0,        9240,      -14.04739996,      -13.92002644,        -14.191844
          0,           0,        9241,      -14.05303271,       -13.9142421,      -14.16017223
          0,           0,        9242,       -14.0190774,      -13.88549377,      -14.10604954
          0,           0,        9243,      -14.01296594,      -13.90477775,      -14.14619488
          0,           0,        9244,      -14.04757491,      -13.92608447,      -14.16176155
          0,           0,        9245,      -14.08491889,      -13.97438674,      -14.21358356
          0,           0,        9246,      -13.99463513,      -13.85360159,      -14.12555889
          0,           0,        9247,        -14.023936,      -13.91392755,      -14.17560737
          0,           0,        9248,      -14.09965273,      -13.98431017,      -14.19335383
          0,           0,        9249,      -14.05726105,      -13.92102637,      -14.14637704
          0,           0,        9250,      -14.01589028,      -13.87910775,      -14.14518357
          0,           0,        9251,      -14.02540315,      -13.90538735,      -14.13571302
          0,           0,        9252,      -14.10366217,      -13.98689684,       -14.1891593
          0,           0,        9253,      -14.09692913,       -13.9811907,      -14.19312541
          0,           0,        9254,      -14.10952194,      -13.99092237,       -14.2168998
          0,           0,        9255,      -14.08898373,      -13.97422516,       -14.2184688
          0,           0,        9256,      -14.05417301,      -13.92261303,      -14.09823129
          0,           0,        9257,      -14.00432178,      -13.86862982,      -14.13069609
          0,           0,        9258,      -14.03471376,         -13.92025,      -14.15359391
          0,           0,        9259,      -13.97350949,       -13.8467269,      -14.07352744
          0,           0,        9260,      -14.00242768,       -13.8752852,      -14.09395569
          0,           0,        9261,      -14.06570634,      -13.94591543,       -14.1917168
          0,           0,        9262,      -14.00190185,      -13.86997167,      -14.15342816
          0,           0,        9263,      -14.12854201,       -13.9960033,      -14.23772771
          0,           0,        9264,      -14.07066181,      -13.92775016,      -14.14014493
          0,           0,        9265,       -14.0238491,      -13.89095018,      -14.14014988
          0,           0,        9266,      -14.03336332,      -13.91585013,       -14.1451016
          0,           0,        9267,      -14.08455962,      -13.98061305,      -14.21511361
          0,           0,        9268,      -14.02745973,       -13.9154272,      -14.15940882
          0,           0,        9269,      -14.05786619,      -13.94125977,      -14.17059007
          0,           0,        9270,      -14.02790312,      -13.91099058,      -14.14352252
          0,           0,        9271,      -13.98981225,      -13.87033099,      -14.08127816
          0,           0,        9272,      -14.06997686,      -13.94457061,      -14.15317645
          0,           0,        9273,      -14.04161899,      -13.90907506,      -14.16993697
          0,           0,        9274,      -14.01400562,      -13.88757232,      -14.20846633
          0,           0,        9275,      -14.03905127,      -13.91545784,      -14.11099229
          0,           0,        9276,      -14.05462334,      -13.94724541,      -14.13685909
          0,           0,        9277,      -13.99224099,      -13.86650282,       -14.1039284
          0,           0,        9278,      -14.07737117,      -13.92841105,      -14.18765091
          0,           0,        9279,      -14.03438011,      -13.89084343,      -14.10773381
          0,           0,        9280,      -13.97052088,      -13.85787318,      -14.09383496
          0,           0,        9281,      -14.05455318,      -13.94886925,      -14.17932027
          0,           0,        9282,      -14.12808131,      -13.99334833,      -14.24272506
          0,           0,        9283,      -14.05630911,      -13.93330675,      -14.16654309
          0,           0,        9284,      -14.06507788,      -13.94119448,      -14.14002456
          0,           0,        9285,      -14.06824753,      -13.93229023,      -14.10062138
          0,           0,        9286,      -14.00817992,      -13.87756113,      -14.13321559
          0,           0,        9287,      -14.08158316,      -13.95403894,      -14.15500812
          0,           0,        9288,      -13.98314378,      -13.86336849,       -14.1441284
          0,           0,        9289,      -14.01034505,      -13.89012837,      -14.11285225
          0,           0,        9290,      -14.00608062,      -13.90677874,      -14.13324834
          0,           0,        9291,      -14.04752701,      -13.94773922,      -14.17544327
          0,           0,        9292,      -14.06193891,      -13.94410434,       -14.1857732
          0,           0,        9293,      -14.10527238,      -13.95814421,      -14.17432645
          0,           0,        9294,      -14.01587314,      -13.87312847,      -14.15386724
          0,           0,        9295,      -14.16450268,      -14.04943416,      -14.19512866
          0,           0,        9296,      -14.04950131,      -13.92909795,      -14.14731472
          0,           0,        9297,      -13.99589413,      -13.86764404,      -14.14314397
          0,           0,        9298,      -13.98829036,      -13.86717695,      -14.12888066
          0,           0,        9299,      -14.07074744,      -13.94364616,      -14.15086973
          0,           0,        9300,      -14.04587547,      -13.91889333,      -14.18457092
          0,           0,        9301,      -14.03781775,      -13.92605282,      -14.14162273
          0,           0,        9302,      -14.03075195,      -13.91195439,      -14.10538683
          0,           0,        9303,      -14.03469419,        -13.905826,      -14.13971178
          0,           0,        9304,      -14.09474889,      -13.99039271,      -14.17330861
          0,           0,        9305,      -14.08098797,      -13.96694891,      -14.21987211
          0,           0,        9306,      -14.08343251,      -13.95201617,      -14.13670462
          0,           0,        9307,      -14.00713331,      -13.88875705,      -14.19174435
          0,           0,        9308,      -14.08829019,      -13.95021124,      -14.17025101
          0,           0,        9309,      -14.00072975,      -13.88130283,      -14.14261254
          0,           0,        9310,      -14.06408195,      -13.93174516,      -14.15639814
          0,           0,        9311,      -14.05272548,      -13.91337701,      -14.14836503
          0,           0,        9312,      -14.10752258,      -13.97104407,      -14.15060635
          0,           0,        9313,      -14.01054879,      -13.89128846,      -14.10061502
          0,           0,        9314,      -13.98355263,      -13.88074314,       -14.1572935
          0,           0,        9315,      -14.02192558,      -13.89823305,      -14.17684405
          0,           0,        9316,      -14.11370592,       -14.0009467,       -14.1481135
          0,           0,        9317,      -14.07603667,      -13.92761253,      -14.16540444
          0,           0,        9318,      -13.95917697,      -13.82301722,      -14.04979895
          0,           0,        9319,      -13.97767339,       -13.8346797,      -14.09974648
          0,           0,        9320,      -14.04868951,      -13.93119118,      -14.11441136
          0,           0,        9321,      -14.06745503,      -13.93512227,       -14.1881657
          0,           0,        9322,      -14.03892541,      -13.91332792,      -14.13433379
          0,           0,        9323,      -14.00075229,      -13.88320356,      -14.13653761
          0,           0,        9324,      -14.08066345,      -13.95822089,      -14.19154642
          0,           0,        9325,      -14.10069297,      -13.97687816,      -14.14112959
          0,           0,        9326,      -14.03590834,      -13.89529511,      -14.13348568
          0,           0,        9327,      -14.05330686,       -13.9133566,      -14.16262457
          0,           0,        9328,      -14.04399808,      -13.92275934,      -14.13918306
          0,           0,        9329,      -14.03188372,      -13.91310002,      -14.17282253
          0,           0,        9330,      -14.04651835,      -13.92471227,      -14.17335144
          0,           0,        9331,      -14.01759591,      -13.89931676,      -14.14538693
          0,           0,        9332,      -14.01397733,      -13.90003103,      -14.13465642
          0,           0,        9333,      -13.97850875,      -13.84287618,      -14.06519193
          0,           0,        9334,      -14.02829062,       -13.9033454,      -14.18736334
          0,           0,        9335,      -14.12153649,      -13.99845901,       -14.2807836
          0,           0,        9336,      -14.00512226,      -13.87713363,      -14.09575279
          0,           0,        9337,      -14.05750138,      -13.91568022,      -14.11265184
          0,           0,        9338,      -14.06812186,      -13.91932774,      -14.13373051
          0,           0,        9339,      -14.02286893,      -13.89772666,       -14.1578233
          0,           0,        9340,      -14.09860679,      -13.99391023,      -14.22266917
          0,           0,        9341,      -14.04466885,       -13.9310097,      -14.18617806
          0,           0,        9342,      -14.04733734,      -13.93447212,      -14.21317594
          0,           0,        9343,      -14.00448269,      -13.86516414,      -14.12506781
          0,           0,        9344,      -14.01321513,      -13.89060761,      -14.16041527
          0,           0,        9345,      -14.02294498,      -13.90194331,      -14.11909159
          0,           0,        9346,      -14.03688167,      -13.90503168,      -14.17935307
          0,           0,        9347,      -14.04089162,      -13.92954831,      -14.17690183
          0,           0,        9348,      -13.98835736,      -13.87325266,      -14.12361774
          0,           0,        9349,      -14.03536648,      -13.90141049,      -14.18271759
          0,           0,        9350,      -14.04625494,      -13.91165032,      -14.15006632
          0,           0,        9351,       -13.9996557,      -13.87549998,      -14.11039423
          0,           0,        9352,      -14.11124684,      -14.00330509,      -14.24033228
          0,           0,        9353,      -14.14847212,      -14.01273043,      -14.25430957
          0,           0,        9354,      -14.07807516,      -13.94973697,      -14.14473846
          0,           0,        9355,      -14.02622588,      -13.87483506,       -14.1096763
          0,           0,        9356,      -14.07348594,      -13.95750217,      -14.20518449
          0,           0,        9357,      -14.06541044,      -13.93406816,      -14.18077929
          0,           0,        9358,      -14.03756913,      -13.90102532,      -14.16745282
          0,           0,        9359,      -14.01231056,      -13.88205208,      -14.11069573
          0,           0,        9360,      -14.00519516,      -13.89281381,      -14.16767931
          0,           0,        9361,      -14.09245533,      -13.98087442,      -14.17379378
          0,           0,        9362,      -14.12642267,      -13.99720826,       -14.2011713
          0,           0,        9363,      -14.09503051,      -13.95776611,      -14.18458511
          0,           0,        9364,       -14.0281765,      -13.86991181,      -14.14162913
          0,           0,        9365,      -14.00471361,      -13.86896156,      -14.09253066
          0,           0,        9366,      -13.98882517,      -13.85445606,      -14.10111632
          0,           0,        9367,      -13.99327455,      -13.86542628,       -14.1622825
          0,           0,        9368,       -14.0666729,      -13.94182576,       -14.1899682
          0,           0,        9369,      -14.03473493,       -13.9276102,      -14.18090151
          0,           0,        9370,      -14.02531606,      -13.92132072,      -14.17914434
          0,           0,        9371,      -14.03730638,      -13.92353765,      -14.14585775
          0,           0,        9372,      -14.13265522,      -13.99349063,      -14.19188695
          0,           0,        9373,      -14.02565783,      -13.90339213,      -14.16107189
          0,           0,        9374,      -14.03991099,       -13.9198225,      -14.14003503
          0,           0,        9375,      -14.08718174,      -13.94559236,      -14.13078648
          0,           0,        9376,      -14.05018662,      -13.91439398,      -14.18442169
          0,           0,        9377,      -14.01495376,      -13.89836299,      -14.12825926
          0,           0,        9378,      -14.06644858,      -13.94924793,      -14.18689883
          0,           0,        9379,      -14.03079689,      -13.89852602,      -14.11367617
          0,           0,        9380,      -14.15246133,      -14.00909192,      -14.20879354
          0,           0,        9381,      -14.01139422,      -13.88755441,      -14.12110584
          0,           0,        9382,      -14.12536336,      -14.00439018,      -14.30767079
          0,           0,        9383,      -14.01650066,      -13.88444895,      -14.17975804
          0,           0,        9384,      -13.98641294,      -13.85882208,      -14.08602802
          0,           0,        9385,      -14.05813342,      -13.93043493,      -14.17306045
          0,           0,        9386,      -14.05180025,      -13.91530326,       -14.1811001
          0,           0,        9387,      -14.02691931,      -13.92025004,      -14.17161748
          0,           0,        9388,      -13.99753479,      -13.88395113,      -14.12175787
          0,           0,        9389,       -14.0828315,      -13.95583053,      -14.10745363
          0,           0,        9390,      -13.92211066,      -13.79728684,      -14.06518173
          0,           0,        9391,      -14.01994127,      -13.89352286,      -14.18950976
          0,           0,        9392,      -14.07145464,      -13.94063847,      -14.15763489
          0,           0,        9393,      -14.16417993,       -14.0505525,       -14.2620773
          0,           0,        9394,      -14.04037164,      -13.93589258,      -14.13869395
          0,           0,        9395,      -13.99088414,      -13.87597353,      -14.17865808
          0,           0,        9396,      -14.09155798,      -13.95984494,      -14.11667328
          0,           0,        9397,      -14.06046826,      -13.93432364,      -14.15833638
          0,           0,        9398,      -14.07859358,      -13.94535337,      -14.15368855
          0,           0,        9399,      -14.02772887,      -13.88169048,      -14.14609437
          0,           0,        9400,      -13.98777827,       -13.8617077,       -14.1300177
          0,           0,        9401,      -14.04238191,      -13.92870444,      -14.13342611
          0,           0,        9402,      -13.99203794,      -13.87001901,      -14.15097288
          0,           0,        9403,      -14.09641161,      -13.97296377,      -14.13404277
          0,           0,        9404,       -14.0764067,      -13.95418222,      -14.13282959
          0,           0,        9405,      -14.01216294,      -13.88740372,      -14.16530612
          0,           0,        9406,      -14.02310549,      -13.91057196,      -14.21780174
          0,           0,        9407,      -14.10829544,      -13.97435493,      -14.13000597
          0,           0,        9408,      -14.06557893,        -13.935028,      -14.10650543
          0,           0,        9409,      -14.01064489,      -13.87790051,      -14.12499805
          0,           0,        9410,      -13.98835819,      -13.87450174,      -14.11934227
          0,           0,        9411,      -14.09278993,      -13.97747808,      -14.26479987
          0,           0,        9412,       -14.0340466,      -13.92040537,      -14.15932342
          0,           0,        9413,      -14.10255434,       -13.9911751,      -14.13104852
          0,           0,        9414,      -13.99812191,      -13.87903864,      -14.15902131
          0,           0,        9415,      -14.08497094,      -13.93899389,      -14.14285671
          0,           0,        9416,      -14.04686424,      -13.90449555,      -14.15008487
          0,           0,        9417,      -14.08657687,      -13.95031864,      -14.18343522
          0,           0,        9418,      -14.05140111,      -13.91764977,      -14.17483032
          0,           0,        9419,      -14.01659556,      -13.89178429,      -14.14631564
          0,           0,        9420,      -14.11524383,      -13.97566946,      -14.22078097
          0,           0,        9421,      -14.11005267,      -13.96715113,      -14.19335969
          0,           0,        9422,      -14.00257612,      -13.86953747,      -14.08017879
          0,           0,        9423,      -14.04773854,      -13.90923844,       -14.1250193
          0,           0,        9424,      -14.02531309,       -13.8872025,      -14.12455073
          0,           0,        9425,      -14.08601758,      -13.95815285,      -14.13445565
          0,           0,        9426,      -13.99414734,       -13.8530613,      -14.12751546
          0,           0,        9427,      -14.01951886,      -13.87950969,      -14.16195088
          0,           0,        9428,      -14.01128831,       -13.8703538,      -14.14048363
          0,           0,        9429,       -13.9393417,      -13.78820193,      -14.08294321
          0,           0,        9430,      -14.06623049,      -13.94877069,      -14.21618659
          0,           0,        9431,      -14.08092447,      -13.98100902,      -14.18785208
          0,           0,        9432,      -14.02707482,      -13.91073245,      -14.13829899
          0,           0,        9433,      -14.08904644,      -13.95858418,      -14.18334461
          0,           0,        9434,      -14.12119267,      -14.00375885,       -14.2268374
          0,           0,        9435,      -14.13273626,      -14.00027075,      -14.15138039
          0,           0,        9436,      -14.02803466,      -13.88394365,      -14.09300642
          0,           0,        9437,      -14.05092539,      -13.92044929,      -14.17191535
          0,           0,        9438,      -14.06701723,      -13.94736665,      -14.12490422
          0,           0,        9439,      -14.02717488,      -13.90525041,      -14.15549548
          0,           0,        9440,      -13.97281178,      -13.85140543,      -14.11853153
          0,           0,        9441,      -14.00482007,      -13.87303153,       -14.1364647
          0,           0,        9442,      -14.04605314,      -13.93471263,      -14.15680766
          0,           0,        9443,      -14.01805689,      -13.88395461,      -14.15958221
          0,           0,        9444,      -14.04713473,      -13.92509768,      -14.17633196
          0,           0,        9445,      -14.02700645,      -13.91055772,      -14.14355662
          0,           0,        9446,      -14.10146513,      -13.98740682,      -14.18390695
          0,           0,        9447,      -14.01139692,      -13.89733901,      -14.09809737
          0,           0,        9448,      -14.09030665,      -13.96829317,      -14.14285733
          0,           0,        9449,      -14.04486184,      -13.92198638,      -14.09060882
          0,           0,        9450,      -14.04322907,        -13.919229,      -14.12100053
          0,           0,        9451,      -14.06544367,      -13.94519332,      -14.11620353
          0,           0,        9452,      -14.04505243,      -13.92015424,      -14.17243184
          0,           0,        9453,      -14.13567812,      -13.99679571,      -14.21062763
          0,           0,        9454,      -14.11953297,       -14.0069642,       -14.2065377
          0,           0,        9455,      -14.04547056,      -13.92272455,      -14.12195531
          0,           0,        9456,       -14.0525624,      -13.92378469,       -14.1587674
          0,           0,        9457,      -14.03527869,      -13.91121283,      -14.12124691
          0,           0,        9458,      -14.10985613,      -13.98372639,      -14.18947442
          0,           0,        9459,      -14.04556043,      -13.89589004,      -14.09896501
          0,           0,        9460,       -14.0233478,       -13.8835958,      -14.14887319
          0,           0,        9461,      -14.11088057,      -13.98767378,      -14.21884138
          0,           0,        9462,      -14.15392381,      -14.03448237,      -14.17169282
          0,           0,        9463,      -14.11316422,      -13.99681119,      -14.17378417
          0,           0,        9464,      -14.02091579,      -13.90252599,      -14.14270905
          0,           0,        9465,      -14.01944034,      -13.90043905,      -14.17113822
          0,           0,        9466,      -14.03631991,      -13.91259489,      -14.10593559
          0,           0,        9467,       -13.9133537,      -13.79739473,      -14.19198909
          0,           0,        9468,      -14.01920219,      -13.89695068,      -14.09918168
          0,           0,        9469,      -13.97710534,      -13.84917196,      -14.11691539
          0,           0,        9470,      -14.04948244,       -13.9083207,      -14.12499927
          0,           0,        9471,      -14.03907043,        -13.922452,      -14.17078454
          0,           0,        9472,        -14.067296,      -13.94386649,      -14.12775347
          0,           0,        9473,      -14.01546361,      -13.91487599,       -14.1496973
          0,           0,        9474,      -14.04318829,      -13.92075777,      -14.16906805
          0,           0,        9475,      -14.04752044,      -13.92205669,        -14.099155
          0,           0,        9476,      -13.90369613,      -13.77671327,       -14.0305986
          0,           0,        9477,      -14.02563584,      -13.88857449,      -14.12951189
          0,           0,        9478,      -14.09107315,      -13.93832572,      -14.18618641
          0,           0,        9479,      -14.01335764,      -13.85625349,      -14.09502395
          0,           0,        9480,      -13.97670707,      -13.82770668,      -14.11816133
          0,           0,        9481,      -14.02249848,      -13.91039521,      -14.12356627
          0,           0,        9482,      -14.01846585,      -13.90063817,      -14.14724706
          0,           0,        9483,      -14.22224939,      -14.07009476,      -14.22051197
          0,           0,        9484,      -14.09135096,      -13.98087279,      -14.17786951
          0,           0,        9485,      -14.00817726,      -13.88257064,      -14.16029709
          0,           0,        9486,      -13.98057188,      -13.85101588,      -14.13674623
          0,           0,        9487,      -14.07064177,      -13.93694695,      -14.17244334
          0,           0,        9488,      -14.02349203,      -13.90299893,      -14.09811907
          0,           0,        9489,      -14.07431224,      -13.95460919,      -14.13873674
          0,           0,        9490,      -14.01877289,      -13.90009231,      -14.10088482
          0,           0,        9491,      -13.98947166,      -13.85460383,      -14.13527089
          0,           0,        9492,      -14.12548148,      -13.97511869,      -14.18874748
          0,           0,        9493,      -14.03733216,      -13.91548558,      -14.12544631
          0,           0,        9494,      -14.00586321,      -13.88536553,      -14.12105431
          0,           0,        9495,      -13.97074422,      -13.84862448,      -14.10225664
          0,           0,        9496,      -14.07152011,      -13.93490451,      -14.14908653
          0,           0,        9497,      -14.03186352,      -13.91644952,      -14.12282241
          0,           0,        9498,       -14.0037395,      -13.89519216,       -14.1392517
          0,           0,        9499,      -14.01605473,      -13.90575353,      -14.17772741
          0,           0,        9500,      -14.04564657,      -13.90823319,       -14.1660142
          0,           0,        9501,      -14.08163743,      -13.94522289,      -14.17255758
          0,           0,        9502,       -13.9513937,      -13.82995454,      -14.09706346
          0,           0,        9503,      -14.00512294,      -13.88624309,      -14.16433886
          0,           0,        9504,      -14.08641033,      -13.94917739,      -14.14273126
          0,           0,        9505,        -14.044937,        -13.912714,       -14.1068969
          0,           0,        9506,       -13.9349123,      -13.81317065,      -14.07481334
          0,           0,        9507,      -14.05570286,       -13.9173287,       -14.1358933
          0,           0,        9508,      -14.03404687,      -13.90210038,      -14.17836669
          0,           0,        9509,      -14.06730613,      -13.94624939,      -14.09007076
          0,           0,        9510,      -14.01040418,      -13.88295591,      -14.11923282
          0,           0,        9511,      -13.99631483,      -13.87121095,       -14.1054611
          0,           0,        9512,      -14.05986385,      -13.93563128,      -14.19108285
          0,           0,        9513,        -14.095354,      -13.96352423,      -14.14618855
          0,           0,        9514,      -14.00711162,        -13.883508,      -14.11649664
          0,           0,        9515,      -14.06511623,      -13.93071991,        -14.191473
          0,           0,        9516,      -13.97043111,      -13.84865405,      -14.06267047
          0,           0,        9517,      -14.01320149,      -13.89291217,      -14.13144274
          0,           0,        9518,      -13.99751256,       -13.8747104,      -14.14445442
          0,           0,        9519,      -14.02545054,        -13.909001,      -14.12078418
          0,           0,        9520,      -14.09492348,      -13.98583349,      -14.25819991
          0,           0,        9521,       -14.0756736,      -13.93520177,      -14.18808009
          0,           0,        9522,      -14.02370494,      -13.90749511,      -14.10376348
          0,           0,        9523,      -14.06097767,      -13.93843545,      -14.20147386
          0,           0,        9524,      -14.09396833,      -13.95958867,      -14.17654413
          0,           0,        9525,      -14.12234896,      -13.98283314,      -14.18181997
          0,           0,        9526,      -14.04523305,      -13.91137183,      -14.17223698
          0,           0,        9527,      -14.03563122,      -13.89646845,      -14.13057674
          0,           0,        9528,      -14.08307362,      -13.95002853,      -14.16027938
          0,           0,        9529,      -14.05380757,      -13.93865058,       -14.1669128
          0,           0,        9530,      -14.07481678,      -13.94604661,      -14.11725443
          0,           0,        9531,      -14.07971778,      -13.95475036,      -14.16348259
          0,           0,        9532,      -14.03164604,      -13.90020427,      -14.11632154
          0,           0,        9533,      -14.02287236,      -13.87191634,      -14.14288176
          0,           0,        9534,      -14.06757112,      -13.95405086,      -14.17066485
          0,           0,        9535,      -14.09032037,      -13.96751739,      -14.15574261
          0,           0,        9536,      -14.06709338,      -13.93866223,       -14.1232302
          0,           0,        9537,      -14.02690949,       -13.8912518,      -14.14043136
          0,           0,        9538,      -14.02164943,       -13.8918913,      -14.19065467
          0,           0,        9539,      -14.04763067,      -13.91946615,      -14.15915012
          0,           0,        9540,      -14.01585618,      -13.88060996,      -14.20562471
          0,           0,        9541,      -14.03695088,      -13.92527626,      -14.22318859
          0,           0,        9542,      -13.98145652,       -13.8533709,      -14.08277138
          0,           0,        9543,      -14.06467526,      -13.91050992,      -14.10655937
          0,           0,        9544,      -14.00379304,      -13.86660924,      -14.12282245
          0,           0,        9545,      -14.09722514,      -13.97938897,      -14.18616189
          0,           0,        9546,      -14.06527385,      -13.94665426,      -14.17676914
          0,           0,        9547,      -14.00396294,      -13.86219545,      -14.15603324
          0,           0,        9548,      -13.99370672,       -13.8627091,      -14.07481826
          0,           0,        9549,      -14.08549857,      -13.98312566,      -14.16449585
          0,           0,        9550,      -14.12961585,      -13.97704698,      -14.18534536
          0,           0,        9551,      -14.03709576,      -13.88187406,      -14.11977833
          0,           0,        9552,      -14.05478433,      -13.91798577,      -14.13819699
          0,           0,        9553,      -14.01111391,      -13.87487401,      -14.13574179
          0,           0,        9554,      -14.10217891,       -13.9806692,      -14.16646201
          0,           0,        9555,      -14.10052771,      -13.98396861,      -14.17487554
          0,           0,        9556,      -14.00446167,      -13.87489099,      -14.18574168
          0,           0,        9557,       -14.0347137,      -13.91520501,      -14.17917817
          0,           0,        9558,      -13.98130991,      -13.85552905,      -14.08639148
          0,           0,        9559,      -13.98277602,      -13.84704278,      -14.08297587
          0,           0,        9560,      -14.00779323,      -13.85786696,      -14.11544108
          0,           0,        9561,      -14.08303866,       -13.9459033,      -14.15185008
          0,           0,        9562,      -14.06233322,      -13.94502429,      -14.17982259
          0,           0,        9563,      -14.03296341,       -13.8985008,      -14.19930233
          0,           0,        9564,      -14.04101205,      -13.89825704,      -14.12228008
          0,           0,        9565,      -14.02811873,      -13.91621764,      -14.15965137
          0,           0,        9566,      -14.00229583,      -13.87953581,      -14.08588409
          0,           0,        9567,      -14.03653287,      -13.91590863,      -14.15137099
          0,           0,        9568,      -14.12279788,      -14.00257483,      -14.24121724
          0,           0,        9569,      -14.01835873,      -13.88738751,      -14.10070998
          0,           0,        9570,      -14.07057359,      -13.93577813,      -14.17275646
          0,           0,        9571,      -14.04680285,      -13.93034162,      -14.15360543
          0,           0,        9572,      -13.99902701,      -13.87532035,      -14.12430536
          0,           0,        9573,      -14.07661546,      -13.96517433,      -14.18843629
          0,           0,        9574,      -14.08375774,      -13.95729457,      -14.13476462
          0,           0,        9575,      -13.97726755,      -13.85798043,      -14.10140046
          0,           0,        9576,      -14.07901815,      -13.97068031,      -14.19244559
          0,           0,        9577,       -14.0673779,      -13.94778355,      -14.16335668
          0,           0,        9578,       -14.0371145,      -13.93449917,      -14.19799277
          0,           0,        9579,      -14.04676325,      -13.92966355,       -14.1146546
          0,           0,        9580,      -14.04035802,       -13.9237163,      -14.11627019
          0,           0,        9581,       -14.0285997,        -13.910224,      -14.17782736
          0,           0,        9582,      -14.04040219,      -13.91703942,      -14.19432857
          0,           0,        9583,      -14.02907589,       -13.9172156,      -14.13340417
          0,           0,        9584,      -14.09026465,      -13.96237082,      -14.16899671
          0,           0,        9585,      -14.06849059,      -13.93167236,      -14.15970202
          0,           0,        9586,      -14.00795234,      -13.87224428,      -14.14268614
          0,           0,        9587,      -13.93559239,      -13.79990379,      -14.12430683
          0,           0,        9588,      -14.01406401,      -13.89815078,      -14.10973979
          0,           0,        9589,      -14.02382339,      -13.90495199,      -14.18240583
          0,           0,        9590,      -14.02283426,      -13.91129567,      -14.12429996
          0,           0,        9591,      -14.01942796,      -13.87820506,       -14.1192532
          0,           0,        9592,      -14.06193424,      -13.93692155,      -14.23825789
          0,           0,        9593,      -14.16773734,      -14.03541442,      -14.23683986
          0,           0,        9594,      -14.10758047,      -14.00025453,      -14.18928955
          0,           0,        9595,      -14.06902624,      -13.94538311,      -14.18615181
          0,           0,        9596,      -14.04965288,      -13.92137516,      -14.19396588
          0,           0,        9597,      -14.11061816,       -13.9897591,      -14.20347087
          0,           0,        9598,      -14.03097708,      -13.90628883,      -14.17584683
          0,           0,        9599,       -14.0946204,      -13.97453304,      -14.28326655
          0,           0,        9600,      -14.07884494,      -13.96736775,      -14.13233968
          0,           0,        9601,      -13.98043819,      -13.82987693,      -14.12664479
          0,           0,        9602,      -14.06523694,      -13.93033882,      -14.17711873
          0,           0,        9603,      -13.99909298,      -13.88451266,       -14.1479491
          0,           0,        9604,      -14.07105335,      -13.96603641,      -14.14721637
          0,           0,        9605,      -14.07772842,      -13.95512591,       -14.1605531
          0,           0,        9606,      -14.11041536,      -13.99545736,      -14.13039232
          0,           0,        9607,      -13.93713834,      -13.80637541,      -14.11099711
          0,           0,        9608,       -14.1063444,      -13.96923329,      -14.15792728
          0,           0,        9609,      -14.03769422,       -13.8967514,      -14.11155684
          0,           0,        9610,       -14.0188828,      -13.90676863,       -14.1265864
          0,           0,        9611,       -13.9997933,      -13.87618066,      -14.11553149
          0,           0,        9612,      -14.01852674,      -13.91327453,      -14.14719454
          0,           0,        9613,      -14.05612025,      -13.93720585,      -14.18171802
          0,           0,        9614,      -14.07388047,      -13.94384571,      -14.18792553
          0,           0,        9615,      -14.10991237,      -13.97824524,       -14.2325791
          0,           0,        9616,      -14.12075913,      -13.98746093,      -14.22276567
          0,           0,        9617,      -14.01596273,      -13.88534032,      -14.14903905
          0,           0,        9618,      -14.00013733,      -13.87000447,      -14.17306455
          0,           0,        9619,       -14.0077283,      -13.88364709,      -14.15402582
          0,           0,        9620,      -14.08141134,      -13.99307523,      -14.16279187
          0,           0,        9621,      -14.05616262,      -13.93879168,      -14.17397098
          0,           0,        9622,      -14.10279209,      -13.97704372,      -14.19966161
          0,           0,        9623,      -14.01580889,       -13.8791167,      -14.16603282
          0,           0,        9624,      -14.04994277,      -13.92618366,       -14.1909429
          0,           0,        9625,      -14.00055908,      -13.88480113,      -14.15453427
          0,           0,        9626,      -14.07286904,      -13.94506779,      -14.22758686
          0,           0,        9627,      -14.12651077,       -13.9919794,      -14.20427679
          0,           0,        9628,      -14.06906474,      -13.94375718,      -14.13152902
          0,           0,        9629,      -14.07484376,      -13.95093819,      -14.18221648
          0,           0,        9630,      -14.15233246,      -14.01249591,      -14.19418346
          0,           0,        9631,      -13.99559164,      -13.86892795,      -14.15181757
          0,           0,        9632,      -14.05197203,      -13.92596956,      -14.16075222
          0,           0,        9633,      -14.12774471,      -13.99721361,      -14.15995056
          0,           0,        9634,      -14.03461803,      -13.91422726,      -14.13206969
          0,           0,        9635,      -14.06364353,      -13.93549464,      -14.16746058
          0,           0,        9636,      -14.04189589,      -13.90552296,      -14.13358569
          0,           0,        9637,      -14.02864367,      -13.89013113,      -14.13949047
          0,           0,        9638,      -14.02607158,      -13.88872893,      -14.15846919
          0,           0,        9639,      -14.06197375,      -13.94068393,      -14.16342473
          0,           0,        9640,      -14.06176086,      -13.95088218,      -14.15383587
          0,           0,        9641,       -14.0900291,      -13.96495362,      -14.14353555
          0,           0,        9642,      -14.04007046,      -13.92796819,      -14.13065652
          0,           0,        9643,      -14.02434492,      -13.91025727,      -14.13071947
          0,           0,        9644,      -14.06980563,      -13.93421492,      -14.13562796
          0,           0,        9645,      -13.99959617,       -13.8653715,       -14.1179053
          0,           0,        9646,      -14.02678702,      -13.91137041,      -14.16578805
          0,           0,        9647,      -14.09907871,      -13.97598025,      -14.16026457
          0,           0,        9648,      -14.06819796,      -13.96753264,      -14.15908048
          0,           0,        9649,       -14.0111102,      -13.90903406,      -14.20324212
          0,           0,        9650,      -14.06050647,      -13.93011587,      -14.16894515
          0,           0,        9651,      -14.14638818,      -13.99674118,      -14.19551816
          0,           0,        9652,      -14.02180139,      -13.88902748,       -14.1453719
          0,           0,        9653,      -14.01648847,      -13.89104743,      -14.20552412
          0,           0,        9654,      -13.93238431,      -13.78898858,      -14.06712571
          0,           0,        9655,      -14.04337703,      -13.89445041,      -14.15060951
          0,           0,        9656,      -14.03875368,      -13.91987937,      -14.16880258
          0,           0,        9657,      -14.10021296,       -13.9729649,      -14.16523451
          0,           0,        9658,      -14.05284742,      -13.94195813,      -14.10115246
          0,           0,        9659,      -13.98284166,      -13.85320704,      -14.16641445
          0,           0,        9660,      -14.04061794,      -13.90201318,      -14.11761865
          0,           0,        9661,      -14.01788035,      -13.90828041,      -14.07829465
          0,           0,        9662,      -14.06591003,      -13.91548107,      -14.12599535
          0,           0,        9663,      -14.08968723,      -13.92822559,      -14.20347674
          0,           0,        9664,      -14.00403144,      -13.87556458,      -14.14806527
          0,           0,        9665,      -14.09435133,      -13.99582778,       -14.1745918
          0,           0,        9666,      -14.00163235,      -13.86746724,      -14.13905859
          0,           0,        9667,      -14.09925209,      -13.96292283,      -14.14888553
          0,           0,        9668,      -14.02860934,      -13.91041603,      -14.12655884
          0,           0,        9669,      -14.13065272,      -14.00391384,       -14.2801919
          0,           0,        9670,      -14.06513683,      -13.90851034,      -14.14725515
          0,           0,        9671,      -14.04946124,      -13.92270589,      -14.16704016
          0,           0,        9672,      -14.01694722,      -13.91596188,      -14.19532132
          0,           0,        9673,      -14.07955223,      -13.95208393,      -14.19767821
          0,           0,        9674,      -14.05801225,       -13.9343305,      -14.13653913
          0,           0,        9675,      -14.04264773,      -13.91024698,      -14.19580811
          0,           0,        9676,      -14.07763133,      -13.92326332,      -14.17523016
          0,           0,        9677,      -14.02421211,      -13.89830504,      -14.12512745
          0,           0,        9678,       -14.0462561,      -13.93374672,      -14.17719296
          0,           0,        9679,      -14.02643905,      -13.88461603,      -14.14960871
          0,           0,        9680,      -13.99874551,      -13.87959734,      -14.12393979
          0,           0,        9681,      -14.08842389,      -13.97260588,      -14.14333331
          0,           0,        9682,      -14.00333557,      -13.86565132,      -14.06274742
          0,           0,        9683,      -14.10589725,      -14.00664702,      -14.22404837
          0,           0,        9684,      -14.03626855,      -13.92073768,      -14.11405303
          0,           0,        9685,      -14.02454213,      -13.90703179,      -14.12144533
          0,           0,        9686,      -14.04829948,      -13.92350011,      -14.14892737
          0,           0,        9687,       -14.0962436,      -13.96778254,      -14.16718138
          0,           0,        9688,      -14.04505687,      -13.93114331,      -14.20330971
          0,           0,        9689,      -14.13699527,      -14.03141614,      -14.26376446
          0,           0,        9690,      -14.07917955,      -13.95257134,      -14.18955825
          0,           0,        9691,      -14.03517868,      -13.90221221,      -14.12136883
          0,           0,        9692,       -14.1163881,      -13.98936811,      -14.20129068
          0,           0,        9693,      -14.10638364,      -13.97642994,      -14.16045268
          0,           0,        9694,      -14.09617862,      -13.97180755,       -14.2257257
          0,           0,        9695,      -14.06623798,      -13.93592071,      -14.16069379
          0,           0,        9696,      -14.01319718,       -13.8947931,      -14.12303097
          0,           0,        9697,      -14.04881867,      -13.92073357,       -14.0998557
          0,           0,        9698,      -14.09796155,      -13.96406794,      -14.18846438
          0,           0,        9699,      -14.09985406,      -13.97639209,      -14.17305863
          0,           0,        9700,      -14.02605699,      -13.89430735,      -14.13876783
          0,           0,        9701,      -14.13035628,      -14.00994438,      -14.28048115
          0,           0,        9702,      -14.08227658,      -13.94351511,      -14.19384508
          0,           0,        9703,       -14.0062633,      -13.86388567,      -14.10147305
          0,           0,        9704,      -14.04059913,      -13.91760345,      -14.12441209
          0,           0,        9705,      -14.04815722,      -13.90928231,      -14.14873356
          0,           0,        9706,      -14.01992922,      -13.88655993,      -14.11725217
          0,           0,        9707,      -14.07026171,      -13.94675424,      -14.15121266
          0,           0,        9708,      -14.08021552,      -13.93116454,      -14.14558523
          0,           0,        9709,       -14.0293698,      -13.89195485,      -14.20531841
          0,           0,        9710,      -14.01247266,      -13.90124299,      -14.16311482
          0,           0,        9711,      -14.12247361,      -13.98671955,       -14.1976874
          0,           0,        9712,      -14.02861284,      -13.90407197,      -14.12523513
          0,           0,        9713,      -14.06362776,      -13.94229714,      -14.19209879
          0,           0,        9714,      -14.08721316,      -13.96133147,      -14.14436504
          0,           0,        9715,       -14.0740524,       -13.9478427,      -14.18507752
          0,           0,        9716,      -14.04251703,      -13.92109958,      -14.16272332
          0,           0,        9717,      -14.02529721,      -13.89224033,      -14.12909901
          0,           0,        9718,      -14.01891159,      -13.89937314,      -14.16042364
          0,           0,        9719,      -14.08966546,       -13.9742869,      -14.13130469
          0,           0,        9720,      -14.02416316,      -13.89881158,       -14.1410624
          0,           0,        9721,      -13.95453036,       -13.8372866,      -14.15376617
          0,           0,        9722,      -14.02128574,      -13.87706903,      -14.18887211
          0,           0,        9723,      -14.08995804,      -13.93306427,      -14.18714474
          0,           0,        9724,      -14.06934979,      -13.94351766,      -14.18044499
          0,           0,        9725,      -14.02349738,      -13.90824959,      -14.13086883
          0,           0,        9726,      -14.05025718,      -13.94332951,      -14.16156243
          0,           0,        9727,      -13.96478955,      -13.82334606,      -14.10224268
          0,           0,        9728,      -14.00587977,      -13.86927539,      -14.09477435
          0,           0,        9729,      -14.01749934,       -13.9012262,      -14.12575658
          0,           0,        9730,      -13.99423172,      -13.88252183,      -14.08751368
          0,           0,        9731,      -14.04441178,      -13.92342967,      -14.13177963
          0,           0,        9732,      -14.03768081,      -13.90576575,      -14.13641071
          0,           0,        9733,      -13.97474846,      -13.85065007,       -14.1475512
          0,           0,        9734,      -14.03399912,      -13.90759898,      -14.15789591
          0,           0,        9735,      -14.20063735,      -14.07712967,      -14.29549887
          0,           0,        9736,      -14.06175634,      -13.93490261,      -14.12713153
          0,           0,        9737,      -14.01918478,       -13.8838978,      -14.10999751
          0,           0,        9738,      -14.02774488,      -13.90368055,      -14.14367046
          0,           0,        9739,      -13.96457972,      -13.84589903,      -14.16604566
          0,           0,        9740,      -14.05138027,      -13.93260567,       -14.1768598
          0,           0,        9741,      -14.10965948,      -13.99569584,      -14.17885001
          0,           0,        9742,      -14.15227334,       -14.0332011,      -14.23763643
          0,           0,        9743,      -14.04784568,      -13.91303955,      -14.13801361
          0,           0,        9744,      -14.02176631,      -13.90813811,      -14.14531518
          0,           0,        9745,      -14.02742899,      -13.90260856,      -14.15007681
          0,           0,        9746,      -14.09930162,      -13.97973386,      -14.19456103
          0,           0,        9747,      -14.11222374,      -14.00245481,      -14.20833705
          0,           0,        9748,      -14.00647368,      -13.89349194,      -14.15580516
          0,           0,        9749,      -14.02547462,      -13.91289665,      -14.16709283
          0,           0,        9750,      -13.98936657,      -13.87018877,       -14.1051612
          0,           0,        9751,      -14.03500351,      -13.92706343,      -14.24784012
          0,           0,        9752,      -14.01919271,      -13.89748921,      -14.11727539
          0,           0,        9753,      -14.02723463,      -13.88829837,      -14.12174721
          0,           0,        9754,      -13.99649843,      -13.87614111,      -14.09476873
          0,           0,        9755,      -14.02354064,      -13.88471248,      -14.11747579
          0,           0,        9756,       -13.9856292,      -13.84441089,      -14.13405671
          0,           0,        9757,      -14.04277903,      -13.90308905,      -14.14911635
          0,           0,        9758,      -14.02580926,      -13.90567452,       -14.1807914
          0,           0,        9759,      -14.04355767,      -13.91455817,      -14.11349758
          0,           0,        9760,      -14.00835764,      -13.89099301,      -14.11995957
          0,           0,        9761,       -14.0790513,      -13.96359138,      -14.20814096
          0,           0,        9762,      -14.06931161,      -13.97014901,      -14.18173174
          0,           0,        9763,      -14.12828226,      -13.99725196,      -14.17786159
          0,           0,        9764,      -14.08966483,      -13.93835136,      -14.13343962
          0,           0,        9765,      -13.99863525,      -13.84323693,      -14.10798554
          0,           0,        9766,      -13.94237309,      -13.79261049,      -14.08744592
          0,           0,        9767,      -14.03135604,      -13.92005873,      -14.13019715
          0,           0,        9768,      -14.13916002,       -14.0217805,      -14.25533826
          0,           0,        9769,      -14.10569216,      -13.96859828,      -14.17871296
          0,           0,        9770,      -14.05400411,      -13.91129862,      -14.14463122
          0,           0,        9771,      -14.03952941,      -13.91081345,      -14.15997674
          0,           0,        9772,      -14.04926502,      -13.91066357,      -14.16149595
          0,           0,        9773,      -14.05166125,      -13.92000705,      -14.15698041
          0,           0,        9774,      -14.03662887,      -13.90951486,      -14.11513389
          0,           0,        9775,      -13.97872477,      -13.85443991,      -14.16828383
          0,           0,        9776,      -14.05465197,      -13.92102484,      -14.18917341
          0,           0,        9777,      -14.02013475,      -13.88253969,       -14.1114961
          0,           0,        9778,      -14.00278453,      -13.89551054,      -14.17220454
          0,           0,        9779,      -14.06891898,      -13.95248181,      -14.19412049
          0,           0,        9780,      -14.00175763,      -13.88270354,      -14.16076092
          0,           0,        9781,      -14.06234872,      -13.94478213,      -14.15942864
          0,           0,        9782,      -14.12749677,       -14.0053217,      -14.15824671
          0,           0,        9783,      -14.05805436,      -13.91926357,       -14.1209298
          0,           0,        9784,      -14.04201372,      -13.91857225,      -14.19066854
          0,           0,        9785,      -14.02361425,      -13.89710809,      -14.18587605
          0,           0,        9786,      -14.01714261,      -13.90251189,      -14.14219221
          0,           0,        9787,      -14.06752291,      -13.94355174,      -14.21851874
          0,           0,        9788,      -14.11639522,      -13.99950198,      -14.19859322
          0,           0,        9789,      -14.05101705,      -13.92280634,      -14.20900177
          0,           0,        9790,      -14.07259095,      -13.95026199,      -14.20468051
          0,           0,        9791,      -13.98109453,      -13.84364178,       -14.1166194
          0,           0,        9792,      -14.06813903,      -13.91734176,      -14.11358737
          0,           0,        9793,      -13.98926067,      -13.84750109,      -14.12757075
          0,           0,        9794,      -14.06153744,      -13.94623081,      -14.20513367
          0,           0,        9795,      -14.02234398,      -13.90779737,      -14.18181128
          0,           0,        9796,      -14.06041971,      -13.94812837,      -14.18017628
          0,           0,        9797,       -13.9919745,       -13.8671653,      -14.10949885
          0,           0,        9798,      -14.07811826,      -13.95110912,      -14.18500026
          0,           0,        9799,      -14.12088983,       -13.9816355,      -14.20025633
          0,           0,        9800,      -14.05152549,      -13.92231409,      -14.16883499
          0,           0,        9801,      -14.07974431,      -13.94874413,      -14.14472599
          0,           0,        9802,      -14.03405202,      -13.90914426,      -14.20920866
          0,           0,        9803,      -14.07932728,      -13.95633843,      -14.14945707
          0,           0,        9804,      -14.06789645,      -13.94551214,      -14.18733181
          0,           0,        9805,      -14.05518258,      -13.91799429,      -14.16495647
          0,           0,        9806,      -13.98014666,      -13.85027604,      -14.18202583
          0,           0,        9807,      -14.02254083,      -13.89603497,      -14.11221165
          0,           0,        9808,      -14.11516228,      -13.96946673,      -14.18249666
          0,           0,        9809,       -14.0150968,      -13.88752157,      -14.13568348
          0,           0,        9810,      -14.02745269,      -13.91249296,      -14.15025566
          0,           0,        9811,      -13.99562755,      -13.88073623,      -14.16837395
          0,           0,        9812,      -14.10012513,      -13.97060501,      -14.23414377
          0,           0,        9813,      -14.04823791,      -13.92745131,      -14.20563587
          0,           0,        9814,      -13.98945483,      -13.86719954,      -14.14281571
          0,           0,        9815,       -13.9496774,      -13.83126701,      -14.12232992
          0,           0,        9816,      -14.05384226,      -13.94784379,      -14.23442314
          0,           0,        9817,      -14.00195629,      -13.87790462,      -14.13412561
          0,           0,        9818,      -14.08525078,      -13.95130998,      -14.15540269
          0,           0,        9819,      -13.98486158,      -13.85430967,      -14.12525279
          0,           0,        9820,      -14.01957303,      -13.90173902,      -14.15496021
          0,           0,        9821,      -14.06049702,      -13.93310926,      -14.17000538
          0,           0,        9822,      -14.04734654,      -13.94429854,      -14.16386102
          0,           0,        9823,      -14.08676037,      -13.97841639,      -14.24272474
          0,           0,        9824,      -14.12418834,      -14.01342431,      -14.20893062
          0,           0,        9825,      -14.13139566,      -13.99954077,      -14.26997357
          0,           0,        9826,      -14.09099563,      -13.96397125,      -14.24742429
          0,           0,        9827,      -14.05293988,      -13.93657059,      -14.14693043
          0,           0,        9828,      -14.04165944,      -13.93052059,      -14.14151317
          0,           0,        9829,      -14.14318406,      -14.01101879,       -14.2071041
          0,           0,        9830,      -14.06281097,      -13.92194683,      -14.11324145
          0,           0,        9831,      -13.97489223,      -13.82974072,       -14.0824075
          0,           0,        9832,      -14.01099631,      -13.88580634,      -14.13559313
          0,           0,        9833,      -13.98957722,      -13.86617247,      -14.08106025
          0,           0,        9834,      -14.01866621,      -13.88800049,      -14.16689251
          0,           0,        9835,      -14.17251237,      -14.05312655,      -14.24606146
          0,           0,        9836,      -14.05063039,      -13.93041135,      -14.13594462
          0,           0,        9837,      -14.03932053,      -13.92174939,      -14.18097937
          0,           0,        9838,      -14.10869748,      -13.97770098,      -14.15619935
          0,           0,        9839,      -14.10627043,      -13.96228375,      -14.23018425
          0,           0,        9840,        -14.079464,      -13.95122737,      -14.14922499
          0,           0,        9841,      -14.06881601,       -13.9461573,      -14.12764102
          0,           0,        9842,      -14.07684069,      -13.95078396,      -14.16286042
          0,           0,        9843,      -14.00415309,      -13.86645198,      -14.15390045
          0,           0,        9844,       -14.1303969,      -14.00183495,      -14.23041533
          0,           0,        9845,       -14.0135908,      -13.88465539,      -14.08166903
          0,           0,        9846,       -14.0104224,      -13.88731342,      -14.16134853
          0,           0,        9847,       -14.0613321,      -13.94878546,      -14.11362485
          0,           0,        9848,      -14.03713639,      -13.89248718,      -14.13919866
          0,           0,        9849,      -14.04178257,      -13.91215574,      -14.19717445
          0,           0,        9850,      -14.07285804,      -13.95324044,      -14.19054522
          0,           0,        9851,       -14.0767059,      -13.96124241,      -14.19873219
          0,           0,        9852,      -14.12016536,      -13.97491612,      -14.18687056
          0,           0,        9853,      -14.00311335,      -13.87135918,      -14.07731995
          0,           0,        9854,      -13.98461366,      -13.83976921,      -14.08730815
          0,           0,        9855,      -14.05048322,      -13.94652143,      -14.13898916
          0,           0,        9856,      -14.00683003,      -13.88212402,      -14.10209183
          0,           0,        9857,      -14.02104874,      -13.88841302,      -14.13724259
          0,           0,        9858,      -13.99569961,      -13.86462494,       -14.1164327
          0,           0,        9859,      -14.06515024,      -13.94593424,      -14.22424461
          0,           0,        9860,      -14.10721324,      -13.97982754,      -14.15368092
          0,           0,        9861,      -14.00281422,      -13.87926062,      -14.12803431
          0,           0,        9862,      -13.98836773,      -13.84542042,      -14.12354563
          0,           0,        9863,      -14.06071037,      -13.92017252,      -14.16001617
          0,           0,        9864,      -14.01065996,      -13.87965868,      -14.10903352
          0,           0,        9865,      -14.02634551,      -13.90875119,      -14.16632932
          0,           0,        9866,      -13.99757365,      -13.90378649,      -14.17832578
          0,           0,        9867,      -14.01836579,      -13.89971458,      -14.10729297
          0,           0,        9868,       -14.0109798,      -13.90685228,      -14.21341763
          0,           0,        9869,      -14.05807644,      -13.95568937,       -14.2198235
          0,           0,        9870,      -14.03580406,      -13.92507028,      -14.16753395
          0,           0,        9871,      -14.07900059,      -13.96792978,      -14.21540935
          0,           0,        9872,      -14.12370675,      -13.98648306,      -14.16225295
          0,           0,        9873,      -14.01406626,       -13.8913621,      -14.10164725
          0,           0,        9874,      -13.96637773,      -13.82897845,      -14.11043287
          0,           0,        9875,      -13.98980282,      -13.88139271,      -14.08964853
          0,           0,        9876,      -14.05146107,      -13.90120693,      -14.16199303
          0,           0,        9877,      -14.07755127,      -13.93579652,      -14.19455558
          0,           0,        9878,      -14.01841819,      -13.89587599,       -14.1239738
          0,           0,        9879,      -14.07647315,      -13.96212276,      -14.18073434
          0,           0,        9880,       -14.0938228,      -13.98563487,       -14.1990396
          0,           0,        9881,      -14.02369639,      -13.89960119,      -14.12883364
          0,           0,        9882,      -13.95381216,      -13.82393934,      -14.07441409
          0,           0,        9883,      -14.03635635,      -13.90690612,      -14.13330408
          0,           0,        9884,      -14.08472334,      -13.97017806,      -14.15013251
          0,           0,        9885,      -14.01525966,      -13.89398705,      -14.13492627
          0,           0,        9886,       -14.0457601,      -13.89727451,      -14.10058554
          0,           0,        9887,      -14.06510398,      -13.95066852,       -14.1485185
          0,           0,        9888,       -14.0891599,      -13.96937713,       -14.1686403
          0,           0,        9889,      -14.02709698,      -13.90351241,      -14.13800806
          0,           0,        9890,      -14.11992414,       -14.0103567,      -14.28532644
          0,           0,        9891,      -14.05067886,      -13.91546819,      -14.13179108
          0,           0,        9892,      -14.00555983,      -13.87156607,      -14.07420057
          0,           0,        9893,      -14.01665937,      -13.90668214,      -14.13031424
          0,           0,        9894,      -14.03659405,      -13.93115063,      -14.18114686
          0,           0,        9895,       -14.0159554,      -13.90180012,      -14.18230075
          0,           0,        9896,      -14.02653113,      -13.89955631,       -14.1622764
          0,           0,        9897,      -14.07232252,      -13.94429085,      -14.26557006
          0,           0,        9898,      -14.06570772,      -13.95645211,      -14.24756093
          0,           0,        9899,      -14.06351525,      -13.95241201,      -14.16241599
          0,           0,        9900,       -13.9793934,      -13.85017567,      -14.11779555
          0,           0,        9901,      -14.08901038,      -13.95701829,      -14.16157999
          0,           0,        9902,      -14.05366746,      -13.92165875,      -14.13515634
          0,           0,        9903,      -14.03675063,      -13.90469696,      -14.12818347
          0,           0,        9904,      -14.03992889,      -13.91083084,      -14.15357242
          0,           0,        9905,      -14.08799828,      -13.96038025,      -14.18373736
          0,           0,        9906,      -14.14704646,      -14.04757675,      -14.24445471
          0,           0,        9907,      -14.02003526,      -13.90735772,      -14.17171038
          0,           0,        9908,      -14.13002133,      -13.98538323,      -14.15596026
          0,           0,        9909,      -13.95675586,      -13.83909775,      -14.10176235
          0,           0,        9910,      -14.18979628,      -14.06762338,      -14.24249126
          0,           0,        9911,      -14.08999561,       -13.9544585,      -14.18266071
          0,           0,        9912,      -14.12485237,      -14.01070084,      -14.23949242
          0,           0,        9913,      -14.05508802,      -13.93696981,      -14.14933989
          0,           0,        9914,      -14.13511404,      -14.01163943,      -14.21250881
          0,           0,        9915,      -14.07807309,      -13.96944143,      -14.15932925
          0,           0,        9916,      -13.96507273,      -13.84180368,      -14.08333625
          0,           0,        9917,      -13.99605326,      -13.87226221,      -14.15592379
          0,           0,        9918,      -13.98059428,       -13.8787424,       -14.0832205
          0,           0,        9919,      -14.04083675,      -13.90906372,      -14.13169626
          0,           0,        9920,      -13.99914189,      -13.86600391,      -14.16922156
          0,           0,        9921,      -14.09958924,      -13.98189928,      -14.21660192
          0,           0,        9922,      -14.08420138,      -13.96232584,       -14.2284017
          0,           0,        9923,      -14.03937467,      -13.91932225,      -14.19123797
          0,           0,        9924,      -14.04926082,      -13.90868641,      -14.11519241
          0,           0,        9925,      -14.05337654,      -13.92081907,      -14.11100596
          0,           0,        9926,      -14.04541759,      -13.91840528,      -14.13922234
          0,           0,        9927,      -14.00331474,      -13.87847874,      -14.11456272
          0,           0,        9928,      -14.00789308,      -13.89442522,      -14.12866641
          0,           0,        9929,      -13.97617548,      -13.84439224,      -14.12814929
          0,           0,        9930,       -14.0336974,      -13.90465493,      -14.09342146
          0,           0,        9931,      -14.08190894,      -13.95663705,       -14.1357151
          0,           0,        9932,      -14.10685176,      -13.95208938,      -14.21943252
          0,           0,        9933,      -14.06225785,      -13.91400458,      -14.14913797
          0,           0,        9934,      -13.97576734,      -13.84284803,      -14.11907105
          0,           0,        9935,      -14.10692199,      -13.99987998,      -14.23282442
          0,           0,        9936,      -14.01224383,      -13.90194991,      -14.13321333
          0,           0,        9937,      -14.06699855,      -13.95855176,       -14.2400914
          0,           0,        9938,      -14.07853798,      -13.96249579,      -14.16967992
          0,           0,        9939,      -13.99827281,      -13.87953866,      -14.19181976
          0,           0,        9940,      -14.06436875,      -13.93631812,      -14.17629491
          0,           0,        9941,      -14.12876735,      -14.00139362,      -14.21727218
          0,           0,        9942,      -14.07382602,      -13.93620231,      -14.17303023
          0,           0,        9943,      -14.05357094,      -13.95213329,      -14.17607051
          0,           0,        9944,      -14.11228274,      -13.99827502,      -14.20105803
          0,           0,        9945,      -14.06299156,      -13.92250397,      -14.16780656
          0,           0,        9946,      -13.99489618,      -13.85964276,      -14.08444077
          0,           0,        9947,      -14.07054008,      -13.92864199,      -14.15376947
          0,           0,        9948,       -14.1133845,      -13.98262203,      -14.22004639
          0,           0,        9949,      -14.05508876,      -13.93303626,      -14.15478953
          0,           0,        9950,      -14.13261021,      -14.01637079,      -14.20073102
          0,           0,        9951,      -14.03853955,      -13.91992021,      -14.12538557
          0,           0,        9952,       -14.0672084,      -13.94700213,      -14.17224138
          0,           0,        9953,      -14.01800721,      -13.89479845,      -14.15231642
          0,           0,        9954,      -13.96607072,      -13.83107507,      -14.11309619
          0,           0,        9955,      -14.05734382,      -13.95045599,      -14.17218754
          0,           0,        9956,      -14.08570949,      -13.96578642,      -14.22401202
          0,           0,        9957,      -14.05166866,      -13.93247358,        -14.204465
          0,           0,        9958,      -14.07075055,      -13.96611744,      -14.19244116
          0,           0,        9959,      -14.04144639,      -13.92470098,      -14.17402635
          0,           0,        9960,      -14.07164254,      -13.94661634,      -14.20310381
          0,           0,        9961,      -14.04656445,      -13.92109531,      -14.13308018
          0,           0,        9962,      -13.98093206,      -13.85041352,      -14.09400526
          0,           0,        9963,      -14.10178945,      -13.97956726,      -14.21570353
          0,           0,        9964,      -14.04676637,      -13.93634663,      -14.13216126
          0,           0,        9965,      -14.05824772,      -13.97075938,      -14.15693863
          0,           0,        9966,      -14.04679457,       -13.9162968,      -14.09259885
          0,           0,        9967,      -14.00200272,      -13.85985119,      -14.13230792
          0,           0,        9968,      -14.04795036,      -13.93415319,       -14.1312407
          0,           0,        9969,      -14.01798863,      -13.89053215,      -14.09312971
          0,           0,        9970,      -14.01392728,      -13.90689722,      -14.10973367
          0,           0,        9971,      -14.06640519,      -13.93903182,      -14.18257957
          0,           0,        9972,      -14.06881129,       -13.9334007,      -14.15306193
          0,           0,        9973,      -14.03665052,      -13.91742987,      -14.14468861
          0,           0,        9974,      -14.02692708,      -13.90493685,      -14.20728057
          0,           0,        9975,      -14.07791213,      -13.94162349,      -14.08612185
          0,           0,        9976,      -13.99723342,        -13.858725,      -14.12748747
          0,           0,        9977,      -13.98057249,       -13.8640876,      -14.11467603
          0,           0,        9978,      -14.02675127,      -13.89629284,      -14.09940335
          0,           0,        9979,      -14.08210946,      -13.94545791,      -14.16797816
          0,           0,        9980,      -14.05054171,      -13.94092135,      -14.12565383
          0,           0,        9981,      -14.02177888,      -13.90279646,      -14.08519836
          0,           0,        9982,       -13.9821669,      -13.85583973,      -14.07339709
          0,           0,        9983,      -14.00692193,      -13.86396887,      -14.14752404
          0,           0,        9984,      -14.00941384,      -13.89662291,      -14.11388558
          0,           0,        9985,      -14.09592787,      -13.98936831,      -14.15000919
          0,           0,        9986,      -14.09886843,      -13.98225346,      -14.18914836
          0,           0,        9987,      -13.98931401,      -13.86207219,       -14.1205741
          0,           0,        9988,      -14.05815079,      -13.94755413,      -14.13484581
          0,           0,        9989,      -14.01120723,      -13.90600601,      -14.23511419
          0,           0,        9990,      -14.02713535,       -13.9062622,      -14.08983012
          0,           0,        9991,      -14.04790545,       -13.9340105,      -14.17053177
          0,           0,        9992,       -14.0747866,      -13.94780265,      -14.17451851
          0,           0,        9993,      -14.04265086,      -13.92469441,      -14.16975533
          0,           0,        9994,       -14.0939405,      -13.98369388,      -14.11974133
          0,           0,        9995,      -13.97802849,      -13.84064598,      -14.07791818
          0,           0,        9996,       -14.0870961,      -13.95081737,      -14.18306559
          0,           0,        9997,       -14.0125628,       -13.8839785,      -14.11340226
          0,           0,        9998,      -14.11399391,      -13.97472399,      -14.17061329
