"Time_Iter","Outer_Iter","Inner_Iter",    "rms[Rho]"    ,    "rms[RhoU]"   ,    "rms[RhoV]"   ,    "rms[RhoE]"   ,     "rms[nu]"    
          0,           0,           0,      -3.414158584,       -13.2166055,      -13.20919268,      -1.366451152,      -8.979144895
          0,           0,           1,      -4.016694393,      -3.119923808,      -2.878865393,      -1.966614496,      -9.298880505
          0,           0,           2,      -4.039700907,      -3.208781402,      -3.113918903,      -1.987505276,      -9.819027477
          0,           0,           3,      -4.029512661,      -3.261059582,      -3.293727364,      -1.978415468,      -9.986127896
          0,           0,           4,      -4.088189409,      -3.268582609,      -3.254826699,      -2.038046032,      -10.10667951
          0,           0,           5,      -4.157966141,      -3.252788722,      -3.224871082,      -2.109806691,      -10.22352013
          0,           0,           6,      -4.215331786,      -3.236638005,      -3.225731883,      -2.169448639,      -10.28074814
          0,           0,           7,      -4.243664799,      -3.230802612,      -3.245760648,      -2.198710448,       -10.3124373
          0,           0,           8,      -4.241404993,      -3.237470068,      -3.278343665,      -2.195763435,      -10.32330062
          0,           0,           9,      -4.220667949,      -3.254780446,      -3.317249225,      -2.173982244,      -10.31982142
          0,           0,          10,      -4.193512502,      -3.278726168,      -3.354451229,      -2.146247749,      -10.31025718
          0,           0,          11,      -4.166832826,      -3.303821116,      -3.382170074,      -2.119461466,      -10.28892007
          0,           0,          12,      -4.144569103,      -3.324361425,      -3.396417965,      -2.097307647,      -10.26671737
          0,           0,          13,      -4.129296397,      -3.336453077,      -3.397794152,      -2.082167175,      -10.24782068
          0,           0,          14,      -4.122402336,      -3.338886278,      -3.388987733,      -2.075351273,      -10.23547483
          0,           0,          15,      -4.124038628,      -3.332704593,      -3.372587508,      -2.077016398,      -10.22956879
          0,           0,          16,      -4.133118203,       -3.32015041,      -3.350955652,      -2.086122858,      -10.22781656
          0,           0,          17,      -4.147190335,      -3.303976068,      -3.326873808,      -2.100286066,      -10.22729436
          0,           0,          18,      -4.162312255,       -3.28703829,      -3.303560822,      -2.115626524,      -10.22415052
          0,           0,          19,      -4.173496761,      -3.271888812,      -3.284050584,      -2.127183659,      -10.21638788
          0,           0,          20,      -4.176353601,        -3.2603787,       -3.27057839,      -2.130520317,      -10.20347267
          0,           0,          21,      -4.169339309,        -3.2534675,      -3.264300528,      -2.123977166,      -10.18670989
          0,           0,          22,      -4.154564573,      -3.251222276,       -3.26525473,      -2.109551995,      -10.16775852
          0,           0,          23,        -4.1362538,      -3.252903106,      -3.272340081,      -2.091417132,      -10.14947003
          0,           0,          24,      -4.118549245,       -3.25702682,      -3.283239456,      -2.073716845,       -10.1310624
          0,           0,          25,      -4.104342618,      -3.261536662,      -3.294434526,      -2.059365648,      -10.11439818
          0,           0,          26,      -4.095168321,      -3.264140443,      -3.301709107,      -2.049923158,       -10.0989165
          0,           0,          27,      -4.091504969,      -3.262882606,      -3.301492045,      -2.045895676,      -10.08403841
          0,           0,          28,      -4.093058259,      -3.256829896,      -3.292579603,       -2.04702693,      -10.07032307
          0,           0,          29,      -4.098908413,      -3.246456932,      -3.276818491,      -2.052452849,      -10.05695804
          0,           0,          30,      -4.107570443,      -3.233447582,      -3.258029781,      -2.060762476,      -10.04379936
          0,           0,          31,       -4.11709153,       -3.22004875,      -3.240225899,      -2.070082323,      -10.03134675
          0,           0,          32,      -4.125332196,      -3.208392336,      -3.226426378,      -2.078327067,      -10.01770921
          0,           0,          33,      -4.130498578,      -3.200077805,      -3.218300939,      -2.083694058,      -10.00493938
          0,           0,          34,      -4.131766042,      -3.196011492,       -3.21622219,      -2.085270882,      -9.991897956
          0,           0,          35,      -4.129616069,      -3.196389082,      -3.219385729,      -2.083403089,      -9.980193519
          0,           0,          36,      -4.125622804,      -3.200751073,      -3.225921914,      -2.079541743,      -9.969738911
          0,           0,          37,      -4.121831257,      -3.208066996,      -3.233135517,      -2.075666372,      -9.961270556
          0,           0,          38,      -4.120111316,      -3.216880521,      -3.238099021,      -2.073644852,      -9.954788677
          0,           0,          39,      -4.121739199,      -3.225584012,      -3.238641977,      -2.074797442,       -9.94982265
          0,           0,          40,      -4.127217764,      -3.232824389,      -3.234289754,      -2.079699216,      -9.945572542
          0,           0,          41,      -4.136244229,      -3.237928714,      -3.226447195,      -2.088137948,      -9.941655917
          0,           0,          42,      -4.147770617,      -3.241137741,      -3.217665596,      -2.099167846,       -9.93718611
          0,           0,          43,      -4.160184272,      -3.243498013,      -3.210588659,      -2.111275732,      -9.932073704
          0,           0,          44,      -4.171678331,      -3.246470993,      -3.207197811,      -2.122721983,      -9.926391552
          0,           0,          45,      -4.180809783,      -3.251461271,      -3.208489039,      -2.132062265,      -9.919832591
          0,           0,          46,      -4.187052273,      -3.259427294,      -3.214404987,      -2.138685658,      -9.912667327
          0,           0,          47,      -4.191023805,      -3.270616857,      -3.223863248,      -2.143072912,      -9.904999357
          0,           0,          48,      -4.194226728,       -3.28439718,      -3.234875476,      -2.146596381,      -9.896624897
          0,           0,          49,      -4.198470913,      -3.299191613,      -3.244891524,      -2.150989979,      -9.888425676
          0,           0,          50,      -4.205296901,      -3.312650853,      -3.251500145,      -2.157783782,      -9.880606092
          0,           0,          51,      -4.215582436,       -3.32223804,      -3.253345403,      -2.167897964,      -9.873051754
          0,           0,          52,      -4.229335257,      -3.326218536,      -3.250735387,      -2.181417988,      -9.866043565
          0,           0,          53,      -4.245624746,      -3.324570665,      -3.245473191,      -2.197510224,      -9.859662293
          0,           0,          54,      -4.262676706,      -3.319129923,      -3.240054989,      -2.214495689,      -9.852852279
          0,           0,          55,      -4.278246364,      -3.312856496,      -3.236815216,      -2.230188243,      -9.846104319
          0,           0,          56,      -4.290342184,      -3.308836389,       -3.23740652,      -2.242577847,      -9.838968216
          0,           0,          57,      -4.298086725,       -3.30960466,      -3.242611943,      -2.250679645,      -9.831446363
          0,           0,          58,      -4.302189725,      -3.316888439,      -3.252323834,       -2.25505234,      -9.823965546
          0,           0,          59,      -4.304668393,      -3.331561088,      -3.265576411,      -2.257592769,      -9.816380738
          0,           0,          60,      -4.308043585,      -3.353582737,      -3.280637152,      -2.260775745,      -9.808797478
          0,           0,          61,      -4.314550142,       -3.38178919,      -3.295261449,      -2.266860232,      -9.801555969
          0,           0,          62,      -4.325659248,      -3.413526374,      -3.307224011,      -2.277388192,      -9.794653681
          0,           0,          63,      -4.341868278,      -3.444393736,      -3.315061635,      -2.292959178,      -9.787844736
          0,           0,          64,      -4.362602328,       -3.46882289,      -3.318664999,      -2.313130392,      -9.780908991
          0,           0,          65,      -4.386158878,      -3.482226957,      -3.319304859,       -2.33636127,      -9.773699885
          0,           0,          66,      -4.409800012,      -3.483786164,      -3.319075219,      -2.360081902,      -9.766068681
          0,           0,          67,      -4.430250288,      -3.477086752,      -3.320155838,      -2.381119168,      -9.757831423
          0,           0,          68,      -4.444761259,      -3.467846237,      -3.324277107,      -2.396662886,      -9.749145222
          0,           0,          69,      -4.452345277,      -3.461265869,      -3.332477948,      -2.405473514,      -9.740171304
          0,           0,          70,      -4.454258333,      -3.460880935,      -3.345052752,      -2.408484263,      -9.730993008
          0,           0,          71,      -4.453294863,      -3.468581192,      -3.361571554,      -2.408264399,      -9.721826683
          0,           0,          72,      -4.452539647,      -3.484920169,      -3.380929661,      -2.407837235,      -9.712572201
          0,           0,          73,      -4.454451404,      -3.509245965,       -3.40146297,      -2.409719498,      -9.703281211
          0,           0,          74,      -4.460530425,      -3.539540686,      -3.421213775,       -2.41552051,      -9.694158612
          0,           0,          75,      -4.471352837,      -3.572096768,      -3.438397005,      -2.425935059,      -9.685177343
          0,           0,          76,      -4.486722611,      -3.601544727,      -3.451961029,      -2.440881201,       -9.67655616
          0,           0,          77,      -4.505825856,       -3.62214384,      -3.461960652,      -2.459650999,      -9.668391461
          0,           0,          78,      -4.527379467,      -3.630556446,      -3.469495179,      -2.481052092,       -9.66082648
          0,           0,          79,      -4.549815269,      -3.628009401,      -3.476255939,      -2.503573597,      -9.653843467
          0,           0,          80,       -4.57153779,      -3.619375419,      -3.483971656,      -2.525616948,      -9.647548034
          0,           0,          81,      -4.591241523,        -3.6102813,      -3.494002797,      -2.545793383,      -9.641944832
          0,           0,          82,      -4.608197511,      -3.605057357,      -3.507146649,      -2.563220484,      -9.636975608
          0,           0,          83,       -4.62238803,      -3.606264575,       -3.52359116,      -2.577703573,      -9.632689972
          0,           0,          84,      -4.634429391,      -3.614983548,      -3.542942078,      -2.589720866,      -9.629037196
          0,           0,          85,      -4.645339491,      -3.631158202,      -3.564293256,      -2.600235101,      -9.626030642
          0,           0,          86,      -4.656276776,      -3.653750899,      -3.586359478,      -2.610439318,      -9.623680013
          0,           0,          87,      -4.668343633,      -3.680731972,      -3.607708263,      -2.621538758,      -9.621927215
          0,           0,          88,      -4.682472909,      -3.709078821,      -3.627093046,      -2.634606982,      -9.620793101
          0,           0,          89,      -4.699366139,      -3.735100532,      -3.643804209,      -2.650498722,      -9.620242606
          0,           0,          90,      -4.719440418,      -3.755382842,      -3.657881818,      -2.669781002,      -9.620219375
          0,           0,          91,      -4.742751812,      -3.768144594,      -3.670071626,      -2.692648069,      -9.620708628
          0,           0,          92,      -4.768883768,      -3.774051639,        -3.6815519,      -2.718801729,      -9.621670468
          0,           0,          93,      -4.796820495,      -3.775714349,      -3.693579597,      -2.747306701,      -9.623001281
          0,           0,          94,      -4.824879665,       -3.77632351,      -3.707198286,      -2.776485452,       -9.62462503
          0,           0,          95,      -4.850851687,      -3.778471799,      -3.723062802,       -2.80400363,       -9.62652968
          0,           0,          96,      -4.872504605,      -3.783618843,      -3.741362926,      -2.827345415,      -9.628628962
          0,           0,          97,      -4.888414052,      -3.792028125,      -3.761809803,      -2.844707582,      -9.630882148
          0,           0,          98,      -4.898692209,      -3.802903618,      -3.783668829,      -2.855895042,      -9.633244941
          0,           0,          99,      -4.905067342,       -3.81463417,      -3.805852901,      -2.862545075,      -9.635683656
          0,           0,         100,      -4.910246987,      -3.825190487,        -3.8271057,      -2.867485225,      -9.638169452
          0,           0,         101,      -4.917059119,      -3.832725531,      -3.846281932,      -2.873754244,      -9.640700473
          0,           0,         102,      -4.927851799,      -3.836236455,      -3.862663649,      -2.883887896,       -9.64329608
          0,           0,         103,      -4.944248424,      -3.835950227,      -3.876182589,      -2.899622325,      -9.645973358
          0,           0,         104,      -4.967103965,        -3.8331819,      -3.887428789,      -2.921842058,      -9.648762763
          0,           0,         105,      -4.996486445,      -3.829781911,       -3.89743795,      -2.950564931,      -9.651701264
          0,           0,         106,      -5.031583161,      -3.827532929,      -3.907369817,      -2.984848575,      -9.654817025
          0,           0,         107,      -5.070528509,      -3.827755497,      -3.918213403,      -3.022623957,      -9.658120471
          0,           0,         108,      -5.110298214,      -3.831151881,      -3.930592007,       -3.06063634,      -9.661628967
          0,           0,         109,      -5.147024024,      -3.837800171,       -3.94467267,      -3.094891319,      -9.665337714
          0,           0,         110,      -5.177113197,      -3.847217784,      -3.960158586,       -3.12195452,      -9.669255734
          0,           0,         111,      -5.198920992,       -3.85846765,      -3.976353348,      -3.140659091,      -9.673380515
          0,           0,         112,      -5.213716294,      -3.870322893,      -3.992303882,      -3.152824859,      -9.677699906
          0,           0,         113,      -5.224959945,      -3.881509482,      -4.007025816,      -3.162240006,      -9.682211551
          0,           0,         114,      -5.236590978,      -3.891004979,      -4.019776735,      -3.172898378,      -9.686910395
          0,           0,         115,      -5.251653351,      -3.898302722,      -4.030288132,      -3.187775275,      -9.691802757
          0,           0,         116,      -5.271683998,      -3.903521023,      -4.038850747,      -3.208367745,      -9.696855894
          0,           0,         117,      -5.296510858,      -3.907298547,      -4.046209276,      -3.234568345,      -9.702056684
          0,           0,         118,       -5.32411621,      -3.910533012,      -4.053321655,      -3.264522237,      -9.707395599
          0,           0,         119,      -5.350636657,      -3.914088494,      -4.061090923,      -3.294509159,      -9.712856343
          0,           0,         120,      -5.371072211,      -3.918572454,      -4.070154267,      -3.319395311,      -9.718432787
          0,           0,         121,      -5.381267776,      -3.924218735,      -4.080758309,      -3.334391852,      -9.724102269
          0,           0,         122,      -5.380343486,      -3.930867395,      -4.092713868,      -3.337697841,      -9.729854521
          0,           0,         123,      -5.371305759,      -3.938022388,      -4.105420378,      -3.331714833,      -9.735688434
          0,           0,         124,      -5.359180796,      -3.944974108,      -4.117964161,      -3.321466259,      -9.741590882
          0,           0,         125,      -5.348707956,      -3.950973295,      -4.129300295,      -3.312034884,      -9.747542064
          0,           0,         126,      -5.343244295,      -3.955424756,      -4.138504072,      -3.307130178,      -9.753545493
          0,           0,         127,      -5.344739019,      -3.958045951,      -4.145027512,      -3.308915102,        -9.7596099
          0,           0,         128,       -5.35406983,      -3.958933674,      -4.148857938,      -3.318325491,      -9.765743619
          0,           0,         129,       -5.37132754,      -3.958514876,       -4.15050211,      -3.335366431,      -9.771939153
          0,           0,         130,      -5.395930981,      -3.957410436,      -4.150808366,      -3.359226113,      -9.778199653
          0,           0,         131,      -5.426581611,      -3.956272372,      -4.150718319,      -3.388223135,      -9.784533729
          0,           0,         132,      -5.461132917,       -3.95564913,      -4.151048195,      -3.419709783,      -9.790926023
          0,           0,         133,      -5.496550817,      -3.955905082,      -4.152352219,      -3.450193568,      -9.797364683
          0,           0,         134,      -5.529273864,      -3.957194021,      -4.154870337,      -3.476033663,      -9.803839389
          0,           0,         135,      -5.556226264,       -3.95947431,      -4.158539836,      -3.494775992,      -9.810333131
          0,           0,         136,      -5.576172681,      -3.962552102,      -4.163051025,      -3.506386368,      -9.816802632
          0,           0,         137,      -5.590403336,      -3.966141333,      -4.167934841,      -3.513296533,      -9.823234916
          0,           0,         138,       -5.60208138,      -3.969930742,      -4.172673033,      -3.519208421,       -9.82959716
          0,           0,         139,      -5.614831592,      -3.973647329,      -4.176815885,      -3.527702916,      -9.835849588
          0,           0,         140,      -5.631565403,      -3.977104896,      -4.180083141,      -3.541432544,      -9.841943222
          0,           0,         141,      -5.653842092,      -3.980228023,      -4.182420655,      -3.561844844,      -9.847823156
          0,           0,         142,      -5.681445419,      -3.983047841,      -4.183995926,      -3.589029152,      -9.853424002
          0,           0,         143,      -5.711820687,      -3.985673469,      -4.185136894,       -3.62135984,      -9.858701333
          0,           0,         144,      -5.739503034,       -3.98824939,      -4.186237843,      -3.654884156,      -9.863601784
          0,           0,         145,      -5.756725258,      -3.990911205,      -4.187662664,      -3.683031615,      -9.868068597
          0,           0,         146,      -5.756919232,      -3.993750243,      -4.189668944,      -3.698183041,      -9.872062094
          0,           0,         147,        -5.7395537,      -3.996793271,      -4.192364263,      -3.695924773,      -9.875532764
          0,           0,         148,       -5.71063328,      -3.999999041,       -4.19569633,      -3.678488608,      -9.878454575
          0,           0,         149,      -5.678211316,      -4.003270016,       -4.19947367,      -3.652930875,      -9.880792161
          0,           0,         150,      -5.648549579,      -4.006475143,      -4.203411373,      -3.626559401,       -9.88252933
          0,           0,         151,      -5.625310155,      -4.009478041,      -4.207194077,      -3.604422563,      -9.883668612
          0,           0,         152,      -5.610249249,      -4.012164171,      -4.210544562,      -3.589252444,      -9.884221965
          0,           0,         153,       -5.60401444,      -4.014461083,      -4.213282798,      -3.582213699,      -9.884180495
          0,           0,         154,      -5.606654184,      -4.016347623,      -4.215360424,      -3.583540791,      -9.883561213
          0,           0,         155,      -5.617869424,      -4.017851086,      -4.216861761,      -3.592892738,      -9.882409726
          0,           0,         156,      -5.637098206,      -4.019034504,      -4.217972994,      -3.609490655,       -9.88077724
          0,           0,         157,      -5.663498315,      -4.019978694,      -4.218930995,      -3.632126824,      -9.878705198
          0,           0,         158,      -5.695872093,      -4.020764314,      -4.219967767,      -3.659129214,      -9.876245543
          0,           0,         159,      -5.732582543,      -4.021458321,      -4.221264588,      -3.688383462,      -9.873428558
          0,           0,         160,       -5.77154144,      -4.022107218,      -4.222924268,      -3.717538333,      -9.870318776
          0,           0,         161,      -5.810383961,      -4.022737315,      -4.224963858,      -3.744476081,      -9.866965153
          0,           0,         162,      -5.846906562,      -4.023360435,      -4.227325621,      -3.767937513,      -9.863413493
          0,           0,         163,       -5.87965439,      -4.023982339,      -4.229901268,      -3.787948091,      -9.859675967
          0,           0,         164,      -5.908292295,      -4.024610896,      -4.232562892,      -3.805707079,      -9.855786925
          0,           0,         165,      -5.933398325,       -4.02526145,      -4.235193371,      -3.822970076,      -9.851786487
          0,           0,         166,      -5.955700098,      -4.025957939,      -4.237709576,      -3.841273432,      -9.847683305
          0,           0,         167,      -5.975155434,      -4.026729614,        -4.2400737,       -3.86129715,      -9.843473592
          0,           0,         168,      -5.990357778,      -4.027604452,      -4.242291388,      -3.882443962,      -9.839143937
          0,           0,         169,      -5.998690246,      -4.028601171,      -4.244398937,      -3.902656049,      -9.834693557
          0,           0,         170,      -5.997489567,      -4.029722025,      -4.246444623,      -3.918660564,      -9.830127504
          0,           0,         171,       -5.98578748,      -4.030948197,      -4.248470108,      -3.926966763,      -9.825436772
          0,           0,         172,      -5.965279843,      -4.032239015,      -4.250496991,      -3.925511004,      -9.820619403
          0,           0,         173,      -5.939621914,      -4.033535266,      -4.252521444,      -3.914884617,      -9.815658024
          0,           0,         174,      -5.912839927,      -4.034766027,      -4.254517301,      -3.898017936,      -9.810539638
          0,           0,         175,      -5.888174616,      -4.035857674,      -4.256445742,      -3.878680755,       -9.80526622
          0,           0,         176,      -5.867744269,      -4.036743274,      -4.258268154,      -3.860122633,      -9.799845922
          0,           0,         177,      -5.852693532,      -4.037370519,      -4.259958243,      -3.844512754,      -9.794313925
          0,           0,         178,      -5.843465564,      -4.037706746,      -4.261509983,      -3.832974504,        -9.7886683
          0,           0,         179,       -5.84003192,      -4.037740311,      -4.262939436,      -3.825832017,      -9.782906608
          0,           0,         180,      -5.842047378,      -4.037478503,      -4.264280369,      -3.822859263,      -9.777074285
          0,           0,         181,      -5.848946242,      -4.036942967,      -4.265575359,        -3.8234778,      -9.771183497
          0,           0,         182,       -5.86000587,      -4.036164027,      -4.266865163,      -3.826914661,      -9.765253785
          0,           0,         183,      -5.874399278,      -4.035175376,      -4.268179309,      -3.832341912,      -9.759301049
          0,           0,         184,      -5.891250671,      -4.034010186,      -4.269530191,      -3.839005866,      -9.753324488
          0,           0,         185,      -5.909696803,      -4.032699134,       -4.27091182,      -3.846333996,      -9.747270211
          0,           0,         186,      -5.928944374,      -4.031270246,      -4.272303093,      -3.853994973,      -9.741152102
          0,           0,         187,      -5.948303561,      -4.029749953,      -4.273674333,      -3.861891477,      -9.735004568
          0,           0,         188,      -5.967177857,      -4.028164552,      -4.274995172,      -3.870085973,      -9.728797511
          0,           0,         189,      -5.985005615,      -4.026541265,      -4.276241682,      -3.878683383,      -9.722554783
          0,           0,         190,      -6.001175588,      -4.024908336,      -4.277401037,      -3.887707221,      -9.716320564
          0,           0,         191,      -6.014965589,      -4.023293963,      -4.278472754,      -3.897003937,      -9.710110551
          0,           0,         192,      -6.025564019,      -4.021724229,      -4.279466606,      -3.906201004,       -9.70389327
          0,           0,         193,      -6.032211529,      -4.020220485,      -4.280398127,      -3.914734083,      -9.697670037
          0,           0,         194,      -6.034436721,      -4.018796794,      -4.281283208,      -3.921946225,      -9.691443559
          0,           0,         195,      -6.032281116,      -4.017458004,      -4.282133367,      -3.927241303,      -9.685238135
          0,           0,         196,      -6.026382423,      -4.016198914,      -4.282952911,      -3.930246406,      -9.679084866
          0,           0,         197,      -6.017858557,      -4.015004711,      -4.283738589,      -3.930920846,      -9.672984731
          0,           0,         198,      -6.008055599,      -4.013852659,      -4.284481624,      -3.929564558,       -9.66666491
          0,           0,         199,      -5.998284146,      -4.012714733,      -4.285171377,      -3.926725222,      -9.660190892
          0,           0,         200,       -5.98963558,       -4.01156079,      -4.285799549,      -3.923049899,      -9.653630333
          0,           0,         201,      -5.982900009,      -4.010361739,       -4.28636371,      -3.919141414,       -9.64703708
          0,           0,         202,      -5.978561326,      -4.009092271,      -4.286869229,      -3.915460891,      -9.640415785
          0,           0,         203,      -5.976834588,      -4.007732791,      -4.287329123,      -3.912288582,      -9.633701317
          0,           0,         204,      -5.977720055,      -4.006270385,      -4.287761918,       -3.90973425,      -9.626925318
          0,           0,         205,      -5.981060315,      -4.004698872,      -4.288188098,      -3.907780202,      -9.620081934
          0,           0,         206,      -5.986594935,      -4.003018121,      -4.288626026,      -3.906339469,      -9.613173938
          0,           0,         207,      -5.994010111,      -4.001232932,      -4.289088296,      -3.905313613,      -9.606226022
          0,           0,         208,      -6.002980546,      -3.999351788,      -4.289579283,      -3.904637377,      -9.599247033
          0,           0,         209,      -6.013199326,      -3.997385723,      -4.290094347,      -3.904301572,      -9.592247376
          0,           0,         210,      -6.024390916,      -3.995347456,      -4.290620742,      -3.904351387,      -9.585245738
          0,           0,         211,      -6.036304008,      -3.993250822,      -4.291139936,      -3.904863711,      -9.578254492
          0,           0,         212,      -6.048684964,      -3.991110427,      -4.291630759,      -3.905911949,      -9.571307019
          0,           0,         213,      -6.061238323,      -3.988941413,      -4.292072688,       -3.90752875,       -9.56440047
          0,           0,         214,      -6.073586792,      -3.986759191,      -4.292448614,      -3.909676186,      -9.557523183
          0,           0,         215,      -6.085247839,      -3.984579038,      -4.292746601,      -3.912230394,      -9.550599307
          0,           0,         216,      -6.095645393,      -3.982415533,      -4.292960435,      -3.914984624,      -9.543637662
          0,           0,         217,      -6.104170061,      -3.980281838,      -4.293089023,      -3.917671503,      -9.536638663
          0,           0,         218,      -6.110286101,      -3.978188923,      -4.293134973,      -3.920001638,      -9.529645442
          0,           0,         219,      -6.113659551,      -3.976144857,      -4.293102802,      -3.921711499,      -9.522713369
          0,           0,         220,      -6.114261205,      -3.974154274,      -4.292997251,      -3.922609722,      -9.515811031
          0,           0,         221,      -6.112398947,      -3.972218127,      -4.292822078,      -3.922609814,      -9.508928142
          0,           0,         222,      -6.108663009,      -3.970333777,      -4.292579528,      -3.921740177,      -9.502093647
          0,           0,         223,      -6.103807727,      -3.968495419,      -4.292270508,      -3.920129292,      -9.495275401
          0,           0,         224,      -6.098616159,      -3.966694802,      -4.291895286,      -3.917971708,      -9.488379316
          0,           0,         225,      -6.093788468,      -3.964922137,      -4.291454465,      -3.915485624,      -9.481361538
          0,           0,         226,       -6.08987299,      -3.963167096,      -4.290949907,      -3.912873384,      -9.474236143
          0,           0,         227,      -6.087238754,      -3.961419774,       -4.29038538,      -3.910293044,      -9.467055703
          0,           0,         228,      -6.086078264,       -3.95967152,      -4.289766743,      -3.907844558,      -9.459891355
          0,           0,         229,      -6.086428475,      -3.957915563,      -4.289101644,      -3.905570097,       -9.45279879
          0,           0,         230,      -6.088201052,      -3.956147406,      -4.288398825,      -3.903465301,      -9.445852895
          0,           0,         231,      -6.091216524,      -3.954364973,       -4.28766719,      -3.901497049,       -9.43901766
          0,           0,         232,      -6.095239103,      -3.952568558,       -4.28691486,      -3.899622981,      -9.432127105
          0,           0,         233,      -6.100009675,      -3.950760607,      -4.286148392,      -3.897808515,      -9.425199209
          0,           0,         234,      -6.105274344,      -3.948945393,      -4.285372316,      -3.896038163,      -9.418252432
          0,           0,         235,      -6.110805801,      -3.947128631,      -4.284589029,      -3.894319627,      -9.411305683
          0,           0,         236,      -6.116415387,      -3.945317076,      -4.283799049,       -3.89268088,      -9.404318975
          0,           0,         237,      -6.121955241,      -3.943518115,      -4.283001523,      -3.891162028,      -9.397259265
          0,           0,         238,      -6.127312048,      -3.941739381,      -4.282194873,      -3.889804611,      -9.390186189
          0,           0,         239,      -6.132395886,      -3.939988399,      -4.281377439,      -3.888641168,      -9.383122637
          0,           0,         240,        -6.1371287,      -3.938272241,      -4.280548014,      -3.887687327,      -9.376087017
          0,           0,         241,       -6.14143661,      -3.936597231,      -4.279706183,      -3.886937798,      -9.369090154
          0,           0,         242,       -6.14524874,      -3.934968674,      -4.278852462,      -3.886366607,      -9.362170892
          0,           0,         243,      -6.148502926,      -3.933390649,      -4.277988233,       -3.88593105,      -9.355347742
          0,           0,         244,      -6.151156289,      -3.931865852,      -4.277115543,      -3.885578195,      -9.348647167
          0,           0,         245,      -6.153196953,      -3.930395529,      -4.276236844,      -3.885252409,      -9.342038322
          0,           0,         246,      -6.154652649,      -3.928979478,       -4.27535472,      -3.884902402,      -9.335374166
          0,           0,         247,      -6.155592845,      -3.927616152,       -4.27447167,      -3.884486515,      -9.328569669
          0,           0,         248,      -6.156122985,      -3.926302829,      -4.273589974,      -3.883975506,      -9.321702867
          0,           0,         249,      -6.156371805,       -3.92503585,      -4.272711625,      -3.883352745,      -9.314900935
          0,           0,         250,      -6.156474469,      -3.923810884,      -4.271838322,      -3.882612242,      -9.308120402
          0,           0,         251,      -6.156554976,      -3.922623029,      -4.270971397,      -3.881755226,      -9.301355713
          0,           0,         252,      -6.156709299,      -3.921397393,      -4.270066498,      -3.880721945,      -9.294590422
          0,           0,         253,      -6.156228151,       -3.92033224,      -4.269244588,      -3.879410776,      -9.287791135
          0,           0,         254,      -6.157360496,        -3.9192381,      -4.268417546,      -3.878509691,      -9.280977493
          0,           0,         255,      -6.157891086,      -3.918158143,      -4.267590584,      -3.877225031,      -9.274196276
          0,           0,         256,      -6.158700605,        -3.9170963,        -4.2667713,      -3.875910573,      -9.267456047
          0,           0,         257,      -6.159540812,      -3.916051413,      -4.265962679,       -3.87451518,      -9.260672826
          0,           0,         258,      -6.160300744,      -3.915022156,      -4.265163913,      -3.873037845,      -9.253992119
          0,           0,         259,      -6.160954135,      -3.914008938,      -4.264374657,      -3.871508038,      -9.247323813
          0,           0,         260,      -6.161443893,      -3.913012621,      -4.263594354,      -3.869945371,      -9.240448052
          0,           0,         261,      -6.161742263,      -3.912034329,      -4.262821969,      -3.868379081,       -9.23388555
          0,           0,         262,      -6.161824835,      -3.911076026,      -4.262056914,      -3.866834039,      -9.227643181
          0,           0,         263,         -6.161686,      -3.910139908,      -4.261298786,      -3.865334689,      -9.221720663
          0,           0,         264,      -6.161338251,      -3.909228359,      -4.260547613,      -3.863904223,      -9.215830064
          0,           0,         265,      -6.160805205,      -3.908343857,      -4.259804012,      -3.862562002,      -9.210006344
          0,           0,         266,       -6.16011668,      -3.907488644,      -4.259069087,      -3.861320433,      -9.203963502
          0,           0,         267,      -6.159306944,      -3.906664781,       -4.25834459,      -3.860187322,      -9.197610083
          0,           0,         268,      -6.158408947,       -3.90587412,      -4.257632748,      -3.859163216,      -9.191123678
          0,           0,         269,       -6.15743885,      -3.905117073,      -4.256936169,      -3.858236619,      -9.184321587
          0,           0,         270,        -6.1564556,      -3.904396548,      -4.256258384,      -3.857413031,      -9.177673644
          0,           0,         271,       -6.15546812,      -3.903710794,       -4.25560221,      -3.856668955,      -9.169973941
          0,           0,         272,      -6.154484826,      -3.903060013,      -4.254970822,      -3.855985484,      -9.163293766
          0,           0,         273,      -6.153535465,      -3.902443412,      -4.254367498,      -3.855351361,      -9.157179881
          0,           0,         274,      -6.152615969,      -3.901859725,      -4.253795312,      -3.854745582,      -9.151313666
          0,           0,         275,      -6.151719326,      -3.901307312,      -4.253257044,      -3.854148587,      -9.145467551
          0,           0,         276,      -6.150832758,      -3.900784263,       -4.25275518,      -3.853542297,      -9.139593362
          0,           0,         277,      -6.149935654,      -3.900288506,      -4.252291876,      -3.852909838,      -9.133721309
          0,           0,         278,      -6.149000866,      -3.899817972,      -4.251868953,      -3.852236386,      -9.127877267
          0,           0,         279,      -6.147996665,      -3.899370477,      -4.251487727,      -3.851507975,      -9.122086702
          0,           0,         280,      -6.146893136,      -3.898944033,      -4.251149164,      -3.850716121,      -9.116401444
          0,           0,         281,      -6.145662593,      -3.898536803,      -4.250853793,      -3.849855613,      -9.110905806
          0,           0,         282,      -6.144284228,       -3.89814711,      -4.250601702,      -3.848925619,      -9.105677208
          0,           0,         283,      -6.142746589,      -3.897766993,      -4.250388834,      -3.847925075,      -9.100620706
          0,           0,         284,      -6.140913103,      -3.897414745,      -4.250224687,      -3.846831515,      -9.095214385
          0,           0,         285,      -6.139187384,      -3.897069971,      -4.250099696,      -3.845775687,      -9.089990112
          0,           0,         286,      -6.137213635,      -3.896738101,      -4.250014638,      -3.844650006,       -9.08482741
          0,           0,         287,       -6.13515405,      -3.896418351,      -4.249967759,       -3.84351571,      -9.079690325
          0,           0,         288,      -6.133030551,      -3.896110023,      -4.249957805,      -3.842387571,      -9.074609456
          0,           0,         289,       -6.13087224,      -3.895812472,       -4.24998334,      -3.841280737,      -9.069585639
          0,           0,         290,      -6.128713906,      -3.895525056,      -4.250042871,      -3.840210082,      -9.064381216
          0,           0,         291,      -6.126585055,      -3.895247078,      -4.250135004,      -3.839186613,      -9.059067356
          0,           0,         292,      -6.124508068,      -3.894977793,      -4.250258514,       -3.83821701,      -9.053747419
          0,           0,         293,      -6.122492303,      -3.894716226,      -4.250412339,       -3.83730141,      -9.047938962
          0,           0,         294,      -6.120556493,        -3.8944614,      -4.250595665,      -3.836442975,      -9.042640835
          0,           0,         295,      -6.118695241,      -3.894212089,      -4.250807778,      -3.835633193,       -9.03685037
          0,           0,         296,      -6.116921615,      -3.893966946,      -4.251048309,      -3.834871851,      -9.031876894
          0,           0,         297,      -6.115213498,      -3.893724414,      -4.251316817,      -3.834142663,      -9.026951649
          0,           0,         298,      -6.113562171,      -3.893482788,      -4.251613004,      -3.833435853,      -9.022109961
          0,           0,         299,      -6.111955539,      -3.893240224,      -4.251936706,       -3.83274062,      -9.017377111
          0,           0,         300,      -6.110379939,      -3.892994772,      -4.252287835,      -3.832045924,      -9.012691545
          0,           0,         301,      -6.108821555,      -3.892744414,      -4.252666356,      -3.831341251,      -9.008064494
          0,           0,         302,      -6.107267226,      -3.892487103,      -4.253072282,      -3.830617132,      -9.003460247
          0,           0,         303,      -6.105705182,      -3.892220763,      -4.253505663,      -3.829865529,      -8.998835879
          0,           0,         304,      -6.104125662,      -3.891943405,      -4.253966448,      -3.829080148,       -8.99430319
          0,           0,         305,       -6.10251165,      -3.891653527,       -4.25445527,      -3.828253733,      -8.989898649
          0,           0,         306,      -6.100889674,      -3.891348769,      -4.254971789,      -3.827394425,      -8.985685688
          0,           0,         307,      -6.099240171,      -3.891027678,       -4.25551621,      -3.826494182,      -8.981653511
          0,           0,         308,      -6.097573856,      -3.890688705,      -4.256088561,      -3.825557738,      -8.977581034
          0,           0,         309,      -6.095903839,      -3.890330433,      -4.256688835,      -3.824590912,      -8.973458876
          0,           0,         310,      -6.094247203,      -3.889951455,      -4.257316843,      -3.823600981,      -8.969392158
          0,           0,         311,      -6.092608526,      -3.889550906,      -4.257972477,      -3.822590597,      -8.964783114
          0,           0,         312,      -6.091039519,      -3.889127445,       -4.25865531,       -3.82158093,      -8.960466284
          0,           0,         313,      -6.089551031,      -3.888680149,      -4.259364969,      -3.820575826,      -8.957287651
          0,           0,         314,      -6.088169909,      -3.888208165,      -4.260100995,      -3.819587347,      -8.954093097
          0,           0,         315,      -6.086910247,      -3.887710672,      -4.260862574,      -3.818619649,      -8.950615309
          0,           0,         316,      -6.085788348,      -3.887186959,      -4.261648892,      -3.817679595,      -8.947093222
          0,           0,         317,      -6.084810196,      -3.886636305,      -4.262459026,      -3.816769163,      -8.943359856
          0,           0,         318,        -6.0840018,      -3.886058047,       -4.26329215,      -3.815898078,      -8.939678373
          0,           0,         319,      -6.083357323,      -3.885451533,      -4.264147221,      -3.815061863,      -8.935962619
          0,           0,         320,      -6.082877943,      -3.884816174,      -4.265023131,      -3.814259401,      -8.932200692
          0,           0,         321,      -6.082560241,      -3.884151405,      -4.265918785,      -3.813487662,      -8.928365469
          0,           0,         322,      -6.082396539,      -3.883456703,      -4.266833103,      -3.812741871,      -8.924424465
          0,           0,         323,      -6.082376033,      -3.882731596,      -4.267765019,      -3.812016037,       -8.92033757
          0,           0,         324,      -6.082485702,      -3.881975675,      -4.268713485,      -3.811303417,      -8.916065635
          0,           0,         325,      -6.082710651,      -3.881188598,      -4.269677469,       -3.81059684,      -8.911583839
          0,           0,         326,      -6.083036998,      -3.880370126,      -4.270655971,      -3.809889659,      -8.906871911
          0,           0,         327,      -6.083450066,      -3.879520122,      -4.271647999,      -3.809175179,      -8.901878865
          0,           0,         328,      -6.083935885,      -3.878638527,      -4.272652536,      -3.808447507,      -8.896606799
          0,           0,         329,      -6.084481531,      -3.871734419,      -4.270076767,      -3.804563373,      -8.891014292
          0,           0,         330,      -5.982004666,      -3.875160716,      -4.272475683,      -3.760141967,      -8.884768508
          0,           0,         331,      -6.072321013,       -3.87501931,      -4.274790923,      -3.801532509,      -8.878187566
          0,           0,         332,      -6.059164521,      -3.874418326,      -4.276594619,      -3.796866427,      -8.871319192
          0,           0,         333,      -6.070000077,      -3.873509859,       -4.27777128,       -3.79935732,      -8.864359034
          0,           0,         334,      -6.079743777,      -3.872566848,      -4.278839811,      -3.801222775,      -8.857327373
          0,           0,         335,       -6.08509593,      -3.871531391,      -4.279913167,      -3.801602071,      -8.850736953
          0,           0,         336,       -6.08756888,      -3.870441345,      -4.280995641,      -3.801126594,      -8.846068445
          0,           0,         337,      -6.089158067,      -3.869243818,      -4.282019135,       -3.80037489,      -8.844136234
          0,           0,         338,      -6.089562592,      -3.868147253,      -4.283128753,      -3.799256517,      -8.846701354
          0,           0,         339,      -6.091648085,       -3.86696223,      -4.284210844,      -3.798678628,      -8.851652102
          0,           0,         340,      -6.092675299,      -3.865753926,      -4.285290057,      -3.797684292,      -8.845486874
          0,           0,         341,      -6.093983204,       -3.86452258,      -4.286360534,      -3.796727122,      -8.831809292
          0,           0,         342,      -6.095345363,       -3.86327118,      -4.287427514,      -3.795747914,      -8.816045219
          0,           0,         343,      -6.096716304,      -3.862001976,      -4.288492254,      -3.794737756,      -8.800809448
          0,           0,         344,      -6.098138064,      -3.860716953,      -4.289554507,      -3.793711343,      -8.787067492
          0,           0,         345,      -6.099630271,      -3.859417988,      -4.290613975,      -3.792675776,      -8.774978884
          0,           0,         346,       -6.10119414,      -3.858106928,      -4.291670427,      -3.791633345,      -8.764344086
          0,           0,         347,      -6.102826203,      -3.856785623,      -4.292723582,       -3.79058569,      -8.754751284
          0,           0,         348,      -6.104521605,      -3.855455947,      -4.293773074,       -3.78953422,      -8.745916221
          0,           0,         349,      -6.106273224,      -3.854119798,      -4.294818476,      -3.788479326,      -8.737643851
          0,           0,         350,      -6.108069744,      -3.852779079,      -4.295859311,       -3.78741922,      -8.729834318
          0,           0,         351,      -6.109898331,      -3.851435744,      -4.296895126,      -3.786351932,      -8.722552799
          0,           0,         352,      -6.111748832,      -3.850091739,      -4.297925581,      -3.785274849,      -8.716413117
          0,           0,         353,      -6.113605063,      -3.848748352,      -4.298949879,      -3.784183193,       -8.71235525
          0,           0,         354,      -6.115442317,       -3.84740826,      -4.299967139,      -3.783067891,      -8.711790722
          0,           0,         355,      -6.117263883,      -3.846074777,      -4.300981353,      -3.781940049,      -8.716925965
          0,           0,         356,      -6.119064305,       -3.84474814,      -4.301988234,      -3.780785871,      -8.732034415
          0,           0,         357,      -6.120848109,       -3.84343051,       -4.30298842,      -3.779612646,       -8.75410803
          0,           0,         358,      -6.122599524,      -3.842124006,      -4.303982641,        -3.7784198,      -8.748493995
          0,           0,         359,      -6.124299294,      -3.840830705,      -4.304971134,      -3.777204679,      -8.721519842
          0,           0,         360,      -6.125958269,      -3.839552622,      -4.305954214,      -3.775972731,      -8.696329868
          0,           0,         361,      -6.127584816,      -3.838291836,      -4.306932408,      -3.774729997,      -8.675800393
          0,           0,         362,      -6.129168157,      -3.837050338,      -4.307906239,      -3.773477398,      -8.659918953
          0,           0,         363,      -6.130709647,      -3.835830098,      -4.308876333,      -3.772219096,       -8.64416828
          0,           0,         364,      -6.132220824,      -3.834633123,      -4.309843424,      -3.770962995,      -8.634265043
          0,           0,         365,      -6.133695509,      -3.833461394,      -4.310808248,       -3.76971177,      -8.627138138
          0,           0,         366,      -6.135127818,      -3.832316862,      -4.311771481,      -3.768467938,      -8.621380741
          0,           0,         367,      -6.136514796,      -3.831201418,      -4.312733732,      -3.767233994,      -8.616695394
          0,           0,         368,      -6.137852211,       -3.83011691,      -4.313695522,      -3.766012167,      -8.612002014
          0,           0,         369,      -6.139130182,      -3.829065119,      -4.314657244,      -3.764802658,      -8.604129827
          0,           0,         370,      -6.140333097,      -3.828047906,      -4.315619167,      -3.763604828,      -8.599772401
          0,           0,         371,      -6.141443974,      -3.827067023,      -4.316582383,      -3.762417613,      -8.597175067
          0,           0,         372,      -6.142476626,      -3.826124168,      -4.317546178,      -3.761245556,      -8.596848779
          0,           0,         373,      -6.143394819,      -3.825221063,      -4.318511143,      -3.760082833,      -8.600399361
          0,           0,         374,      -6.144186633,      -3.824355095,      -4.319471129,      -3.758926591,      -8.609307129
          0,           0,         375,        -6.1447584,      -3.823539863,      -4.320441885,      -3.757759879,      -8.629296406
          0,           0,         376,      -6.145330963,      -3.822766225,      -4.321410811,      -3.756634856,      -8.662881805
          0,           0,         377,      -6.145597557,      -3.822039212,      -4.322387069,      -3.755480541,      -8.662330419
          0,           0,         378,      -6.145852609,      -3.821332839,      -4.323353122,      -3.754349119,      -8.633421656
          0,           0,         379,      -6.145533291,      -3.820726365,      -4.324333037,      -3.753157729,      -8.600464353
          0,           0,         380,       -6.14569815,      -3.820152338,      -4.325323127,      -3.752109987,      -8.579658791
          0,           0,         381,      -6.145388578,      -3.819627481,      -4.326312915,        -3.7510035,      -8.568773221
          0,           0,         382,      -6.145003792,      -3.819156759,      -4.327308041,      -3.749926499,      -8.565798153
          0,           0,         383,      -6.144454295,      -3.818741935,      -4.328310833,      -3.748864188,      -8.572310954
          0,           0,         384,      -6.143761468,      -3.818384592,      -4.329322759,      -3.747824089,      -8.591050426
          0,           0,         385,      -6.142952827,      -3.818086266,      -4.330345336,      -3.746813924,       -8.62082458
          0,           0,         386,      -6.142040284,       -3.81784844,      -4.331380227,      -3.745837712,      -8.623628422
          0,           0,         387,      -6.141034237,      -3.817672574,      -4.332429196,      -3.744899583,      -8.594452973
          0,           0,         388,      -6.139941968,      -3.817560082,      -4.333494122,      -3.744003033,      -8.565108522
          0,           0,         389,      -6.138768239,      -3.817512363,      -4.334576918,      -3.743151025,       -8.54402137
          0,           0,         390,      -6.137515303,      -3.817530791,       -4.33567955,      -3.742345809,      -8.530464823
          0,           0,         391,      -6.136184008,      -3.817616688,      -4.336803976,      -3.741589087,      -8.522050389
          0,           0,         392,      -6.134774081,      -3.817771356,      -4.337952226,      -3.740881946,      -8.516399564
          0,           0,         393,      -6.133282785,       -3.81799603,      -4.339126362,      -3.740224518,      -8.512378059
          0,           0,         394,       -6.13171168,      -3.818291975,       -4.34032846,      -3.739617562,      -8.509423504
          0,           0,         395,      -6.130060754,      -3.818660215,      -4.341560337,      -3.739060868,      -8.507012788
          0,           0,         396,      -6.128324753,      -3.819101969,      -4.342824328,      -3.738552306,      -8.505300454
          0,           0,         397,      -6.126524101,      -3.819616447,       -4.34411101,      -3.738097641,       -8.50619582
          0,           0,         398,      -6.124428792,       -3.82021136,      -4.345456278,      -3.737645278,      -8.512967494
          0,           0,         399,      -6.122710594,      -3.820879872,      -4.346822214,      -3.737337866,       -8.52538986
          0,           0,         400,      -6.120600664,      -3.821628185,      -4.348242432,      -3.737013133,      -8.551184662
          0,           0,         401,      -6.118726998,      -3.822454318,      -4.349698272,      -3.736802945,      -8.550215627
          0,           0,         402,      -6.116727514,      -3.823360086,      -4.351197332,       -3.73662891,      -8.522896015
          0,           0,         403,      -6.114722808,      -3.824346297,      -4.352741561,      -3.736517119,      -8.500413232
          0,           0,         404,      -6.112734042,      -3.825413659,      -4.354332927,      -3.736473326,      -8.483363362
          0,           0,         405,      -6.110777911,       -3.82656285,      -4.355973191,      -3.736501948,      -8.467505899
          0,           0,         406,      -6.108867527,      -3.827794458,      -4.357664101,      -3.736606238,      -8.461706668
          0,           0,         407,      -6.107009502,      -3.829108934,      -4.359407304,      -3.736788135,      -8.455477303
          0,           0,         408,      -6.105216367,      -3.830506618,      -4.361204523,      -3.737051549,      -8.440791643
          0,           0,         409,      -6.103497983,      -3.831987709,      -4.363057041,      -3.737399436,      -8.434907089
          0,           0,         410,      -6.101856331,      -3.833552478,      -4.364967828,      -3.737832529,       -8.43062726
          0,           0,         411,      -6.100304149,      -3.835200771,      -4.366937544,      -3.738355578,      -8.425204476
          0,           0,         412,      -6.098834886,      -3.836932489,      -4.368968095,      -3.738966828,      -8.421346278
          0,           0,         413,      -6.097456378,      -3.838747334,      -4.371061248,      -3.739668235,      -8.417955521
          0,           0,         414,      -6.096174484,      -3.840644878,      -4.373218756,      -3.740460891,      -8.415843894
          0,           0,         415,      -6.094992998,      -3.842624531,      -4.375442506,      -3.741345233,      -8.415539355
          0,           0,         416,      -6.093916088,      -3.844685549,      -4.377734135,      -3.742322171,        -8.4185688
          0,           0,         417,      -6.092949864,      -3.846826866,      -4.380095192,       -3.74339258,      -8.427521192
          0,           0,         418,      -6.092101516,      -3.849047882,      -4.382527834,      -3.744557159,       -8.43602216
          0,           0,         419,      -6.091383943,      -3.851346831,      -4.385033117,      -3.745818513,      -8.424386574
          0,           0,         420,      -6.090801915,      -3.853722235,      -4.387612222,      -3.747176203,      -8.415770484
          0,           0,         421,      -6.090364405,      -3.856173032,      -4.390267807,      -3.748631462,      -8.412729081
          0,           0,         422,      -6.090083319,       -3.85869656,      -4.392999851,      -3.750189362,      -8.400432931
          0,           0,         423,      -6.089969392,      -3.861291114,      -4.395809654,      -3.751847399,      -8.391496458
          0,           0,         424,      -6.090028726,      -3.863954138,      -4.398698377,      -3.753607926,      -8.390719346
          0,           0,         425,      -6.090262901,      -3.866683212,      -4.401666856,      -3.755472813,      -8.388188267
          0,           0,         426,      -6.090689895,      -3.869475247,      -4.404715113,      -3.757442476,      -8.372949044
          0,           0,         427,      -6.091307224,      -3.872327012,      -4.407843721,      -3.759517679,      -8.348727594
          0,           0,         428,      -6.092118705,      -3.875234985,       -4.41105283,      -3.761698392,      -8.335588733
          0,           0,         429,      -6.093127753,      -3.878195257,      -4.414342291,      -3.763984001,      -8.330607167
          0,           0,         430,       -6.09433733,      -3.881203667,      -4.417711591,      -3.766373228,      -8.325793355
          0,           0,         431,      -6.095746025,      -3.884255158,      -4.421159739,      -3.768863352,       -8.32019964
          0,           0,         432,      -6.097352601,      -3.887346024,       -4.42468705,      -3.771453365,      -8.314226539
          0,           0,         433,      -6.099168235,      -3.890469157,      -4.428290928,      -3.774140823,      -8.308364869
          0,           0,         434,      -6.101183371,      -3.893619616,      -4.431969053,       -3.77692149,      -8.302729889
          0,           0,         435,      -6.103386424,      -3.896795066,      -4.435724837,      -3.779790193,      -8.298029924
          0,           0,         436,      -6.105839946,      -3.899983397,      -4.439550889,      -3.782758334,      -8.294750968
          0,           0,         437,      -6.108485318,      -3.903180021,      -4.443446575,      -3.785804195,      -8.290567297
          0,           0,         438,      -6.111345419,      -3.906377758,      -4.447408841,      -3.788929829,      -8.286286154
          0,           0,         439,      -6.114421395,      -3.909568959,      -4.451434745,      -3.792130736,      -8.279790225
          0,           0,         440,      -6.117726872,      -3.912745801,      -4.455519575,      -3.795403074,      -8.284318554
          0,           0,         441,      -6.121265971,      -3.915899993,      -4.459659607,      -3.798743065,      -8.292578817
          0,           0,         442,      -6.125041447,      -3.919022875,      -4.463850583,      -3.802144329,      -8.290685767
          0,           0,         443,      -6.129059038,      -3.922103643,      -4.468083381,       -3.80560051,      -8.287624142
          0,           0,         444,       -6.13330242,      -3.925138897,      -4.472363724,      -3.809103061,      -8.289872866
          0,           0,         445,      -6.137823213,       -3.92811485,      -4.476674863,      -3.812652474,      -8.293458979
          0,           0,         446,      -6.142606204,       -3.93102258,      -4.481011868,      -3.816238123,      -8.287018601
          0,           0,         447,      -6.147632364,      -3.933829882,      -4.485195757,      -3.819843384,      -8.271189595
          0,           0,         448,      -6.151556687,      -3.936593272,      -4.489712647,      -3.823102674,      -8.261811625
          0,           0,         449,       -6.15831477,      -3.939238394,      -4.494085855,      -3.827067488,      -8.256179462
          0,           0,         450,       -6.16404949,      -3.941539408,      -4.498267984,      -3.830613983,      -8.252327897
          0,           0,         451,      -6.168065837,      -3.944191878,       -4.50274937,      -3.833742024,      -8.248441254
          0,           0,         452,      -6.176244628,      -3.946497626,       -4.50709343,      -3.837860252,      -8.244166092
          0,           0,         453,      -6.182537337,      -3.948667159,      -4.511398427,      -3.841348438,       -8.24064106
          0,           0,         454,      -6.189505017,      -3.950692144,      -4.515631264,        -3.8448895,      -8.238017656
          0,           0,         455,      -6.196644171,      -3.952565993,      -4.519797988,      -3.848345372,      -8.235956901
          0,           0,         456,       -6.20389541,      -3.954281677,      -4.523889349,      -3.851693711,      -8.232441553
          0,           0,         457,      -6.211312359,      -3.955832572,      -4.527891996,      -3.854935055,      -8.229590616
          0,           0,         458,      -6.218910232,      -3.957212011,      -4.531790711,      -3.858059269,      -8.229256348
          0,           0,         459,       -6.22667368,      -3.958416031,      -4.535575718,      -3.861050759,      -8.232804352
          0,           0,         460,      -6.234575738,      -3.959438361,      -4.539229679,      -3.863898287,      -8.230247227
          0,           0,         461,      -6.242428002,      -3.960275352,      -4.542747673,      -3.866519837,      -8.237848001
          0,           0,         462,      -6.250489039,      -3.960920165,      -4.546122249,      -3.868982894,      -8.250991905
          0,           0,         463,      -6.258615352,       -3.96136301,      -4.549340836,      -3.871235535,      -8.257314612
          0,           0,         464,      -6.266869463,      -3.961604179,      -4.552342941,      -3.873334103,       -8.25137081
          0,           0,         465,      -6.274668723,      -3.961695731,      -4.555217904,      -3.875057728,       -8.24659977
          0,           0,         466,      -6.283452114,      -3.961571063,      -4.557843552,      -3.876802705,      -8.247147524
          0,           0,         467,      -6.292061806,      -3.961262172,      -4.560248123,      -3.878273413,      -8.248332637
          0,           0,         468,      -6.297972195,      -3.960739795,      -4.562511245,      -3.878671803,      -8.244303775
          0,           0,         469,      -6.307517854,      -3.960070963,      -4.564462235,       -3.88015056,      -8.249842896
          0,           0,         470,      -6.315727389,      -3.959226555,      -4.566124094,      -3.880880246,       -8.25540269
          0,           0,         471,      -6.323468628,      -3.958214286,       -4.56750985,      -3.881262546,      -8.254106292
          0,           0,         472,        -6.3307185,      -3.957042918,      -4.568612595,      -3.881416471,      -8.250807334
          0,           0,         473,      -6.336684343,      -3.955702622,      -4.569466286,      -3.880940505,      -8.247131595
          0,           0,         474,      -6.343006889,      -3.954220459,      -4.569991679,      -3.880686376,      -8.243460107
          0,           0,         475,      -6.349027373,      -3.952604051,      -4.570220487,      -3.880201075,      -8.246964589
          0,           0,         476,      -6.354509308,      -3.950860486,      -4.570155227,      -3.879385198,      -8.246463336
          0,           0,         477,      -6.359403477,      -3.948998943,       -4.56979413,      -3.878303743,      -8.244407768
          0,           0,         478,      -6.363637993,      -3.947029007,      -4.569139567,      -3.876996699,      -8.243441304
          0,           0,         479,      -6.367176844,       -3.94496022,      -4.568198128,      -3.875473069,      -8.244130794
          0,           0,         480,      -6.368772843,       -3.94278317,      -4.567017162,      -3.873261148,      -8.244545096
          0,           0,         481,      -6.370673765,       -3.94052975,      -4.565566557,       -3.87137857,      -8.250079172
          0,           0,         482,      -6.372249302,      -3.938207199,      -4.563878194,      -3.869320294,      -8.261594395
          0,           0,         483,      -6.372991578,      -3.935825656,      -4.561969181,      -3.867007366,      -8.279508657
          0,           0,         484,      -6.372780675,      -3.933393883,      -4.559852383,      -3.864499807,      -8.298621759
          0,           0,         485,      -6.371560697,       -3.93092207,      -4.557539319,       -3.86182305,      -8.304310225
          0,           0,         486,      -6.369380572,      -3.928419388,      -4.555044897,      -3.858983561,      -8.303590453
          0,           0,         487,      -6.366330171,      -3.925894395,      -4.552386686,      -3.855988875,      -8.301751112
          0,           0,         488,      -6.362484639,      -3.923355882,      -4.549584144,      -3.852851628,      -8.302281773
          0,           0,         489,      -6.354331753,      -3.920731628,      -4.546635626,      -3.848648797,      -8.302629696
          0,           0,         490,      -6.348784725,      -3.918227343,      -4.543665084,      -3.845527213,      -8.307626516
          0,           0,         491,      -6.343943556,       -3.91567718,      -4.540593992,      -3.842077095,      -8.309646191
          0,           0,         492,       -6.33760231,      -3.913145041,      -4.537443973,      -3.838529654,      -8.309624128
          0,           0,         493,      -6.331969674,       -3.91065424,      -4.534213957,      -3.835289506,      -8.308675425
          0,           0,         494,      -6.324853636,      -3.908190133,      -4.530887875,      -3.831678123,      -8.308129677
          0,           0,         495,      -6.317304947,      -3.905760681,      -4.527481561,      -3.828015768,      -8.308776918
          0,           0,         496,      -6.309448798,      -3.903372408,      -4.524007123,      -3.824360482,      -8.310854628
          0,           0,         497,      -6.301346798,       -3.90103141,      -4.520474269,       -3.82070865,      -8.316409464
          0,           0,         498,      -6.292961369,      -3.898741004,      -4.516906258,      -3.817043276,      -8.325194857
          0,           0,         499,      -6.284429097,      -3.896506171,      -4.513310671,      -3.813382672,       -8.33939338
          0,           0,         500,       -6.27581595,       -3.89432846,      -4.509707201,      -3.809735913,      -8.356448615
          0,           0,         501,      -6.267039412,      -3.892215741,      -4.506076405,      -3.806111919,      -8.365187243
          0,           0,         502,      -6.258215011,      -3.890169637,      -4.502429831,      -3.802506755,       -8.36874766
          0,           0,         503,      -6.249387703,      -3.888193998,      -4.498782172,      -3.798950072,      -8.369118516
          0,           0,         504,      -6.240588526,      -3.886093616,      -4.494841695,      -3.795421351,      -8.368610008
          0,           0,         505,      -6.227979821,      -3.884443463,      -4.491374788,      -3.791343715,      -8.367236274
          0,           0,         506,      -6.222840762,      -3.882704366,      -4.487828025,      -3.788605771,      -8.366542727
          0,           0,         507,      -6.213773673,      -3.881042378,      -4.484278002,      -3.785221333,      -8.366560344
          0,           0,         508,      -6.205932175,      -3.879463951,       -4.48073185,      -3.782094817,       -8.36730902
          0,           0,         509,      -6.198331383,      -3.877966137,      -4.477211745,      -3.779052799,      -8.368165627
          0,           0,         510,      -6.190740634,      -3.876551909,      -4.473737141,      -3.776069699,      -8.368465989
          0,           0,         511,      -6.183269403,      -3.875230099,      -4.470313971,      -3.773165366,      -8.368410864
          0,           0,         512,      -6.176118047,      -3.873995941,      -4.466950868,      -3.770376948,       -8.36809053
          0,           0,         513,      -6.169194149,      -3.872852569,      -4.463648576,      -3.767688015,       -8.36768298
          0,           0,         514,      -6.162535604,      -3.871801936,      -4.460412284,      -3.765113283,      -8.367316793
          0,           0,         515,      -6.156033464,      -3.870840842,      -4.457255436,      -3.762525104,      -8.366983936
          0,           0,         516,      -6.149842895,      -3.869979301,      -4.454164431,      -3.760245611,      -8.366857064
          0,           0,         517,      -6.143824492,      -3.869212686,      -4.451145864,      -3.758028324,      -8.366821861
          0,           0,         518,      -6.137918929,      -3.868542331,      -4.448193891,      -3.755899924,      -8.366994658
          0,           0,         519,      -6.132237784,       -3.86796746,      -4.445307933,      -3.753850321,      -8.367503115
          0,           0,         520,      -6.126707247,      -3.867480095,       -4.44251844,       -3.75191168,      -8.368534058
          0,           0,         521,      -6.121439291,      -3.867107557,      -4.439802063,      -3.750107544,      -8.370307773
          0,           0,         522,      -6.116332024,      -3.866823686,      -4.437168893,      -3.748402181,      -8.372126786
          0,           0,         523,      -6.111358941,      -3.866634436,      -4.434616121,      -3.746783683,      -8.374237915
          0,           0,         524,      -6.106538417,      -3.866544707,      -4.432149197,      -3.745260733,      -8.377895325
          0,           0,         525,      -6.101901641,      -3.866548318,      -4.429763493,      -3.743842171,      -8.384278272
          0,           0,         526,      -6.097389379,      -3.866652672,      -4.427459483,      -3.742515168,      -8.395036277
          0,           0,         527,       -6.09304346,       -3.86685174,      -4.425234624,      -3.741290442,      -8.409566579
          0,           0,         528,      -6.088852114,      -3.867144598,      -4.423085257,      -3.740165581,      -8.418240363
          0,           0,         529,      -6.084804524,      -3.867537384,      -4.421013438,      -3.739138535,      -8.423596341
          0,           0,         530,      -6.080945012,      -3.868027005,      -4.419014104,      -3.738224825,      -8.428158423
          0,           0,         531,      -6.077271613,      -3.868611126,      -4.417087354,      -3.737420729,      -8.433281886
          0,           0,         532,      -6.073771362,      -3.869265549,      -4.415164837,      -3.736722392,      -8.440341104
          0,           0,         533,      -6.069578504,      -3.870062607,      -4.413435441,      -3.735910295,      -8.446465182
          0,           0,         534,      -6.067199523,      -3.870929608,      -4.411707913,       -3.73564053,      -8.451493378
          0,           0,         535,      -6.064358975,      -3.871890083,       -4.41005093,      -3.735314978,      -8.459400315
          0,           0,         536,      -6.061561005,      -3.872943296,      -4.408457212,      -3.735066736,      -8.472213854
          0,           0,         537,       -6.05900006,      -3.874088252,       -4.40692219,      -3.734947672,      -8.482738756
          0,           0,         538,      -6.056643478,      -3.875324163,      -4.405445274,      -3.734950789,      -8.486887361
          0,           0,         539,       -6.05445139,      -3.876648567,      -4.404022902,      -3.735063537,      -8.487694235
          0,           0,         540,      -6.052377819,      -3.878065256,      -4.402663867,       -3.73527836,      -8.487171506
          0,           0,         541,      -6.050512304,      -3.879569133,      -4.401357567,      -3.735614384,      -8.489651468
          0,           0,         542,      -6.048805427,      -3.881160245,      -4.400106223,      -3.736058979,      -8.489720569
          0,           0,         543,      -6.047227612,       -3.88283782,      -4.398909221,      -3.736601947,       -8.49103912
          0,           0,         544,      -6.045790497,      -3.884600462,      -4.397764458,      -3.737246176,      -8.493742529
          0,           0,         545,      -6.044478395,      -3.886447858,      -4.396672007,      -3.737983543,      -8.497523476
          0,           0,         546,       -6.04332914,      -3.888379165,      -4.395631519,       -3.73882822,      -8.500585747
          0,           0,         547,      -6.042287547,      -3.890392944,      -4.394639553,      -3.739758837,      -8.503248881
          0,           0,         548,      -6.041381148,      -3.892488147,      -4.393694781,      -3.740785054,      -8.505556565
          0,           0,         549,      -6.040592601,      -3.894663971,      -4.392795679,      -3.741900986,      -8.508039755
          0,           0,         550,      -6.039919604,      -3.896919363,      -4.391940468,      -3.743105564,      -8.510487604
          0,           0,         551,      -6.039362688,      -3.899253343,      -4.391127051,      -3.744398599,      -8.513010373
          0,           0,         552,      -6.038920692,      -3.901664897,      -4.390353285,      -3.745779779,      -8.516147348
          0,           0,         553,      -6.038593509,      -3.904153011,      -4.389616865,      -3.747249378,      -8.521021011
          0,           0,         554,      -6.038380013,      -3.906716629,      -4.388915537,      -3.748807207,      -8.529281088
          0,           0,         555,      -6.038278504,      -3.909352404,      -4.388244953,      -3.750452545,      -8.542967221
          0,           0,         556,      -6.038258592,      -3.912065075,       -4.38760903,      -3.752177308,      -8.562418533
          0,           0,         557,      -6.038383715,      -3.914849027,      -4.386999984,      -3.753999706,      -8.574611094
          0,           0,         558,      -6.038630128,      -3.917703828,      -4.386417362,      -3.755913838,       -8.58341194
          0,           0,         559,      -6.038974819,      -3.920627814,       -4.38585973,      -3.757911838,      -8.591818778
          0,           0,         560,      -6.039418069,      -3.923621522,      -4.385325763,      -3.759993474,      -8.602483089
          0,           0,         561,      -6.039967701,      -3.926681976,      -4.384814024,      -3.762160252,      -8.616870914
          0,           0,         562,      -6.040621159,      -3.929808582,      -4.384323276,      -3.764410861,      -8.631508759
          0,           0,         563,      -6.041376254,       -3.93300009,      -4.383852453,      -3.766744118,      -8.640990634
          0,           0,         564,       -6.04222942,      -3.936255267,      -4.383400648,      -3.769158253,      -8.647006855
          0,           0,         565,      -6.043177421,      -3.939572894,       -4.38296706,      -3.771651489,      -8.652597732
          0,           0,         566,      -6.044217328,      -3.942951765,      -4.382550975,      -3.774222102,      -8.660695143
          0,           0,         567,       -6.04534617,      -3.946390536,      -4.382151628,      -3.776868303,      -8.673964782
          0,           0,         568,      -6.046557683,      -3.949887404,      -4.381767806,      -3.779586687,      -8.689628828
          0,           0,         569,      -6.047850833,      -3.953443571,      -4.381401279,      -3.782377817,      -8.698026564
          0,           0,         570,      -6.049229189,      -3.957054612,      -4.381048399,      -3.785240766,      -8.704436526
          0,           0,         571,      -6.050681209,      -3.960723075,       -4.38071093,      -3.788171571,      -8.707767861
          0,           0,         572,      -6.052214876,      -3.964445134,      -4.380386133,      -3.791172442,      -8.708851146
          0,           0,         573,      -6.053816948,      -3.968220359,      -4.380074629,      -3.794239337,      -8.708728137
          0,           0,         574,      -6.055481766,      -3.972047793,      -4.379774875,      -3.797369832,      -8.708792523
          0,           0,         575,      -6.057208666,      -3.975926425,      -4.379486132,      -3.800563525,      -8.710095255
          0,           0,         576,      -6.058994397,      -3.979855239,      -4.379207588,      -3.803819372,      -8.712408769
          0,           0,         577,      -6.060834802,      -3.983833221,      -4.378938403,      -3.807136157,      -8.715229813
          0,           0,         578,      -6.062727114,      -3.987859307,      -4.378677857,      -3.810513066,      -8.719188919
          0,           0,         579,      -6.064668553,      -3.991932474,      -4.378425292,      -3.813949211,      -8.723956297
          0,           0,         580,      -6.066656686,      -3.996051681,       -4.37818014,      -3.817443713,      -8.729259444
          0,           0,         581,      -6.068688773,      -4.000215836,      -4.377941934,       -3.82099563,       -8.73374212
          0,           0,         582,      -6.070762875,       -4.00442392,      -4.377710375,      -3.824604263,      -8.738308026
          0,           0,         583,      -6.072880374,      -4.008674832,      -4.377485463,      -3.828270276,      -8.742746893
          0,           0,         584,      -6.075040029,      -4.012967567,      -4.377266933,      -3.831993119,      -8.747224051
          0,           0,         585,      -6.077239712,      -4.017300943,      -4.377054962,       -3.83577215,      -8.751612944
          0,           0,         586,      -6.079478246,      -4.021673878,      -4.376849796,      -3.839607065,      -8.754789511
          0,           0,         587,      -6.081755368,       -4.02608529,      -4.376651796,      -3.843497763,      -8.757239504
          0,           0,         588,      -6.084071123,      -4.030534072,      -4.376461451,      -3.847444187,      -8.759296824
          0,           0,         589,      -6.086425824,        -4.0350191,      -4.376279367,      -3.851446454,      -8.761364135
          0,           0,         590,      -6.088819281,      -4.039539283,      -4.376106256,      -3.855504688,      -8.761982876
          0,           0,         591,      -6.091251385,      -4.044093385,      -4.375942816,      -3.859618473,      -8.765002601
          0,           0,         592,        -6.0937224,      -4.048678598,       -4.37578263,      -3.863787652,      -8.770627618
          0,           0,         593,      -6.096179382,      -4.053298592,      -4.375648096,      -3.867990139,      -8.779564399
          0,           0,         594,      -6.098776038,      -4.057947856,      -4.375519268,      -3.872292524,      -8.788296105
          0,           0,         595,      -6.101361408,      -4.062626652,      -4.375403739,      -3.876628997,      -8.797162861
          0,           0,         596,      -6.103981396,      -4.067333332,      -4.375302644,      -3.881020717,      -8.807412753
          0,           0,         597,      -6.106636569,      -4.072067086,      -4.375216739,       -3.88546856,      -8.822357815
          0,           0,         598,      -6.109319789,      -4.076826657,      -4.375147031,      -3.889970246,      -8.848366962
          0,           0,         599,      -6.112026509,      -4.081602691,      -4.375069311,      -3.894523353,      -8.895433709
          0,           0,         600,      -6.114469455,      -4.086417291,      -4.375058137,      -3.898999248,      -8.944703798
          0,           0,         601,      -6.117477692,      -4.091246816,      -4.375043226,      -3.903776016,      -8.978710891
          0,           0,         602,      -6.120234881,      -4.096096789,      -4.375048904,      -3.908476402,      -8.992957739
          0,           0,         603,      -6.123002764,      -4.100965331,      -4.375075075,      -3.913224849,      -8.996098031
          0,           0,         604,      -6.125798211,      -4.105850945,      -4.375123201,      -3.918030185,       -8.99362374
          0,           0,         605,      -6.128599723,      -4.110751968,      -4.375194101,      -3.922881768,       -8.98886201
          0,           0,         606,       -6.13139663,      -4.115666634,      -4.375288676,      -3.927774169,      -8.983674983
          0,           0,         607,       -6.13418626,      -4.120593078,      -4.375407801,      -3.932706881,      -8.981183906
          0,           0,         608,      -6.136966552,      -4.125529183,      -4.375552196,      -3.937677573,      -8.979480193
          0,           0,         609,      -6.139735892,      -4.130472821,      -4.375722728,      -3.942685682,      -8.977248307
          0,           0,         610,      -6.142492307,      -4.135421526,      -4.375919817,      -3.947729658,      -8.974310344
          0,           0,         611,      -6.145229124,       -4.14037348,       -4.37614518,      -3.952805276,      -8.971449666
          0,           0,         612,      -6.147958344,      -4.145325706,       -4.37639951,      -3.957918245,      -8.968898126
          0,           0,         613,      -6.150665721,      -4.150275625,        -4.3766828,       -3.96305947,      -8.966470888
          0,           0,         614,      -6.153353404,        -4.1552204,      -4.376995008,      -3.968229444,      -8.964047215
          0,           0,         615,      -6.156004576,      -4.160157798,      -4.377340688,      -3.973418194,      -8.961525373
          0,           0,         616,      -6.158665924,      -4.165084651,      -4.377716742,      -3.978647688,      -8.959085347
          0,           0,         617,        -6.1612855,      -4.169997902,      -4.378125105,      -3.983891001,      -8.956692841
          0,           0,         618,      -6.163881193,      -4.174894526,      -4.378566402,      -3.989155771,      -8.954381242
          0,           0,         619,      -6.166449003,      -4.179771468,      -4.379041182,      -3.994438053,       -8.95237666
          0,           0,         620,      -6.168984172,      -4.184625584,      -4.379549943,      -3.999733345,      -8.950998217
          0,           0,         621,      -6.171483256,       -4.18945363,      -4.380093146,      -4.005037444,      -8.950009468
          0,           0,         622,       -6.17394285,       -4.19425224,      -4.380671197,      -4.010346117,       -8.94782114
          0,           0,         623,      -6.176358884,      -4.199013436,      -4.381283488,      -4.015653635,      -8.944559302
          0,           0,         624,      -6.178706389,      -4.203746423,      -4.381933149,      -4.020946139,      -8.941258568
          0,           0,         625,      -6.181031149,      -4.208438128,       -4.38261774,      -4.026240988,      -8.938227748
          0,           0,         626,      -6.183307985,      -4.213086213,      -4.383338196,      -4.031523653,      -8.935793048
          0,           0,         627,      -6.185516143,      -4.217687714,      -4.384094388,      -4.036778143,      -8.934414188
          0,           0,         628,       -6.18765394,      -4.222239868,      -4.384887723,      -4.041998673,      -8.934178422
          0,           0,         629,       -6.18973718,       -4.22673916,      -4.385717024,      -4.047190131,      -8.933478727
          0,           0,         630,      -6.191748285,       -4.23118253,      -4.386582619,      -4.052336769,      -8.931822542
          0,           0,         631,      -6.193690857,      -4.235566898,      -4.387484544,      -4.057435258,      -8.930117667
          0,           0,         632,      -6.195563981,      -4.239889292,      -4.388422775,      -4.062479569,      -8.929053166
          0,           0,         633,      -6.197366385,      -4.244146893,      -4.389397215,      -4.067462947,      -8.929438594
          0,           0,         634,      -6.199098034,      -4.248337038,      -4.390407718,      -4.072379543,      -8.932607365
          0,           0,         635,      -6.200759516,      -4.252457234,      -4.391454089,      -4.077224106,      -8.941132347
          0,           0,         636,      -6.202351435,      -4.256505195,      -4.392536056,      -4.081991185,      -8.959874556
          0,           0,         637,      -6.203874153,       -4.26047884,      -4.393653272,      -4.086675254,      -8.996295987
          0,           0,         638,       -6.20532812,      -4.264376323,      -4.394805183,      -4.091271153,      -9.036197146
          0,           0,         639,      -6.206712164,      -4.268196092,      -4.395991934,      -4.095772523,      -9.057970413
          0,           0,         640,      -6.208033021,      -4.271936614,      -4.397212354,      -4.100178862,      -9.064343366
          0,           0,         641,      -6.209285635,      -4.275596865,      -4.398466107,      -4.104481378,       -9.06351515
          0,           0,         642,      -6.210469972,      -4.279175757,      -4.399752649,      -4.108676946,      -9.058982548
          0,           0,         643,      -6.211588847,       -4.28267274,      -4.401071048,      -4.112758605,      -9.052169396
          0,           0,         644,      -6.212644568,      -4.286087288,        -4.4024207,      -4.116724636,       -9.04508027
          0,           0,         645,      -6.213639093,      -4.289419104,       -4.40380094,      -4.120571534,      -9.038525097
          0,           0,         646,      -6.214576294,      -4.292667643,      -4.405210968,      -4.124297313,      -9.033110408
          0,           0,         647,      -6.215458986,      -4.295747388,      -4.406640875,      -4.127893984,       -9.02887391
          0,           0,         648,      -6.216037847,      -4.298867045,      -4.408105731,      -4.131148188,       -9.02567443
          0,           0,         649,      -6.216963324,      -4.301901621,      -4.409608151,      -4.134647087,      -9.023260033
          0,           0,         650,      -6.217683419,      -4.304836285,      -4.411131526,      -4.137854422,      -9.021652524
          0,           0,         651,      -6.218473587,      -4.307684482,      -4.412677782,      -4.141028753,      -9.020481506
          0,           0,         652,      -6.219202449,      -4.310452101,      -4.414248364,       -4.14406098,      -9.019776319
          0,           0,         653,      -6.219879983,      -4.313141856,      -4.415842351,      -4.146956668,      -9.019372478
          0,           0,         654,      -6.220529471,      -4.315752182,      -4.417458542,      -4.149733336,      -9.019183969
          0,           0,         655,       -6.22116387,      -4.298914897,      -4.416977534,      -4.150835132,      -9.019205301
          0,           0,         656,      -6.175429208,      -4.315821922,      -4.419410351,      -4.109450478,      -9.019318054
          0,           0,         657,      -6.215236066,      -4.322384371,      -4.422127195,      -4.151290907,      -9.019507281
          0,           0,         658,      -6.213967737,      -4.324839885,      -4.424049145,      -4.152058679,      -9.019702429
          0,           0,         659,      -6.218201571,      -4.327395368,      -4.425813566,      -4.157362181,      -9.019793714
          0,           0,         660,      -6.222092998,      -4.329754255,      -4.427546485,      -4.162307744,      -9.019772357
          0,           0,         661,      -6.224093073,      -4.331985382,       -4.42929279,      -4.165544591,      -9.019626967
          0,           0,         662,      -6.225311547,       -4.33412286,       -4.43105111,      -4.168061965,      -9.019353805
          0,           0,         663,      -6.226314602,      -4.336184135,      -4.432818877,      -4.170332394,      -9.018967263
          0,           0,         664,      -6.227250094,      -4.338179462,      -4.434595321,      -4.172463307,      -9.018515384
          0,           0,         665,      -6.228171029,      -4.340115454,      -4.436379732,      -4.174494719,      -9.018109177
          0,           0,         666,      -6.229114277,      -4.341997092,      -4.438171139,      -4.176466565,      -9.017994874
          0,           0,         667,      -6.230094984,      -4.343827562,      -4.439968286,      -4.178390516,      -9.018594403
          0,           0,         668,      -6.231127998,      -4.345609807,      -4.441769825,      -4.180287713,       -9.02076435
          0,           0,         669,      -6.232221584,      -4.347346121,      -4.443574316,      -4.182166612,      -9.026124897
          0,           0,         670,      -6.233381211,      -4.349038501,      -4.445380289,      -4.184033834,      -9.037740603
          0,           0,         671,      -6.234610433,      -4.350688748,       -4.44718627,      -4.185894837,      -9.060908282
          0,           0,         672,      -6.235911151,      -4.352298503,      -4.448990769,      -4.187753776,      -9.100350976
          0,           0,         673,         -6.237284,      -4.353869275,      -4.450792276,      -4.189613604,      -9.126898694
          0,           0,         674,      -6.238728802,      -4.355402423,      -4.452589253,      -4.191476335,      -9.145871313
          0,           0,         675,      -6.240244983,      -4.356899085,      -4.454380097,      -4.193343291,      -9.159333762
          0,           0,         676,      -6.241831361,      -4.358360332,      -4.456163176,      -4.195215013,       -9.16946714
          0,           0,         677,      -6.243489051,      -4.359786668,       -4.45793724,      -4.197092011,      -9.177681712
          0,           0,         678,      -6.245218397,      -4.361176579,      -4.459700263,      -4.198978535,      -9.184192639
          0,           0,         679,      -6.247017665,      -4.362501719,        -4.4614495,      -4.200869805,      -9.189591532
          0,           0,         680,      -6.248815795,      -4.363101425,      -4.463118543,      -4.202584141,      -9.194207917
          0,           0,         681,      -6.248651832,      -4.365149504,      -4.464894198,      -4.202465087,      -9.198246677
          0,           0,         682,      -6.252802066,      -4.366423329,      -4.466602244,       -4.20657574,      -9.202070326
          0,           0,         683,      -6.254930761,      -4.367660548,      -4.468294664,      -4.208561991,      -9.206005892
          0,           0,         684,      -6.257216747,      -4.368863672,      -4.469961644,      -4.210647639,      -9.209809087
          0,           0,         685,      -6.259662489,      -4.370034332,      -4.471605071,      -4.212841903,      -9.212648234
          0,           0,         686,      -6.262171089,      -4.371173409,       -4.47322541,      -4.215048969,      -9.215207007
          0,           0,         687,      -6.264758796,      -4.372281435,       -4.47482143,       -4.21728558,      -9.217533968
          0,           0,         688,       -6.26744616,      -4.373358449,      -4.476391953,      -4.219575681,      -9.219729665
          0,           0,         689,      -6.270236274,      -4.374404508,      -4.477935851,      -4.221923375,      -9.221818362
          0,           0,         690,      -6.273124861,      -4.375419643,      -4.479452011,      -4.224323555,      -9.223831082
          0,           0,         691,      -6.276106194,      -4.376403816,      -4.480939377,       -4.22676928,      -9.225796182
          0,           0,         692,      -6.279173419,      -4.377356844,      -4.482396987,      -4.229252412,      -9.227694396
          0,           0,         693,       -6.28231855,       -4.37827905,       -4.48382401,      -4.231763221,      -9.229477042
          0,           0,         694,      -6.285535396,      -4.379169794,      -4.485219618,      -4.234293627,       -9.23120439
          0,           0,         695,      -6.288814041,      -4.380029036,      -4.486583056,      -4.236831128,      -9.232880024
          0,           0,         696,      -6.292147911,      -4.380856483,      -4.487913607,      -4.239366981,      -9.234531047
          0,           0,         697,      -6.295508176,      -4.381650849,      -4.489210727,      -4.241859502,      -9.235976562
          0,           0,         698,      -6.298933329,      -4.382411751,      -4.490473636,      -4.244382563,      -9.237603399
          0,           0,         699,        -6.3023954,      -4.383072685,      -4.491693072,      -4.246867678,      -9.239610361
          0,           0,         700,      -6.305752717,      -4.383819172,      -4.492893983,      -4.249211897,      -9.241814769
          0,           0,         701,      -6.309325962,      -4.384499622,      -4.494051837,      -4.251676325,      -9.244379163
          0,           0,         702,      -6.312951444,      -4.385135612,      -4.495172929,      -4.254134158,      -9.247509981
          0,           0,         703,      -6.316547197,      -4.385734579,      -4.496258253,      -4.256512484,      -9.250622216
          0,           0,         704,      -6.320159616,      -4.386298719,      -4.497307141,      -4.258854332,      -9.252365919
          0,           0,         705,      -6.323804179,      -4.386828507,      -4.498319359,      -4.261173883,      -9.254249117
          0,           0,         706,       -6.32747861,      -4.387323917,      -4.499295011,      -4.263470056,      -9.256105641
          0,           0,         707,      -6.331181693,      -4.387784799,       -4.50023433,      -4.265743454,      -9.257911203
          0,           0,         708,      -6.334913461,      -4.388211006,      -4.501137656,      -4.267996131,      -9.259548975
          0,           0,         709,      -6.338672703,      -4.388602445,      -4.502005446,      -4.270229263,      -9.261050883
          0,           0,         710,      -6.342456056,      -4.388959101,      -4.502838279,      -4.272442308,      -9.262436695
          0,           0,         711,       -6.34625788,      -4.389281046,       -4.50363686,      -4.274632751,      -9.263751792
          0,           0,         712,      -6.350070341,      -4.389568433,      -4.504402005,      -4.276795982,      -9.265057518
          0,           0,         713,      -6.353883661,       -4.38982149,      -4.505134636,      -4.278925349,      -9.266399488
          0,           0,         714,      -6.357686498,      -4.390040483,      -4.505835764,      -4.281012409,      -9.267818109
          0,           0,         715,       -6.36146646,       -4.39022554,      -4.506506459,      -4.283047369,      -9.269171226
          0,           0,         716,      -6.365210405,      -4.390377245,      -4.507147888,      -4.285019856,       -9.27037174
          0,           0,         717,      -6.368880599,      -4.390499596,      -4.507761069,      -4.286914931,      -9.271651255
          0,           0,         718,      -6.372503377,      -4.390586546,      -4.508346787,      -4.288707269,      -9.272851291
          0,           0,         719,       -6.37606396,      -4.390641148,      -4.508907576,      -4.290422512,      -9.273999977
          0,           0,         720,      -6.379548685,      -4.390664598,      -4.509444701,      -4.292056131,      -9.275117414
          0,           0,         721,      -6.382950152,      -4.390657322,      -4.509959022,       -4.29359529,      -9.276216515
          0,           0,         722,      -6.386257537,       -4.39061854,      -4.510451359,      -4.295026181,       -9.27730751
          0,           0,         723,      -6.389462418,      -4.390551133,       -4.51092451,      -4.296345945,      -9.278439089
          0,           0,         724,      -6.392576335,      -4.390452889,      -4.511378599,      -4.297562379,      -9.279482196
          0,           0,         725,      -6.395598438,      -4.390324604,       -4.51181549,      -4.298680773,      -9.280427283
          0,           0,         726,      -6.398515037,      -4.390166989,      -4.512236842,      -4.299696691,       -9.28127986
          0,           0,         727,      -6.401326729,      -4.389980732,      -4.512644246,      -4.300616943,      -9.282052511
          0,           0,         728,      -6.404032781,      -4.389766573,      -4.513039345,      -4.301446727,      -9.282744028
          0,           0,         729,      -6.406631567,      -4.389525336,      -4.513423832,      -4.302190645,      -9.283395146
          0,           0,         730,      -6.409120321,      -4.389257885,      -4.513799422,      -4.302851421,      -9.284038836
          0,           0,         731,       -6.41149645,      -4.388965087,      -4.514167853,      -4.303431129,       -9.28468179
          0,           0,         732,      -6.413757083,      -4.388647806,      -4.514530882,      -4.303931109,      -9.285321519
          0,           0,         733,      -6.415898804,      -4.388306907,      -4.514890287,      -4.304352008,      -9.285911023
          0,           0,         734,      -6.417917937,      -4.387943273,      -4.515247853,       -4.30469418,      -9.286330422
          0,           0,         735,      -6.419810888,      -4.387557813,      -4.515605362,      -4.304958056,      -9.286673375
          0,           0,         736,      -6.421574377,      -4.387151474,      -4.515964586,      -4.305144318,      -9.286963531
          0,           0,         737,       -6.42320557,      -4.386725237,      -4.516327282,      -4.305253924,      -9.287218022
          0,           0,         738,      -6.424702251,      -4.386280117,      -4.516695193,      -4.305288084,      -9.287436909
          0,           0,         739,      -6.426063011,       -4.38581715,      -4.517070044,      -4.305248241,      -9.287631249
          0,           0,         740,      -6.427287464,      -4.385337381,      -4.517453549,      -4.305136108,       -9.28782197
          0,           0,         741,      -6.428376443,      -4.384841859,      -4.517847401,      -4.304953744,      -9.288013537
          0,           0,         742,      -6.429332105,      -4.384331627,      -4.518253276,      -4.304703657,      -9.288201877
          0,           0,         743,       -6.43015791,      -4.383807718,       -4.51867283,      -4.304388852,      -9.288375631
          0,           0,         744,      -6.430858502,      -4.383271157,      -4.519107695,      -4.304012857,      -9.288558234
          0,           0,         745,      -6.431439469,      -4.382722962,      -4.519559481,       -4.30357965,      -9.288781292
          0,           0,         746,      -6.431907062,       -4.38216415,      -4.520029768,      -4.303093551,      -9.289072196
          0,           0,         747,      -6.432267902,      -4.381595741,      -4.520520107,      -4.302559064,      -9.289473458
          0,           0,         748,      -6.432528715,      -4.381018766,      -4.521032011,      -4.301980718,       -9.29008062
          0,           0,         749,       -6.43269613,      -4.380434265,      -4.521566957,      -4.301362919,      -9.291072628
          0,           0,         750,       -6.43277657,      -4.379843294,      -4.522126378,       -4.30070985,      -9.292756604
          0,           0,         751,      -6.432776118,      -4.379246919,      -4.522711661,      -4.300025402,      -9.295629404
          0,           0,         752,      -6.432700584,      -4.378646229,      -4.523324143,      -4.299312998,      -9.299758491
          0,           0,         753,      -6.432555683,      -4.378042287,      -4.523965109,      -4.298576307,      -9.302777648
          0,           0,         754,      -6.432346663,      -4.377436173,      -4.524635784,      -4.297818046,      -9.304758106
          0,           0,         755,      -6.432078725,      -4.376828958,      -4.525337334,      -4.297040795,      -9.306485423
          0,           0,         756,      -6.431756855,      -4.376221696,      -4.526070866,      -4.296246875,      -9.308181457
          0,           0,         757,      -6.431385801,      -4.375615419,      -4.526837429,      -4.295438313,      -9.309893001
          0,           0,         758,      -6.430970129,      -4.375011132,      -4.527638012,      -4.294616916,      -9.311612042
          0,           0,         759,      -6.430514296,      -4.374409816,      -4.528473548,      -4.293784369,      -9.313310958
          0,           0,         760,      -6.430022715,      -4.373812419,      -4.529344912,      -4.292942334,      -9.314964994
          0,           0,         761,      -6.429499818,      -4.373219865,      -4.530252924,      -4.292092513,      -9.316552079
          0,           0,         762,      -6.428950132,      -4.372633048,      -4.531198351,      -4.291236708,      -9.318070598
          0,           0,         763,      -6.428378257,      -4.372052836,      -4.532181903,      -4.290376849,      -9.319446804
          0,           0,         764,      -6.427788973,       -4.37148007,      -4.533204241,      -4.289514986,      -9.320528838
          0,           0,         765,      -6.427187221,      -4.370915563,      -4.534265972,      -4.288653315,      -9.321344796
          0,           0,         766,      -6.426578094,        -4.3703601,      -4.535367647,      -4.287794144,       -9.32188638
          0,           0,         767,      -6.425966814,      -4.369814439,      -4.536509766,      -4.286939874,      -9.322106941
          0,           0,         768,      -6.425358682,      -4.369279309,      -4.537692773,      -4.286092944,      -9.322059477
          0,           0,         769,      -6.424758981,      -4.368755413,      -4.538917056,      -4.285255784,      -9.321712005
          0,           0,         770,      -6.424173022,      -4.368243424,      -4.540182949,      -4.284430793,      -9.321112785
          0,           0,         771,      -6.423605881,       -4.36774399,      -4.541490729,      -4.283620252,      -9.320332202
          0,           0,         772,      -6.423062484,      -4.367257731,      -4.542840617,      -4.282826286,      -9.319382479
          0,           0,         773,      -6.422547505,      -4.366785243,       -4.54423278,      -4.282050836,       -9.31827764
          0,           0,         774,      -6.422065327,      -4.366327092,       -4.54566733,      -4.281295619,      -9.317038603
          0,           0,         775,      -6.421620034,      -4.365883817,      -4.547144328,      -4.280562116,      -9.315712513
          0,           0,         776,      -6.421215334,      -4.365455923,      -4.548663781,      -4.279851578,      -9.314298348
          0,           0,         777,      -6.420854953,      -4.365043906,      -4.550225651,      -4.279165029,      -9.312830834
          0,           0,         778,       -6.42054201,      -4.364648224,      -4.551829844,      -4.278503271,      -9.311338116
          0,           0,         779,      -6.420279581,      -4.364269292,      -4.553476223,      -4.277867027,      -9.309850898
          0,           0,         780,      -6.420070638,      -4.363907511,      -4.555164603,      -4.277256841,      -9.308396617
          0,           0,         781,       -6.41991796,      -4.363563252,      -4.556894751,      -4.276673215,      -9.307003314
          0,           0,         782,       -6.41982427,      -4.363236855,      -4.558666389,      -4.276116599,      -9.305701391
          0,           0,         783,      -6.419792229,      -4.362928637,      -4.560479191,       -4.27558744,      -9.304534303
          0,           0,         784,      -6.419824478,      -4.362638891,      -4.562332788,      -4.275086208,      -9.303534409
          0,           0,         785,      -6.419923618,      -4.362367884,      -4.564226759,      -4.274613378,       -9.30275198
          0,           0,         786,      -6.420092184,      -4.362115858,      -4.566160637,      -4.274169418,      -9.302295386
          0,           0,         787,      -6.420332622,      -4.361883028,       -4.56813391,      -4.273754763,      -9.302315441
          0,           0,         788,      -6.420647262,      -4.361669584,      -4.570146015,      -4.273369796,      -9.303114798
          0,           0,         789,      -6.421038295,      -4.361475691,       -4.57219634,      -4.273014831,      -9.305226882
          0,           0,         790,      -6.421507699,      -4.361299653,      -4.574284022,      -4.272690024,      -9.309403158
          0,           0,         791,      -6.422050556,      -4.361138667,       -4.57640811,        -4.2723915,      -9.315716164
          0,           0,         792,      -6.422650366,       -4.36100272,      -4.578569263,      -4.272108766,      -9.320586609
          0,           0,         793,      -6.423354216,      -4.360888893,      -4.580765653,      -4.271868483,      -9.325174773
          0,           0,         794,      -6.424162853,      -4.360786779,      -4.582995914,      -4.271669976,      -9.330570929
          0,           0,         795,      -6.425030998,      -4.360665379,      -4.585256282,      -4.271484448,      -9.336341552
          0,           0,         796,      -6.425830551,      -4.360165822,      -4.587504251,      -4.271231382,      -9.341592603
          0,           0,         797,      -6.424951611,      -4.360623527,       -4.58984984,      -4.269922881,      -9.346679969
          0,           0,         798,      -6.427922061,      -4.360580436,      -4.592242608,      -4.270952068,      -9.351702477
          0,           0,         799,       -6.42934414,      -4.359988587,      -4.594484491,      -4.271015117,      -9.356702706
          0,           0,         800,      -6.427050151,      -4.360112562,      -4.596995057,      -4.269011882,      -9.361687627
          0,           0,         801,      -6.427787254,      -4.360420268,      -4.599483821,      -4.268587535,      -9.366649357
          0,           0,         802,      -6.431552998,      -4.360709819,      -4.601941001,      -4.269845324,      -9.371571912
          0,           0,         803,       -6.43450427,      -4.360839291,      -4.604437983,      -4.270633117,       -9.37644147
          0,           0,         804,      -6.436167534,      -4.360950345,      -4.606973703,      -4.270690268,      -9.381246553
          0,           0,         805,      -6.438043898,      -4.361075636,       -4.60952623,      -4.270857334,       -9.38597241
          0,           0,         806,      -6.440140352,      -4.361218839,      -4.612094978,      -4.271117063,      -9.390607455
          0,           0,         807,      -6.442236991,      -4.361380277,      -4.614682559,      -4.271340704,      -9.395158285
          0,           0,         808,      -6.444325724,      -4.361559901,      -4.617289276,      -4.271526541,      -9.399612157
          0,           0,         809,      -6.446454217,      -4.361757566,      -4.619914302,      -4.271703118,      -9.403966624
          0,           0,         810,      -6.448650606,      -4.361973068,      -4.622556576,      -4.271886197,      -9.408245849
          0,           0,         811,      -6.450925491,      -4.362206166,      -4.625215015,      -4.272080958,      -9.412454791
          0,           0,         812,      -6.453281862,      -4.362456594,      -4.627888548,       -4.27228817,      -9.416588573
          0,           0,         813,      -6.455719848,      -4.362724069,      -4.630576107,      -4.272507042,      -9.420625308
          0,           0,         814,      -6.458238492,      -4.363008292,      -4.633276616,       -4.27273627,      -9.424657695
          0,           0,         815,      -6.460836331,      -4.363308957,      -4.635988988,      -4.272974363,      -9.428680946
          0,           0,         816,      -6.463511547,      -4.363625748,       -4.63871212,      -4.273219718,      -9.432719273
          0,           0,         817,      -6.466261993,      -4.363958342,      -4.641444898,      -4.273470626,       -9.43676586
          0,           0,         818,      -6.469085206,      -4.364306407,      -4.644186208,      -4.273725252,      -9.440850169
          0,           0,         819,      -6.471977065,      -4.364669605,      -4.646934876,      -4.273980955,      -9.444977888
          0,           0,         820,      -6.474936076,      -4.365047581,      -4.649689916,      -4.274236763,      -9.449179361
          0,           0,         821,      -6.477959197,      -4.365439977,      -4.652450292,      -4.274490308,      -9.453468451
          0,           0,         822,      -6.481042975,      -4.365846425,      -4.655214975,       -4.27473934,      -9.457862474
          0,           0,         823,      -6.484184245,      -4.366266543,      -4.657982986,      -4.274982067,      -9.462387955
          0,           0,         824,      -6.487380101,      -4.366699943,      -4.660753405,      -4.275217089,      -9.467016465
          0,           0,         825,       -6.49062778,      -4.367146231,      -4.663525376,      -4.275443333,      -9.471758857
          0,           0,         826,      -6.493924539,      -4.367605009,      -4.666298108,      -4.275660012,      -9.476612538
          0,           0,         827,      -6.497267529,      -4.368075879,      -4.669070889,      -4.275866578,      -9.481565451
          0,           0,         828,      -6.500653652,      -4.368558442,      -4.671843083,      -4.276062619,      -9.486629166
          0,           0,         829,      -6.504079427,      -4.369052302,       -4.67461413,      -4.276247746,      -9.491793498
          0,           0,         830,      -6.507540869,      -4.369557067,      -4.677383542,      -4.276421464,      -9.497044444
          0,           0,         831,      -6.511033389,      -4.370072346,      -4.680150897,      -4.276583073,      -9.502395282
          0,           0,         832,      -6.514551734,      -4.370597752,       -4.68291583,      -4.276731592,      -9.507824752
          0,           0,         833,      -6.518089977,      -4.371132901,      -4.685678025,      -4.276865729,      -9.513311688
          0,           0,         834,      -6.521641537,      -4.371677408,      -4.688437212,      -4.276983878,      -9.518856952
          0,           0,         835,      -6.525199235,      -4.372230893,      -4.691193162,      -4.277084161,      -9.524447139
          0,           0,         836,      -6.528755379,      -4.372792974,      -4.693945684,       -4.27716449,      -9.530014792
          0,           0,         837,      -6.532301856,      -4.373363269,      -4.696694627,      -4.277222657,      -9.535538161
          0,           0,         838,      -6.535830248,      -4.373941401,      -4.699439885,      -4.277256436,       -9.54099431
          0,           0,         839,      -6.539331947,      -4.374526995,      -4.702181396,        -4.2772637,      -9.546361559
          0,           0,         840,      -6.542798281,      -4.375119678,      -4.704919153,      -4.277242541,       -9.55161987
          0,           0,         841,       -6.54622064,      -4.375719088,      -4.707653207,      -4.277191375,      -9.556773704
          0,           0,         842,      -6.549590598,      -4.376324871,      -4.710383669,      -4.277109035,      -9.561816387
          0,           0,         843,      -6.552900019,      -4.376936683,      -4.713110719,      -4.276994837,      -9.566713784
          0,           0,         844,      -6.556141156,      -4.377554196,        -4.7158346,      -4.276848616,      -9.571464625
          0,           0,         845,      -6.559306718,      -4.378177096,      -4.718555627,      -4.276670718,      -9.576074452
          0,           0,         846,      -6.562389903,      -4.378805084,      -4.721274178,      -4.276461962,      -9.580579394
          0,           0,         847,        -6.5653844,      -4.379437877,      -4.723990694,      -4.276223565,      -9.584945483
          0,           0,         848,      -6.568284374,      -4.380075208,      -4.726705678,      -4.275957048,      -9.589201236
          0,           0,         849,      -6.571084368,      -4.380716824,      -4.729419686,      -4.275664116,      -9.593347026
          0,           0,         850,      -6.573779239,      -4.381362484,      -4.732133328,      -4.275346537,      -9.597388258
          0,           0,         851,      -6.576364044,      -4.382011961,      -4.734847262,      -4.275006035,       -9.60135566
          0,           0,         852,      -6.578833928,      -4.382665036,       -4.73756219,      -4.274644185,      -9.605258667
          0,           0,         853,      -6.581184034,      -4.383321495,      -4.740278855,      -4.274262338,      -9.609100412
          0,           0,         854,      -6.583409441,      -4.383981121,      -4.742998037,      -4.273861581,      -9.612891697
          0,           0,         855,      -6.585505117,      -4.384643361,      -4.745720451,      -4.273442675,      -9.616623118
          0,           0,         856,      -6.587465368,      -4.385302778,      -4.748444788,      -4.273005859,      -9.620242564
          0,           0,         857,       -6.58927386,      -4.385976893,      -4.751178622,      -4.272549266,      -9.624201028
          0,           0,         858,      -6.590961972,       -4.38664681,      -4.753916306,      -4.272081433,      -9.627950466
          0,           0,         859,      -6.592487126,      -4.387315837,      -4.756659668,      -4.271594173,      -9.631653681
          0,           0,         860,      -6.593859617,      -4.387995246,      -4.759413552,      -4.271089585,      -9.635759047
          0,           0,         861,      -6.595083728,      -4.388671816,      -4.762174796,      -4.270570487,      -9.639659399
          0,           0,         862,      -6.596141754,       -4.38934694,      -4.764944149,      -4.270035024,       -9.64352799
          0,           0,         863,      -6.597040788,      -4.390032558,      -4.767727299,      -4.269484083,      -9.647846305
          0,           0,         864,      -6.597792154,      -4.390714771,      -4.770520313,      -4.268921994,      -9.651955681
          0,           0,         865,      -6.598377185,      -4.391397381,      -4.773324622,      -4.268347167,      -9.656014597
          0,           0,         866,      -6.598813106,      -4.392087298,      -4.776144445,      -4.267762673,      -9.660563699
          0,           0,         867,      -6.599106594,      -4.392775233,      -4.778976829,       -4.26717195,       -9.66489615
          0,           0,         868,      -6.599249925,      -4.393461476,      -4.781821836,      -4.266575709,       -9.66917742
          0,           0,         869,      -6.599255746,       -4.39415845,      -4.784685887,      -4.265976519,      -9.673936311
          0,           0,         870,       -6.59914653,      -4.394851773,      -4.787563894,      -4.265380769,      -9.678488496
          0,           0,         871,      -6.598904339,      -4.395547128,        -4.7904576,      -4.264787398,      -9.682953264
          0,           0,         872,       -6.59855527,      -4.396247986,      -4.793370186,      -4.264200981,       -9.68797289
          0,           0,         873,       -6.59810352,      -4.396948003,      -4.796298913,       -4.26362405,      -9.692725071
          0,           0,         874,      -6.597547477,         -4.397645,      -4.799242536,      -4.263057928,      -9.697442456
          0,           0,         875,       -6.59689461,         -4.398356,      -4.802209655,       -4.26250383,      -9.702646844
          0,           0,         876,      -6.596178328,      -4.399061992,      -4.805192701,      -4.261969241,      -9.707569941
          0,           0,         877,      -6.595368843,      -4.399772813,       -4.80819468,      -4.261450142,      -9.712304873
          0,           0,         878,       -6.59449973,      -4.400486772,      -4.811216777,      -4.260951406,      -9.717722592
          0,           0,         879,       -6.59356388,      -4.401201259,      -4.814257035,      -4.260472321,      -9.722786943
          0,           0,         880,      -6.592565323,      -4.401909957,      -4.817312086,      -4.260014094,      -9.727679748
          0,           0,         881,      -6.591500872,      -4.402638172,      -4.820394503,      -4.259575628,      -9.733004337
          0,           0,         882,      -6.590421533,       -4.40335741,      -4.823492134,      -4.259166748,      -9.737948855
          0,           0,         883,      -6.589276237,      -4.404083735,      -4.826610361,      -4.258778827,      -9.742569424
          0,           0,         884,      -6.588108462,      -4.404805714,      -4.829746863,      -4.258417557,      -9.747991345
          0,           0,         885,       -6.58688319,      -4.405514307,       -4.83289911,      -4.258074921,      -9.752809713
          0,           0,         886,      -6.585557167,      -4.406153879,      -4.836055713,      -4.257737631,      -9.757405438
          0,           0,         887,      -6.583843643,      -4.406133332,      -4.839100967,       -4.25731331,      -9.762510723
          0,           0,         888,      -6.578234645,       -4.39498225,      -4.836831245,      -4.254911584,      -9.767227207
          0,           0,         889,       -6.49731271,      -4.408208155,      -4.844591766,      -4.229497741,      -9.771559366
          0,           0,         890,       -6.57416899,       -4.40910196,      -4.848226488,      -4.254991332,      -9.777153376
          0,           0,         891,      -6.570007293,        -4.4099621,      -4.852007593,       -4.25411888,      -9.781835574
          0,           0,         892,       -6.57138891,      -4.410765361,      -4.855404254,      -4.254739606,      -9.786106744
          0,           0,         893,       -6.57457971,      -4.411567691,      -4.858696472,      -4.255867226,      -9.790866371
          0,           0,         894,      -6.575485053,      -4.412352776,      -4.861985209,      -4.256377812,      -9.795085136
          0,           0,         895,       -6.57512062,      -4.413144694,      -4.865284608,       -4.25658392,      -9.798920362
          0,           0,         896,      -6.574449396,      -4.413936893,       -4.86858747,       -4.25674576,       -9.80380522
          0,           0,         897,      -6.573696636,      -4.414731204,       -4.87189125,      -4.256920553,      -9.807838501
          0,           0,         898,      -6.572930006,      -4.415520335,      -4.875190832,      -4.257122914,      -9.811508517
          0,           0,         899,      -6.572163468,      -4.416313517,      -4.878497171,      -4.257355595,       -9.81573656
          0,           0,         900,      -6.571392728,      -4.416915696,      -4.881757486,      -4.257609653,      -9.819372671
          0,           0,         901,      -6.569735012,        -4.4120402,      -4.882519922,      -4.257311121,      -9.822456941
          0,           0,         902,      -6.535089485,      -4.418534403,      -4.887691477,      -4.247103456,      -9.822210601
          0,           0,         903,      -6.567386858,      -4.419514481,      -4.891319263,      -4.258087715,      -9.826738322
          0,           0,         904,      -6.564765718,      -4.420412377,      -4.894868945,      -4.257933944,      -9.829945153
          0,           0,         905,      -6.565763759,      -4.421312348,      -4.898189193,      -4.258851395,      -9.833689462
          0,           0,         906,      -6.567425192,      -4.422188648,      -4.901431583,      -4.259979891,      -9.836483215
          0,           0,         907,      -6.568032421,       -4.42276073,      -4.904573255,      -4.260816985,      -9.838446131
          0,           0,         908,      -6.566352725,      -4.423878439,      -4.907758215,      -4.260998929,       -9.84149277
          0,           0,         909,      -6.567928894,      -4.424859131,      -4.911037602,      -4.262221915,      -9.843356015
          0,           0,         910,      -6.568411918,        -4.4257556,      -4.914179558,       -4.26313252,      -9.844683382
          0,           0,         911,      -6.568702404,      -4.426674167,      -4.917299104,      -4.264006646,       -9.84656254
          0,           0,         912,      -6.569014801,      -4.427593769,      -4.920378657,      -4.264909524,      -9.847577789
          0,           0,         913,      -6.569378836,      -4.428524689,      -4.923421011,      -4.265855944,      -9.847964603
          0,           0,         914,      -6.569822605,      -4.429307783,      -4.926380386,      -4.266843632,      -9.849362092
          0,           0,         915,      -6.569638112,      -4.430375325,       -4.92930011,      -4.267669277,      -9.849705863
          0,           0,         916,      -6.570631897,      -4.431393763,      -4.932280673,      -4.268885862,      -9.849457631
          0,           0,         917,      -6.571470841,      -4.432385597,      -4.935151442,      -4.270078769,      -9.849960583
          0,           0,         918,      -6.572385395,      -4.433376803,      -4.937958189,      -4.271312414,      -9.849735406
          0,           0,         919,      -6.573273729,      -4.434387927,      -4.940711925,      -4.272561894,      -9.849018079
          0,           0,         920,      -6.574247467,      -4.435408396,      -4.943405508,      -4.273856006,        -9.8499089
          0,           0,         921,       -6.57529973,      -4.436439052,      -4.946034484,      -4.275194787,      -9.850442478
          0,           0,         922,      -6.576432829,      -4.437473972,      -4.948591113,      -4.276578533,      -9.851823096
          0,           0,         923,      -6.577636953,      -4.438536809,      -4.951092476,        -4.2780047,      -9.855427119
          0,           0,         924,      -6.578963453,      -4.439607082,      -4.953517813,      -4.279486006,      -9.857022587
          0,           0,         925,       -6.58039019,      -4.440697524,      -4.955870971,      -4.281020541,      -9.856997406
          0,           0,         926,      -6.581946254,      -4.441798912,      -4.958149903,      -4.282613183,      -9.857682618
          0,           0,         927,      -6.583585449,      -4.442893138,      -4.960347487,      -4.284251436,      -9.857229736
          0,           0,         928,      -6.585232625,      -4.443840083,      -4.962428544,      -4.285909285,      -9.856226053
          0,           0,         929,      -6.586265402,      -4.411652964,      -4.949127771,      -4.286044515,      -9.855816549
          0,           0,         930,      -6.472917747,      -4.444476025,      -4.961464007,      -4.245538442,      -9.854540672
          0,           0,         931,         -6.581004,      -4.447431803,      -4.967187758,      -4.288080563,      -9.852639948
          0,           0,         932,      -6.578509259,      -4.448752342,      -4.969946205,      -4.288484705,      -9.851969775
          0,           0,         933,      -6.587683457,      -4.450025233,       -4.97179939,      -4.292705367,      -9.850182986
          0,           0,         934,      -6.594804047,       -4.45128537,      -4.973439319,      -4.296227367,      -9.847967875
          0,           0,         935,      -6.598799369,      -4.452574015,      -4.975009091,      -4.298761186,      -9.846436537
          0,           0,         936,      -6.601797124,      -4.453872897,      -4.976482769,      -4.300996817,      -9.844151368
          0,           0,         937,      -6.604509656,      -4.455191716,      -4.977868816,      -4.303163967,      -9.841368922
          0,           0,         938,      -6.607154288,       -4.45652655,      -4.979170881,      -4.305323518,      -9.839658966
          0,           0,         939,      -6.609794057,      -4.457877364,      -4.980386975,      -4.307496234,      -9.837065795
          0,           0,         940,      -6.612463179,      -4.459237598,       -4.98151093,      -4.309692731,      -9.834135221
          0,           0,         941,      -6.615161236,      -4.460639141,      -4.982571735,      -4.311913247,      -9.831855211
          0,           0,         942,      -6.617949359,      -4.462048159,      -4.983544766,      -4.314171417,      -9.828931477
          0,           0,         943,       -6.62076533,      -4.463486308,      -4.984444402,       -4.31645579,      -9.825519374
          0,           0,         944,      -6.623663095,      -4.464942617,      -4.985268126,      -4.318775416,      -9.823313259
          0,           0,         945,      -6.626609796,      -4.466419073,      -4.986016758,      -4.321123464,      -9.820223586
          0,           0,         946,      -6.629609283,      -4.467909882,      -4.986686862,       -4.32350122,      -9.816853791
          0,           0,         947,      -6.632645943,       -4.46943895,      -4.987303641,      -4.325904981,      -9.814156745
          0,           0,         948,      -6.635761897,      -4.470979973,      -4.987848252,      -4.328343791,      -9.810888612
          0,           0,         949,      -6.638892821,      -4.472546834,      -4.988331541,      -4.330804679,      -9.807258814
          0,           0,         950,      -6.642071184,      -4.474135908,       -4.98875728,      -4.333291974,      -9.804606875
          0,           0,         951,      -6.645271363,       -4.47574497,      -4.989124594,      -4.335800282,      -9.801272749
          0,           0,         952,      -6.648487442,      -4.477365461,      -4.989428616,      -4.338328155,        -9.7977128
          0,           0,         953,      -6.651699929,      -4.479030046,      -4.989700538,      -4.340870249,      -9.794755534
          0,           0,         954,      -6.654969569,      -4.480702417,      -4.989916346,      -4.343438559,      -9.791303063
          0,           0,         955,      -6.658214205,      -4.482404938,      -4.990091813,      -4.346016975,      -9.787489459
          0,           0,         956,      -6.661491693,       -4.48412564,      -4.990225195,       -4.34861328,      -9.784735887
          0,           0,         957,      -6.664760238,      -4.485866207,      -4.990317763,      -4.351217912,      -9.781302895
          0,           0,         958,      -6.668025035,      -4.487620068,      -4.990366205,      -4.353831524,      -9.777710332
          0,           0,         959,      -6.671270423,      -4.489412272,      -4.990395892,       -4.35644966,      -9.774776304
          0,           0,         960,      -6.674551251,      -4.491214401,      -4.990387506,      -4.359083108,      -9.771413422
          0,           0,         961,      -6.677794802,      -4.493040834,      -4.990351581,      -4.361717442,      -9.767642146
          0,           0,         962,      -6.681043638,      -4.494887213,      -4.990291394,      -4.364358266,      -9.764716726
          0,           0,         963,      -6.684269635,      -4.496750712,      -4.990205579,      -4.367000018,      -9.761272194
          0,           0,         964,      -6.687466611,      -4.498621699,      -4.990088831,      -4.369641649,      -9.757706182
          0,           0,         965,      -6.690610726,      -4.500534648,      -4.989971723,      -4.372277528,      -9.754687412
          0,           0,         966,      -6.693772299,      -4.502450238,      -4.989829992,      -4.374921882,      -9.751340161
          0,           0,         967,      -6.696849779,      -4.504391925,      -4.989678889,      -4.377556324,      -9.747907163
          0,           0,         968,      -6.699908013,       -4.50634645,      -4.989516368,      -4.380189832,      -9.745085254
          0,           0,         969,        -6.7028927,      -4.508315119,      -4.989343288,      -4.382811134,      -9.741660726
          0,           0,         970,      -6.705805547,      -4.510290358,      -4.989155922,      -4.385420458,      -9.738038422
          0,           0,         971,      -6.708624135,      -4.512298787,      -4.988978769,      -4.388011879,      -9.734682318
          0,           0,         972,      -6.711410316,      -4.514309235,      -4.988791951,      -4.390596852,      -9.731237719
          0,           0,         973,      -6.714075897,      -4.516336822,      -4.988604898,      -4.393157584,      -9.727632686
          0,           0,         974,      -6.716670798,       -4.51837635,      -4.988419598,      -4.395699334,      -9.724777452
          0,           0,         975,      -6.719162324,      -4.520424349,       -4.98823324,      -4.398214433,      -9.721511418
          0,           0,         976,      -6.721545699,      -4.522469936,      -4.988038959,      -4.400700646,      -9.718177493
          0,           0,         977,      -6.723796567,      -4.524550022,      -4.987864907,      -4.403150601,      -9.715375416
          0,           0,         978,      -6.726001258,      -4.526621595,      -4.987685217,      -4.405580167,      -9.712375778
          0,           0,         979,      -6.728047411,       -4.52870963,      -4.987512709,      -4.407968097,      -9.709219575
          0,           0,         980,      -6.730016173,      -4.530799389,      -4.987343224,      -4.410325089,      -9.706673217
          0,           0,         981,      -6.731851666,      -4.532891867,      -4.987175388,      -4.412639125,      -9.703716255
          0,           0,         982,       -6.73356255,      -4.534978432,      -4.987003358,      -4.414911822,      -9.700642093
          0,           0,         983,      -6.735130013,      -4.537087787,      -4.986849142,      -4.417138157,      -9.698023408
          0,           0,         984,      -6.736629975,      -4.539185626,      -4.986691167,      -4.419333335,      -9.695119611
          0,           0,         985,      -6.737968645,      -4.541288179,      -4.986536801,      -4.421479349,      -9.692039767
          0,           0,         986,      -6.739207451,      -4.543389507,      -4.986386177,      -4.423584651,      -9.689567501
          0,           0,         987,        -6.7403145,      -4.545485637,      -4.986234842,      -4.425642869,      -9.686715448
          0,           0,         988,      -6.741288852,      -4.547564544,      -4.986074421,      -4.427653667,      -9.683763381
          0,           0,         989,      -6.742108123,      -4.549666305,      -4.985931063,      -4.429610662,      -9.681142214
          0,           0,         990,      -6.742868485,      -4.551743963,      -4.985777904,      -4.431533013,      -9.678288106
          0,           0,         991,      -6.743452266,      -4.553824628,      -4.985626118,      -4.433397988,      -9.675267306
          0,           0,         992,       -6.74394942,       -4.55589225,      -4.985470299,      -4.435218154,      -9.672925437
          0,           0,         993,      -6.744302262,      -4.557947873,      -4.985307765,      -4.436980137,      -9.670242935
          0,           0,         994,      -6.744522343,      -4.559982088,      -4.985131482,      -4.438685524,      -9.667567806
          0,           0,         995,      -6.744592299,      -4.562026303,      -4.984961916,      -4.440328233,      -9.665469128
          0,           0,         996,      -6.744593651,      -4.564043129,      -4.984776615,       -4.44192466,      -9.663421469
          0,           0,         997,      -6.744431149,      -4.566050421,      -4.984581704,      -4.443454354,      -9.661441897
          0,           0,         998,      -6.744171646,      -4.568041824,      -4.984376201,      -4.444926556,      -9.659539563
          0,           0,         999,      -6.743785914,      -4.570013231,      -4.984154686,      -4.446334521,      -9.657006269
          0,           0,        1000,      -6.743277807,      -4.571951828,      -4.983907948,      -4.447678821,      -9.654253539
          0,           0,        1001,      -6.742630423,      -4.573901466,      -4.983660744,      -4.448953975,      -9.651780491
          0,           0,        1002,      -6.741947056,      -4.575811479,      -4.983385814,      -4.450183416,       -9.64904414
          0,           0,        1003,      -6.741116013,      -4.577711669,      -4.983093326,      -4.451345077,      -9.646126244
          0,           0,        1004,      -6.740233873,      -4.579585138,      -4.982777304,       -4.45245609,       -9.64377602
          0,           0,        1005,        -6.7392512,      -4.581433507,      -4.982434496,      -4.453505891,      -9.641093261
          0,           0,        1006,      -6.738186674,       -4.58324715,      -4.982057515,      -4.454500342,      -9.638345297
          0,           0,        1007,       -6.73703029,      -4.585060732,      -4.981666064,      -4.455437022,      -9.635960624
          0,           0,        1008,      -6.735866542,      -4.586834467,      -4.981237892,      -4.456337412,      -9.633391156
          0,           0,        1009,      -6.734608083,      -4.588588255,      -4.980778946,      -4.457183233,      -9.630719498
          0,           0,        1010,      -6.733322534,      -4.590315951,      -4.980288284,      -4.457987366,      -9.628553035
          0,           0,        1011,      -6.731983513,      -4.592014104,      -4.979760875,      -4.458744817,      -9.626148068
          0,           0,        1012,      -6.730595553,      -4.593669515,      -4.979188134,      -4.459458199,      -9.623704961
          0,           0,        1013,      -6.729141398,      -4.595330223,      -4.978594659,      -4.460122501,      -9.621600269
          0,           0,        1014,      -6.727715817,      -4.596942583,      -4.977954644,      -4.460762862,      -9.619334738
          0,           0,        1015,      -6.726210382,      -4.598539294,      -4.977278787,      -4.461355766,      -9.616959468
          0,           0,        1016,       -6.72471237,      -4.600103236,      -4.976562255,      -4.461918878,      -9.615121811
          0,           0,        1017,      -6.723171006,      -4.601637005,      -4.975802953,      -4.462440098,      -9.613018769
          0,           0,        1018,      -6.721600561,      -4.603130856,      -4.974994898,      -4.462925147,      -9.610873456
          0,           0,        1019,      -6.719986808,      -4.604622774,        -4.9741583,      -4.463370275,      -9.609055225
          0,           0,        1020,      -6.718407296,      -4.606070106,      -4.973272948,      -4.463797955,      -9.607072189
          0,           0,        1021,      -6.716777376,      -4.607489096,      -4.972345576,      -4.464188177,      -9.604994273
          0,           0,        1022,      -6.715148303,      -4.608749893,       -4.97136875,      -4.464545966,      -9.603356407
          0,           0,        1023,      -6.713299825,      -4.609654414,      -4.970282911,        -4.4648164,      -9.601426296
          0,           0,        1024,      -6.710839752,      -4.611580978,      -4.969295196,      -4.464795046,      -9.599408033
          0,           0,        1025,       -6.71011346,      -4.610313783,      -4.967936704,      -4.465364367,      -9.597199668
          0,           0,        1026,      -6.703085106,      -4.614055538,      -4.966904448,      -4.463521834,      -9.595109954
          0,           0,        1027,      -6.706214405,      -4.615444392,      -4.965847799,       -4.46576729,      -9.593413085
          0,           0,        1028,      -6.704515214,      -4.615722327,      -4.964555796,      -4.465966839,      -9.592166675
          0,           0,        1029,      -6.700635393,      -4.617859864,      -4.963402142,      -4.465243153,      -9.590620162
          0,           0,        1030,      -6.701575212,      -4.619155951,      -4.962088333,      -4.466535309,      -9.588977907
          0,           0,        1031,      -6.700559193,       -4.62037492,      -4.960769245,      -4.467007005,      -9.587587359
          0,           0,        1032,      -6.699205607,      -4.621543457,      -4.959404719,      -4.467324801,      -9.586029449
          0,           0,        1033,      -6.697859803,      -4.622696193,      -4.958001072,      -4.467645395,      -9.584381999
          0,           0,        1034,       -6.69653334,      -4.623830412,      -4.956563847,       -4.46796497,      -9.583134291
          0,           0,        1035,      -6.695196575,      -4.624944577,      -4.955092978,      -4.468276789,      -9.581676895
          0,           0,        1036,      -6.693870845,      -4.626025959,      -4.953584316,      -4.468592082,      -9.580173572
          0,           0,        1037,      -6.692550539,      -4.627128629,      -4.952062559,      -4.468910353,      -9.578929805
          0,           0,        1038,      -6.691319357,      -4.628195495,      -4.950508042,      -4.469260259,        -9.5775391
          0,           0,        1039,      -6.690089271,      -4.629263679,      -4.948932888,      -4.469619923,      -9.576045098
          0,           0,        1040,      -6.688933152,      -4.630315647,      -4.947335678,      -4.470008824,      -9.574976492
          0,           0,        1041,      -6.687806815,      -4.631355803,      -4.945717514,      -4.470415618,      -9.573678915
          0,           0,        1042,       -6.68671957,      -4.632375364,       -4.94407589,      -4.470846301,      -9.572331474
          0,           0,        1043,      -6.685659204,      -4.633416297,      -4.942430704,      -4.471297989,      -9.571243178
          0,           0,        1044,      -6.684684581,       -4.63443456,      -4.940767256,      -4.471791879,      -9.570006553
          0,           0,        1045,      -6.683723157,      -4.635455394,      -4.939094107,      -4.472307986,      -9.568683776
          0,           0,        1046,      -6.682827465,      -4.636473571,       -4.93741411,      -4.472860811,      -9.567713538
          0,           0,        1047,      -6.681975016,      -4.637486849,      -4.935726759,      -4.473445111,      -9.566535512
          0,           0,        1048,      -6.681167039,      -4.638482373,      -4.934028716,      -4.474062931,      -9.565307874
          0,           0,        1049,      -6.680387684,      -4.639515863,      -4.932342883,      -4.474708512,      -9.564311898
          0,           0,        1050,      -6.679709345,      -4.640528518,      -4.930651921,      -4.475408129,      -9.563168985
          0,           0,        1051,      -6.679042942,      -4.641558634,      -4.928967288,      -4.476136603,      -9.561924837
          0,           0,        1052,      -6.678452839,      -4.642588472,      -4.927288112,      -4.476911747,      -9.561033451
          0,           0,        1053,      -6.677895781,      -4.643622224,      -4.925615477,      -4.477720939,      -9.559897571
          0,           0,        1054,      -6.677378249,      -4.644650651,      -4.923947342,      -4.478569185,      -9.558697046
          0,           0,        1055,      -6.676885429,      -4.645717301,      -4.922301873,      -4.479451914,      -9.557722883
          0,           0,        1056,      -6.676475076,      -4.646776657,      -4.920665667,      -4.480391663,      -9.556590122
          0,           0,        1057,      -6.676075666,      -4.647854531,      -4.919046329,      -4.481366489,      -9.555367651
          0,           0,        1058,      -6.675735392,      -4.648945279,      -4.917446172,      -4.482390041,      -9.554472832
          0,           0,        1059,      -6.675430367,      -4.650046372,      -4.915864418,      -4.483455829,      -9.553392531
          0,           0,        1060,      -6.675162459,      -4.651144297,       -4.91429768,      -4.484566522,      -9.552270784
          0,           0,        1061,       -6.67491741,       -4.65229622,       -4.91276638,      -4.485716659,      -9.551373739
          0,           0,        1062,      -6.674767802,      -4.653441171,      -4.911254412,      -4.486934572,      -9.550342904
          0,           0,        1063,      -6.674629041,      -4.654618243,      -4.909771794,      -4.488194296,      -9.549215771
          0,           0,        1064,      -6.674568485,      -4.655808814,      -4.908317396,      -4.489515819,      -9.548460216
          0,           0,        1065,      -6.674546179,      -4.657016766,      -4.906891816,      -4.490886111,       -9.54747255
          0,           0,        1066,      -6.674571669,       -4.65823207,      -4.905492797,      -4.492311154,      -9.546430816
          0,           0,        1067,      -6.674633223,      -4.659499553,      -4.904136595,      -4.493786628,      -9.545611987
          0,           0,        1068,      -6.674790159,       -4.66077156,      -4.902810569,      -4.495336989,      -9.544654983
          0,           0,        1069,      -6.674972458,      -4.662074565,      -4.901521293,      -4.496938658,      -9.543614858
          0,           0,        1070,      -6.675227715,      -4.663402323,      -4.900270467,      -4.498605593,      -9.542891008
          0,           0,        1071,      -6.675531431,      -4.664751912,      -4.899056916,      -4.500330053,       -9.54198199
          0,           0,        1072,      -6.675882686,      -4.666108809,      -4.897876981,      -4.502113029,      -9.541023927
          0,           0,        1073,       -6.67626392,      -4.667532573,      -4.896749014,      -4.503946369,      -9.540271587
          0,           0,        1074,      -6.676744957,      -4.668959026,      -4.895657511,      -4.505858542,      -9.539385929
          0,           0,        1075,      -6.677236191,      -4.670428882,      -4.894611126,      -4.507818305,       -9.53840232
          0,           0,        1076,      -6.677801898,       -4.67192215,      -4.893608091,      -4.509844589,      -9.537767796
          0,           0,        1077,      -6.678397288,      -4.673442586,      -4.892648243,      -4.511919911,      -9.536926563
          0,           0,        1078,      -6.679028052,      -4.674979179,      -4.891728664,       -4.51404773,      -9.536025489
          0,           0,        1079,      -6.679678812,      -4.676578706,      -4.890863748,      -4.516220425,      -9.535330774
          0,           0,        1080,      -6.680407634,      -4.678190503,      -4.890040852,      -4.518462774,      -9.534501649
          0,           0,        1081,      -6.681140607,      -4.679841969,      -4.889265287,      -4.520746619,      -9.533590335
          0,           0,        1082,      -6.681925677,      -4.681526005,      -4.888537812,      -4.523086265,      -9.532979479
          0,           0,        1083,      -6.682737607,      -4.683238971,      -4.887856485,       -4.52547249,      -9.532191561
          0,           0,        1084,      -6.683576561,      -4.684964728,      -4.887216971,        -4.5279066,       -9.53135802
          0,           0,        1085,      -6.684426283,      -4.686766322,      -4.886635927,      -4.530380187,      -9.530723589
          0,           0,        1086,      -6.685362806,      -4.688574611,      -4.886097819,      -4.532927194,      -9.529965716
          0,           0,        1087,      -6.686296267,      -4.690432681,      -4.885610183,      -4.535514192,      -9.529118423
          0,           0,        1088,      -6.687298451,      -4.692318379,      -4.885170572,      -4.538165347,      -9.528613395
          0,           0,        1089,      -6.688326658,      -4.694235259,      -4.884778161,       -4.54086317,      -9.527932843
          0,           0,        1090,      -6.689391212,      -4.696170979,      -4.884429495,      -4.543614229,      -9.527181238
          0,           0,        1091,      -6.690479776,      -4.698175013,      -4.884137745,       -4.54641199,      -9.526612607
          0,           0,        1092,      -6.691655487,       -4.70019192,      -4.883889669,      -4.549286165,      -9.525899342
          0,           0,        1093,      -6.692827785,      -4.702230981,      -4.883675311,      -4.552193737,       -9.52510817
          0,           0,        1094,      -6.693756144,      -4.704346146,      -4.883540249,      -4.554966533,      -9.524459453
          0,           0,        1095,      -6.695350688,      -4.706470366,      -4.883436791,      -4.558199647,      -9.523851913
          0,           0,        1096,      -6.696715091,       -4.70860624,      -4.883375737,      -4.561310337,      -9.523337545
          0,           0,        1097,      -6.698060123,       -4.71082192,      -4.883371746,       -4.56443759,       -9.52306138
          0,           0,        1098,      -6.699507268,      -4.713041545,      -4.883409061,      -4.567646802,      -9.522666818
          0,           0,        1099,      -6.700954049,      -4.715311748,      -4.883494713,      -4.570893308,      -9.522168377
          0,           0,        1100,      -6.702469903,      -4.717607611,      -4.883625794,      -4.574199428,      -9.521972957
          0,           0,        1101,      -6.704003558,      -4.719932519,      -4.883800959,      -4.577539717,      -9.521581667
          0,           0,        1102,      -6.705562866,      -4.722272384,      -4.884016231,      -4.580918413,      -9.521138794
          0,           0,        1103,      -6.707131455,      -4.724680797,      -4.884284123,      -4.584324233,      -9.520888211
          0,           0,        1104,      -6.708775844,      -4.727097214,      -4.884591455,      -4.587790172,      -9.520506431
          0,           0,        1105,      -6.710413042,      -4.729552413,      -4.884942116,      -4.591276742,      -9.520040819
          0,           0,        1106,      -6.712097569,      -4.732037224,      -4.885335821,      -4.594802272,      -9.519845126
          0,           0,        1107,      -6.713800625,       -4.73454569,      -4.885769532,      -4.598352662,      -9.519392623
          0,           0,        1108,      -6.715521102,      -4.737056783,      -4.886237846,      -4.601927582,      -9.518844738
          0,           0,        1109,      -6.717238398,      -4.739645359,      -4.886756187,      -4.605512354,      -9.518432413
          0,           0,        1110,      -6.719038918,      -4.742225456,      -4.887308115,      -4.609151997,       -9.51784936
          0,           0,        1111,      -6.720813777,      -4.744846672,      -4.887900103,      -4.612794641,      -9.517116951
          0,           0,        1112,      -6.722641229,      -4.747469007,       -4.88852843,      -4.616468513,      -9.516603728
          0,           0,        1113,      -6.724443657,      -4.750058297,      -4.889190327,      -4.620125956,       -9.51579879
          0,           0,        1114,      -6.726137079,      -4.752377346,      -4.889874133,      -4.623701343,      -9.514847243
          0,           0,        1115,      -6.727134023,      -4.749749333,      -4.890364075,      -4.626710176,      -9.513984246
          0,           0,        1116,      -6.715418622,      -4.746778739,      -4.889774246,      -4.618653927,      -9.512913274
          0,           0,        1117,       -6.69896433,      -4.761004939,      -4.892149193,      -4.608221301,       -9.51161277
          0,           0,        1118,      -6.727379882,      -4.763793276,       -4.89295056,      -4.633478022,       -9.51055817
          0,           0,        1119,      -6.734450653,      -4.766583834,      -4.893839424,      -4.641327498,       -9.50924899
          0,           0,        1120,      -6.737158657,      -4.769361703,      -4.894741351,      -4.645651008,      -9.507804316
          0,           0,        1121,      -6.739640971,      -4.772204793,       -4.89566717,      -4.649793245,      -9.506444771
          0,           0,        1122,       -6.74200121,      -4.774459429,      -4.896589624,      -4.653770414,      -9.504889266
          0,           0,        1123,      -6.743110537,      -4.777475393,      -4.897498588,      -4.656738788,      -9.503162534
          0,           0,        1124,      -6.745047405,      -4.780499205,        -4.8985434,      -4.660471998,       -9.50166042
          0,           0,        1125,      -6.746403464,      -4.783427643,      -4.899572629,      -4.663570268,      -9.499911077
          0,           0,        1126,      -6.749234061,      -4.786287152,      -4.900600124,      -4.667855313,      -9.498051451
          0,           0,        1127,      -6.751853871,      -4.789145684,      -4.901654621,      -4.671939776,      -9.496309732
          0,           0,        1128,      -6.754105934,      -4.791908466,      -4.902729392,      -4.675671208,      -9.494220188
          0,           0,        1129,      -6.756153724,      -4.794077139,      -4.903805519,      -4.679234682,      -9.492348644
          0,           0,        1130,      -6.756963376,      -4.745346148,      -4.902052449,      -4.680646984,      -9.490743697
          0,           0,        1131,      -6.654936622,      -4.791158866,      -4.903092117,      -4.589612593,      -9.489167827
          0,           0,        1132,      -6.736274945,       -4.80128302,      -4.906571011,      -4.666465527,      -9.488002172
          0,           0,        1133,      -6.729319735,      -4.805220084,      -4.908235205,      -4.661626151,      -9.487737172
          0,           0,        1134,      -6.748810832,      -4.808569847,      -4.909418476,      -4.680685309,       -9.48828169
          0,           0,        1135,      -6.762058113,      -4.811692607,      -4.910592864,       -4.69402921,      -9.488187738
          0,           0,        1136,      -6.767928371,      -4.814664091,      -4.911795585,      -4.700656383,      -9.488374181
          0,           0,        1137,      -6.771369763,      -4.817548877,      -4.913000439,      -4.705068138,      -9.488888004
          0,           0,        1138,      -6.774163553,      -4.820355391,      -4.914198105,      -4.708855831,      -9.490383816
          0,           0,        1139,      -6.776600229,      -4.823174747,      -4.915406078,      -4.712267603,      -9.493146959
          0,           0,        1140,      -6.778899786,      -4.825925782,      -4.916612059,      -4.715474659,      -9.494559312
          0,           0,        1141,      -6.781029896,      -4.828656299,      -4.917821616,      -4.718479985,        -9.4951761
          0,           0,        1142,      -6.783101665,      -4.831355172,      -4.919034842,      -4.721350638,      -9.495774224
          0,           0,        1143,      -6.785095257,      -4.834014428,      -4.920248198,      -4.724081566,      -9.496089898
          0,           0,        1144,      -6.787025426,      -4.836603829,      -4.921455338,      -4.726689626,         -9.496239
          0,           0,        1145,      -6.788875821,      -4.839233144,      -4.922674267,      -4.729162128,      -9.496483955
          0,           0,        1146,      -6.790781008,      -4.841778461,      -4.923885964,      -4.731594094,      -9.496565337
          0,           0,        1147,      -6.792590942,      -4.844315547,      -4.925098288,      -4.733898835,      -9.496515386
          0,           0,        1148,      -6.794424033,      -4.846801032,      -4.926307497,       -4.73613768,       -9.49670928
          0,           0,        1149,      -6.796205219,      -4.849239018,      -4.927511848,      -4.738262902,      -9.496686092
          0,           0,        1150,      -6.797948925,      -4.851605628,      -4.928706495,      -4.740289766,      -9.496574459
          0,           0,        1151,      -6.799632815,      -4.853987467,      -4.929906639,      -4.742201035,      -9.496594263
          0,           0,        1152,      -6.801360727,      -4.856285223,      -4.931096576,      -4.744071982,      -9.496458778
          0,           0,        1153,      -6.803007679,      -4.858548248,      -4.932281297,      -4.745827027,      -9.496213578
          0,           0,        1154,      -6.804658736,      -4.860761592,      -4.933460992,      -4.747509233,      -9.496180281
          0,           0,        1155,      -6.806269902,       -4.86291487,      -4.934632434,      -4.749093893,       -9.49596077
          0,           0,        1156,       -6.80783879,      -4.864973595,      -4.935789583,      -4.750583559,      -9.495666067
          0,           0,        1157,      -6.809332397,      -4.867059054,      -4.936952283,      -4.751950601,      -9.495504651
          0,           0,        1158,      -6.810880798,      -4.869030264,      -4.938101031,      -4.753285274,       -9.49520716
          0,           0,        1159,      -6.812311494,      -4.870963713,      -4.939244751,      -4.754483435,       -9.49480702
          0,           0,        1160,      -6.813736869,      -4.872791569,       -4.94037994,      -4.755603682,      -9.494756188
          0,           0,        1161,      -6.815025865,      -4.874415044,      -4.941503593,       -4.75653336,      -9.494510793
          0,           0,        1162,      -6.815968187,      -4.874680547,      -4.942584912,      -4.757081584,      -9.494196164
          0,           0,        1163,      -6.814026401,      -4.852164828,      -4.942106978,      -4.753840714,      -9.494040904
          0,           0,        1164,      -6.768437054,      -4.756581226,       -4.93581561,      -4.703041418,      -9.493719159
          0,           0,        1165,      -6.597024881,      -4.869132722,      -4.942748932,      -4.542076726,      -9.493337668
          0,           0,        1166,      -6.798725163,      -4.873262298,      -4.945359272,      -4.740062342,      -9.493239956
          0,           0,        1167,      -6.761066652,       -4.87909197,      -4.947814203,      -4.705149083,      -9.492984634
          0,           0,        1168,      -6.778080743,        -4.8828508,      -4.949074098,      -4.720358424,      -9.492677194
          0,           0,        1169,      -6.804580096,       -4.88557759,      -4.950120496,      -4.743744299,      -9.492534018
          0,           0,        1170,      -6.817398702,      -4.887562962,      -4.951208821,      -4.754299108,      -9.492296311
          0,           0,        1171,      -6.822311943,      -4.889200545,      -4.952311395,      -4.757936928,      -9.491986919
          0,           0,        1172,       -6.82516284,      -4.890605051,      -4.953393102,      -4.759889055,      -9.491936203
          0,           0,        1173,      -6.827221271,      -4.891860138,      -4.954453704,      -4.761178494,      -9.491691353
          0,           0,        1174,       -6.82877573,      -4.892977979,      -4.955496099,      -4.761995376,      -9.491373298
          0,           0,        1175,      -6.830000447,       -4.89408025,      -4.956543229,      -4.762487573,      -9.491191214
          0,           0,        1176,      -6.831149092,      -4.895066438,      -4.957580824,      -4.762864773,      -9.490858935
          0,           0,        1177,      -6.832148948,      -4.896002201,      -4.958616455,      -4.763114714,      -9.490413207
          0,           0,        1178,      -6.833142041,      -4.896877015,      -4.959651714,      -4.763327522,      -9.490158615
          0,           0,        1179,      -6.834105332,      -4.897684549,      -4.960684274,      -4.763501591,      -9.489698822
          0,           0,        1180,      -6.835052595,       -4.89839186,      -4.961708752,      -4.763654175,      -9.489133549
          0,           0,        1181,      -6.835954971,      -4.899137079,      -4.962748537,      -4.763762815,      -9.488658005
          0,           0,        1182,      -6.836961379,       -4.89977156,      -4.963783258,      -4.763926208,      -9.488000982
          0,           0,        1183,      -6.837882106,      -4.900388701,      -4.964824051,      -4.764039813,      -9.487193466
          0,           0,        1184,      -6.838851648,      -4.900941441,      -4.965868452,      -4.764167043,      -9.486586298
          0,           0,        1185,      -6.839768615,      -4.901435984,      -4.966916088,      -4.764248158,      -9.485732851
          0,           0,        1186,      -6.840640936,      -4.901841676,      -4.967962943,      -4.764293683,      -9.484763275
          0,           0,        1187,      -6.841420863,        -4.9022454,      -4.969028529,      -4.764268026,      -9.483873113
          0,           0,        1188,      -6.842197015,      -4.902472316,       -4.97009489,      -4.764223617,      -9.482735018
          0,           0,        1189,      -6.842681862,      -4.902049656,      -4.971158059,      -4.763962597,      -9.481345527
          0,           0,        1190,       -6.84188401,       -4.87230493,      -4.971032223,       -4.76237879,      -9.480123626
          0,           0,        1191,      -6.782541342,      -4.892714329,      -4.971240306,      -4.708843174,      -9.478729149
          0,           0,        1192,      -6.818154914,      -4.902794269,      -4.974240141,      -4.740705654,      -9.477263581
          0,           0,        1193,      -6.825123007,      -4.903610305,       -4.97553279,      -4.746291123,      -9.475893435
          0,           0,        1194,      -6.838136662,      -4.904054437,       -4.97665791,      -4.756865842,      -9.474469919
          0,           0,        1195,      -6.844107374,      -4.904392353,      -4.977810158,      -4.761310846,      -9.473148864
          0,           0,        1196,      -6.846524084,      -4.904628637,      -4.978980279,      -4.762719181,      -9.472443035
          0,           0,        1197,      -6.847996614,      -4.904799364,      -4.980156408,      -4.763360383,      -9.472187395
          0,           0,        1198,      -6.849183922,      -4.904896251,      -4.981334336,      -4.763784679,      -9.472531911
          0,           0,        1199,       -6.85019844,      -4.905031978,       -4.98253742,      -4.764084935,      -9.472413067
          0,           0,        1200,      -6.851266338,      -4.905098887,      -4.983748935,      -4.764421702,      -9.471636682
          0,           0,        1201,      -6.852280342,      -4.905160562,      -4.984977487,      -4.764751146,      -9.470689722
          0,           0,        1202,      -6.853368759,      -4.905174747,      -4.986224189,      -4.765135558,      -9.469987328
          0,           0,        1203,      -6.854403588,      -4.905120102,       -4.98748594,       -4.76548521,      -9.469247093
          0,           0,        1204,      -6.855247825,      -4.905165369,      -4.988761462,      -4.765691495,      -9.468577209
          0,           0,        1205,      -6.856643174,      -4.905232345,      -4.990069579,      -4.766359956,      -9.468091665
          0,           0,        1206,      -6.858071896,      -4.905210242,      -4.991394482,      -4.767024492,      -9.467506102
          0,           0,        1207,       -6.85934176,       -4.90521345,      -4.992744488,      -4.767589282,      -9.466869602
          0,           0,        1208,      -6.860727056,      -4.905193956,      -4.994115552,      -4.768218766,      -9.466512897
          0,           0,        1209,      -6.862083995,      -4.905162652,      -4.995507143,      -4.768820134,      -9.466030231
          0,           0,        1210,      -6.863415023,      -4.905095449,      -4.996914276,      -4.769394692,      -9.465524856
          0,           0,        1211,      -6.864697594,      -4.905094647,      -4.998358768,      -4.769925778,       -9.46517845
          0,           0,        1212,        -6.8660756,      -4.905039699,      -4.999820214,      -4.770501219,       -9.46473781
          0,           0,        1213,      -6.867347408,      -4.904992271,      -5.001306283,       -4.77100875,      -9.464236492
          0,           0,        1214,      -6.868630952,      -4.904918426,      -5.002817343,      -4.771499384,      -9.463949507
          0,           0,        1215,      -6.869810699,      -4.904744635,      -5.004348328,      -4.771902707,      -9.463529047
          0,           0,        1216,      -6.870655839,      -4.903671798,      -5.005868246,      -4.772045773,      -9.463071968
          0,           0,        1217,      -6.868324268,      -3.652497588,      -4.350449115,      -4.353452409,      -9.457415316
          0,           0,        1218,      -5.597043199,      -4.713962078,      -4.715230575,      -3.550326911,      -9.458229232
          0,           0,        1219,      -6.226911701,      -4.793880108,      -4.805363997,      -4.176330241,      -9.458791143
          0,           0,        1220,      -6.025245533,      -4.844095639,      -4.937970989,      -3.975511879,      -9.458963168
          0,           0,        1221,      -6.082716407,      -4.871199699,      -4.992104471,      -4.034072543,      -9.458132752
          0,           0,        1222,      -6.258423486,      -4.884635545,      -5.000527454,      -4.209407911,      -9.457486218
          0,           0,        1223,      -6.439349256,      -4.890507944,      -5.006383385,      -4.386611422,      -9.457496652
          0,           0,        1224,      -6.551238789,      -4.895778078,      -5.013047559,      -4.492005847,      -9.457658185
          0,           0,        1225,      -6.623604672,      -4.897003112,       -5.01801076,       -4.55749091,      -9.457723362
          0,           0,        1226,      -6.693539623,      -4.773852891,      -5.012633752,      -4.618692609,      -9.457794942
          0,           0,        1227,      -6.599586425,      -4.888339581,      -5.016888229,      -4.533378399,      -9.457543856
          0,           0,        1228,      -6.767082329,      -4.898385032,      -5.023601046,      -4.682110437,      -9.457207464
          0,           0,        1229,      -6.768905179,      -4.901415979,      -5.027303304,      -4.683622312,      -9.456935317
          0,           0,        1230,      -6.808913642,       -4.90313918,      -5.029484495,      -4.716358737,      -9.456550148
          0,           0,        1231,      -6.840319876,      -4.904271172,      -5.031470858,      -4.740905011,      -9.456135198
          0,           0,        1232,      -6.857402403,      -4.905032985,      -5.033477067,      -4.753565867,      -9.456022466
          0,           0,        1233,       -6.86959319,      -4.905626943,      -5.035496089,      -4.762259881,      -9.455844446
          0,           0,        1234,      -6.880339092,       -4.90607064,      -5.037496944,       -4.76969013,      -9.455686627
          0,           0,        1235,      -6.888879512,      -4.906530274,      -5.039535501,      -4.775340059,      -9.455695904
          0,           0,        1236,       -6.89516214,      -4.906936225,      -5.041600546,      -4.779219596,      -9.455592695
          0,           0,        1237,      -6.899536185,      -4.907364829,      -5.043701835,      -4.781678977,      -9.455414451
          0,           0,        1238,      -6.902993495,       -4.90780499,      -5.045832016,      -4.783401669,      -9.455439146
          0,           0,        1239,      -6.906151233,      -4.908250707,      -5.047975427,      -4.784858184,      -9.455340506
          0,           0,        1240,      -6.909345191,      -4.908671645,      -5.050114634,      -4.786302736,      -9.455212168
          0,           0,        1241,      -6.912541322,      -4.909194339,      -5.052280647,      -4.787723661,      -9.455227486
          0,           0,        1242,      -6.915824615,      -4.909678568,      -5.054442974,      -4.789148936,      -9.455160602
          0,           0,        1243,      -6.918810156,      -4.910210316,      -5.056619729,      -4.790382971,      -9.455036177
          0,           0,        1244,        -6.9216932,       -4.91074619,       -5.05880825,      -4.791497407,      -9.455170233
          0,           0,        1245,      -6.924412685,      -4.911293225,      -5.061007963,      -4.792481374,       -9.45518517
          0,           0,        1246,      -6.927077128,      -4.911828104,       -5.06321196,      -4.793414374,      -9.455106983
          0,           0,        1247,      -6.929679522,      -4.912446282,      -5.065449067,      -4.794300841,      -9.455152128
          0,           0,        1248,      -6.932380654,      -4.913043537,      -5.067692012,       -4.79522541,      -9.455083027
          0,           0,        1249,      -6.934878022,       -4.91367543,      -5.069950706,       -4.79604855,      -9.454935633
          0,           0,        1250,      -6.937263466,      -4.914329441,      -5.072226224,      -4.796788439,      -9.454970178
          0,           0,        1251,      -6.939418178,      -4.914997701,      -5.074512894,      -4.797392384,        -9.4548524
          0,           0,        1252,      -6.941348243,      -4.915649485,      -5.076800106,      -4.797870862,       -9.45466623
          0,           0,        1253,       -6.94303776,      -4.916409318,      -5.079123274,      -4.798209293,      -9.454587219
          0,           0,        1254,      -6.944793604,       -4.91714659,      -5.081447273,      -4.798558893,      -9.454379899
          0,           0,        1255,      -6.946409736,      -4.917940822,       -5.08378716,      -4.798844524,      -9.454068085
          0,           0,        1256,       -6.94818789,      -4.918751406,      -5.086137627,      -4.799176983,      -9.453949968
          0,           0,        1257,      -6.950049866,      -4.919582729,      -5.088495214,      -4.799521889,      -9.453646168
          0,           0,        1258,      -6.952074813,       -4.92041217,      -5.090851058,      -4.799918526,      -9.453220092
          0,           0,        1259,      -6.954252836,      -4.921333041,      -5.093236479,      -4.800351737,       -9.45291216
          0,           0,        1260,      -6.956794631,      -4.922239939,      -5.095620864,      -4.800916142,       -9.45249518
          0,           0,        1261,      -6.959424417,      -4.923186379,       -5.09801512,      -4.801497527,      -9.452004356
          0,           0,        1262,      -6.962261363,       -4.92414109,      -5.100420308,      -4.802125841,      -9.451691048
          0,           0,        1263,      -6.965121145,      -4.925099787,      -5.102830624,      -4.802721425,      -9.451240695
          0,           0,        1264,      -6.967885989,      -4.926104955,      -5.105238325,      -4.803244892,      -9.450732625
          0,           0,        1265,      -6.970780845,      -4.927200584,      -5.107677211,      -4.803853563,      -9.450344009
          0,           0,        1266,      -6.973722529,      -4.928260248,      -5.110114115,      -4.804476624,      -9.449849104
          0,           0,        1267,      -6.976297965,      -4.929366003,      -5.112563032,      -4.804959424,      -9.449279465
          0,           0,        1268,      -6.978769153,      -4.930488174,      -5.115019421,      -4.805410097,      -9.448913507
          0,           0,        1269,      -6.980976639,      -4.931626836,      -5.117478391,      -4.805779101,      -9.448404381
          0,           0,        1270,      -6.982937486,      -4.932757013,      -5.119929515,      -4.806086595,      -9.447848626
          0,           0,        1271,      -6.984622084,      -4.933976621,      -5.122408716,      -4.806315488,      -9.447422509
          0,           0,        1272,      -6.986292143,      -4.935168544,      -5.124879832,      -4.806573003,      -9.446896017
          0,           0,        1273,      -6.987665886,       -4.93637368,       -5.12735497,      -4.806750995,      -9.446305624
          0,           0,        1274,      -6.988901137,      -4.937494086,      -5.129831481,      -4.806870556,      -9.445912061
          0,           0,        1275,      -6.989503018,      -4.937781016,      -5.132264348,      -4.806682178,      -9.445399263
          0,           0,        1276,      -6.985361128,      -4.691190372,      -5.091915269,      -4.795737175,       -9.44475916
          0,           0,        1277,      -6.484051512,      -4.925119757,      -5.121433113,      -4.418826423,      -9.444363958
          0,           0,        1278,      -6.907706029,      -4.940159339,      -5.133772047,       -4.75754013,      -9.444096734
          0,           0,        1279,      -6.854193107,      -4.943132331,      -5.140871391,       -4.72220242,      -9.443987181
          0,           0,        1280,      -6.890216301,      -4.945672598,       -5.14449494,      -4.745776803,      -9.444291489
          0,           0,        1281,      -6.965411822,      -4.939498503,      -5.146530795,       -4.79112362,       -9.44401173
          0,           0,        1282,      -6.939703508,      -4.947884784,      -5.149449629,      -4.775800526,      -9.443395582
          0,           0,        1283,      -6.980887025,      -4.949646003,      -5.151979686,      -4.798120536,      -9.442996796
          0,           0,        1284,      -6.994331589,      -4.951237107,      -5.154611269,      -4.804477173,      -9.442556636
          0,           0,        1285,      -7.000784009,      -4.952799426,      -5.157219509,      -4.807227627,      -9.442055345
          0,           0,        1286,      -7.006059745,      -4.954337812,      -5.159790187,      -4.809409925,      -9.441733367
          0,           0,        1287,      -7.010095145,      -4.955798892,      -5.162152056,      -4.811002356,      -9.441265047
          0,           0,        1288,      -7.009622712,      -4.957314456,      -5.164781605,      -4.810417193,      -9.440748038
          0,           0,        1289,      -7.014890923,       -4.95891296,      -5.167427502,      -4.812718717,      -9.440343091
          0,           0,        1290,      -7.016664715,      -4.960442201,      -5.169998177,      -4.813304556,      -9.439843198
          0,           0,        1291,      -7.018785521,      -4.961999442,      -5.172572188,      -4.814161906,      -9.439275044
          0,           0,        1292,       -7.02085144,      -4.963422626,      -5.175151402,      -4.815020626,      -9.438909492
          0,           0,        1293,      -7.022149823,      -4.963761693,      -5.177663499,      -4.815565115,      -9.438422714
          0,           0,        1294,      -7.017139607,      -4.966060969,      -5.180282885,      -4.813196832,      -9.437905242
          0,           0,        1295,      -7.021204845,      -4.968185037,      -5.182830938,      -4.815134948,       -9.43751874
          0,           0,        1296,      -7.026235648,      -4.969703074,       -5.18547826,      -4.817504375,      -9.437047369
          0,           0,        1297,      -7.028119601,       -4.96925279,       -5.18802471,       -4.81839055,      -9.436524258
          0,           0,        1298,       -7.02251662,      -4.962609729,      -5.188850902,      -4.815581534,      -9.436195756
          0,           0,        1299,      -6.982545422,      -4.877620401,      -5.181789826,      -4.797602019,      -9.435708635
          0,           0,        1300,      -6.711463257,        -4.9619538,      -5.185680936,        -4.6139233,      -9.435227043
          0,           0,        1301,      -6.964923243,      -4.977235191,      -5.196886353,      -4.786067944,      -9.434915082
          0,           0,        1302,      -6.962068352,      -4.979196828,      -5.200959717,      -4.784732269,      -9.434515684
          0,           0,        1303,      -7.001639936,      -4.980870931,      -5.203771573,      -4.805925683,      -9.434060573
          0,           0,        1304,      -7.029427927,      -4.974685089,      -5.205288725,      -4.819426908,      -9.433803954
          0,           0,        1305,      -6.998031523,      -4.977047332,      -5.207584383,      -4.804154867,      -9.433454524
          0,           0,        1306,      -7.017746725,      -4.984744915,      -5.211759948,      -4.814581282,      -9.433084648
          0,           0,        1307,      -7.026632968,      -4.986659538,      -5.214483072,      -4.819196195,      -9.432852226
          0,           0,        1308,      -7.038316653,      -4.988313597,      -5.217137336,      -4.824962573,      -9.432549505
          0,           0,        1309,      -7.043827272,      -4.989890456,       -5.21983777,      -4.827813595,      -9.432206737
          0,           0,        1310,      -7.046961055,      -4.991374827,      -5.222553896,      -4.829581036,      -9.432080653
          0,           0,        1311,      -7.049457498,      -4.992676192,      -5.225261018,      -4.831109358,      -9.431857552
          0,           0,        1312,      -7.051161537,      -4.991673433,      -5.227805792,      -4.832311677,      -9.431627977
          0,           0,        1313,      -7.041273941,      -4.991920187,      -5.229478697,      -4.828109111,      -9.431540587
          0,           0,        1314,      -7.035000328,      -4.992795239,      -5.232782338,       -4.82621796,      -9.431391023
          0,           0,        1315,      -7.010823831,       -4.99399664,      -5.235901876,      -4.815196924,      -9.431202812
          0,           0,        1316,      -7.015100332,      -4.998464481,      -5.238635282,      -4.817684059,      -9.431238948
          0,           0,        1317,      -7.043587372,       -5.00139458,      -5.241069567,      -4.831589622,      -9.431180465
          0,           0,        1318,      -7.054871094,      -5.002782924,      -5.243933091,      -4.837158024,       -9.43111462
          0,           0,        1319,      -7.053254946,      -5.004159528,      -5.246958587,      -4.837031749,      -9.431197561
          0,           0,        1320,      -7.057728273,      -5.005506576,      -5.249818536,      -4.839707503,      -9.431218625
          0,           0,        1321,      -7.064970626,      -5.006776375,      -5.252580356,      -4.843612808,      -9.431202353
          0,           0,        1322,      -7.070044651,      -5.005445748,      -5.254993847,      -4.846439312,      -9.431398354
          0,           0,        1323,      -7.057032647,      -4.984862229,      -5.253556565,      -4.840355687,       -9.43150881
          0,           0,        1324,      -6.958909683,      -5.010325456,      -5.260427281,      -4.791055668,      -9.431561202
          0,           0,        1325,      -7.057048013,      -5.011577638,      -5.263142815,      -4.842574345,      -9.431760225
          0,           0,        1326,      -7.071489193,      -5.012709447,      -5.266201625,      -4.849592897,      -9.431892662
          0,           0,        1327,      -7.074801295,      -5.013818101,       -5.26913566,      -4.851642508,      -9.431976164
          0,           0,        1328,      -7.080171197,      -4.922123498,      -5.258118308,      -4.852602478,      -9.432278808
          0,           0,        1329,      -6.763200254,      -5.006403009,      -5.265326564,      -4.659046692,      -9.432430163
          0,           0,        1330,      -7.042620733,       -4.98108105,      -5.265315172,      -4.839288181,      -9.432571601
          0,           0,        1331,      -6.850005731,      -5.014429083,      -5.279584195,      -4.725834642,      -9.432851851
          0,           0,        1332,      -6.960569419,      -5.018282395,       -5.28193098,      -4.796829757,       -9.43304323
          0,           0,        1333,      -7.052499808,      -5.019747385,      -5.284732826,      -4.845263544,      -9.433182187
          0,           0,        1334,      -7.073795499,      -5.020804908,      -5.287931546,      -4.855259307,      -9.433522688
          0,           0,        1335,       -7.08232912,      -5.021737006,      -5.290920225,       -4.85961562,      -9.433740896
          0,           0,        1336,      -7.091771337,      -5.022559712,      -5.293681629,       -4.86445566,      -9.433921878
          0,           0,        1337,      -7.098983873,      -5.023454725,      -5.296418565,      -4.868281835,      -9.434222598
          0,           0,        1338,       -7.10408706,      -5.024246508,      -5.299089437,      -4.871107133,      -9.434433424
          0,           0,        1339,       -7.10755792,      -5.025043002,      -5.301749227,      -4.873247462,      -9.434573588
          0,           0,        1340,      -7.110619149,      -5.025797294,      -5.304391523,      -4.875147652,      -9.434908114
          0,           0,        1341,      -7.113306233,      -5.026513344,      -5.307007185,      -4.876868121,      -9.435109008
          0,           0,        1342,      -7.115808984,      -5.027151834,      -5.309567545,      -4.878494723,      -9.435267048
          0,           0,        1343,      -7.118077732,      -5.027867447,      -5.312168319,      -4.880007891,      -9.435542785
          0,           0,        1344,      -7.120659551,      -5.028489669,      -5.314714866,      -4.881585662,      -9.435731051
          0,           0,        1345,      -7.122928016,       -5.02910644,      -5.317243738,      -4.883053632,      -9.435862471
          0,           0,        1346,       -7.12533937,       -5.02963716,       -5.31974739,      -4.884515454,      -9.436186614
          0,           0,        1347,      -7.127599513,      -5.029394118,      -5.322197557,      -4.885876769,      -9.436317514
          0,           0,        1348,      -7.129079932,      -5.019905483,      -5.324158576,      -4.886998487,      -9.436387819
          0,           0,        1349,      -7.121322522,      -5.031229236,      -5.326954447,      -4.884187274,      -9.436458164
          0,           0,        1350,      -7.133611169,      -5.031840669,      -5.329379579,      -4.889545952,       -9.43669218
          0,           0,        1351,      -7.136416631,      -5.032316834,      -5.331738414,      -4.891077982,      -9.436785973
          0,           0,        1352,      -7.139234235,       -5.03188507,      -5.333994427,      -4.892540194,      -9.437059058
          0,           0,        1353,      -7.140158642,      -5.030453895,      -5.335955946,      -4.893297116,      -9.437161727
          0,           0,        1354,      -7.138707578,      -5.033709538,      -5.338464296,      -4.893021404,      -9.437176446
          0,           0,        1355,      -7.145969296,      -5.034196524,      -5.340677118,      -4.896246754,      -9.437372645
          0,           0,        1356,      -7.149081552,       -5.03461934,      -5.342819567,      -4.897764508,      -9.437519669
          0,           0,        1357,      -7.151495256,      -5.035061341,      -5.344924384,      -4.899051731,      -9.437619176
          0,           0,        1358,      -7.153964002,      -5.035480151,       -5.34699029,      -4.900310423,      -9.437919646
          0,           0,        1359,      -7.156232008,      -5.035877747,      -5.349003428,      -4.901480122,      -9.438107385
          0,           0,        1360,      -7.158332676,      -5.036210788,      -5.350926522,      -4.902580332,      -9.438272063
          0,           0,        1361,       -7.16010169,      -5.036655384,      -5.352886395,       -4.90355001,      -9.438491431
          0,           0,        1362,       -7.16224073,      -5.037021325,      -5.354759377,      -4.904596365,      -9.438611167
          0,           0,        1363,      -7.163906537,      -5.037423961,      -5.356599697,      -4.905506019,       -9.43865683
          0,           0,        1364,      -7.165754424,       -5.03780964,      -5.358389701,      -4.906423547,      -9.438896535
          0,           0,        1365,       -7.16739618,      -5.038185632,      -5.360118932,      -4.907250111,      -9.438992668
          0,           0,        1366,        -7.1689206,      -5.038514773,      -5.361753762,      -4.908023938,      -9.439043257
          0,           0,        1367,      -7.170194324,      -5.038947494,      -5.363413536,      -4.908697907,      -9.439212931
          0,           0,        1368,      -7.171874285,      -5.039321159,      -5.364983539,       -4.90946787,      -9.439283213
          0,           0,        1369,      -7.173183456,      -5.039726168,      -5.366509001,      -4.910141546,      -9.439282979
          0,           0,        1370,      -7.174682808,      -5.040132442,      -5.367987404,      -4.910840724,       -9.43946807
          0,           0,        1371,      -7.176063579,      -5.040535146,      -5.369403183,      -4.911495208,      -9.439517093
          0,           0,        1372,       -7.17734959,       -5.04088806,      -5.370716559,      -4.912125289,      -9.439519892
          0,           0,        1373,      -7.178352881,      -5.041370887,      -5.372071249,      -4.912667757,      -9.439639343
          0,           0,        1374,      -7.179836222,      -5.041788779,      -5.373332414,      -4.913342341,      -9.439664757
          0,           0,        1375,      -7.180840422,      -5.042261317,      -5.374564665,      -4.913917065,      -9.439625136
          0,           0,        1376,      -7.182076259,      -5.042730714,      -5.375749094,      -4.914542776,       -9.43981189
          0,           0,        1377,      -7.183076643,      -5.043206083,      -5.376878227,      -4.915102326,      -9.439875357
          0,           0,        1378,      -7.183922716,      -5.043651946,      -5.377919745,      -4.915629406,      -9.439899597
          0,           0,        1379,      -7.184457634,      -5.044213254,      -5.379000601,      -4.916067424,      -9.440052479
          0,           0,        1380,      -7.185348173,      -5.044732927,      -5.380002118,       -4.91660666,      -9.440117047
          0,           0,        1381,      -7.185779355,      -5.045296167,      -5.380971026,      -4.917045552,      -9.440126447
          0,           0,        1382,      -7.186321981,      -5.045877639,       -5.38190846,      -4.917500282,      -9.440337286
          0,           0,        1383,      -7.186679759,      -5.046469231,       -5.38279632,      -4.917903461,       -9.44043705
          0,           0,        1384,      -7.186879972,       -5.04702312,      -5.383591662,      -4.918273787,      -9.440515392
          0,           0,        1385,      -7.186746422,      -5.047723409,      -5.384448676,       -4.91854869,      -9.440740259
          0,           0,        1386,      -7.187109232,      -5.048369267,      -5.385221826,      -4.918964997,      -9.440912225
          0,           0,        1387,      -7.186979893,      -5.049084908,      -5.385981464,      -4.919288029,      -9.441076508
          0,           0,        1388,       -7.18714205,      -5.049807557,      -5.386704599,      -4.919688313,      -9.441534449
          0,           0,        1389,      -7.187117711,      -5.050547784,      -5.387384322,      -4.920049423,       -9.44186436
          0,           0,        1390,      -7.187019882,      -5.051271012,      -5.387988329,      -4.920418207,      -9.442097986
          0,           0,        1391,      -7.186711728,      -5.052118183,        -5.3886461,      -4.920746537,      -9.442451073
          0,           0,        1392,      -7.186857079,      -5.052935614,      -5.389237267,      -4.921231168,      -9.442737374
          0,           0,        1393,      -7.186658515,      -5.053804416,      -5.389808458,      -4.921674434,      -9.443001592
          0,           0,        1394,      -7.186662692,      -5.054703586,      -5.390364959,      -4.922191035,      -9.443518949
          0,           0,        1395,      -7.186587809,      -5.055621581,      -5.390887099,        -4.9227177,      -9.443915922
          0,           0,        1396,      -7.186435011,      -5.056508965,      -5.391331199,      -4.923265955,      -9.444273015
          0,           0,        1397,      -7.186014365,      -5.057555579,      -5.391858832,       -4.92376442,      -9.444751076
          0,           0,        1398,      -7.186138242,      -5.058553421,      -5.392319186,      -4.924449531,      -9.445134032
          0,           0,        1399,       -7.18579411,      -5.059631839,      -5.392787126,      -4.925069023,      -9.445445523
          0,           0,        1400,      -7.185759343,      -5.060723467,      -5.393237794,      -4.925792175,      -9.445986899
          0,           0,        1401,      -7.185529017,      -5.061839815,      -5.393665099,      -4.926485243,      -9.446402305
          0,           0,        1402,      -7.185209633,      -5.062945695,      -5.394036833,      -4.927189547,      -9.446791836
          0,           0,        1403,      -7.184662201,      -5.064182722,      -5.394483744,      -4.927848937,      -9.447239082
          0,           0,        1404,      -7.184532398,      -5.065395108,      -5.394883752,      -4.928660092,      -9.447502598
          0,           0,        1405,       -7.18404445,      -5.066663128,      -5.395282432,       -4.92941814,      -9.447651733
          0,           0,        1406,      -7.183735649,      -5.067967494,      -5.395686434,      -4.930239908,      -9.447974246
          0,           0,        1407,      -7.183351401,      -5.069293755,      -5.396073563,      -4.931066306,      -9.448196998
          0,           0,        1408,      -7.182900094,      -5.070589837,      -5.396398181,      -4.931912117,      -9.448467603
          0,           0,        1409,      -7.182214313,      -5.072053825,      -5.396824447,       -4.93270913,      -9.448967018
          0,           0,        1410,      -7.182108504,      -5.073467491,      -5.397196893,      -4.933712215,      -9.449175404
          0,           0,        1411,      -7.181600647,      -5.074966458,      -5.397591241,      -4.934664591,      -9.448955291
          0,           0,        1412,      -7.181472441,      -5.076478865,      -5.397980359,      -4.935752176,      -9.448761113
          0,           0,        1413,      -7.181232797,       -5.07801677,      -5.398357173,      -4.936838964,      -9.448382671
          0,           0,        1414,      -7.180995001,      -5.079542862,       -5.39868801,      -4.937973678,      -9.447892739
          0,           0,        1415,      -7.180625907,      -5.081205427,      -5.399104877,      -4.939100261,      -9.447454066
          0,           0,        1416,      -7.180757556,      -5.082840531,      -5.399482907,      -4.940428131,      -9.446871098
          0,           0,        1417,      -7.180623404,       -5.08453189,      -5.399867513,      -4.941739906,       -9.44624344
          0,           0,        1418,      -7.180740245,      -5.086259547,      -5.400265372,      -4.943155743,       -9.44588315
          0,           0,        1419,      -7.180847115,      -5.088007189,      -5.400653026,      -4.944608202,      -9.445368349
          0,           0,        1420,      -7.180934743,      -5.089718632,      -5.400983396,      -4.946105058,      -9.444979747
          0,           0,        1421,      -7.180819746,      -5.091605258,      -5.401423599,      -4.947563905,      -9.445159871
          0,           0,        1422,      -7.181298848,      -5.093433015,      -5.401814484,      -4.949251325,      -9.445050823
          0,           0,        1423,      -7.181377406,      -5.095346856,      -5.402233065,      -4.950881854,      -9.444464795
          0,           0,        1424,        -7.1818278,      -5.097268759,      -5.402650939,      -4.952650712,      -9.443938682
          0,           0,        1425,      -7.182147584,      -5.099211154,      -5.403060486,        -4.9544041,      -9.443261707
          0,           0,        1426,      -7.182445128,       -5.10113311,      -5.403426762,      -4.956190487,      -9.442698404
          0,           0,        1427,      -7.182582488,      -5.103194033,      -5.403883715,      -4.957944557,      -9.442669995
          0,           0,        1428,      -7.183199225,      -5.105216408,      -5.404303175,      -4.959894145,      -9.443363013
          0,           0,        1429,      -7.183522898,      -5.107289987,      -5.404730539,      -4.961800328,       -9.44533968
          0,           0,        1430,      -7.184083206,      -5.109392902,      -5.405171843,      -4.963797176,      -9.448679358
          0,           0,        1431,      -7.184623664,      -5.111506736,      -5.405602139,      -4.965813766,      -9.450285656
          0,           0,        1432,      -7.185142878,      -5.113569515,      -5.405972294,      -4.967862604,      -9.451164968
          0,           0,        1433,      -7.185460751,      -5.115812084,      -5.406452425,      -4.969855671,      -9.451936024
          0,           0,        1434,      -7.186402346,      -5.117977757,      -5.406878764,      -4.972095047,      -9.452519418
          0,           0,        1435,      -7.186945941,      -5.120151181,      -5.407314168,      -4.974262693,      -9.452980997
          0,           0,        1436,      -7.187477478,      -5.122397587,      -5.407737982,       -4.97638893,      -9.453642781
          0,           0,        1437,      -7.188244528,       -5.12470344,      -5.408200439,      -4.978632878,      -9.453722388
          0,           0,        1438,      -7.189427964,      -5.126919688,      -5.408581913,      -4.981144998,      -9.454209102
          0,           0,        1439,      -7.190298929,      -5.129273407,      -5.409048854,      -4.983534988,      -9.454800065
          0,           0,        1440,      -7.191560211,        -5.1315691,       -5.40947039,      -4.986070893,      -9.455212737
          0,           0,        1441,      -7.192498247,      -5.133905237,      -5.409892268,      -4.988530747,      -9.455514041
          0,           0,        1442,       -7.19368659,      -5.136257862,      -5.410320476,      -4.991084435,      -9.455983466
          0,           0,        1443,      -7.194853724,       -5.13860617,      -5.410729208,      -4.993651067,      -9.456314513
          0,           0,        1444,      -7.195986936,      -5.140880818,      -5.411067979,      -4.996237186,      -9.456547499
          0,           0,        1445,      -7.196884628,      -5.143337868,      -5.411510902,      -4.998732819,      -9.456846621
          0,           0,        1446,      -7.198411665,      -5.145691821,      -5.411890346,      -5.001479433,      -9.456983712
          0,           0,        1447,       -7.19948436,      -5.148118726,      -5.412286353,      -5.004108225,      -9.456982135
          0,           0,        1448,      -7.200946236,       -5.15052198,      -5.412667438,      -5.006872818,       -9.45715625
          0,           0,        1449,      -7.202234851,      -5.152915834,      -5.413022637,      -5.009568567,      -9.457120006
          0,           0,        1450,      -7.203433156,      -5.155246351,      -5.413295372,       -5.01223986,      -9.456983677
          0,           0,        1451,      -7.204132788,       -5.15755677,      -5.412709335,      -5.014669797,       -9.45693044
          0,           0,        1452,      -7.195011312,      -5.159894848,      -5.413034086,      -5.011808837,      -9.456733768
          0,           0,        1453,      -7.201531083,      -5.162501222,      -5.414268351,      -5.017330727,      -9.456425722
          0,           0,        1454,      -7.203439278,      -5.164926601,      -5.414649919,      -5.020353459,      -9.456275559
          0,           0,        1455,      -7.207824661,      -5.167315937,      -5.414959592,      -5.024705915,       -9.45595477
          0,           0,        1456,      -7.210809514,      -5.169601998,      -5.415181105,      -5.028329965,      -9.455557129
          0,           0,        1457,      -7.212445957,      -5.172072343,      -5.415500402,      -5.031244328,      -9.455256939
          0,           0,        1458,      -7.214378507,      -5.174407339,      -5.415747889,      -5.034229966,      -9.454829881
          0,           0,        1459,      -7.215721276,      -5.176804082,      -5.416005936,      -5.037005658,      -9.454299893
          0,           0,        1460,      -7.217445173,      -5.179154566,      -5.416243359,      -5.039900294,      -9.453977938
          0,           0,        1461,      -7.218961706,      -5.181336714,      -5.416442685,      -5.042686611,      -9.453482684
          0,           0,        1462,      -7.220009865,      -5.183457431,      -5.416585088,      -5.045230782,      -9.452922199
          0,           0,        1463,      -7.220700055,      -5.185926439,      -5.416813445,      -5.047569306,      -9.452482157
          0,           0,        1464,      -7.222725473,      -5.188223839,       -5.41697481,      -5.050562092,      -9.451937531
          0,           0,        1465,      -7.224280453,      -5.190456641,      -5.417127655,      -5.053358954,      -9.451464516
          0,           0,        1466,      -7.225840227,      -5.192625937,      -5.417274856,      -5.056085162,      -9.451217306
          0,           0,        1467,      -7.227113357,      -5.194696743,      -5.417390663,      -5.058645168,      -9.450945782
          0,           0,        1468,      -7.228057527,       -5.19647733,      -5.417421283,      -5.061036608,      -9.450873236
          0,           0,        1469,      -7.228217564,      -5.197939438,      -5.417533294,       -5.06299853,      -9.451368418
          0,           0,        1470,      -7.227646832,      -5.197062172,      -5.417473719,      -5.064510435,      -9.452308327
          0,           0,        1471,      -7.220333696,      -5.163542375,      -5.415001395,      -5.062894443,      -9.452847833
          0,           0,        1472,      -7.129963272,      -5.180468425,       -5.41005057,      -5.002848205,      -9.453260898
          0,           0,        1473,      -7.163773429,      -5.191503959,      -5.415328218,      -5.029749014,      -9.453354239
          0,           0,        1474,      -7.129112637,      -5.197813871,      -5.417255423,      -5.008419142,      -9.453312299
          0,           0,        1475,      -7.163876139,        -5.2026478,      -5.417486934,      -5.033772819,       -9.45334965
          0,           0,        1476,      -7.197327121,      -5.207194185,      -5.417470104,      -5.056399414,      -9.453246385
          0,           0,        1477,      -7.215774111,       -5.21141025,      -5.417498839,      -5.068764248,      -9.453045252
          0,           0,        1478,      -7.225597679,      -5.214577708,      -5.416324849,      -5.075808917,      -9.453004141
          0,           0,        1479,      -7.219178993,       -5.21760196,      -5.417326768,       -5.07301121,      -9.452813921
          0,           0,        1480,      -7.223959885,      -5.219849508,      -5.417510631,      -5.077468257,      -9.452555796
          0,           0,        1481,      -7.234299603,      -5.221973671,      -5.417569281,      -5.085458227,      -9.452396548
          0,           0,        1482,      -7.239985408,      -5.223687933,      -5.417513687,      -5.090376158,      -9.452118945
          0,           0,        1483,      -7.240927732,      -5.225115159,      -5.417469574,      -5.092473747,      -9.451749856
          0,           0,        1484,      -7.241031659,      -5.225406974,      -5.417371158,      -5.093970706,      -9.451600272
          0,           0,        1485,      -7.238580446,      -5.218808588,      -5.416848771,      -5.094102325,      -9.451293395
          0,           0,        1486,      -7.217995462,      -4.802357335,      -5.314810434,      -5.087153607,       -9.45092004
          0,           0,        1487,      -6.627967307,      -5.138127048,      -5.352669439,      -4.573293136,      -9.450686298
          0,           0,        1488,      -6.987220353,      -5.197533722,      -5.397328897,      -4.902563303,      -9.450407912
          0,           0,        1489,      -6.907610813,      -5.217115336,      -5.413872117,      -4.835215896,      -9.450074388
          0,           0,        1490,      -7.017798716,      -5.226875122,      -5.415422226,      -4.933161433,      -9.449966147
          0,           0,        1491,      -7.131572846,      -5.232476276,      -5.415490566,      -5.026120616,      -9.449768586
          0,           0,        1492,       -7.18777444,      -5.236209707,      -5.415821549,      -5.068193387,      -9.449575967
          0,           0,        1493,      -7.213336619,      -5.239215514,      -5.416174026,      -5.086559476,      -9.449556257
          0,           0,        1494,      -7.228650311,      -5.241521339,      -5.416293793,      -5.097584349,       -9.44949117
          0,           0,        1495,      -7.237370449,       -5.24358504,      -5.416328437,      -5.104378959,      -9.449401885
          0,           0,        1496,      -7.242909868,      -5.245397868,      -5.416306255,      -5.109008985,      -9.449592604
          0,           0,        1497,      -7.246218791,      -5.247022218,      -5.416253958,      -5.112191383,      -9.449686749
          0,           0,        1498,      -7.248255173,      -5.248432439,      -5.416149994,      -5.114551829,      -9.449787229
          0,           0,        1499,      -7.249244274,      -5.249942223,       -5.41613991,      -5.116227727,      -9.450069105
          0,           0,        1500,      -7.250349375,      -5.251273385,      -5.416091129,       -5.11790746,      -9.450297812
          0,           0,        1501,      -7.250706232,      -5.252595415,      -5.416053246,      -5.119215889,      -9.450506216
          0,           0,        1502,       -7.25118186,      -5.253884371,      -5.416036022,      -5.120534501,      -9.450946316
          0,           0,        1503,       -7.25151245,      -5.255115055,      -5.416015699,      -5.121766356,       -9.45129448
          0,           0,        1504,      -7.251727014,      -5.256187406,      -5.415942834,      -5.122951631,      -9.451633444
          0,           0,        1505,      -7.251580329,      -5.257501745,      -5.415997354,      -5.123896554,      -9.452127444
          0,           0,        1506,      -7.252210351,      -5.258622856,      -5.416008551,      -5.125235421,      -9.452557066
          0,           0,        1507,       -7.25218304,      -5.259824575,      -5.416059898,        -5.1262755,      -9.452953817
          0,           0,        1508,      -7.252605613,      -5.260959558,      -5.416119516,      -5.127490175,      -9.453604204
          0,           0,        1509,      -7.252731474,      -5.262050457,      -5.416180349,      -5.128503562,      -9.454125937
          0,           0,        1510,      -7.252705071,      -5.263016229,      -5.416206136,      -5.129426631,      -9.454622695
          0,           0,        1511,      -7.252306892,      -5.264147743,      -5.416338401,      -5.130094934,      -9.455272792
          0,           0,        1512,      -7.252429766,      -5.265111756,       -5.41644292,      -5.131037311,      -9.455836091
          0,           0,        1513,       -7.25196446,      -5.265997048,      -5.416566203,      -5.131690093,      -9.456346384
          0,           0,        1514,      -7.251504842,      -5.266581082,      -5.416711413,      -5.132277757,      -9.457063318
          0,           0,        1515,      -7.250279273,      -5.266162815,      -5.416832026,      -5.132381278,      -9.457655213
          0,           0,        1516,      -7.246753636,      -5.260127611,       -5.41669026,      -5.131085071,      -9.458206593
          0,           0,        1517,      -7.230384258,      -4.863497441,      -5.348604904,      -5.124684239,      -9.458809689
          0,           0,        1518,      -6.631879541,      -4.524524187,      -5.131172997,      -4.558087508,      -9.459411132
          0,           0,        1519,      -6.444114448,      -5.261005562,      -5.395350207,      -4.397383641,      -9.459966901
          0,           0,        1520,      -6.934885225,      -5.272872084,      -5.403218681,      -4.875508771,      -9.460717736
          0,           0,        1521,      -7.064410519,      -5.274477975,      -5.412642503,      -4.984047697,      -9.461305078
          0,           0,        1522,      -7.098182465,      -5.275862848,       -5.41702972,      -5.012341533,      -9.461838765
          0,           0,        1523,      -7.166930798,      -5.277333447,      -5.418349736,      -5.071703462,       -9.46250313
          0,           0,        1524,      -7.215852604,      -5.278588651,      -5.418908204,      -5.113329184,       -9.46303593
          0,           0,        1525,      -7.235581723,      -5.279830156,      -5.419354106,      -5.130823854,      -9.463481008
          0,           0,        1526,      -7.243744188,      -5.281043369,        -5.4197769,      -5.138529925,      -9.464100067
          0,           0,        1527,      -7.248164011,      -5.282199405,      -5.420182688,         -5.143013,      -9.464548845
          0,           0,        1528,      -7.250995394,      -5.283173577,      -5.420533887,      -5.146222667,      -9.464933965
          0,           0,        1529,      -7.252671178,      -5.284359762,      -5.421016469,       -5.14858119,      -9.465432306
          0,           0,        1530,      -7.254503999,      -5.285172485,      -5.421453585,      -5.150968626,      -9.465811178
          0,           0,        1531,        -7.2549185,      -5.285584913,      -5.421922021,      -5.152516627,      -9.466102261
          0,           0,        1532,      -7.254445684,      -5.284241235,      -5.422345521,      -5.153360866,      -9.466641472
          0,           0,        1533,      -7.249733773,      -5.274601596,      -5.422406346,      -5.151344635,      -9.467028165
          0,           0,        1534,      -7.226689168,      -5.160378927,      -5.413386613,      -5.137947991,       -9.46734575
          0,           0,        1535,      -7.027692783,      -5.147852849,      -5.387872794,      -4.955697202,      -9.467704829
          0,           0,        1536,      -6.969572073,      -5.292409859,      -5.424040633,      -4.905782764,      -9.467694893
          0,           0,        1537,      -7.155912611,      -5.294221849,      -5.424245374,      -5.076088126,      -9.467935051
          0,           0,        1538,      -7.230639994,      -5.295747196,      -5.425278544,      -5.140566206,      -9.468294969
          0,           0,        1539,      -7.245497058,      -5.296847761,      -5.426269831,       -5.15330756,      -9.468522555
          0,           0,        1540,      -7.255352891,      -5.299230458,      -5.426831034,      -5.161904468,      -9.468737093
          0,           0,        1541,       -7.25624483,      -5.300880927,      -5.427683745,      -5.163719552,      -9.469098306
          0,           0,        1542,      -7.260741026,      -5.302321849,      -5.428389622,      -5.168245838,      -9.469382058
          0,           0,        1543,      -7.263805863,      -5.303894522,       -5.42911154,      -5.171838882,      -9.469611551
          0,           0,        1544,      -7.266159255,      -5.305434203,      -5.429836666,      -5.174757524,      -9.470121132
          0,           0,        1545,      -7.267750006,      -5.306973079,      -5.430560388,      -5.177123752,      -9.470501185
          0,           0,        1546,      -7.269131788,      -5.308426431,      -5.431243707,      -5.179388477,      -9.470865915
          0,           0,        1547,      -7.270213017,      -5.310121692,      -5.432035021,      -5.181449607,      -9.471353571
          0,           0,        1548,      -7.271984008,      -5.311661257,      -5.432751087,      -5.183990351,      -9.471705514
          0,           0,        1549,      -7.272450801,      -5.313088763,      -5.433212897,      -5.185619224,      -9.471964811
          0,           0,        1550,      -7.270062464,      -5.314778041,      -5.434375102,      -5.184732509,      -9.472391938
          0,           0,        1551,      -7.275490002,      -5.315887644,      -5.435161017,      -5.190450057,      -9.472651345
          0,           0,        1552,      -7.276957607,      -5.315120936,      -5.435822493,       -5.19300537,      -9.472843398
          0,           0,        1553,      -7.273336833,      -5.299256018,      -5.435808177,      -5.191817622,       -9.47315286
          0,           0,        1554,      -7.237312393,       -4.57930082,      -5.167408137,      -5.109081881,      -9.473022855
          0,           0,        1555,      -6.214815736,      -4.790174015,       -5.19934087,      -4.153621679,      -9.472899833
          0,           0,        1556,      -6.624029771,       -4.99898539,      -5.328820833,      -4.588504928,      -9.473318799
          0,           0,        1557,      -6.568696838,      -5.257882323,      -5.424639292,      -4.536962067,       -9.47353374
          0,           0,        1558,      -6.782640344,      -5.108677765,      -5.428856913,      -4.757920869,      -9.473590767
          0,           0,        1559,      -6.838342388,      -5.178367345,      -5.435487291,      -4.807914066,      -9.473646178
          0,           0,        1560,      -6.948535512,      -5.227568687,      -5.437020055,      -4.909589274,      -9.473606409
          0,           0,        1561,      -7.041480326,      -5.262040396,      -5.439326142,       -4.99041444,      -9.473493497
          0,           0,        1562,      -7.112241697,      -5.286083495,      -5.441631714,      -5.051344303,      -9.473572162
          0,           0,        1563,      -7.167764545,      -5.302946299,      -5.443441552,      -5.100987677,      -9.473481225
          0,           0,        1564,      -7.209638524,      -5.314826205,      -5.444791309,      -5.139863785,       -9.47331521
          0,           0,        1565,      -7.238299337,      -5.323788594,      -5.446090313,      -5.167229263,       -9.47326011
          0,           0,        1566,       -7.25775531,      -5.330409148,      -5.447274635,      -5.186058404,      -9.473075319
          0,           0,        1567,        -7.2703843,      -5.335739171,      -5.448474738,      -5.198859516,      -9.472802182
          0,           0,        1568,      -7.280226089,      -5.340075654,      -5.449646209,      -5.208964047,      -9.472815664
          0,           0,        1569,      -7.287922758,      -5.343758142,      -5.450764071,       -5.21715556,      -9.472776339
          0,           0,        1570,      -7.294051863,      -5.346894489,      -5.451779959,      -5.223911295,      -9.472942237
          0,           0,        1571,      -7.298413199,      -5.349997112,      -5.452863112,      -5.228928467,      -9.473738905
          0,           0,        1572,       -7.30226927,      -5.352733918,      -5.453867101,      -5.233123752,       -9.47511768
          0,           0,        1573,      -7.304714676,      -5.355373651,      -5.454858973,      -5.235976682,      -9.476395002
          0,           0,        1574,      -7.307214803,      -5.357909421,      -5.455860004,      -5.238500824,      -9.477373496
          0,           0,        1575,      -7.309724277,      -5.360319821,      -5.456849391,      -5.240862496,      -9.477988885
          0,           0,        1576,      -7.312360004,      -5.362480335,      -5.457777322,      -5.243293819,      -9.478465801
          0,           0,        1577,      -7.314682681,      -5.364956756,      -5.458858827,       -5.24542367,      -9.479052614
          0,           0,        1578,       -7.31800211,      -5.367153892,      -5.459896395,      -5.248261296,      -9.479521506
          0,           0,        1579,      -7.320252425,      -5.369454359,      -5.460983498,       -5.25045608,      -9.479908617
          0,           0,        1580,      -7.322817856,      -5.371670684,      -5.462081761,       -5.25278732,      -9.480561994
          0,           0,        1581,      -7.324728092,      -5.373835881,      -5.463174947,      -5.254615516,      -9.481057521
          0,           0,        1582,      -7.326210868,      -5.375842626,      -5.464212267,       -5.25616098,      -9.481513124
          0,           0,        1583,      -7.327039114,      -5.378126858,      -5.465366926,      -5.257171612,      -9.482125853
          0,           0,        1584,      -7.328542984,      -5.380207649,      -5.466469163,      -5.258670176,      -9.482618582
          0,           0,        1585,      -7.329229331,       -5.38232927,      -5.467579371,      -5.259685158,      -9.483030922
          0,           0,        1586,      -7.330277678,      -5.384427351,      -5.468704445,      -5.260899698,      -9.483661478
          0,           0,        1587,      -7.331229534,      -5.386449774,      -5.469812404,      -5.262077283,      -9.484133523
          0,           0,        1588,      -7.332165547,      -5.388226788,      -5.470839804,      -5.263346419,      -9.484547367
          0,           0,        1589,      -7.332747579,      -5.390346926,      -5.472008417,       -5.26434798,      -9.485099882
          0,           0,        1590,      -7.334593781,      -5.392100752,      -5.473105173,      -5.266301229,       -9.48553189
          0,           0,        1591,      -7.335524997,      -5.393783996,      -5.474229334,      -5.267736429,      -9.485872583
          0,           0,        1592,      -7.336747667,      -5.394748084,      -5.475336612,      -5.269226627,      -9.486478428
          0,           0,        1593,      -7.335877972,       -5.39199383,      -5.476323215,      -5.268907167,        -9.4869018
          0,           0,        1594,      -7.323918436,      -5.263264737,      -5.468934473,      -5.259670879,      -9.487254633
          0,           0,        1595,      -7.057643803,       -5.34055234,      -5.464283609,      -5.003726518,      -9.487756194
          0,           0,        1596,      -7.201982992,      -5.394058494,      -5.478149801,       -5.14346778,      -9.488125223
          0,           0,        1597,      -7.211056672,      -5.398116701,      -5.480640774,      -5.153370923,      -9.488421405
          0,           0,        1598,      -7.277748607,      -5.397571192,      -5.481701096,        -5.2170071,      -9.488947834
          0,           0,        1599,      -7.311736016,      -5.389989849,       -5.48266976,       -5.24907999,      -9.489322225
          0,           0,        1600,       -7.30800608,       -5.35082125,       -5.48226959,      -5.247755573,      -9.489648865
          0,           0,        1601,      -7.242127426,      -4.803745985,      -5.343299227,      -5.207945321,      -9.490087378
          0,           0,        1602,      -6.605066936,      -5.192069788,      -5.376466602,      -4.556955377,      -9.490446517
          0,           0,        1603,      -6.938539917,      -5.314152927,      -5.454959246,      -4.882760691,      -9.490763913
          0,           0,        1604,      -6.864546253,      -5.325863612,      -5.482323679,      -4.812969771,      -9.491347733
          0,           0,        1605,       -6.97196275,      -5.362827777,        -5.4826999,      -4.921017593,      -9.491779945
          0,           0,        1606,      -7.125767823,      -5.374856957,      -5.486867345,      -5.073438251,      -9.492190545
          0,           0,        1607,      -7.143894119,      -5.383278563,      -5.490922052,      -5.091076593,      -9.492787699
          0,           0,        1608,      -7.180092792,      -5.406375023,      -5.493035449,      -5.124583839,      -9.493292618
          0,           0,        1609,      -7.265562949,      -5.418722016,      -5.493919449,      -5.203149862,        -9.4937561
          0,           0,        1610,      -7.305583341,      -5.422832122,      -5.495854919,      -5.238123049,      -9.494502116
          0,           0,        1611,      -7.308379688,      -5.425556818,      -5.497857012,      -5.240192353,       -9.49512578
          0,           0,        1612,      -7.321531304,      -5.427586931,      -5.499362555,      -5.252223958,      -9.495661279
          0,           0,        1613,      -7.337235341,      -5.429682664,      -5.500825019,      -5.266501438,      -9.496340906
          0,           0,        1614,      -7.347622389,      -5.430985705,      -5.502159768,      -5.275674685,      -9.496905698
          0,           0,        1615,      -7.351228954,      -5.433395206,      -5.503532115,      -5.279103361,      -9.497378827
          0,           0,        1616,      -7.354518795,      -5.434704678,       -5.50490919,       -5.28199876,      -9.498134353
          0,           0,        1617,      -7.356619605,      -5.433657378,      -5.506237847,      -5.283999332,      -9.498699438
          0,           0,        1618,      -7.355389565,       -5.42012747,      -5.507090961,      -5.283628487,      -9.499194352
          0,           0,        1619,      -7.331190013,      -4.817424968,      -5.374502689,      -5.268409966,      -9.499722024
          0,           0,        1620,      -6.551476868,      -4.020265692,      -4.740941799,      -4.432404504,      -9.499824207
          0,           0,        1621,      -6.027223403,      -5.160994297,      -5.243080894,      -3.982355656,      -9.500466054
          0,           0,        1622,      -6.658571217,      -5.307045205,      -5.325054217,      -4.610308828,      -9.501203546
          0,           0,        1623,      -6.602672595,      -5.364510389,      -5.448294621,       -4.54748785,      -9.501621206
          0,           0,        1624,      -6.662990207,      -5.398152387,      -5.499199208,      -4.609931416,      -9.501902078
          0,           0,        1625,      -6.839600463,      -5.417704176,      -5.508006473,       -4.78789728,      -9.502294942
          0,           0,        1626,      -7.011991094,      -5.429482315,      -5.512903321,        -4.9616595,      -9.502518051
          0,           0,        1627,      -7.119392723,       -5.43760242,      -5.517469707,      -5.068705312,      -9.502585953
          0,           0,        1628,      -7.189916347,      -5.443410715,      -5.520760586,      -5.136026021,      -9.502897566
          0,           0,        1629,      -7.243696445,      -5.447872553,      -5.523150258,      -5.185089832,      -9.502973092
          0,           0,        1630,      -7.285021864,      -5.451366111,      -5.524994266,      -5.221566193,      -9.502950719
          0,           0,        1631,      -7.314289591,      -5.445276102,      -5.525897586,      -5.246853606,       -9.50306564
          0,           0,        1632,      -7.307021412,      -5.349942239,      -5.519063981,      -5.237142039,       -9.50302563
          0,           0,        1633,      -7.210231052,      -5.453158581,      -5.529456263,      -5.148085387,       -9.50287991
          0,           0,        1634,      -7.338754576,      -5.454499089,      -5.531400714,      -5.268250247,       -9.50298038
          0,           0,        1635,      -7.351884056,      -5.454267509,      -5.533744799,      -5.279127808,      -9.502923898
          0,           0,        1636,      -7.363611701,      -5.359917876,       -5.52569048,      -5.286698499,      -9.502818603
          0,           0,        1637,      -7.190383609,      -5.429729385,      -5.536587259,       -5.13332718,      -9.502882461
          0,           0,        1638,      -7.259011976,      -5.457809344,      -5.537300754,      -5.195408572,      -9.502837438
          0,           0,        1639,      -7.340318502,      -5.459190496,      -5.538859837,      -5.266057587,      -9.502711996
          0,           0,        1640,      -7.330026108,      -5.458926418,      -5.541711655,       -5.25694688,      -9.502901565
          0,           0,        1641,      -7.334225925,      -5.459520791,      -5.544004074,      -5.261683752,      -9.502930598
          0,           0,        1642,      -7.352723801,       -5.46040915,      -5.545716201,      -5.278487799,      -9.502733352
          0,           0,        1643,      -7.368707828,      -5.461848415,      -5.547684323,      -5.292211154,      -9.502965651
          0,           0,        1644,      -7.376995306,      -5.462884126,      -5.549534787,      -5.298847876,      -9.503067911
          0,           0,        1645,      -7.382762537,      -5.463865557,      -5.551378431,      -5.303585331,      -9.503098836
          0,           0,        1646,       -7.38771118,      -5.464760283,      -5.553251357,      -5.307490361,      -9.503388524
          0,           0,        1647,      -7.391460779,      -5.465521112,      -5.555109944,      -5.310414163,      -9.503535168
          0,           0,        1648,      -7.394381963,      -5.465944865,      -5.556854785,      -5.312729736,      -9.503648815
          0,           0,        1649,      -7.396143281,      -5.466888352,      -5.558832122,       -5.31408391,      -9.503941923
          0,           0,        1650,      -7.399202936,      -5.467438832,      -5.560708534,      -5.316278746,      -9.504132422
          0,           0,        1651,      -7.400639103,      -5.468188269,       -5.56264865,      -5.317517009,      -9.504243144
          0,           0,        1652,      -7.402835719,      -5.468823577,      -5.564581496,      -5.319166258,      -9.504667811
          0,           0,        1653,      -7.404253085,      -5.469406397,      -5.566493573,      -5.320267721,      -9.504915601
          0,           0,        1654,       -7.40526035,      -5.469791385,      -5.568311191,       -5.32115662,       -9.50511734
          0,           0,        1655,      -7.405502026,      -5.470560707,      -5.570311784,      -5.321471721,      -9.505503469
          0,           0,        1656,      -7.406884517,      -5.471079933,      -5.572229187,       -5.32259859,      -9.505773065
          0,           0,        1657,      -7.407226879,      -5.471670958,      -5.574156392,      -5.323134802,      -9.505972245
          0,           0,        1658,      -7.408162617,      -5.472280324,      -5.576112817,      -5.323949694,      -9.506427409
          0,           0,        1659,      -7.409071817,      -5.472835713,      -5.578043354,      -5.324706405,      -9.506730653
          0,           0,        1660,      -7.410024293,       -5.47311241,      -5.579837548,      -5.325513323,      -9.506985298
          0,           0,        1661,      -7.410549307,      -5.473964357,      -5.581880643,      -5.325869921,      -9.507413284
          0,           0,        1662,      -7.413243349,      -5.474452077,       -5.58380463,      -5.327630947,      -9.507732541
          0,           0,        1663,      -7.414987435,      -5.475164688,      -5.585795011,      -5.328866477,      -9.507969075
          0,           0,        1664,      -7.418321538,      -5.475778298,      -5.587776015,      -5.330995224,      -9.508523261
          0,           0,        1665,       -7.42152501,      -5.476353416,      -5.589735156,      -5.332939376,      -9.508895656
          0,           0,        1666,      -7.424907548,      -5.476738639,      -5.591591701,      -5.334996003,       -9.50922324
          0,           0,        1667,      -7.427894742,      -5.477513286,      -5.593656649,       -5.33665804,      -9.509738752
          0,           0,        1668,      -7.432424908,      -5.477999389,      -5.595632977,      -5.339317742,      -9.510136118
          0,           0,        1669,      -7.435810276,      -5.478412231,      -5.597623372,      -5.341314878,      -9.510462808
          0,           0,        1670,      -7.439578625,      -5.478141651,      -5.599643496,      -5.343406273,      -9.511051382
          0,           0,        1671,       -7.44245547,      -5.470557223,      -5.601562408,      -5.344824255,      -9.511482922
          0,           0,        1672,      -7.440426872,      -5.198610881,      -5.593733982,      -5.341806866,      -9.511862712
          0,           0,        1673,      -7.237939195,      -5.461544522,      -5.602291065,       -5.16936512,      -9.512064662
          0,           0,        1674,       -7.41646285,      -5.467477147,      -5.606254582,      -5.321691369,      -9.512777776
          0,           0,        1675,      -7.415178376,      -5.473963982,      -5.609337195,      -5.320706314,      -9.513164415
          0,           0,        1676,      -7.431044968,      -5.477640275,       -5.61155687,      -5.333162862,       -9.51385054
          0,           0,        1677,      -7.443608572,      -5.479556716,      -5.613591904,      -5.342629489,      -9.514324784
          0,           0,        1678,       -7.45045333,      -5.478505209,      -5.615476498,      -5.347568153,      -9.514731997
          0,           0,        1679,      -7.453036616,      -4.248855565,      -5.247229103,      -5.243413183,      -9.449999213
          0,           0,        1680,      -5.780282541,      -4.028117629,       -5.05782974,      -3.738592771,       -9.40787413
          0,           0,        1681,      -6.160071399,      -4.277462541,      -5.149777149,      -4.118444303,      -9.381723711
          0,           0,        1682,      -6.313519768,      -4.341499993,      -5.283291818,      -4.262199711,      -9.367343359
          0,           0,        1683,      -6.322618167,      -4.474904689,      -5.386922129,      -4.270248441,      -9.360282963
          0,           0,        1684,      -6.357517072,      -4.599145936,      -5.449390046,      -4.306870836,      -9.356292157
          0,           0,        1685,      -6.418322996,       -4.71396387,      -5.487866622,      -4.369507107,      -9.353156944
          0,           0,        1686,      -6.479422828,      -4.819217891,      -5.520307093,      -4.432023231,      -9.349548718
          0,           0,        1687,      -6.527574143,      -4.914978781,      -5.547017891,      -4.480894393,      -9.344668081
          0,           0,        1688,      -6.571038018,      -5.001057561,      -5.560614312,      -4.524703802,      -9.338063939
          0,           0,        1689,      -6.624396556,      -5.076876403,      -5.560766011,      -4.578618955,      -9.329280213
          0,           0,        1690,      -6.690088786,      -5.141790857,      -5.555517238,      -4.645412669,      -9.318768818
          0,           0,        1691,      -6.753538639,       -5.19462695,      -5.552786754,      -4.710377404,      -9.307559688
          0,           0,        1692,      -6.794135892,      -5.240891832,      -5.554918874,      -4.753377438,      -9.296380153
          0,           0,        1693,      -6.808411882,       -5.28470512,      -5.560064722,      -4.767932952,      -9.285928485
          0,           0,        1694,      -6.820175885,      -5.317835761,      -5.566331056,      -4.779180441,      -9.277107267
          0,           0,        1695,      -6.839997705,      -5.342550101,      -5.573504551,      -4.799679172,      -9.270240825
          0,           0,        1696,      -6.875768554,      -5.360762661,      -5.581054775,      -4.836449405,      -9.265463259
          0,           0,        1697,      -6.926267581,      -5.374683492,      -5.589107217,       -4.88753952,      -9.262476287
          0,           0,        1698,      -6.983536606,      -5.385230551,      -5.597258439,      -4.944141294,      -9.260583524
          0,           0,        1699,      -7.033556292,      -5.393866183,      -5.605408539,      -4.991555821,       -9.25918952
          0,           0,        1700,       -7.06459314,      -5.400997938,      -5.612332311,      -5.018300222,      -9.257938083
          0,           0,        1701,      -7.074529266,      -5.406826757,      -5.616496934,      -5.024036878,      -9.256350391
          0,           0,        1702,      -7.072930558,      -5.412770313,      -5.622007819,      -5.019643861,      -9.254293116
          0,           0,        1703,        -7.0740312,      -5.417776848,      -5.623564027,      -5.019264648,      -9.251809347
          0,           0,        1704,      -7.074893548,      -5.421999062,      -5.623511214,       -5.01964938,      -9.248893618
          0,           0,        1705,      -7.075433442,      -5.425785339,      -5.622762012,      -5.020446172,      -9.245581027
          0,           0,        1706,      -7.074249653,       -5.42902982,      -5.622114291,      -5.019974784,      -9.241877494
          0,           0,        1707,      -7.072068764,      -5.431715701,      -5.622036318,      -5.018609359,      -9.237731182
          0,           0,        1708,      -7.070691392,      -5.433712418,      -5.622530819,      -5.017923093,      -9.233246764
          0,           0,        1709,       -7.07217537,      -5.435730127,      -5.623923138,      -5.019849025,      -9.228494988
          0,           0,        1710,      -7.078218729,      -5.437106929,      -5.625527813,      -5.025993024,      -9.223383059
          0,           0,        1711,      -7.087409046,      -5.438390981,      -5.627375098,      -5.035182043,       -9.21793357
          0,           0,        1712,      -7.097973235,      -5.439455148,      -5.629224875,      -5.045441945,      -9.212240954
          0,           0,        1713,      -7.106174461,      -5.440485147,      -5.631003233,      -5.053239522,      -9.206247514
          0,           0,        1714,      -7.109129288,      -5.441484212,      -5.632591717,      -5.055776995,      -9.200101849
          0,           0,        1715,      -7.105722944,      -5.443014449,      -5.634357904,      -5.051967268,      -9.193997394
          0,           0,        1716,      -7.097753331,      -5.444612304,      -5.635935479,      -5.043545562,      -9.188010496
          0,           0,        1717,      -7.087301939,      -5.446541956,      -5.637460455,      -5.032718512,      -9.182299605
          0,           0,        1718,      -7.077455738,      -5.448713226,      -5.638981491,      -5.022419059,      -9.177066558
          0,           0,        1719,      -7.070065783,      -5.450980241,      -5.640463705,       -5.01456207,      -9.172322595
          0,           0,        1720,      -7.066334214,      -5.453027147,       -5.64178771,      -5.010385202,       -9.16816628
          0,           0,        1721,      -7.066684135,      -5.455430846,      -5.643476313,      -5.010327347,      -9.164684328
          0,           0,        1722,      -7.071690072,      -5.457260804,      -5.645014541,      -5.014904701,      -9.161845144
          0,           0,        1723,      -7.079336829,      -5.458885219,      -5.646689744,      -5.022554009,      -9.159635186
          0,           0,        1724,      -7.090693848,      -5.460013484,       -5.64825846,      -5.033747764,       -9.15810822
          0,           0,        1725,      -7.103581777,      -5.460724852,       -5.64970814,      -5.046540061,      -9.157147728
          0,           0,        1726,      -7.115801382,      -5.461003862,      -5.650993603,      -5.058739347,      -9.156760681
          0,           0,        1727,      -7.124913987,      -5.461512441,      -5.652604891,      -5.067775248,      -9.156991817
          0,           0,        1728,      -7.129489556,      -5.461895276,      -5.654257034,       -5.07203089,      -9.157836604
          0,           0,        1729,      -7.128312499,      -5.462591403,      -5.656170106,       -5.07038254,      -9.159475307
          0,           0,        1730,      -7.122939301,      -5.463680839,      -5.658416601,      -5.064202968,      -9.162358249
          0,           0,        1731,      -7.115550697,      -5.465146976,      -5.660891612,      -5.055783873,      -9.167168971
          0,           0,        1732,      -7.108884533,      -5.466762911,      -5.663345983,      -5.047945792,      -9.175308787
          0,           0,        1733,      -7.105195589,      -5.469177321,      -5.666215501,      -5.042981458,      -9.188799194
          0,           0,        1734,      -7.106841795,      -5.471411372,      -5.668808651,      -5.043164018,      -9.208296208
          0,           0,        1735,      -7.113997486,       -5.47381523,      -5.671272486,      -5.048922921,      -9.223640107
          0,           0,        1736,      -7.127582254,      -5.475938105,      -5.673408027,      -5.060956565,      -9.231313275
          0,           0,        1737,      -7.147008209,      -5.477838967,      -5.675341416,      -5.078966134,      -9.235589818
          0,           0,        1738,      -7.170889892,      -5.479159414,      -5.676854345,      -5.101307349,      -9.238733591
          0,           0,        1739,       -7.19683613,      -5.480479075,      -5.678489142,      -5.125818234,      -9.241357011
          0,           0,        1740,      -7.222594672,      -5.481301253,      -5.679976887,      -5.150341697,      -9.243537248
          0,           0,        1741,      -7.242882071,      -5.482025421,      -5.681702613,      -5.170158043,      -9.245445982
          0,           0,        1742,       -7.25772678,      -5.482751662,      -5.683781852,      -5.185062171,      -9.247241665
          0,           0,        1743,      -7.265186106,      -5.483505645,      -5.686193881,      -5.193022273,      -9.248765977
          0,           0,        1744,       -7.26592461,       -5.48412409,       -5.68874271,      -5.194541341,      -9.250052753
          0,           0,        1745,      -7.262424884,      -5.485244265,      -5.691994933,      -5.191827308,      -9.251195704
          0,           0,        1746,      -7.259294978,      -5.462043241,      -5.694226943,      -5.188983931,      -9.252101281
          0,           0,        1747,      -7.248642503,      -5.483950687,      -5.697486342,      -5.178958072,      -9.252838067
          0,           0,        1748,      -7.255361265,      -5.489170199,      -5.701429187,      -5.185438875,      -9.253775831
          0,           0,        1749,      -7.263087241,      -5.490667885,      -5.704349186,      -5.192347211,      -9.254641814
          0,           0,        1750,      -7.277620647,      -5.491828085,      -5.706858629,      -5.205633813,      -9.255448677
          0,           0,        1751,      -7.296503185,      -5.493167588,      -5.709491412,      -5.222552776,      -9.256271606
          0,           0,        1752,       -7.31926602,      -5.493999915,      -5.711744348,      -5.242417449,      -9.257037219
          0,           0,        1753,      -7.342157778,      -5.494695798,      -5.713871443,      -5.262190098,      -9.257780408
          0,           0,        1754,      -7.363528085,       -5.49526577,      -5.716021675,      -5.280086411,      -9.258618761
          0,           0,        1755,      -7.380321174,      -5.495690502,       -5.71818356,      -5.293660557,      -9.259429189
          0,           0,        1756,      -7.390919204,      -5.495802769,      -5.720200871,      -5.301741766,      -9.260246026
          0,           0,        1757,       -7.39480185,      -5.496474452,      -5.722825454,      -5.304001254,      -9.261132232
          0,           0,        1758,      -7.395948874,      -5.496819349,      -5.725330077,      -5.303631788,      -9.261986698
          0,           0,        1759,      -7.393619294,      -5.497422365,      -5.728028029,      -5.300784887,      -9.262806472
          0,           0,        1760,      -7.392415884,      -5.497962262,      -5.730708783,      -5.298734234,      -9.263712173
          0,           0,        1761,      -7.392385765,      -5.498486656,      -5.733298597,        -5.2979121,      -9.264532825
          0,           0,        1762,      -7.394826245,      -5.498824055,      -5.735603866,      -5.299425823,      -9.265306716
          0,           0,        1763,      -7.399581582,      -5.499426933,      -5.738201561,      -5.303086931,      -9.266106179
          0,           0,        1764,       -7.40822558,      -5.498161042,      -5.740455268,      -5.309910489,      -9.266830042
          0,           0,        1765,      -7.417081529,      -5.464359045,       -5.74025552,      -5.316890347,      -9.267515853
          0,           0,        1766,      -7.390062662,      -5.493142525,      -5.745346211,      -5.300517563,      -9.268267976
          0,           0,        1767,      -7.417724749,      -5.499355348,       -5.74761703,      -5.322332827,      -9.268923004
          0,           0,        1768,       -7.44103554,      -5.500715354,      -5.749599184,       -5.33999671,      -9.269465661
          0,           0,        1769,      -7.450206541,      -5.501568914,      -5.752265208,      -5.347771041,      -9.269932306
          0,           0,        1770,      -7.457410055,      -5.501839622,      -5.754719032,      -5.354439903,      -9.270305039
          0,           0,        1771,      -7.460987414,      -5.502298371,      -5.757362757,       -5.35878622,      -9.270632843
          0,           0,        1772,      -7.464458717,      -5.502656331,      -5.760000617,      -5.362538139,      -9.271024157
          0,           0,        1773,      -7.466120511,      -5.502974329,       -5.76257607,      -5.364736222,      -9.271358292
          0,           0,        1774,      -7.467124569,      -5.503105879,      -5.764877762,      -5.366296433,      -9.271703451
          0,           0,        1775,      -7.467440376,      -5.503611333,      -5.767561552,      -5.367087531,      -9.272172002
          0,           0,        1776,      -7.469253713,      -5.503845835,      -5.769947842,      -5.368610797,      -9.272716745
          0,           0,        1777,       -7.47096457,       -5.50414272,      -5.772266479,      -5.369996292,      -9.273366684
          0,           0,        1778,      -7.473814864,      -5.504458874,      -5.774561035,      -5.371830508,      -9.274247617
          0,           0,        1779,      -7.476116132,       -5.50471551,      -5.776695962,      -5.373162551,       -9.27525146
          0,           0,        1780,      -7.477585781,      -5.504686671,         -5.778403,      -5.373901888,      -9.276456058
          0,           0,        1781,      -7.477474998,      -5.505208511,        -5.7806576,      -5.373352665,      -9.277980727
          0,           0,        1782,      -7.479524784,      -5.505359729,        -5.7825398,      -5.374074098,      -9.279771382
          0,           0,        1783,       -7.47944186,      -5.505720962,      -5.784518343,      -5.373609624,       -9.28187806
          0,           0,        1784,      -7.480997882,      -5.505971575,      -5.786384843,      -5.374060872,      -9.284482128
          0,           0,        1785,      -7.481976078,      -5.506174861,       -5.78810268,      -5.374188308,      -9.287438665
          0,           0,        1786,      -7.483019941,      -5.506187193,      -5.789452353,      -5.374521559,      -9.290819494
          0,           0,        1787,      -7.483390219,      -5.506556217,      -5.791132074,       -5.37441562,      -9.294722568
          0,           0,        1788,      -7.485099961,      -5.502240523,      -5.773901097,      -5.375131331,       -9.29902656
          0,           0,        1789,      -7.390017583,      -5.506351802,      -5.790930114,      -5.300296845,      -9.303737782
          0,           0,        1790,      -7.414468779,      -5.507095724,      -5.795090389,      -5.320375104,      -9.308939788
          0,           0,        1791,      -7.471657881,      -5.507208013,      -5.796440546,      -5.364736923,      -9.314411899
          0,           0,        1792,      -7.485259586,      -5.507141559,      -5.797517797,      -5.374393121,      -9.320113394
          0,           0,        1793,       -7.48251781,      -5.507653143,       -5.79930347,       -5.37202787,      -9.326030859
          0,           0,        1794,      -7.487083991,      -5.507768188,      -5.800635697,      -5.374982317,       -9.33190238
          0,           0,        1795,      -7.492728241,      -5.508068362,      -5.802037415,      -5.379189858,      -9.337610159
          0,           0,        1796,      -7.499516543,      -5.508246269,      -5.803320632,      -5.383756787,      -9.343200458
          0,           0,        1797,      -7.503761465,      -5.508372799,      -5.804471372,      -5.386406972,      -9.348302143
          0,           0,        1798,       -7.50638081,      -5.508311461,       -5.80527817,      -5.387872874,      -9.352840378
          0,           0,        1799,      -7.506863607,      -5.508616085,      -5.806542115,      -5.387600483,      -9.356800615
          0,           0,        1800,      -7.509249368,      -5.508685871,      -5.807483564,      -5.388609604,       -9.36000302
          0,           0,        1801,      -7.509359353,      -5.508280311,      -5.807310219,      -5.388307767,       -9.36242732
          0,           0,        1802,      -7.493538533,      -5.507918355,      -5.808478064,      -5.376720063,       -9.36425686
          0,           0,        1803,      -7.509440321,       -5.50884587,      -5.810347044,      -5.384605463,      -9.365289501
          0,           0,        1804,      -7.507830615,      -5.508731937,      -5.810673509,      -5.383321727,      -9.365698935
          0,           0,        1805,      -7.507665167,       -5.50907474,      -5.811631798,      -5.383594966,       -9.36575065
          0,           0,        1806,      -7.510039032,      -5.509012997,      -5.812217728,       -5.38478159,      -9.365392651
          0,           0,        1807,      -7.510200336,      -5.509146566,      -5.812945638,      -5.384282843,      -9.364772767
          0,           0,        1808,      -7.512370124,      -5.509171337,      -5.813550232,       -5.38453571,      -9.364236375
          0,           0,        1809,      -7.513531375,      -5.509156113,      -5.814003386,       -5.38420654,      -9.363752069
          0,           0,        1810,       -7.51431675,      -5.508965444,      -5.814103135,      -5.383885253,      -9.363670802
          0,           0,        1811,      -7.514163433,      -5.509150907,      -5.814726663,      -5.383069551,      -9.364516125
          0,           0,        1812,      -7.516056315,      -5.509111951,      -5.815054539,      -5.383627523,      -9.366826536
          0,           0,        1813,      -7.516546131,      -5.509151739,      -5.815419368,       -5.38359959,      -9.371724575
          0,           0,        1814,      -7.518483429,      -5.509223433,      -5.815842525,      -5.384056836,       -9.38024212
          0,           0,        1815,      -7.520107135,      -5.509256633,      -5.816168018,      -5.384398141,      -9.387713629
          0,           0,        1816,      -7.521143956,       -5.50903791,      -5.816073404,       -5.38459012,      -9.392148415
          0,           0,        1817,      -7.520622353,       -5.50938507,      -5.816715358,      -5.383810146,      -9.395400111
          0,           0,        1818,      -7.522977398,      -5.509393196,      -5.816991522,       -5.38462178,      -9.398189456
          0,           0,        1819,      -7.522651132,      -5.509595555,        -5.8174615,      -5.384169382,      -9.400693448
          0,           0,        1820,      -7.524038154,      -5.509481955,      -5.817875638,      -5.384489366,      -9.403160862
          0,           0,        1821,      -7.523998461,      -5.505818793,      -5.818059533,      -5.383950002,      -9.405280545
          0,           0,        1822,      -7.519271893,      -5.503306523,      -5.817395276,      -5.380498296,      -9.406617704
          0,           0,        1823,      -7.514753234,      -5.493344643,      -5.818008218,      -5.377169848,      -9.408345093
          0,           0,        1824,      -7.497187936,      -5.494642648,      -5.819055247,       -5.36505403,       -9.40973874
          0,           0,        1825,      -7.498314586,      -5.509602067,      -5.819386954,      -5.365842457,      -9.410805737
          0,           0,        1826,      -7.514679248,      -5.512222918,      -5.819766792,       -5.37604099,      -9.411744824
          0,           0,        1827,      -7.515857653,      -5.512663728,        -5.8204268,      -5.376304829,      -9.412327456
          0,           0,        1828,      -7.516211863,      -5.512954356,      -5.820568787,       -5.37644251,      -9.412679199
          0,           0,        1829,      -7.516370006,      -5.513993398,      -5.821392373,      -5.376554029,      -9.413003538
          0,           0,        1830,      -7.519134034,      -5.514801356,      -5.821843221,      -5.378073993,      -9.413186082
          0,           0,        1831,      -7.519020921,      -5.515905344,      -5.822519612,      -5.378231747,      -9.413317486
          0,           0,        1832,      -7.520768534,       -5.51696834,      -5.823179468,      -5.379304454,       -9.41373922
          0,           0,        1833,      -7.521633952,      -5.518041887,      -5.823800862,      -5.379949956,      -9.414209373
          0,           0,        1834,      -7.522373373,      -5.518963148,      -5.824158188,      -5.380689016,      -9.414906036
          0,           0,        1835,      -7.522224881,      -5.520216578,      -5.825153274,      -5.380932507,      -9.416077261
          0,           0,        1836,      -7.524376718,      -5.520914729,      -5.825932525,      -5.382559149,      -9.417622805
          0,           0,        1837,       -7.52459231,       -5.51974538,      -5.826771796,      -5.383370715,      -9.419595141
          0,           0,        1838,      -7.524429176,      -5.490926525,      -5.827179339,      -5.383709971,      -9.422022255
          0,           0,        1839,      -7.506461413,       -5.34430555,       -5.81831229,      -5.365563376,      -9.424809302
          0,           0,        1840,      -7.403694968,      -5.525463597,      -5.827962664,      -5.298836824,      -9.427955693
          0,           0,        1841,      -7.509523557,      -5.528062507,      -5.830224255,      -5.375957895,      -9.431736677
          0,           0,        1842,      -7.522611648,      -5.528332578,      -5.831848931,      -5.385292283,      -9.435915857
          0,           0,        1843,      -7.524822465,      -5.475736351,      -5.827911173,      -5.387895217,      -9.440530871
          0,           0,        1844,      -7.464959747,      -5.533881465,      -5.833764343,       -5.34824559,       -9.44583021
          0,           0,        1845,      -7.527846223,      -5.536650748,      -5.836036539,      -5.392064513,      -9.451532998
          0,           0,        1846,      -7.529243667,      -5.538786188,      -5.837641363,      -5.394323482,      -9.457678903
          0,           0,        1847,      -7.533209172,      -5.541207995,      -5.839577745,      -5.398435464,      -9.464426476
          0,           0,        1848,      -7.538281948,      -5.543380818,      -5.841222139,      -5.402985097,      -9.471508626
          0,           0,        1849,      -7.540437046,       -5.54563295,      -5.842934262,      -5.405974571,      -9.478927865
          0,           0,        1850,      -7.543235037,      -5.547916233,      -5.844791952,      -5.409225569,      -9.486937353
          0,           0,        1851,      -7.545615286,      -5.550144412,      -5.846601082,      -5.412322998,      -9.495137306
          0,           0,        1852,      -7.547625065,      -5.552059502,      -5.847968012,      -5.415396095,      -9.503575399
          0,           0,        1853,      -7.548159537,      -5.554616087,      -5.850230972,      -5.417518869,      -9.512417479
          0,           0,        1854,      -7.552357713,      -5.556754321,      -5.852098927,      -5.421805234,      -9.521328106
          0,           0,        1855,      -7.553816775,      -5.559143138,      -5.854231803,      -5.424856189,      -9.530261787
          0,           0,        1856,      -7.557741331,      -5.561398472,      -5.856333187,      -5.429227901,      -9.539614651
          0,           0,        1857,      -7.560638165,      -5.563593042,      -5.858370147,      -5.433043739,      -9.548761107
          0,           0,        1858,      -7.563345094,      -5.565554136,      -5.860064013,      -5.436897575,      -9.557781316
          0,           0,        1859,      -7.564940201,      -5.567945709,      -5.862467541,      -5.440001653,      -9.566901542
          0,           0,        1860,      -7.569425802,      -5.570030677,      -5.864567187,      -5.444889337,      -9.575663949
          0,           0,        1861,      -7.571858504,      -5.572163655,      -5.866706676,      -5.448784131,      -9.584046446
          0,           0,        1862,       -7.57551492,      -5.574289267,      -5.868963947,      -5.453230036,      -9.592447793
          0,           0,        1863,      -7.578803794,      -5.576307637,      -5.871117359,      -5.457462595,       -9.60021749
          0,           0,        1864,      -7.581578858,      -5.577930167,      -5.872720321,       -5.46151543,      -9.607444132
          0,           0,        1865,      -7.582432661,      -5.580229436,      -5.875283078,      -5.464163218,      -9.614418471
          0,           0,        1866,      -7.587438247,      -5.582025955,      -5.877347146,      -5.469294635,      -9.620641054
          0,           0,        1867,      -7.588996495,       -5.58407832,      -5.879662882,      -5.472612943,      -9.626102673
          0,           0,        1868,      -7.593313775,      -5.585961049,       -5.88188584,      -5.477352751,      -9.631493024
          0,           0,        1869,      -7.596225833,      -5.587767198,      -5.883983267,      -5.481130829,      -9.635930238
          0,           0,        1870,      -7.598770816,      -5.589318182,      -5.885645973,      -5.484720046,      -9.639657498
          0,           0,        1871,      -7.599909919,      -5.591346047,      -5.888053645,      -5.487171457,      -9.643119915
          0,           0,        1872,      -7.604373191,      -5.593057027,      -5.890076201,      -5.491665153,       -9.64576462
          0,           0,        1873,       -7.60642631,       -5.59484289,      -5.892098345,      -5.494795025,      -9.647710117
          0,           0,        1874,      -7.609927163,      -5.596658563,      -5.894220694,      -5.498503489,      -9.649614344
          0,           0,        1875,      -7.613090332,      -5.598398345,      -5.896195025,      -5.501909942,      -9.650742592
          0,           0,        1876,      -7.615744367,      -5.599755697,      -5.897527339,      -5.505073924,      -9.651346873
          0,           0,        1877,      -7.616265258,       -5.60190601,      -5.899916883,       -5.50653085,      -9.651888653
          0,           0,        1878,      -7.621756681,      -5.603568049,      -5.901733502,       -5.51104116,      -9.651858253
          0,           0,        1879,      -7.623279429,      -5.605572241,      -5.903821103,       -5.51335446,      -9.651343364
          0,           0,        1880,      -7.628063735,      -5.607453957,      -5.905781593,      -5.517382598,      -9.651176717
          0,           0,        1881,      -7.631010008,      -5.609307838,      -5.907516942,      -5.520106267,       -9.65041593
          0,           0,        1882,      -7.632650996,      -5.610875775,      -5.908202117,      -5.521978892,      -9.649368324
          0,           0,        1883,      -7.627498109,       -5.61061306,      -5.892618209,      -5.518766383,       -9.64846045
          0,           0,        1884,      -7.520923419,      -5.610591939,      -5.886919643,      -5.433631381,      -9.647194126
          0,           0,        1885,      -7.538126689,      -5.616973782,      -5.913171513,       -5.44820155,      -9.645662638
          0,           0,        1886,       -7.56720622,      -5.619355229,      -5.916370618,      -5.472202364,      -9.644520241
          0,           0,        1887,      -7.612849048,      -5.621536377,      -5.918647945,      -5.508528321,      -9.643015771
          0,           0,        1888,      -7.639172946,      -5.623314303,      -5.920030283,       -5.52909172,        -9.6413699
          0,           0,        1889,      -7.647381107,      -5.625992356,      -5.922572991,      -5.535717721,      -9.639989073
          0,           0,        1890,      -7.655971452,      -5.628140693,      -5.924480468,       -5.54191107,      -9.638354951
          0,           0,        1891,      -7.658695273,      -5.630672344,      -5.926705665,       -5.54476875,      -9.636521037
          0,           0,        1892,      -7.664880206,      -5.633062837,      -5.928820538,      -5.549458137,      -9.635234103
          0,           0,        1893,      -7.668747393,      -5.635418874,      -5.930800295,      -5.552653502,      -9.633583318
          0,           0,        1894,      -7.671652713,      -5.637514205,      -5.932269145,      -5.555414293,      -9.631867594
          0,           0,        1895,      -7.672442191,      -5.640219223,       -5.93468624,       -5.55663865,       -9.63042447
          0,           0,        1896,      -7.677677194,      -5.642562132,      -5.936654302,      -5.560709386,       -9.62873598
          0,           0,        1897,      -7.679299554,      -5.644999449,      -5.938640956,      -5.562895559,       -9.62689715
          0,           0,        1898,      -7.682700222,      -5.647466723,      -5.940769606,      -5.565883283,      -9.625465962
          0,           0,        1899,      -7.685370198,      -5.649815595,      -5.942721943,       -5.56845521,      -9.623747849
          0,           0,        1900,      -7.687038239,      -5.651650347,      -5.943875573,      -5.570666861,      -9.621943677
          0,           0,        1901,      -7.685439558,      -5.654410153,      -5.946330738,      -5.570505599,      -9.620424994
          0,           0,        1902,      -7.690419754,      -5.656494761,       -5.94805332,      -5.574430523,       -9.61871713
          0,           0,        1903,      -7.689599936,      -5.658923807,      -5.950088822,      -5.575285715,       -9.61686791
          0,           0,        1904,      -7.693011649,      -5.661106634,      -5.951943578,      -5.578414551,      -9.615557048
          0,           0,        1905,      -7.693867328,      -5.663162771,        -5.9535717,      -5.579878036,       -9.61394981
          0,           0,        1906,      -7.693843493,      -5.664840428,      -5.954542136,      -5.580930318,      -9.612283389
          0,           0,        1907,      -7.691331277,      -5.667122058,      -5.956468617,      -5.580081167,        -9.6109345
          0,           0,        1908,      -7.693578667,      -5.668925324,      -5.957790143,      -5.582268227,      -9.609411691
          0,           0,        1909,      -7.691788133,      -5.670772304,       -5.95902668,      -5.582173061,      -9.607798183
          0,           0,        1910,      -7.691800819,      -5.672597412,      -5.960306261,      -5.582793707,      -9.606607741
          0,           0,        1911,       -7.69094731,      -5.674251603,      -5.961284079,      -5.582791354,      -9.605196932
          0,           0,        1912,      -7.689043069,      -5.675311424,      -5.961286601,      -5.582275072,      -9.603742632
          0,           0,        1913,      -7.683910316,       -5.67737977,      -5.962603961,      -5.579183034,      -9.602580132
          0,           0,        1914,      -7.685454267,      -5.678706786,      -5.963030503,       -5.58035565,      -9.601268119
          0,           0,        1915,      -7.681411837,      -5.680431033,      -5.963709854,      -5.578332634,      -9.599840617
          0,           0,        1916,      -7.681681046,      -5.681917543,      -5.964115567,      -5.578698571,       -9.59891132
          0,           0,        1917,      -7.679709846,      -5.683315097,      -5.964217478,      -5.577459887,      -9.597707042
          0,           0,        1918,      -7.677197268,      -5.684370256,      -5.963587539,      -5.575953852,      -9.596379612
          0,           0,        1919,      -7.672724831,      -5.686148028,       -5.96391569,      -5.572786344,      -9.595286902
          0,           0,        1920,      -7.672924711,      -5.687502618,      -5.963598761,      -5.572752559,      -9.593971265
          0,           0,        1921,       -7.66978951,      -5.688999754,      -5.963188461,      -5.570750491,      -9.592509432
          0,           0,        1922,        -7.6686001,      -5.690586483,      -5.962840173,      -5.569659262,      -9.591378652
          0,           0,        1923,      -7.666984076,      -5.692105431,      -5.962215699,      -5.568252422,      -9.589982251
          0,           0,        1924,      -7.664745567,      -5.693113213,       -5.96066876,      -5.566630686,      -9.588485539
          0,           0,        1925,      -7.659951465,      -5.695320459,       -5.96049057,      -5.562904409,      -9.587202361
          0,           0,        1926,      -7.661409307,      -5.696865163,      -5.959507495,      -5.563411823,       -9.58572307
          0,           0,        1927,      -7.658165852,      -5.698957642,      -5.958858046,      -5.561246671,      -9.584087891
          0,           0,        1928,      -7.659059403,      -5.700921235,      -5.958042521,      -5.561578091,      -9.582883142
          0,           0,        1929,      -7.658217807,       -5.70290744,      -5.957042994,      -5.560727924,      -9.581394414
          0,           0,        1930,      -7.657141362,      -5.704631105,      -5.955455061,      -5.559926733,      -9.579829476
          0,           0,        1931,      -7.654487199,      -5.707244246,      -5.954922769,      -5.557854068,      -9.578516847
          0,           0,        1932,      -7.656396845,      -5.709486836,      -5.953899376,      -5.559026232,      -9.577037697
          0,           0,        1933,      -7.655415371,      -5.711966787,      -5.952926636,      -5.558616095,      -9.575468247
          0,           0,        1934,      -7.656484704,       -5.71460161,      -5.952144446,      -5.559363038,      -9.574256872
          0,           0,        1935,      -7.657315635,      -5.717190215,      -5.951233717,       -5.56005123,      -9.572858228
          0,           0,        1936,      -7.657672701,      -5.719017911,      -5.949545644,      -5.560741702,      -9.571440286
          0,           0,        1937,      -7.655114715,      -5.613592962,      -5.924060098,      -5.557981456,      -9.570295346
          0,           0,        1938,       -7.44428687,      -5.719246298,      -5.939928693,      -5.378168174,      -9.568128397
          0,           0,        1939,      -7.630677551,      -5.725524556,      -5.944609228,      -5.540534115,      -9.567082706
          0,           0,        1940,      -7.612408264,      -5.730133862,      -5.947054918,      -5.524218074,      -9.567117818
          0,           0,        1941,      -7.637012002,      -5.733991064,      -5.946984991,      -5.545034648,      -9.567754712
          0,           0,        1942,      -7.656783738,      -5.737144377,      -5.946045555,      -5.562706804,       -9.56979058
          0,           0,        1943,      -7.663360242,      -5.741061978,      -5.946211656,       -5.56947405,      -9.573871618
          0,           0,        1944,      -7.670650343,      -5.744375414,      -5.945988202,      -5.576012666,      -9.576873354
          0,           0,        1945,      -7.673716627,      -5.747795969,      -5.945864684,      -5.579763623,       -9.57836901
          0,           0,        1946,      -7.678268498,      -5.751254588,      -5.945982379,       -5.58426116,      -9.579817581
          0,           0,        1947,      -7.682102402,      -5.754532057,      -5.946023188,      -5.588421112,      -9.580971993
          0,           0,        1948,       -7.68507877,      -5.757030809,      -5.945378432,      -5.592368789,      -9.582081425
          0,           0,        1949,      -7.685020054,      -5.760950566,      -5.946161355,      -5.593872876,      -9.583479128
          0,           0,        1950,      -7.691809463,      -5.763849999,      -5.946341712,      -5.600223464,       -9.58476945
          0,           0,        1951,      -7.693014967,      -5.767287288,       -5.94696372,      -5.603317376,      -9.585990411
          0,           0,        1952,       -7.69880693,       -5.77036014,      -5.947549364,      -5.609319343,      -9.587703663
          0,           0,        1953,      -7.702257666,      -5.773247343,      -5.948060747,      -5.613695995,      -9.589174141
          0,           0,        1954,      -7.705053023,      -5.775549302,      -5.948086172,      -5.617871013,      -9.590597547
          0,           0,        1955,      -7.705421838,      -5.778812029,      -5.949199108,      -5.619997571,      -9.592314222
          0,           0,        1956,      -7.711147716,        -5.7813234,      -5.949884313,      -5.626081454,      -9.593879375
          0,           0,        1957,      -7.712606492,      -5.783882788,      -5.950640159,      -5.629491032,      -9.595364455
          0,           0,        1958,      -7.715823182,       -5.78611907,      -5.951424404,      -5.633643702,      -9.597256515
          0,           0,        1959,      -7.713915071,      -5.590666924,      -5.788211837,      -5.628236836,      -9.599023553
          0,           0,        1960,      -7.042246266,      -5.768847008,      -5.911070062,       -4.99360102,      -9.600612951
          0,           0,        1961,      -7.543227113,      -5.781025306,      -5.926312822,      -5.483546157,      -9.602616738
          0,           0,        1962,      -7.454292884,      -5.789024386,       -5.94543116,      -5.397613129,      -9.604540395
          0,           0,        1963,      -7.450449766,      -5.794336082,      -5.953689397,      -5.394867412,      -9.606357639
          0,           0,        1964,       -7.53485626,      -5.797528743,       -5.95634467,      -5.476279128,      -9.608694279
          0,           0,        1965,      -7.625361128,      -5.799839351,      -5.957744031,       -5.56188297,      -9.610749817
          0,           0,        1966,      -7.681700435,      -5.801271611,      -5.958531923,      -5.614534919,      -9.612747078
          0,           0,        1967,      -7.705161305,      -5.803691783,      -5.960368041,      -5.636804604,      -9.615066184
          0,           0,        1968,      -7.720657282,      -5.805299448,      -5.961630616,      -5.651316226,      -9.617210052
          0,           0,        1969,      -7.727302332,      -5.807028614,      -5.962864761,       -5.65882833,      -9.619251975
          0,           0,        1970,       -7.73415001,      -5.808800535,      -5.964247624,      -5.665638398,      -9.621728148
          0,           0,        1971,      -7.738840678,      -5.810357907,      -5.965451784,      -5.670472336,      -9.623953975
          0,           0,        1972,      -7.741433851,      -5.810987188,      -5.965818787,      -5.673794246,      -9.626102185
          0,           0,        1973,      -7.739408379,      -5.813436313,      -5.967662673,      -5.672722898,      -9.628536725
          0,           0,        1974,      -7.745718569,      -5.814707727,      -5.968770312,      -5.678092492,      -9.630754586
          0,           0,        1975,      -7.744674765,       -5.81672834,      -5.970286757,      -5.678450242,      -9.632781227
          0,           0,        1976,      -7.749412172,      -5.818424433,       -5.97169731,      -5.682764859,      -9.635333177
          0,           0,        1977,      -7.751333563,      -5.820025265,       -5.97295849,      -5.684779945,      -9.637501861
          0,           0,        1978,      -7.752658799,        -5.8210628,      -5.973607952,      -5.686588476,      -9.639522861
          0,           0,        1979,      -7.751238351,       -5.82340958,      -5.975425737,      -5.685728258,      -9.641811492
          0,           0,        1980,      -7.756798292,      -5.825015566,      -5.976712321,      -5.690490839,      -9.643796389
          0,           0,        1981,      -7.757449617,      -5.826874812,      -5.978055379,      -5.691909282,      -9.645551251
          0,           0,        1982,      -7.761158312,      -5.828846516,      -5.979591931,      -5.695148109,      -9.647679765
          0,           0,        1983,      -7.764150959,      -5.830651404,      -5.980962048,      -5.697846931,      -9.649400361
          0,           0,        1984,      -7.766128154,      -5.831484887,      -5.981437914,       -5.70018624,      -9.650909831
          0,           0,        1985,      -7.763784738,      -5.834333441,      -5.983519792,      -5.698474306,      -9.652617796
          0,           0,        1986,       -7.77153313,      -5.835906199,      -5.984806334,      -5.704791716,        -9.6539676
          0,           0,        1987,      -7.771260193,      -5.838304472,        -5.9865432,      -5.705733515,      -9.654999698
          0,           0,        1988,      -7.777739714,      -5.840330317,      -5.988161766,      -5.711428064,      -9.656524061
          0,           0,        1989,      -7.780958396,      -5.842226884,      -5.989618861,      -5.714526113,      -9.657549518
          0,           0,        1990,      -7.783386743,      -5.843481477,      -5.990421874,      -5.717376835,      -9.658361664
          0,           0,        1991,      -7.782545615,      -5.846103598,      -5.992472485,      -5.717138582,      -9.659437847
          0,           0,        1992,      -7.789566985,      -5.847872926,      -5.993950536,       -5.72332064,      -9.660179863
          0,           0,        1993,      -7.790853208,      -5.849843599,      -5.995472581,      -5.725629752,      -9.660698422
          0,           0,        1994,       -7.79552437,      -5.851886791,      -5.997205481,      -5.729967612,      -9.661660556
          0,           0,        1995,      -7.799354444,      -5.853672095,      -5.998744566,      -5.733693844,       -9.66225807
          0,           0,        1996,       -7.80186791,      -5.854328894,      -5.999307305,      -5.736907042,      -9.662722384
          0,           0,        1997,       -7.79925612,      -5.857104619,      -6.001585851,      -5.735262224,      -9.663502826
          0,           0,        1998,      -7.808341373,      -5.858430294,      -6.002998994,      -5.742992393,      -9.664156738
          0,           0,        1999,      -7.807856458,      -5.860571339,      -6.004871663,      -5.744163752,      -9.664577278
          0,           0,        2000,      -7.815292921,      -5.862245522,      -6.006603596,      -5.750891128,      -9.665612836
          0,           0,        2001,      -7.818835966,      -5.863720122,      -6.008144922,      -5.754447155,      -9.666237092
          0,           0,        2002,      -7.821302453,      -5.864434455,      -6.008949095,      -5.757554267,      -9.666744818
          0,           0,        2003,      -7.819640828,      -5.866615848,      -6.011110969,      -5.756680472,      -9.667620464
          0,           0,        2004,      -7.827264743,      -5.867825553,      -6.012626597,      -5.763405337,      -9.668229511
          0,           0,        2005,      -7.827733564,      -5.869247671,      -6.014187582,      -5.765111849,      -9.668668347
          0,           0,        2006,      -7.832097924,      -5.870717156,      -6.015951946,      -5.769079631,       -9.66961525
          0,           0,        2007,      -7.835094584,      -5.871911234,      -6.017494927,      -5.771931765,         -9.670207
          0,           0,        2008,      -7.836326263,      -5.871891188,      -6.017951645,       -5.77390708,      -9.670667836
          0,           0,        2009,      -7.831263583,      -5.874177458,      -6.020287416,      -5.769810124,      -9.671446727
          0,           0,        2010,      -7.839836986,       -5.87491139,      -6.021654748,       -5.77669273,      -9.671933762
          0,           0,        2011,      -7.837123906,      -5.876564992,      -6.023537079,      -5.775673625,      -9.672171759
          0,           0,        2012,      -7.843446265,      -5.877742663,       -6.02525544,      -5.781025592,      -9.673031759
          0,           0,        2013,      -7.845130167,      -5.878735705,      -6.026763557,      -5.782494574,      -9.673432463
          0,           0,        2014,      -7.845599033,      -5.878953216,      -6.027480601,        -5.7833828,      -9.673674017
          0,           0,        2015,      -7.841620331,      -5.880664558,      -6.029660953,      -5.779887877,      -9.674231321
          0,           0,        2016,      -7.847841399,       -5.88124117,      -6.031150806,      -5.784794755,      -9.674434851
          0,           0,        2017,      -7.846305824,      -5.881601169,      -6.032679492,      -5.784205529,      -9.674416665
          0,           0,        2018,      -7.848693938,      -5.877435739,      -6.034406562,      -5.785828014,      -9.674678872
          0,           0,        2019,      -7.846816011,      -5.885595923,      -6.035926397,      -5.783564778,      -9.674666817
          0,           0,        2020,      -7.850788956,      -5.885724129,      -6.036382534,      -5.787441562,      -9.674608966
          0,           0,        2021,      -7.844976783,       -5.88498699,      -6.038785033,      -5.782191491,      -9.674843828
          0,           0,        2022,      -7.852001667,      -5.776496311,      -6.037851393,      -5.786726327,      -9.674709838
          0,           0,        2023,        -7.7720366,      -5.885971435,      -6.041548879,      -5.714021128,      -9.674291004
          0,           0,        2024,      -7.839174487,      -4.771695194,      -5.741680363,      -5.669301445,      -9.674823772
          0,           0,        2025,      -6.781765031,      -5.335675217,      -5.816443476,      -4.728638547,      -9.674428663
          0,           0,        2026,      -7.191101295,      -5.304993396,      -5.920750163,      -5.131600886,      -9.673770277
          0,           0,        2027,      -7.137756654,      -5.401590349,      -6.010916373,      -5.096605478,      -9.673544962
          0,           0,        2028,      -7.225074149,       -5.48790466,       -6.03326464,      -5.190998177,      -9.673061999
          0,           0,        2029,      -7.346673821,      -5.564898871,      -6.041295594,      -5.315359776,      -9.672361669
          0,           0,        2030,       -7.46278739,      -5.632034909,      -6.047774713,      -5.430101049,      -9.672113882
          0,           0,        2031,      -7.563648634,      -5.688618368,      -6.052294586,      -5.527598076,      -9.671447089
          0,           0,        2032,      -7.641131827,      -5.733458679,      -6.054121567,      -5.601246828,      -9.669943346
          0,           0,        2033,      -7.691478562,      -5.771937157,      -6.057544163,      -5.647749633,         -9.670259
          0,           0,        2034,      -7.735156371,       -5.80097856,      -6.059356272,      -5.686941389,      -9.669514303
          0,           0,        2035,       -7.76261337,      -5.824395157,      -6.061588538,      -5.711976179,      -9.668531994
          0,           0,        2036,      -7.789741405,      -5.842589994,      -6.063543104,      -5.735395322,      -9.668188401
          0,           0,        2037,      -7.807547262,       -5.85688136,      -6.065221805,      -5.750195147,      -9.667455248
          0,           0,        2038,      -7.819578381,      -5.867617768,      -6.065951301,      -5.760117815,      -9.666691781
          0,           0,        2039,      -7.824516267,      -5.877617007,      -6.068397412,      -5.763390748,      -9.666490581
          0,           0,        2040,      -7.837354781,      -5.885058743,      -6.070006186,      -5.773182212,      -9.666390648
          0,           0,        2041,      -7.842374491,      -5.891462094,      -6.071638407,      -5.777443331,      -9.666676203
          0,           0,        2042,      -7.851127847,      -5.897009137,      -6.073551912,      -5.783820034,      -9.667395505
          0,           0,        2043,      -7.858055242,      -5.901524777,      -6.075168866,      -5.788737892,      -9.667524589
          0,           0,        2044,      -7.862261162,       -5.90413126,      -6.075379196,      -5.792132044,      -9.667426302
          0,           0,        2045,      -7.859265019,      -5.909127975,      -6.077996018,      -5.788806407,      -9.667598669
          0,           0,        2046,       -7.87042906,      -5.911901141,      -6.079343685,      -5.796567042,      -9.667477102
          0,           0,        2047,      -7.868003866,      -5.915339118,      -6.081313696,      -5.795220675,        -9.6671247
          0,           0,        2048,      -7.875519194,      -5.917973154,      -6.083040025,      -5.800646608,      -9.667397388
          0,           0,        2049,       -7.87736864,      -5.920185288,       -6.08444778,      -5.801711926,      -9.667249425
          0,           0,        2050,      -7.877502055,      -5.921319875,      -6.084758634,      -5.802025962,      -9.666976566
          0,           0,        2051,      -7.872130119,      -5.924170602,      -6.086959559,      -5.797362639,      -9.667063535
          0,           0,        2052,      -7.878684734,      -5.925740333,       -6.08819826,      -5.802074221,      -9.666879592
          0,           0,        2053,      -7.876128735,      -5.927517102,       -6.08946164,      -5.800736093,      -9.666527293
          0,           0,        2054,      -7.878658595,      -5.929301964,      -6.090952007,      -5.802308777,      -9.666684084
          0,           0,        2055,      -7.879402745,       -5.93070502,      -6.092038798,      -5.802550304,      -9.666499743
          0,           0,        2056,      -7.877402567,      -5.930535859,      -6.091386895,      -5.801304839,      -9.666202383
          0,           0,        2057,      -7.865627654,      -5.933160013,      -6.092777884,       -5.79130157,      -9.666234267
          0,           0,        2058,      -7.861617569,      -5.933446663,      -6.090067972,      -5.786566234,      -9.665999374
          0,           0,        2059,      -7.813838535,       -5.93508484,      -6.088828124,      -5.745843245,      -9.665545222
          0,           0,        2060,      -7.774471169,      -5.920984779,      -6.005863177,      -5.711627203,      -9.665717754
          0,           0,        2061,      -7.435722495,      -5.936981313,      -6.091791274,      -5.386835732,        -9.6654625
          0,           0,        2062,      -7.642855188,      -5.511154959,      -5.305609396,      -5.594150545,      -9.664960653
          0,           0,        2063,      -6.539391489,      -5.675000995,      -5.627716177,      -4.492444047,      -9.664226633
          0,           0,        2064,      -7.181629736,      -5.771033247,      -5.770298756,      -5.132295074,      -9.664457667
          0,           0,        2065,      -6.935002798,      -5.839955965,      -5.821272242,      -4.886205805,      -9.664053705
          0,           0,        2066,      -6.882809812,      -5.904703893,      -5.922820909,      -4.836280457,      -9.664009753
          0,           0,        2067,      -6.970917338,      -5.923309459,      -5.997107246,      -4.926274121,      -9.663620126
          0,           0,        2068,      -7.126884704,      -5.925562033,      -6.038233864,      -5.083838576,      -9.663208713
          0,           0,        2069,      -7.301849846,      -5.932340393,      -6.060045696,      -5.258445262,      -9.663210344
          0,           0,        2070,      -7.450945225,      -5.938570495,      -6.071460736,      -5.403135317,      -9.662984523
          0,           0,        2071,      -7.562635435,      -5.944678243,      -6.079515705,      -5.508913794,      -9.662541221
          0,           0,        2072,      -7.656131591,      -5.948508765,      -6.085690387,      -5.596326589,      -9.662702524
          0,           0,        2073,      -7.732169649,      -5.951000641,      -6.090714251,      -5.667290763,      -9.662443963
          0,           0,        2074,      -7.788277138,      -5.951927819,      -6.093947687,      -5.719740697,       -9.66205785
          0,           0,        2075,      -7.823007862,      -5.954708258,      -6.098550229,      -5.752165799,      -9.662022344
          0,           0,        2076,      -7.855327745,      -5.956075006,       -6.10171916,      -5.780943264,      -9.661725575
          0,           0,        2077,      -7.871081288,      -5.957746129,      -6.104631535,      -5.796565926,       -9.66127812
          0,           0,        2078,      -7.885089876,      -5.959506002,      -6.107602142,      -5.809147254,      -9.661349343
          0,           0,        2079,      -7.892790961,      -5.960928144,      -6.110047472,      -5.816365712,      -9.661114915
          0,           0,        2080,      -7.896201211,      -5.960684009,      -6.110640126,      -5.820643534,      -9.660802963
          0,           0,        2081,      -7.890265581,      -5.963733096,      -6.113975072,      -5.816292606,      -9.660848445
          0,           0,        2082,      -7.902965333,      -5.964632278,      -6.115686141,      -5.826074928,      -9.660674746
          0,           0,        2083,       -7.90019628,      -5.966878335,      -6.118131176,      -5.825257385,      -9.660326257
          0,           0,        2084,      -7.909458562,      -5.968474695,      -6.120239416,      -5.832387961,       -9.66063222
          0,           0,        2085,      -7.912363811,      -5.969845866,      -6.121982936,      -5.834476671,      -9.660563987
          0,           0,        2086,      -7.913755414,      -5.970187577,      -6.122484766,      -5.835964791,      -9.660405728
          0,           0,        2087,      -7.909482344,      -5.972715711,      -6.125192558,      -5.832288464,      -9.660626209
          0,           0,        2088,      -7.919464849,      -5.973901395,       -6.12681428,      -5.839797835,      -9.660605292
          0,           0,        2089,      -7.918936426,      -5.975408769,       -6.12845349,      -5.840462753,      -9.660441183
          0,           0,        2090,      -7.924221342,      -5.977098089,      -6.130461401,      -5.844446073,        -9.6607777
          0,           0,        2091,      -7.927634569,      -5.978409248,      -6.132075326,      -5.847150441,       -9.66079807
          0,           0,        2092,      -7.928209639,      -5.977969523,      -6.131866946,       -5.84862731,      -9.660717049
          0,           0,        2093,      -7.919506883,      -5.980962611,      -6.134786655,      -5.841746847,      -9.660966524
          0,           0,        2094,      -7.931330258,        -5.9816952,      -6.136088772,       -5.85044798,      -9.660966521
          0,           0,        2095,      -7.926278403,      -5.983788289,      -6.138232767,      -5.848072134,      -9.660763214
          0,           0,        2096,      -7.935085765,      -5.985204807,      -6.140107377,      -5.854902537,      -9.661180221
          0,           0,        2097,      -7.937076354,      -5.986365894,      -6.141619794,      -5.856465015,      -9.661199159
          0,           0,        2098,       -7.93742944,       -5.98636001,      -6.141745813,      -5.857368786,      -9.661104438
          0,           0,        2099,      -7.930980904,      -5.988766241,      -6.144388725,      -5.852021952,      -9.661365054
          0,           0,        2100,      -7.940956831,      -5.989666688,      -6.145818149,      -5.859271732,      -9.661367267
          0,           0,        2101,      -7.939017951,      -5.990967531,      -6.147342062,      -5.858620825,      -9.661210825
          0,           0,        2102,      -7.944295722,      -5.992364757,      -6.149212106,      -5.862055481,      -9.661563743
          0,           0,        2103,      -7.947519646,      -5.993367281,      -6.150671716,      -5.863950321,      -9.661598238
          0,           0,        2104,      -7.948181644,       -5.99243344,      -6.150085489,      -5.864773315,       -9.66154077
          0,           0,        2105,      -7.938260766,      -5.995235848,      -6.153016192,      -5.856270757,      -9.661803612
          0,           0,        2106,      -7.952150166,      -5.992105429,      -6.153951752,      -5.865414658,      -9.661111606
          0,           0,        2107,      -7.943728745,      -5.997183549,      -6.156176919,      -5.859683775,      -9.661812176
          0,           0,        2108,      -7.957008565,      -5.998333868,      -6.157944253,      -5.869047653,      -9.662370319
          0,           0,        2109,      -7.959574983,      -5.999165652,      -6.159314686,      -5.870184386,      -9.662554905
          0,           0,        2110,      -7.960116863,      -5.998828109,       -6.15924947,      -5.870508094,      -9.662658253
          0,           0,        2111,      -7.953265433,      -6.000872881,      -6.161803949,      -5.864448837,      -9.663159599
          0,           0,        2112,      -7.963979167,      -6.001421637,      -6.163105588,      -5.871392725,      -9.663434494
          0,           0,        2113,       -7.96166322,      -6.002282894,      -6.164438476,      -5.870085252,      -9.663586427
          0,           0,        2114,      -7.966351252,      -6.003356315,      -6.166242188,      -5.872462889,      -9.664267274
          0,           0,        2115,      -7.969115605,      -6.003992626,       -6.16760081,      -5.873537204,      -9.664655376
          0,           0,        2116,      -7.968708969,      -6.002693481,      -6.166827505,      -5.873369902,      -9.664968007
          0,           0,        2117,      -7.957505788,      -6.005167733,      -6.169758098,       -5.86405098,      -9.665646455
          0,           0,        2118,      -7.971085675,        -6.0051581,      -6.170795068,      -5.872245444,      -9.666099475
          0,           0,        2119,      -7.964378863,      -6.006651602,      -6.172851187,      -5.868087573,      -9.666371623
          0,           0,        2120,      -7.974626654,       -6.00740305,      -6.174598122,      -5.874364213,       -9.66731037
          0,           0,        2121,      -7.976629567,      -6.007891386,      -6.175940288,      -5.874838068,      -9.667865879
          0,           0,        2122,        -7.9766841,      -6.007124499,      -6.175665791,      -5.874671972,      -9.668329661
          0,           0,        2123,       -7.96850881,      -6.008992707,      -6.178391284,      -5.867746396,      -9.669185877
          0,           0,        2124,      -7.980088079,      -6.009248893,      -6.179711765,       -5.87461593,      -9.669798455
          0,           0,        2125,      -7.977141523,      -6.009969364,      -6.181185386,      -5.872839833,      -9.670265901
          0,           0,        2126,      -7.982945141,        -6.0108007,      -6.183083409,      -5.875613575,      -9.671282543
          0,           0,        2127,      -7.986047717,      -6.011244091,      -6.184535383,       -5.87665893,      -9.671976151
          0,           0,        2128,       -7.98604657,      -6.009623513,      -6.183580852,      -5.876605759,      -9.672577547
          0,           0,        2129,      -7.973101916,      -6.012072365,      -6.186846566,       -5.86649708,      -9.673536931
          0,           0,        2130,       -7.98900716,      -6.011851741,      -6.187948344,       -5.87556722,      -9.674244326
          0,           0,        2131,        -7.9813783,      -6.013349091,      -6.190326297,      -5.871107838,      -9.674738408
          0,           0,        2132,      -7.993347723,      -6.014012765,      -6.192287457,      -5.878100807,      -9.675921176
          0,           0,        2133,      -7.995441918,      -6.014433284,      -6.193817015,      -5.878619375,      -9.676671969
          0,           0,        2134,      -7.995268262,      -6.013728791,      -6.193732693,      -5.878416318,      -9.677295856
          0,           0,        2135,      -7.986735517,      -6.015505683,      -6.196722509,      -5.871787023,      -9.678296982
          0,           0,        2136,       -7.99802443,      -6.015711656,       -6.19828391,      -5.878234674,      -9.678970243
          0,           0,        2137,       -7.99442426,      -5.982689038,       -6.19419674,      -5.876325069,      -9.679174695
          0,           0,        2138,      -7.971935272,      -5.995376665,      -6.196395789,      -5.857466658,      -9.672558581
          0,           0,        2139,      -7.985021712,      -5.837228649,      -6.159825211,      -5.861833015,      -9.680744246
          0,           0,        2140,      -7.887292531,       -5.97937525,      -6.190589715,      -5.790587319,      -9.671115757
          0,           0,        2141,      -7.960969355,      -5.852839954,      -6.163123519,      -5.853273851,      -9.681906674
          0,           0,        2142,      -7.764830306,      -5.999842853,      -6.196011053,      -5.683897908,      -9.683061113
          0,           0,        2143,      -7.941286677,      -6.014541836,      -6.210522441,        -5.8356626,      -9.681316273
          0,           0,        2144,      -7.978707571,      -6.008369063,      -6.208535169,       -5.86255219,      -9.684234042
          0,           0,        2145,      -7.972396475,      -6.014471364,      -6.213951894,      -5.856542975,       -9.68285132
          0,           0,        2146,      -8.000180934,      -6.010501291,      -6.212362404,      -5.876688085,      -9.684886717
          0,           0,        2147,      -7.982974088,      -6.012877202,      -6.216588629,      -5.864675874,      -9.683991264
          0,           0,        2148,      -8.002126067,      -6.013602081,      -6.218091408,       -5.87634102,      -9.685709019
          0,           0,        2149,      -7.992603675,      -6.005149881,      -6.218919321,      -5.871495299,      -9.684605773
          0,           0,        2150,      -7.998753363,      -6.013595135,      -6.222077977,      -5.874332048,       -9.68624224
          0,           0,        2151,      -8.001566915,       -5.98044085,      -6.219088521,      -5.875876685,      -9.685472106
          0,           0,        2152,      -7.981326522,      -6.004077296,      -6.220378112,      -5.861569219,      -9.686254749
          0,           0,        2153,      -7.980739368,      -6.003017355,      -6.226717805,      -5.863010378,      -9.685559354
          0,           0,        2154,      -8.001292362,      -6.005190441,      -6.226540502,      -5.875410271,      -9.686466058
          0,           0,        2155,       -7.98601019,      -5.990625595,      -6.228658596,      -5.866697154,      -9.685288143
          0,           0,        2156,      -7.995936592,      -6.001671253,      -6.230939989,       -5.87212286,      -9.686548021
          0,           0,        2157,      -7.998503276,      -6.009850475,      -6.236432285,      -5.875399129,      -9.685529448
          0,           0,        2158,      -8.008717674,       -6.00280048,      -6.234068637,      -5.883078368,      -9.686280319
          0,           0,        2159,      -7.988908926,      -5.997352883,       -6.23752276,      -5.869578462,      -9.685626511
          0,           0,        2160,      -8.002125283,      -6.000609343,      -6.238855627,      -5.877398394,      -9.686426774
          0,           0,        2161,      -7.997239633,      -6.014766515,      -6.244444568,      -5.877159163,      -9.685273325
          0,           0,        2162,      -8.012429977,      -6.004439258,      -6.244678513,      -5.886858708,      -9.686569421
          0,           0,        2163,      -8.004149643,      -6.002921284,       -6.24677623,      -5.881308492,      -9.685731137
          0,           0,        2164,      -8.005273706,      -6.000305161,      -6.244945446,       -5.88257752,      -9.686555282
          0,           0,        2165,      -7.991113137,      -6.019560886,      -6.253163541,      -5.874736446,      -9.685992614
          0,           0,        2166,      -8.017038605,      -6.005385687,      -6.252095835,      -5.891065229,      -9.687092552
          0,           0,        2167,      -7.998465126,      -6.007976425,      -6.255322105,      -5.880759134,      -9.686208838
          0,           0,        2168,      -8.011476314,      -6.004499222,      -6.256826512,      -5.888355297,      -9.687827344
          0,           0,        2169,      -8.011926029,      -6.024224847,      -6.262922872,      -5.890801509,      -9.687260774
          0,           0,        2170,       -8.02210515,      -6.007185007,      -6.259273815,       -5.89851119,       -9.68853946
          0,           0,        2171,      -7.999630132,      -6.012631735,       -6.26390723,      -5.883832804,      -9.688457074
          0,           0,        2172,      -8.015839446,      -6.006661677,       -6.26441131,      -5.893470861,      -9.689932627
          0,           0,        2173,       -8.00960627,      -6.028301889,      -6.270943889,      -5.893095364,      -9.689459454
          0,           0,        2174,      -8.027097031,      -6.011488707,      -6.270483949,      -5.904328435,      -9.691588162
          0,           0,        2175,      -8.019123991,      -6.017068072,      -6.273054398,      -5.899643448,      -9.691544371
          0,           0,        2176,      -8.020617667,      -6.007803379,      -6.269594175,      -5.900974793,      -9.693252914
          0,           0,        2177,      -8.001580063,      -6.032058846,      -6.278670889,      -5.890140051,        -9.6935507
          0,           0,        2178,      -8.030959152,      -6.013117314,      -6.276635023,      -5.908891842,      -9.695573079
          0,           0,        2179,      -8.010812579,      -6.020981691,      -6.280623371,      -5.897870345,      -9.695526912
          0,           0,        2180,       -8.02683372,      -6.012702822,      -6.281408861,      -5.907464417,      -9.698145045
          0,           0,        2181,      -8.027048395,      -6.035724265,      -6.287608966,      -5.910026084,      -9.698453608
          0,           0,        2182,      -8.037294231,      -6.015426425,      -6.283375913,      -5.917682165,      -9.700695191
          0,           0,        2183,      -8.016605425,       -6.02441712,      -6.288062436,      -5.904065561,      -9.701556343
          0,           0,        2184,      -8.032173748,      -6.014744008,      -6.287845468,      -5.913312535,      -9.704134842
          0,           0,        2185,      -8.027019314,      -6.038416319,       -6.29384496,      -5.913627735,      -9.704580804
          0,           0,        2186,        -8.0417674,      -6.018926379,      -6.292781543,      -5.922740504,      -9.707566837
          0,           0,        2187,      -8.035098714,      -6.027396712,      -6.295344458,      -5.918779886,        -9.7080974
          0,           0,        2188,       -8.03635178,      -6.015173986,      -6.291061718,      -5.919785877,      -9.710384186
          0,           0,        2189,      -8.018636556,      -6.041003639,      -6.300036265,      -5.909505271,      -9.711027056
          0,           0,        2190,      -8.047210386,      -6.019896101,       -6.29726531,      -5.927514111,      -9.713406338
          0,           0,        2191,      -8.027160881,      -6.029909173,      -6.300966652,      -5.916390326,      -9.713433793
          0,           0,        2192,      -8.042938958,      -6.018968724,      -6.300929438,      -5.925496292,      -9.716097045
          0,           0,        2193,      -8.042510237,      -6.043187511,      -6.306925074,       -5.92749529,      -9.716190594
          0,           0,        2194,      -8.052421278,      -6.020766967,      -6.301157172,      -5.934670385,      -9.718251072
          0,           0,        2195,      -8.028111024,      -6.031759127,      -6.306075433,       -5.91829859,      -9.718603217
          0,           0,        2196,      -8.046405117,      -6.019694531,      -6.304871615,      -5.928952133,      -9.720591412
          0,           0,        2197,      -8.038544955,      -6.044150801,      -6.311051476,      -5.927430454,      -9.720183319
          0,           0,        2198,       -8.05559681,      -6.022189707,      -6.309030403,       -5.93775356,      -9.722575559
          0,           0,        2199,        -8.0461649,      -6.027450873,      -6.311075353,      -5.931787075,      -9.722322981
          0,           0,        2200,      -8.040846073,      -5.913937858,      -6.295263728,      -5.927712177,      -9.723933149
          0,           0,        2201,      -7.873870865,      -5.970938307,      -6.292305658,      -5.795986068,      -9.722929083
          0,           0,        2202,      -7.927807177,       -5.96293669,      -6.302420056,       -5.83752012,      -9.724864655
          0,           0,        2203,      -7.861462479,      -6.001331361,      -6.313377622,      -5.785135799,      -9.724223063
          0,           0,        2204,      -7.948996508,      -6.012947105,      -6.312133645,      -5.857375745,       -9.72641136
          0,           0,        2205,      -8.011392659,      -6.045231979,      -6.317734194,      -5.907053045,      -9.725744798
          0,           0,        2206,      -8.033310155,      -6.024413284,      -6.312422199,       -5.92241445,       -9.72704724
          0,           0,        2207,      -8.019881611,      -6.036861432,      -6.317335239,      -5.913336345,      -9.726585128
          0,           0,        2208,      -8.042958529,      -6.023865599,      -6.315666684,      -5.927981672,      -9.727819787
          0,           0,        2209,      -8.042211784,      -6.048936268,      -6.320890345,      -5.931316613,      -9.726614392
          0,           0,        2210,       -8.05879303,      -6.027325421,       -6.31844889,      -5.941180122,      -9.728211228
          0,           0,        2211,      -8.053524689,      -6.038542642,      -6.320465161,      -5.937901542,      -9.727142009
          0,           0,        2212,      -8.054954669,      -6.023643736,      -6.314512347,      -5.938430887,      -9.728002303
          0,           0,        2213,      -8.036663328,      -6.050648076,      -6.322925059,      -5.927214059,      -9.727087466
          0,           0,        2214,      -8.064866065,      -6.027896823,      -6.318819894,      -5.944185048,      -9.728029299
          0,           0,        2215,      -8.044477053,      -6.040265274,      -6.321839998,      -5.932488483,      -9.726484656
          0,           0,        2216,      -8.059612672,      -6.027043977,      -6.320471918,      -5.940308052,      -9.727829284
          0,           0,        2217,      -8.058219171,      -6.052526884,      -6.325804149,      -5.941157453,      -9.726448646
          0,           0,        2218,      -8.067301116,      -6.028449933,      -6.318065208,      -5.947045406,      -9.727123617
          0,           0,        2219,      -8.038810497,       -6.04204629,      -6.323005781,      -5.927594775,      -9.726051786
          0,           0,        2220,      -8.059824097,      -6.027994507,      -6.320430503,      -5.939254558,      -9.726731488
          0,           0,        2221,      -8.048620873,      -6.054326027,       -6.32650135,      -5.935287411,      -9.724979479
          0,           0,        2222,       -8.06819084,      -6.031993665,      -6.323471797,      -5.946600327,      -9.726182395
          0,           0,        2223,      -8.058657738,      -6.044274711,      -6.325364206,      -5.940510282,      -9.724713122
          0,           0,        2224,      -8.059690149,       -6.02846955,      -6.318501171,      -5.940420686,      -9.725193208
          0,           0,        2225,      -8.035707247,      -6.056402175,      -6.327161852,      -5.925486956,      -9.723951665
          0,           0,        2226,      -8.065630156,      -6.033087199,      -6.322702249,      -5.943632108,      -9.724569546
          0,           0,        2227,      -8.043988829,      -6.046629594,      -6.325932367,      -5.931252511,      -9.722764404
          0,           0,        2228,      -8.059074364,      -6.032752871,      -6.324329789,       -5.93904044,      -9.723856463
          0,           0,        2229,      -8.056743949,      -6.059124879,      -6.329586845,      -5.939351982,      -9.722288372
          0,           0,        2230,      -8.064942523,      -6.034685995,      -6.321965761,      -5.944647096,      -9.722759341
          0,           0,        2231,      -8.038097419,      -6.049289485,      -6.326818084,      -5.926407124,      -9.721557244
          0,           0,        2232,        -8.0572932,      -6.034676721,      -6.324194747,      -5.937065969,      -9.722096285
          0,           0,        2233,      -8.047241568,       -6.06185135,      -6.329918937,      -5.933774706,      -9.720296693
          0,           0,        2234,      -8.064352005,      -6.038994412,      -6.326884787,      -5.943485139,      -9.721367471
          0,           0,        2235,      -8.055750065,      -6.052432216,      -6.328928937,      -5.938096852,      -9.719873244
          0,           0,        2236,      -8.056953598,        -6.0357172,      -6.321579107,      -5.938272672,      -9.720311215
          0,           0,        2237,      -8.031872644,      -6.065009691,      -6.330586209,       -5.92255989,      -9.719079508
          0,           0,        2238,      -8.063253874,      -6.040846017,      -6.325908939,      -5.941736169,      -9.719684008
          0,           0,        2239,      -8.040373348,      -6.055833276,       -6.32983848,      -5.928740434,      -9.717921805
          0,           0,        2240,      -8.058513738,      -6.041244891,      -6.328304717,      -5.938872629,      -9.719055295
          0,           0,        2241,      -8.056349585,      -6.068902445,      -6.333758559,      -5.939525768,      -9.717576231
          0,           0,        2242,      -8.064922717,      -6.043954375,       -6.32679978,      -5.945277357,      -9.718097034
          0,           0,        2243,      -8.041353745,      -6.059569458,      -6.331686804,      -5.929553164,       -9.71700243
          0,           0,        2244,      -8.058420679,      -6.044301576,      -6.329337047,      -5.939274862,      -9.717561389
          0,           0,        2245,      -8.050178528,       -6.07255761,      -6.334755529,      -5.937424127,      -9.715804552
          0,           0,        2246,      -8.063504476,      -6.048904401,      -6.332106257,       -5.94493058,      -9.716736714
          0,           0,        2247,      -8.056153729,      -6.063541695,      -6.334606156,      -5.940699545,      -9.715148325
          0,           0,        2248,      -8.056647475,      -6.046093142,      -6.327881467,      -5.940910538,      -9.715398946
          0,           0,        2249,      -8.034902466,      -6.076639622,      -6.337082799,       -5.92763283,      -9.713972934
          0,           0,        2250,      -8.063225773,      -6.051311551,      -6.332832826,      -5.945405031,      -9.714284254
          0,           0,        2251,       -8.04157889,      -6.066886635,       -6.33690286,      -5.933377774,      -9.712250416
          0,           0,        2252,      -8.057524455,      -6.050557055,      -6.335613313,       -5.94261623,      -9.712945607
          0,           0,        2253,      -8.054591101,      -6.077234495,      -6.341577295,      -5.943158949,      -9.711070831
          0,           0,        2254,      -8.061315047,      -6.045502071,      -6.334085789,       -5.94836724,      -9.711087198
          0,           0,        2255,      -8.031804791,      -6.039301889,      -6.339614415,      -5.928709787,      -9.709477534
          0,           0,        2256,      -8.035683067,      -5.891386583,      -6.333813219,      -5.930984393,      -9.709461546
          0,           0,        2257,      -7.933018281,      -5.213176207,      -6.154294117,      -5.723655719,      -9.707318601
          0,           0,        2258,        -7.3033364,      -5.660453216,      -6.244933704,      -5.247138062,      -9.707706265
          0,           0,        2259,      -7.720985732,      -5.524944991,      -6.257733414,      -5.616142968,      -9.705641501
          0,           0,        2260,      -7.542692008,      -5.717069292,      -6.300362996,      -5.486841133,      -9.705429525
          0,           0,        2261,      -7.912773787,      -5.981039788,      -6.344813784,      -5.832844169,      -9.639352854
          0,           0,        2262,      -8.030822951,      -6.003350291,      -6.342104447,      -5.930251508,      -9.689965815
          0,           0,        2263,      -7.995921473,       -6.04572327,      -6.348132599,      -5.908255259,      -9.696214282
          0,           0,        2264,      -8.024746038,      -6.045156554,      -6.347239176,       -5.92870882,      -9.697426164
          0,           0,        2265,      -8.038199946,      -5.886452073,      -6.343528495,        -5.9235974,      -9.696847624
          0,           0,        2266,      -7.928019588,       -6.02145543,      -6.343596506,      -5.845150277,      -9.698008191
          0,           0,        2267,      -8.033980629,      -6.063055302,       -6.35225925,      -5.936802978,       -9.69797464
          0,           0,        2268,      -8.044914181,      -6.056281511,      -6.351059196,      -5.945087608,      -9.700228366
          0,           0,        2269,      -8.044549854,      -6.089486047,       -6.35769843,       -5.95009106,      -9.701450665
          0,           0,        2270,      -8.063943462,      -6.067162341,       -6.35545968,      -5.963606634,       -9.70434362
          0,           0,        2271,      -8.062269369,      -6.086227645,      -6.358987886,      -5.963928416,      -9.704302096
          0,           0,        2272,      -8.066915129,      -6.068245584,      -6.352128584,      -5.967782391,      -9.705771687
          0,           0,        2273,      -8.047651994,      -6.103314619,      -6.362866334,      -5.955922886,      -9.705552356
          0,           0,        2274,      -8.079773602,      -6.075777201,       -6.35867672,      -5.978334122,      -9.706987308
          0,           0,        2275,      -8.059288682,      -6.094498036,      -6.363738235,      -5.966980656,      -9.706181601
          0,           0,        2276,      -8.078460902,      -6.076708869,      -6.362682361,      -5.979650733,      -9.708063051
          0,           0,        2277,      -8.077573927,      -6.109365025,      -6.369867574,      -5.982484103,      -9.707496106
          0,           0,        2278,      -8.088230836,      -6.079009622,       -6.36156464,       -5.99138413,      -9.708847828
          0,           0,        2279,      -8.059566264,      -6.098275081,       -6.36879808,      -5.971016463,      -9.708651439
          0,           0,        2280,      -8.083894234,      -6.079014567,      -6.366405883,      -5.987735402,       -9.71012257
          0,           0,        2281,       -8.07313627,      -6.112353381,      -6.374456991,      -5.985200085,      -9.709394937
          0,           0,        2282,      -8.094911029,      -6.083515937,      -6.371699167,      -6.000622066,      -9.711424996
          0,           0,        2283,      -8.086755265,      -6.100637028,      -6.375408612,      -5.996361406,      -9.711016769
          0,           0,        2284,      -8.089808164,      -6.078062169,      -6.367120587,      -5.999021345,      -9.712479956
          0,           0,        2285,      -8.061174575,       -6.11081017,      -6.379031126,      -5.979693965,      -9.712349648
          0,           0,        2286,      -8.096920654,      -6.075784929,      -6.374048562,      -6.005981517,      -9.714006284
          0,           0,        2287,      -8.068527674,      -6.078653962,      -6.379682744,      -5.988373891,      -9.713373544
          0,           0,        2288,       -8.07852913,       -6.01500333,      -6.377420323,      -5.995210263,      -9.715581747
          0,           0,        2289,      -8.038068883,      -5.822397753,      -6.374839263,      -5.969219753,      -9.715240816
          0,           0,        2290,      -7.865317741,      -4.522720137,       -5.52958464,       -5.48172563,      -9.703997099
          0,           0,        2291,      -6.325243301,      -4.733138688,      -5.556368027,      -4.227186386,      -9.685987806
          0,           0,        2292,      -6.634566825,      -4.890203595,      -5.658045445,      -4.570818447,      -9.673709616
          0,           0,        2293,      -6.674811041,      -4.990182759,      -5.815639096,       -4.68028782,      -9.666238576
          0,           0,        2294,      -6.725995446,      -5.106920658,      -5.934378639,      -4.739366239,      -9.665177949
          0,           0,        2295,      -6.800389597,      -5.215761991,      -6.020326495,      -4.804942242,      -9.663912892
          0,           0,        2296,      -6.880996713,      -5.313178618,      -6.078914013,      -4.878122741,      -9.665048806
          0,           0,        2297,      -6.949094804,      -5.402956092,      -6.136645393,      -4.940710314,      -9.665231139
          0,           0,        2298,      -6.996124433,      -5.481566348,      -6.184658038,      -4.981803518,      -9.666407133
          0,           0,        2299,      -7.034586211,      -5.554601066,      -6.213289683,      -5.015620953,      -9.664634472
          0,           0,        2300,      -7.083301888,      -5.615912538,      -6.208090607,      -5.063040257,      -9.663724357
          0,           0,        2301,      -7.146099632,       -5.67508762,      -6.194388196,      -5.128303197,      -9.659535732
          0,           0,        2302,      -7.211118803,      -5.717730587,       -6.17992208,      -5.198002048,      -9.656090912
          0,           0,        2303,      -7.257377362,      -5.762408708,       -6.18360754,      -5.247579156,      -9.651306691
          0,           0,        2304,      -7.279569799,      -5.793005183,      -6.193210819,       -5.26944487,      -9.648304289
          0,           0,        2305,      -7.290001718,      -5.832266975,      -6.212816159,      -5.278271573,      -9.644648046
          0,           0,        2306,      -7.307071915,      -5.849016984,      -6.228732713,      -5.294667611,      -9.644158373
          0,           0,        2307,      -7.338137095,      -5.876115542,      -6.246478598,      -5.327184713,      -9.642984073
          0,           0,        2308,      -7.384782878,      -5.885090877,       -6.25540512,      -5.377221001,      -9.643945701
          0,           0,        2309,      -7.439027146,      -5.914050425,      -6.275129467,      -5.435754265,      -9.644085302
          0,           0,        2310,       -7.49358636,      -5.913991735,      -6.284229749,      -5.493135543,      -9.645440553
          0,           0,        2311,      -7.527309581,      -5.934026232,      -6.299253811,      -5.525256219,      -9.644695748
          0,           0,        2312,      -7.543351376,      -5.934975011,      -6.306516469,      -5.535984027,      -9.645375261
          0,           0,        2313,      -7.543849986,      -5.960915255,      -6.315438264,      -5.531828928,      -9.643506298
          0,           0,        2314,       -7.54184267,      -5.953377304,      -6.307792517,      -5.527544788,      -9.642428287
          0,           0,        2315,      -7.538431962,      -5.971527187,      -6.307707929,      -5.524354813,      -9.639746892
          0,           0,        2316,      -7.540960821,      -5.966968399,      -6.299151522,      -5.528871746,      -9.638000282
          0,           0,        2317,      -7.541380889,      -5.992129695,      -6.298100814,       -5.53248051,      -9.634626267
          0,           0,        2318,      -7.543789131,      -5.980144462,      -6.291712976,      -5.537172387,      -9.633256979
          0,           0,        2319,      -7.545112416,      -5.995387905,      -6.291893565,       -5.54026679,      -9.630417304
          0,           0,        2320,      -7.550132382,       -5.98518811,      -6.285614314,      -5.546523841,      -9.629127678
          0,           0,        2321,      -7.556856044,      -6.010571426,      -6.294265568,      -5.554328443,      -9.626996668
          0,           0,        2322,      -7.573825937,      -5.993667428,      -6.292031567,      -5.572677299,      -9.626260476
          0,           0,        2323,        -7.5871786,      -6.008119014,      -6.297489773,      -5.587190215,      -9.624107998
          0,           0,        2324,      -7.604206003,      -5.997139748,       -6.29780415,      -5.604431175,      -9.623871783
          0,           0,        2325,      -7.613596993,      -6.020706242,      -6.303937715,      -5.613117294,      -9.621922091
          0,           0,        2326,      -7.617225064,      -6.001995666,       -6.29876327,      -5.614238624,      -9.621185421
          0,           0,        2327,      -7.610123638,      -6.017179845,      -6.303713533,       -5.60326126,      -9.619339717
          0,           0,        2328,       -7.60485053,      -6.005845116,      -6.301371925,      -5.594380841,      -9.618518512
          0,           0,        2329,       -7.59571691,      -6.031311142,      -6.305429548,      -5.583068114,      -9.616237077
          0,           0,        2330,      -7.591370004,      -6.013702732,      -6.301982896,      -5.576731125,      -9.615707187
          0,           0,        2331,      -7.588142831,      -6.029004166,      -6.302988757,      -5.572812841,       -9.61369365
          0,           0,        2332,      -7.589920756,      -6.015506941,      -6.295554882,       -5.57475529,      -9.612979635
          0,           0,        2333,      -7.592729239,      -6.043429365,      -6.302344445,      -5.578752156,      -9.611394187
          0,           0,        2334,       -7.60573797,      -6.022871748,      -6.297579451,      -5.593677642,      -9.611081205
          0,           0,        2335,      -7.614873128,      -6.038226053,      -6.300488665,      -5.605728629,       -9.60950036
          0,           0,        2336,       -7.63085383,      -6.024388925,      -6.298579255,      -5.624649087,      -9.609814448
          0,           0,        2337,      -7.643871034,      -6.049545008,      -6.302963293,      -5.641328155,       -9.60868798
          0,           0,        2338,      -7.656326651,      -6.026263701,      -6.296411702,      -5.656515514,      -9.608879422
          0,           0,        2339,      -7.659356088,      -6.041087269,      -6.301073931,      -5.660156538,      -9.608182277
          0,           0,        2340,      -7.664791879,      -6.026173553,      -6.299169291,       -5.66501009,      -9.608592913
          0,           0,        2341,      -7.660814545,      -6.051981167,      -6.304808779,      -5.659670254,      -9.607684451
          0,           0,        2342,      -7.657928228,      -6.030608887,      -6.303302557,      -5.653617272,      -9.608512399
          0,           0,        2343,       -7.65059188,      -6.045389797,      -6.306744663,      -5.643127527,      -9.607880271
          0,           0,        2344,      -7.646203187,      -6.029465424,      -6.301213158,      -5.636015841,      -9.608464446
          0,           0,        2345,      -7.640715232,      -6.058637532,      -6.310791263,      -5.628813277,      -9.608089198
          0,           0,        2346,      -7.648778621,      -6.036085449,      -6.307459996,       -5.63638655,      -9.608881357
          0,           0,        2347,      -7.652718144,       -6.05245472,      -6.312199786,      -5.641450491,      -9.608315984
          0,           0,        2348,      -7.668324967,      -6.037739824,      -6.310956098,      -5.659093019,      -9.609576992
          0,           0,        2349,      -7.683903658,      -6.064616176,      -6.315800244,      -5.678962385,       -9.60931777
          0,           0,        2350,      -7.703824934,      -6.039856412,      -6.309066744,      -5.704166237,      -9.610323793
          0,           0,        2351,      -7.717731025,      -6.054960207,      -6.313083506,      -5.723332033,      -9.610407752
          0,           0,        2352,      -7.738538269,      -6.038421371,      -6.310253188,      -5.750389703,      -9.611575136
          0,           0,        2353,       -7.75011651,      -6.064247335,      -6.314540225,      -5.768610326,       -9.61138484
          0,           0,        2354,      -7.762095544,      -6.040309729,      -6.311983988,      -5.784562606,      -9.612889795
          0,           0,        2355,      -7.764870163,      -6.053915365,      -6.314535356,      -5.789132642,      -9.612884953
          0,           0,        2356,      -7.765997959,      -6.036121274,      -6.308995477,      -5.790291138,      -9.614067596
          0,           0,        2357,      -7.759933849,       -6.06395008,      -6.317876894,      -5.782659384,      -9.614243966
          0,           0,        2358,      -7.766737917,      -6.039663733,      -6.314865648,      -5.789853012,      -9.615555269
          0,           0,        2359,      -7.762556347,      -6.054532157,      -6.319294388,      -5.785184213,      -9.615429908
          0,           0,        2360,      -7.770532827,       -6.03891303,      -6.318744235,      -5.794283078,      -9.617080317
          0,           0,        2361,      -7.776905747,      -6.065451952,      -6.324866319,      -5.804126125,      -9.617146962
          0,           0,        2362,      -7.789166326,      -6.039724965,      -6.317646838,      -5.821311522,      -9.618500306
          0,           0,        2363,      -7.792258828,      -6.055276634,      -6.323776626,      -5.826949922,      -9.618851676
          0,           0,        2364,      -7.812940283,      -6.038550612,       -6.32146444,      -5.855779341,      -9.620335663
          0,           0,        2365,        -7.8217661,      -6.065206516,      -6.328317489,      -5.872830986,      -9.620386961
          0,           0,        2366,      -7.840653596,      -6.040843677,       -6.32592349,      -5.901338381,      -9.622335055
          0,           0,        2367,      -7.846142286,      -6.054137488,      -6.328996263,      -5.911568897,      -9.622687034
          0,           0,        2368,      -7.852078933,      -6.035859275,      -6.322921759,      -5.920846247,       -9.62432321
          0,           0,        2369,      -7.844350246,      -6.063129274,      -6.332908758,      -5.909943948,      -9.624947939
          0,           0,        2370,        -7.8557966,      -6.038184436,      -6.329785797,      -5.926008046,      -9.626809681
          0,           0,        2371,      -7.845951948,      -6.052048485,       -6.33478649,      -5.911750167,      -9.627185791
          0,           0,        2372,      -7.849768693,      -6.035925959,      -6.334530356,      -5.914941895,      -9.629470874
          0,           0,        2373,      -7.847505771,      -6.061387434,      -6.341633694,      -5.912701013,      -9.630099441
          0,           0,        2374,      -7.850411392,      -6.035597352,      -6.334507435,      -5.916792432,      -9.632103742
          0,           0,        2375,      -7.840242169,      -6.050271309,      -6.341735925,      -5.901044028,      -9.633040228
          0,           0,        2376,      -7.851763255,      -6.033731034,      -6.339947331,      -5.917204193,      -9.635167164
          0,           0,        2377,      -7.850702466,      -6.059570712,      -6.347933325,      -5.919387222,      -9.635730626
          0,           0,        2378,      -7.863126003,      -6.035709582,        -6.3457851,      -5.938527992,      -9.638278477
          0,           0,        2379,      -7.864202791,      -6.048567136,      -6.349444013,      -5.941877989,      -9.639068681
          0,           0,        2380,      -7.869181146,      -6.030692751,       -6.34264823,      -5.950410837,      -9.641205255
          0,           0,        2381,       -7.86180915,      -6.057407891,      -6.353723387,      -5.940522454,      -9.642206493
          0,           0,        2382,      -7.878133088,      -6.032955913,      -6.349946135,      -5.967308981,      -9.644364039
          0,           0,        2383,      -7.870654718,      -6.046425526,      -6.355413509,      -5.957680196,      -9.644615091
          0,           0,        2384,      -7.878960594,      -6.030676138,      -6.354839507,      -5.970315112,      -9.646696747
          0,           0,        2385,      -7.878443359,      -6.055461506,       -6.36241393,      -5.972552668,      -9.646747956
          0,           0,        2386,       -7.88208503,      -6.030412893,      -6.354816809,      -5.979463113,      -9.648066208
          0,           0,        2387,      -7.869603931,      -6.044422804,       -6.36240073,      -5.957865059,      -9.648036032
          0,           0,        2388,      -7.878744074,      -6.028445145,      -6.360605534,      -5.971916411,      -9.649088093
          0,           0,        2389,       -7.87389616,      -6.053543618,      -6.369088498,      -5.967712229,      -9.648323472
          0,           0,        2390,      -7.881730916,      -6.030394861,      -6.366910647,      -5.979948901,       -9.64949652
          0,           0,        2391,      -7.878146805,      -6.042977528,      -6.371145586,      -5.974287334,       -9.64872555
          0,           0,        2392,      -7.878946591,      -6.025556658,      -6.363251883,      -5.974860262,      -9.649271268
          0,           0,        2393,      -7.866781159,      -6.052111452,      -6.376072614,      -5.954754548,      -9.648563359
          0,           0,        2394,      -7.882117385,      -6.028256275,      -6.371639648,      -5.979382508,      -9.649148371
          0,           0,        2395,      -7.871766965,      -6.041900198,      -6.378625424,      -5.963168665,      -9.648006872
          0,           0,        2396,      -7.881275887,      -6.026805807,      -6.378199493,      -5.976929835,      -9.648973022
          0,           0,        2397,      -7.880990042,      -6.051523171,      -6.386825698,      -5.978381369,      -9.648039766
          0,           0,        2398,      -7.885648074,      -6.027574466,      -6.379563691,      -5.985880552,      -9.648548246
          0,           0,        2399,       -7.87599841,      -6.041320497,      -6.387575603,      -5.967908101,       -9.64788601
          0,           0,        2400,      -7.885038867,      -6.026093843,      -6.386004073,      -5.981065172,      -9.648440653
          0,           0,        2401,      -7.882675673,      -6.050932524,      -6.394557308,      -5.980321058,      -9.647324974
          0,           0,        2402,      -7.889807542,      -6.028500788,      -6.392541742,      -5.990413376,      -9.648158413
          0,           0,        2403,      -7.888098741,      -6.041220575,      -6.397435347,      -5.987365259,      -9.647162918
          0,           0,        2404,      -7.889596933,      -6.024694381,      -6.389850254,      -5.988779662,      -9.647522413
          0,           0,        2405,      -7.880769983,      -6.051235864,      -6.403551701,      -5.973994439,      -9.646695645
          0,           0,        2406,      -7.895499098,      -6.027995572,      -6.398967747,      -5.997813547,      -9.647209263
          0,           0,        2407,      -7.886492181,      -6.041528895,      -6.405625187,      -5.983483667,      -9.646122408
          0,           0,        2408,      -7.895232265,      -6.026849582,      -6.404822192,      -5.995888685,      -9.647213882
          0,           0,        2409,      -7.895184641,       -6.05198213,      -6.414271317,      -5.997895422,      -9.646657448
          0,           0,        2410,      -7.900005897,      -6.027776761,       -6.40404817,      -6.005897739,      -9.647821791
          0,           0,        2411,      -7.886788622,      -6.042068923,       -6.41338738,      -5.980872182,      -9.648155965
          0,           0,        2412,      -7.898114715,      -6.026932261,      -6.410634971,      -5.997729491,      -9.650159831
          0,           0,        2413,      -7.893246748,      -6.052715039,      -6.421336858,      -5.992589666,      -9.650962272
          0,           0,        2414,       -7.90318052,      -6.030112641,       -6.41793037,      -6.007669856,      -9.654417664
          0,           0,        2415,      -7.899492967,      -6.043009046,      -6.422562178,      -6.000627876,      -9.656565846
          0,           0,        2416,      -7.900634632,      -6.026391854,       -6.41227699,      -6.000690966,      -9.660774447
          0,           0,        2417,      -7.887961308,      -6.053613881,      -6.427468633,       -5.97877546,      -9.664359215
          0,           0,        2418,       -7.90445631,      -6.030134693,      -6.421138341,      -6.005151446,       -9.66999912
          0,           0,        2419,      -7.893622006,      -6.043985372,      -6.428232892,      -5.987469725,      -9.674319792
          0,           0,        2420,      -7.902896477,      -6.029355493,      -6.426468447,      -6.000252428,      -9.681523622
          0,           0,        2421,      -7.902288632,      -6.055010308,      -6.436023616,      -6.001205955,      -9.687012611
          0,           0,        2422,      -7.906852472,      -6.030871625,       -6.42481879,      -6.008440422,      -9.694630204
          0,           0,        2423,      -7.894398624,      -6.045137892,      -6.433488621,      -5.985284107,      -9.701117692
          0,           0,        2424,       -7.90424397,      -6.030132834,      -6.429835599,      -5.999531215,      -9.709415714
          0,           0,        2425,       -7.90007478,      -6.056234566,      -6.439479694,      -5.996058238,      -9.715625232
          0,           0,        2426,      -7.908058677,      -6.033478024,      -6.434944827,      -6.007606607,       -9.72460805
          0,           0,        2427,      -7.904376216,      -6.046619303,      -6.438927003,      -6.001203992,      -9.730913601
          0,           0,        2428,      -7.904887824,      -6.029851952,      -6.426509601,      -6.000809441,      -9.739015242
          0,           0,        2429,       -7.89128179,      -6.057920594,      -6.441926168,      -5.978205692,      -9.744965609
          0,           0,        2430,      -7.908016433,       -6.03401952,      -6.433664001,      -6.004931198,      -9.752558816
          0,           0,        2431,      -7.895300392,      -6.048418313,       -6.44075583,       -5.98497799,      -9.756872572
          0,           0,        2432,      -7.905396506,      -6.033785959,      -6.437820106,      -5.999654073,      -9.764116729
          0,           0,        2433,      -7.904093683,      -6.060330025,       -6.44672085,      -6.000020685,      -9.767533094
          0,           0,        2434,      -7.908074171,      -6.036084071,      -6.434668713,       -6.00663632,      -9.772814803
          0,           0,        2435,      -7.896125239,      -6.050645979,      -6.441987213,      -5.985179113,      -9.775413632
          0,           0,        2436,      -7.904130321,       -6.03569868,      -6.437216755,      -5.996615581,      -9.779614685
          0,           0,        2437,       -7.90007881,      -6.062631335,      -6.445035753,      -5.993751461,      -9.780225962
          0,           0,        2438,       -7.90572078,      -6.039599556,      -6.439540315,      -6.001267795,      -9.783935906
          0,           0,        2439,      -7.902188128,      -6.053292689,      -6.442460183,      -5.995508985,      -9.783806986
          0,           0,        2440,       -7.90187917,      -6.036934441,       -6.43088532,      -5.994022932,       -9.78580639
          0,           0,        2441,      -7.892082435,      -6.065902035,      -6.444255883,        -5.9785595,      -9.785179538
          0,           0,        2442,      -7.905365239,      -6.041755718,      -6.435911151,      -5.999500953,      -9.786689924
          0,           0,        2443,      -7.895028863,        -6.0563083,      -6.440150971,      -5.983744425,      -9.784738604
          0,           0,        2444,      -7.901939884,       -6.04153543,      -6.436319993,      -5.992750182,      -9.786363046
          0,           0,        2445,      -7.900866563,      -6.069482549,      -6.444391199,      -5.993447477,      -9.784304527
          0,           0,        2446,      -7.904721933,      -6.043652047,      -6.428928401,      -5.999884195,      -9.784819895
          0,           0,        2447,      -7.888779324,      -6.059436218,      -6.436874067,      -5.971682314,      -9.782978603
          0,           0,        2448,      -7.900410244,      -6.043804334,      -6.430685919,      -5.988526211,      -9.783367084
          0,           0,        2449,       -7.89359188,      -6.072940129,      -6.440591384,      -5.980912569,      -9.780557383
          0,           0,        2450,      -7.904393622,      -6.048631891,       -6.43395855,      -5.997260909,      -9.781616707
          0,           0,        2451,      -7.899641017,      -6.062794028,       -6.43596999,      -5.989126986,      -9.779194605
          0,           0,        2452,      -7.900139092,      -6.045876193,      -6.423929361,      -5.988282328,      -9.779278372
          0,           0,        2453,      -7.889238936,      -6.076155885,      -6.436581102,      -5.970792051,      -9.777190486
          0,           0,        2454,       -7.90332765,      -6.050827117,      -6.428100853,      -5.992309204,      -9.777482209
          0,           0,        2455,      -7.894038599,      -6.065536835,      -6.431222153,      -5.977797331,      -9.774739832
          0,           0,        2456,      -7.900082028,      -6.050091702,       -6.42713922,      -5.984100234,      -9.775601397
          0,           0,        2457,       -7.89954812,      -6.079068961,      -6.434553045,      -5.984722446,      -9.773158547
          0,           0,        2458,      -7.903708039,      -6.051635882,      -6.418801188,      -5.990326308,      -9.773310696
          0,           0,        2459,      -7.887292284,      -6.067657444,      -6.426352662,      -5.961153922,      -9.771330755
          0,           0,        2460,       -7.90020022,      -6.051074733,      -6.419887531,      -5.978008131,      -9.771551225
          0,           0,        2461,       -7.89313616,      -6.081114849,      -6.429750779,      -5.969040597,      -9.768788635
          0,           0,        2462,      -7.905849416,      -6.055435477,       -6.42324651,      -5.986217861,      -9.769789493
          0,           0,        2463,      -7.901723635,      -6.069401088,      -6.424950631,      -5.977967092,      -9.767499189
          0,           0,        2464,      -7.903112292,      -6.051955141,      -6.414414658,      -5.976889709,      -9.767601091
          0,           0,        2465,      -7.894561572,      -6.082454562,      -6.425950209,       -5.96268681,      -9.765687429
          0,           0,        2466,      -7.908473872,      -6.056053405,      -6.418179382,      -5.980897534,      -9.766043621
          0,           0,        2467,      -7.900929115,      -6.070166996,      -6.420231247,      -5.968363876,      -9.763571541
          0,           0,        2468,      -7.906131201,      -6.054184108,      -6.416693935,      -5.970913919,      -9.764453792
          0,           0,        2469,      -7.906917235,       -6.08342659,       -6.42407233,       -5.97180212,      -9.762274243
          0,           0,        2470,      -7.911833697,      -6.054942066,      -6.408910892,       -5.97633084,      -9.762598034
          0,           0,        2471,      -7.895108999,      -6.070833523,      -6.416551176,      -5.947617284,        -9.7609228
          0,           0,        2472,      -7.909620222,      -6.053756351,      -6.410364701,      -5.963206439,      -9.761390336
          0,           0,        2473,      -7.901740632,      -6.084348376,      -6.420917544,       -5.95258561,      -9.759043618
          0,           0,        2474,      -7.917076662,      -6.058142788,      -6.415112435,      -5.969973711,      -9.760400445
          0,           0,        2475,      -7.913205502,       -6.07207272,      -6.417145276,      -5.961432325,      -9.758640779
          0,           0,        2476,       -7.91525962,      -6.054875177,       -6.40830911,      -5.959756092,      -9.759237266
          0,           0,        2477,        -7.9082632,      -6.085857941,      -6.419654525,      -5.948186949,      -9.757992091
          0,           0,        2478,      -7.922399802,      -6.059344162,      -6.412845004,       -5.96297398,      -9.759006707
          0,           0,        2479,       -7.91577937,      -6.073551657,      -6.414533927,      -5.952115772,       -9.75738455
          0,           0,        2480,      -7.920011242,      -6.058000352,      -6.412116827,      -5.951562768,      -9.759024532
          0,           0,        2481,      -7.922392758,      -6.088499688,      -6.420224835,      -5.953523602,      -9.757797129
          0,           0,        2482,      -7.928136055,      -6.060529938,      -6.407958453,      -5.957578312,      -9.759090985
          0,           0,        2483,      -7.915313863,      -6.076899028,      -6.415221648,      -5.937155385,      -9.758514451
          0,           0,        2484,       -7.92851303,      -6.060620761,      -6.410903685,      -5.948198945,      -9.760119256
          0,           0,        2485,      -7.923668731,      -6.092764406,      -6.420855026,      -5.942563837,      -9.759035171
          0,           0,        2486,      -7.938279141,      -6.066509783,      -6.416075073,      -5.955968407,      -9.761573775
          0,           0,        2487,      -7.935403122,      -6.081900264,      -6.419254589,      -5.949702219,      -9.761110634
          0,           0,        2488,      -7.938708965,      -6.064276311,      -6.409084083,      -5.949792362,      -9.763084444
          0,           0,        2489,      -7.927377423,       -6.09881413,      -6.423272694,      -5.934845709,      -9.763153702
          0,           0,        2490,      -7.948981074,      -6.071471182,      -6.416834165,      -5.956410482,      -9.765580893
          0,           0,        2491,      -7.939280737,      -6.088439544,      -6.422489171,      -5.944325822,      -9.765217757
          0,           0,        2492,      -7.951667927,      -6.072793348,      -6.420842232,      -5.954050905,      -9.768475832
          0,           0,        2493,      -7.954331482,      -6.106997345,      -6.430653093,      -5.957373817,      -9.768602451
          0,           0,        2494,      -7.963464375,      -6.077784109,      -6.418890239,      -5.965727352,      -9.771356152
          0,           0,        2495,      -7.948005291,      -6.096465549,      -6.428165058,      -5.945777317,      -9.772105695
          0,           0,        2496,      -7.965752423,      -6.079884559,      -6.425158379,      -5.962115813,      -9.775132432
          0,           0,        2497,      -7.962305943,      -6.116269009,       -6.43698759,      -5.960771143,      -9.775232352
          0,           0,        2498,      -7.979688194,      -6.088037221,      -6.433315962,      -5.977493436,      -9.779145529
          0,           0,        2499,      -7.977321967,      -6.105692079,      -6.438239808,      -5.974342431,      -9.779755398
          0,           0,        2500,      -7.981905029,      -6.086677573,      -6.428007978,      -5.977694976,      -9.782943224
          0,           0,        2501,      -7.967422562,      -6.126214514,      -6.445407344,      -5.962399131,      -9.783951595
          0,           0,        2502,      -7.995301316,      -6.095646441,      -6.439298814,      -5.991701879,      -9.787470643
          0,           0,        2503,      -7.982137417,      -6.114948377,      -6.447476853,      -5.978932522,      -9.787789466
          0,           0,        2504,      -7.998903629,      -6.097564475,      -6.446895474,      -5.995050428,      -9.792076775
          0,           0,        2505,      -8.001753635,      -6.136343885,      -6.459237495,       -6.00156709,      -9.792744264
          0,           0,        2506,      -8.012741763,      -6.103299327,       -6.44788608,      -6.014346447,      -9.796240984
          0,           0,        2507,       -7.99500701,       -6.12352066,      -6.458846731,      -5.994041909,      -9.797413115
          0,           0,        2508,      -8.014069651,      -6.104627806,      -6.456601155,      -6.013905601,      -9.801037064
          0,           0,        2509,      -8.010393168,        -6.1448348,      -6.470116768,      -6.015428487,      -9.801298734
          0,           0,        2510,      -8.028038833,      -6.112173792,      -6.466645659,      -6.034671185,      -9.805671937
          0,           0,        2511,      -8.024217552,      -6.130801516,      -6.472914953,      -6.031823736,      -9.806272709
          0,           0,        2512,      -8.027860009,       -6.10849415,      -6.460703666,      -6.035954456,      -9.809694957
          0,           0,        2513,      -8.007420378,      -6.151702234,      -6.481761585,      -6.014532604,      -9.810551322
          0,           0,        2514,      -8.040995473,      -6.116153289,      -6.474026294,      -6.053406143,      -9.814162549
          0,           0,        2515,      -8.020677905,      -6.136222008,      -6.484603813,      -6.032764183,      -9.814044667
          0,           0,        2516,       -8.04191928,      -6.115976232,      -6.483793462,      -6.056000126,      -9.818400759
          0,           0,        2517,      -8.043423175,      -6.157097053,      -6.498158908,      -6.062867321,      -9.818554222
          0,           0,        2518,      -8.055039433,       -6.12004393,       -6.48544784,       -6.07793749,      -9.821816776
          0,           0,        2519,      -8.034806327,       -6.13996807,      -6.497041508,      -6.052569997,       -9.82243768
          0,           0,        2520,      -8.053146782,      -6.118687455,      -6.493953618,      -6.072692767,      -9.825736017
          0,           0,        2521,       -8.04894337,      -6.160061594,      -6.507691916,      -6.074130396,      -9.825257191
          0,           0,        2522,      -8.064104548,      -6.124209843,      -6.503123574,      -6.090432352,      -9.829207444
          0,           0,        2523,      -8.059565335,      -6.142564591,      -6.509536306,      -6.085261903,      -9.828974609
          0,           0,        2524,      -8.061422642,      -6.119090699,      -6.497144733,      -6.085844522,      -9.831827513
          0,           0,        2525,      -8.045008316,      -6.163075125,      -6.519203028,      -6.066993374,      -9.831842523
          0,           0,        2526,       -8.07634028,      -6.125529975,      -6.510370749,      -6.103662397,      -9.834862558
          0,           0,        2527,       -8.05660406,      -6.144901009,      -6.518874637,      -6.080626374,      -9.833837658
          0,           0,        2528,       -8.07362128,      -6.123664117,      -6.516828941,      -6.096613312,      -9.837492858
          0,           0,        2529,      -8.074931862,      -6.166274957,      -6.532680828,       -6.10170402,      -9.836662838
          0,           0,        2530,      -8.087269292,      -6.126445256,      -6.512577055,      -6.115858345,      -9.839232719
          0,           0,        2531,      -8.053589095,      -6.147739477,      -6.527265988,      -6.070215683,      -9.838843162
          0,           0,        2532,      -8.082332904,       -6.12554143,      -6.521460905,      -6.099905875,      -9.841364985
          0,           0,        2533,      -8.070030228,      -6.170277189,      -6.541246279,      -6.090057364,      -9.839709036
          0,           0,        2534,       -8.09988902,      -6.132850423,      -6.534146051,      -6.122448254,      -9.843149465
          0,           0,        2535,      -8.091029377,      -6.152316709,      -6.540481281,      -6.109953143,      -9.841935546
          0,           0,        2536,      -8.094947113,      -6.128745901,      -6.525452202,      -6.110370863,      -9.844002968
          0,           0,        2537,      -8.073283226,      -6.175945813,      -6.550604629,       -6.08484426,       -9.84309454
          0,           0,        2538,      -8.111367007,      -6.137208337,      -6.540233733,      -6.126603041,      -9.845363717
          0,           0,        2539,      -8.090842033,      -6.158163253,      -6.548676441,      -6.102946752,      -9.843429412
          0,           0,        2540,      -8.107767344,      -6.136849416,      -6.546217401,      -6.115878184,      -9.846344491
          0,           0,        2541,      -8.110313014,      -6.183819832,      -6.564538469,      -6.122286228,      -9.844643326
          0,           0,        2542,      -8.124923897,      -6.141568928,      -6.539997137,      -6.137784859,      -9.846501986
          0,           0,        2543,      -8.082288757,      -6.165646246,      -6.557523345,      -6.084053181,      -9.845309928
          0,           0,        2544,      -8.118512024,      -6.142569421,       -6.55014455,      -6.119624974,      -9.847146061
          0,           0,        2545,      -8.100695146,      -6.193207175,      -6.574838846,      -6.105745454,      -9.844688651
          0,           0,        2546,      -8.140129989,      -6.152842586,       -6.56674666,      -6.147603977,      -9.847576151
          0,           0,        2547,      -8.128707966,      -6.174943333,      -6.574124411,      -6.134016091,      -9.845688179
          0,           0,        2548,      -8.132955481,      -6.150468152,      -6.559203156,      -6.135437257,      -9.847160292
          0,           0,        2549,      -8.112123201,      -6.203761832,      -6.587629221,      -6.114320853,      -9.845691978
          0,           0,        2550,      -8.151758273,      -6.161004498,      -6.576133157,      -6.157569779,      -9.847460533
          0,           0,        2551,      -8.129726539,      -6.184127878,      -6.583457339,      -6.135308543,      -9.845076506
          0,           0,        2552,      -8.141183321,      -6.161006973,       -6.58124063,      -6.142186401,      -9.847450155
          0,           0,        2553,      -8.144611522,      -6.214726171,       -6.60313328,      -6.152526116,      -9.845306384
          0,           0,        2554,      -8.158691488,      -6.166906568,      -6.574975541,      -6.169819316,       -9.84676903
          0,           0,        2555,       -8.11151566,      -6.193636297,      -6.594521334,      -6.112887269,      -9.845213364
          0,           0,        2556,      -8.147709778,      -6.167691464,      -6.585738294,       -6.14968494,      -9.846713623
          0,           0,        2557,      -8.125621335,      -6.225158055,      -6.614210634,      -6.133939061,      -9.843969667
          0,           0,        2558,      -8.166946122,      -6.178534564,      -6.603747685,      -6.180934969,      -9.846561662
          0,           0,        2559,      -8.151112788,      -6.202652503,      -6.611452864,        -6.1638526,      -9.844441226
          0,           0,        2560,      -8.152853469,      -6.174484012,      -6.592267119,      -6.164106436,      -9.845691645
          0,           0,        2561,      -8.126301117,      -6.234312226,      -6.624988103,      -6.137309283,      -9.844035601
          0,           0,        2562,      -8.167570638,      -6.184795858,      -6.609809152,      -6.186210676,      -9.845622647
          0,           0,        2563,      -8.140359176,      -6.209577299,      -6.617476606,      -6.157939191,      -9.843101825
          0,           0,        2564,      -8.151702899,      -6.182896937,      -6.613004624,      -6.166020498,      -9.845356183
          0,           0,        2565,      -8.152286065,      -6.242026249,      -6.636624308,       -6.17484246,      -9.843134555
          0,           0,        2566,      -8.164969962,       -6.18711067,      -6.600776667,      -6.192284118,      -9.844507061
          0,           0,        2567,      -8.111177408,      -6.215295351,      -6.621631905,      -6.123572704,      -9.842900559
          0,           0,        2568,      -8.148762613,      -6.185699348,      -6.608837889,      -6.164230673,      -9.844333567
          0,           0,        2569,      -8.122952111,      -6.248063151,      -6.640012538,      -6.142827968,       -9.84156106
          0,           0,        2570,      -8.165980049,      -6.195631529,      -6.625934611,      -6.194610283,      -9.844142664
          0,           0,        2571,      -8.149143559,      -6.220281254,      -6.631872452,      -6.174368655,      -9.842040116
          0,           0,        2572,      -8.150311844,      -6.189490627,      -6.610408162,      -6.172826701,       -9.84327205
          0,           0,        2573,      -8.127116711,      -6.252829947,      -6.642736723,      -6.148005149,      -9.841670314
          0,           0,        2574,      -8.165340603,      -6.198540036,       -6.62434807,      -6.194148304,      -9.843276043
          0,           0,        2575,      -8.140616893,      -6.223253233,      -6.628113398,      -6.166121852,      -9.840856608
          0,           0,        2576,      -8.147797017,      -6.194591438,      -6.622111842,        -6.1673106,      -9.843078153
          0,           0,        2577,      -8.151354099,      -6.256779009,      -6.644888132,       -6.17825007,      -9.840925895
          0,           0,        2578,      -8.164441225,       -6.19873535,      -6.610294338,       -6.19458911,      -9.842331057
          0,           0,        2579,      -8.122010746,      -6.226732906,      -6.627459226,      -6.137705891,      -9.840824253
          0,           0,        2580,      -8.153746518,      -6.196014802,       -6.61513024,      -6.169717123,      -9.842325144
          0,           0,        2581,      -8.135853776,      -6.260435281,      -6.641547352,      -6.156357787,      -9.839729878
          0,           0,        2582,      -8.174059723,      -6.204952117,       -6.62609881,       -6.19919257,      -9.842268699
          0,           0,        2583,       -8.15916097,      -6.230152493,      -6.631059186,      -6.179520409,      -9.840273569
          0,           0,        2584,      -8.162035177,      -6.196702898,      -6.603357001,      -6.178282425,      -9.841612487
          0,           0,        2585,      -8.127782306,      -6.263927982,      -6.637873021,      -6.138717168,      -9.840062426
          0,           0,        2586,      -8.181490624,      -6.206377544,      -6.617639127,      -6.199233014,      -9.841727952
          0,           0,        2587,      -8.148183083,      -6.233216062,      -6.627299806,      -6.160929725,      -9.839291684
          0,           0,        2588,      -8.174077121,      -6.203016708,      -6.619970096,      -6.183177475,      -9.841777298
          0,           0,        2589,      -8.176091923,      -6.268215943,         -6.642327,      -6.191155606,       -9.83974553
          0,           0,        2590,      -8.195926069,      -6.207314362,      -6.607000975,      -6.212763316,      -9.841256665
          0,           0,        2591,      -8.143696252,       -6.23628786,      -6.625006356,      -6.146103738,      -9.839876671
          0,           0,        2592,      -8.185148246,      -6.204546718,      -6.613294242,      -6.186202503,      -9.841493246
          0,           0,        2593,        -8.1680151,      -6.272009307,      -6.639782359,      -6.175084423,      -9.839036359
          0,           0,        2594,       -8.21276108,      -6.213849841,      -6.624987918,      -6.220981657,      -9.841692928
          0,           0,        2595,      -8.196608073,      -6.239826793,      -6.630566702,      -6.200729062,      -9.839836802
          0,           0,        2596,      -8.200782828,      -6.205047641,      -6.603173948,      -6.199855383,       -9.84131032
          0,           0,        2597,      -8.159982739,      -6.275597492,      -6.638920874,       -6.15584601,      -9.839898425
          0,           0,        2598,      -8.225435219,       -6.21509972,      -6.619111854,      -6.224269012,      -9.841706504
          0,           0,        2599,      -8.184285659,       -6.24274625,      -6.629960362,      -6.180609737,      -9.839409205
          0,           0,        2600,      -8.216113559,      -6.211365961,      -6.623388724,      -6.206387291,      -9.842059774
          0,           0,        2601,      -8.217856841,      -6.279535058,      -6.647082244,      -6.214962132,      -9.840178987
          0,           0,        2602,      -8.241282037,      -6.215779972,      -6.612404112,      -6.238774284,      -9.841850723
          0,           0,        2603,      -8.179032139,      -6.245259772,      -6.631061983,      -6.165963239,      -9.840634411
          0,           0,        2604,      -8.225032768,      -6.212376594,      -6.620050485,      -6.207265714,      -9.842424703
          0,           0,        2605,      -8.204526609,      -6.282386022,      -6.647454229,      -6.195612274,        -9.8401391
          0,           0,        2606,      -8.253514232,      -6.221483023,      -6.632757148,      -6.242023437,      -9.842961487
          0,           0,        2607,      -8.231903542,      -6.247839595,      -6.639008262,      -6.218199819,      -9.841268128
          0,           0,        2608,      -8.233796337,       -6.21153092,      -6.609873025,      -6.215025104,      -9.842929726
          0,           0,        2609,      -8.181590254,      -6.284759117,      -6.648221347,      -6.163081717,      -9.841675098
          0,           0,        2610,      -8.256212605,      -6.221492861,      -6.627130259,      -6.236198825,      -9.843672568
          0,           0,        2611,      -8.203285486,      -6.249780817,      -6.640028626,      -6.184699433,      -9.841504675
          0,           0,        2612,      -8.240192272,       -6.21739226,      -6.633398836,      -6.214019909,      -9.844397848
          0,           0,        2613,      -8.239014809,      -6.287689561,      -6.658461391,      -6.220666633,      -9.842675039
          0,           0,        2614,      -8.262310219,      -6.222178584,      -6.624351641,      -6.243226601,      -9.844541567
          0,           0,        2615,      -8.198359558,      -6.251566793,      -6.642533947,      -6.173867255,       -9.84351329
          0,           0,        2616,      -8.239888333,      -6.218107407,      -6.631724549,      -6.208778904,      -9.845520872
          0,           0,        2617,      -8.220661154,      -6.289640848,      -6.658159839,      -6.200467549,      -9.843432123
          0,           0,        2618,      -8.262492787,      -6.226960026,      -6.642951123,      -6.237006265,      -9.846411764
          0,           0,        2619,      -8.239582802,      -6.253671963,      -6.649385509,      -6.213951921,       -9.84486619
          0,           0,        2620,      -8.238667325,      -6.216124905,      -6.616856572,      -6.208911102,      -9.846731047
          0,           0,        2621,      -8.179728153,      -6.291951761,      -6.657829166,      -6.152772466,      -9.845606395
          0,           0,        2622,      -8.258361686,      -6.226347741,       -6.63382563,      -6.226790782,      -9.847793835
          0,           0,        2623,      -8.196576313,      -6.255866406,      -6.649985952,      -6.169428397,      -9.845687384
          0,           0,        2624,      -8.241576174,      -6.222870983,      -6.643067487,       -6.20664373,      -9.848851268
          0,           0,        2625,       -8.23972256,      -6.295554321,      -6.669094781,      -6.213093775,      -9.847230115
          0,           0,        2626,      -8.263531809,      -6.228926385,      -6.636777331,      -6.235718103,      -9.849250935
          0,           0,        2627,      -8.208273134,      -6.258387642,      -6.653477317,      -6.178162315,      -9.848366074
          0,           0,        2628,      -8.242480847,      -6.224549856,      -6.642765244,      -6.205542953,      -9.850558035
          0,           0,        2629,      -8.229395183,      -6.297754865,      -6.665885297,      -6.204278003,      -9.848614731
          0,           0,        2630,       -8.25846429,      -6.233574869,      -6.651490347,      -6.227026199,      -9.851679542
          0,           0,        2631,      -8.242174481,      -6.261015558,      -6.658214483,      -6.211641925,      -9.850202778
          0,           0,        2632,      -8.239243169,      -6.224430522,      -6.632774047,      -6.205375349,      -9.852200449
          0,           0,        2633,      -8.206891439,       -6.30207313,      -6.671207419,      -6.178038335,      -9.851193693
          0,           0,        2634,      -8.269349023,      -6.235034982,      -6.649858899,      -6.235724402,      -9.853574695
          0,           0,        2635,      -8.221750967,       -6.26372996,      -6.659021855,      -6.193264062,      -9.851678426
          0,           0,        2636,      -8.248363111,        -6.2300593,      -6.652158714,      -6.211386975,      -9.854880037
          0,           0,        2637,      -8.249428217,      -6.306014214,      -6.680063829,      -6.221264839,      -9.853400136
          0,           0,        2638,      -8.273869122,      -6.233950285,      -6.635365082,      -6.245692131,      -9.855762278
          0,           0,        2639,      -8.188957054,      -6.266158834,      -6.658933867,      -6.157818269,      -9.854981651
          0,           0,        2640,      -8.248815377,      -6.229996908,      -6.643699682,      -6.209445792,       -9.85725985
          0,           0,        2641,      -8.211707485,      -6.309390071,      -6.681557808,      -6.185284171,      -9.855090466
          0,           0,        2642,       -8.28366485,      -6.241275536,      -6.664323513,      -6.253093617,       -9.85867352
          0,           0,        2643,      -8.256501838,      -6.269203471,      -6.670876532,      -6.227471169,      -9.857264474
          0,           0,        2644,      -8.259043968,      -6.232143036,      -6.646179108,      -6.225770528,      -9.859423282
          0,           0,        2645,      -8.224020401,      -6.312299892,      -6.686482934,      -6.196988337,      -9.858528747
          0,           0,        2646,      -8.289697308,      -6.242563226,      -6.664693662,      -6.260010987,      -9.861106963
          0,           0,        2647,       -8.24748821,      -6.270432913,      -6.669354526,      -6.222929094,      -9.859310859
          0,           0,        2648,      -8.258628108,      -6.236176053,      -6.663635224,      -6.224541286,      -9.862555334
          0,           0,        2649,      -8.265935542,      -6.314510108,      -6.693824499,      -6.242044655,       -9.86101285
          0,           0,        2650,      -8.289098167,      -6.240805123,      -6.652287851,      -6.266402974,      -9.863374021
          0,           0,        2651,      -8.217119478,      -6.272297441,      -6.673876749,      -6.190176095,      -9.862519934
          0,           0,        2652,      -8.266368211,      -6.235824098,      -6.660510581,      -6.231807296,      -9.864972971
          0,           0,        2653,      -8.236429074,       -6.31606033,      -6.696096456,      -6.215459387,      -9.862870193
          0,           0,        2654,      -8.299324228,      -6.245806466,      -6.677668696,       -6.27512028,      -9.866481431
          0,           0,        2655,      -8.269733314,      -6.273677476,      -6.684715611,      -6.246152391,      -9.865019788
          0,           0,        2656,       -8.27029399,      -6.234210989,      -6.651315868,      -6.242558774,      -9.867274581
          0,           0,        2657,      -8.213671065,      -6.316802497,      -6.697987436,      -6.190247604,      -9.866265097
          0,           0,        2658,      -8.297002433,      -6.244755333,      -6.672641225,      -6.271877281,      -9.868885347
          0,           0,        2659,      -8.237752487,      -6.274153825,      -6.685983944,      -6.216610545,      -9.866840576
          0,           0,        2660,      -8.273505047,      -6.238763183,      -6.678107865,      -6.244060941,      -9.870374835
          0,           0,        2661,      -8.272892427,      -6.318009213,      -6.710119384,      -6.254282162,      -9.868741336
          0,           0,        2662,      -8.300020212,      -6.243005438,       -6.66417546,      -6.282285885,      -9.871151316
          0,           0,        2663,      -8.216619854,       -6.27433708,       -6.68792325,      -6.192474473,      -9.870230888
          0,           0,        2664,       -8.27037955,       -6.23766162,      -6.673824502,      -6.239753014,      -9.872733324
          0,           0,        2665,      -8.242367061,      -6.318385397,      -6.711047075,      -6.225026528,      -9.870522651
          0,           0,        2666,      -8.302293071,      -6.247396687,      -6.691194529,       -6.28173521,      -9.874206968
          0,           0,        2667,      -8.272214705,      -6.275078154,      -6.698578271,      -6.251517193,      -9.872652168
          0,           0,        2668,      -8.271851984,      -6.235334635,      -6.662106259,      -6.246410404,      -9.874954213
          0,           0,        2669,       -8.21227821,      -6.318798389,      -6.712215186,      -6.190090192,      -9.873874885
          0,           0,        2670,      -8.297779728,      -6.246055764,      -6.684580159,      -6.274065164,      -9.876546478
          0,           0,        2671,      -8.235867989,      -6.275572371,      -6.699559891,      -6.215249647,      -9.874361662
          0,           0,        2672,      -8.274401212,      -6.240220293,      -6.691151473,      -6.245278687,      -9.877987626
          0,           0,        2673,      -8.273669323,       -6.32037361,        -6.7252804,        -6.2550054,      -9.876232927
          0,           0,        2674,      -8.301504794,       -6.24516328,      -6.678081495,      -6.283063869,      -9.878656208
          0,           0,        2675,      -8.221964632,      -6.276324363,      -6.702071503,      -6.197170315,      -9.877645168
          0,           0,        2676,      -8.272754103,       -6.23988279,      -6.687785306,      -6.240918978,      -9.880166321
          0,           0,        2677,       -8.24850827,      -6.321488365,      -6.725582616,      -6.229889378,      -9.877836648
          0,           0,        2678,      -8.304414507,      -6.249879614,      -6.704546269,      -6.281153916,      -9.881514572
          0,           0,        2679,      -8.275432893,      -6.277844009,       -6.71235135,      -6.251962245,       -9.87981468
          0,           0,        2680,      -8.274902725,      -6.237515087,        -6.6712022,      -6.246466708,      -9.882092438
          0,           0,        2681,      -8.209340836,      -6.323041205,      -6.725702496,      -6.184215144,      -9.880838509
          0,           0,        2682,       -8.30195561,      -6.248855584,      -6.694457666,      -6.273354784,      -9.883470506
          0,           0,        2683,      -8.232285357,      -6.279452239,      -6.713594078,      -6.207691611,      -9.881047584
          0,           0,        2684,      -8.280976198,      -6.243877096,       -6.70475624,       -6.24741726,      -9.884741132
          0,           0,        2685,      -8.280550397,      -6.326076163,      -6.741172642,      -6.257517449,      -9.882812528
          0,           0,        2686,      -8.310897194,      -6.250340587,      -6.695514257,      -6.287083312,      -9.885175906
          0,           0,        2687,      -8.239999454,      -6.281390444,      -6.718178055,      -6.211867858,      -9.884061946
          0,           0,        2688,      -8.283975245,      -6.244884263,      -6.704064597,      -6.247854969,      -9.886565555
          0,           0,        2689,      -8.267068531,      -6.327884949,      -6.738861399,      -6.245194882,      -9.884150073
          0,           0,        2690,      -8.310807486,       -6.25497911,      -6.717796973,      -6.282013981,      -9.887702688
          0,           0,        2691,      -8.286386134,      -6.283564982,      -6.726147585,      -6.258144643,      -9.885843093
          0,           0,        2692,      -8.283547216,      -6.243248661,      -6.686585164,      -6.250673197,      -9.888067224
          0,           0,        2693,      -8.228975471,      -6.331086585,        -6.7423018,      -6.201165543,      -9.886680472
          0,           0,        2694,      -8.317757433,      -6.255086197,      -6.710524993,      -6.284537018,      -9.889283781
          0,           0,        2695,      -8.249237427,      -6.285868066,      -6.727492805,      -6.221501499,      -9.886739789
          0,           0,        2696,      -8.293852971,      -6.249613728,      -6.717936286,      -6.255984484,      -9.890357127
          0,           0,        2697,      -8.293769397,      -6.334779861,      -6.756919162,      -6.266985557,      -9.888276047
          0,           0,        2698,      -8.325916509,      -6.255719774,       -6.70368738,       -6.29831687,      -9.890614772
          0,           0,        2699,      -8.240768368,      -6.288081543,      -6.729777817,      -6.209617251,      -9.889332448
          0,           0,        2700,      -8.295234356,      -6.250474837,      -6.713728269,      -6.255027697,      -9.891774502
          0,           0,        2701,      -8.270481863,      -6.337481845,      -6.755943284,      -6.245584164,      -9.889112991
          0,           0,        2702,      -8.331680508,      -6.261464778,      -6.731596213,      -6.300030647,      -9.892754026
          0,           0,        2703,      -8.299676386,      -6.290681865,      -6.739857536,      -6.269286647,      -9.890751559
          0,           0,        2704,      -8.298708804,       -6.24864667,       -6.69326079,      -6.263380527,      -9.892933632
          0,           0,        2705,      -8.226711875,      -6.340161366,       -6.75451152,      -6.197151677,      -9.891403524
          0,           0,        2706,      -8.330252194,      -6.260916174,      -6.718374818,      -6.294883039,      -9.893959981
          0,           0,        2707,      -8.251034965,      -6.292969064,      -6.739672275,      -6.222276971,      -9.891210986
          0,           0,        2708,      -8.305985951,      -6.255727491,      -6.729434576,      -6.266896565,      -9.894891297
          0,           0,        2709,      -8.305641232,      -6.343872724,      -6.770386625,      -6.278841272,      -9.892677324
          0,           0,        2710,      -8.340086804,      -6.262892507,      -6.719039869,      -6.312460162,      -9.894959177
          0,           0,        2711,      -8.261753236,      -6.295173249,      -6.743163073,      -6.231069406,      -9.893617024
          0,           0,        2712,      -8.308550446,       -6.25687122,      -6.727132258,      -6.269094831,      -9.896052115
          0,           0,        2713,      -8.290553457,      -6.345629115,      -6.764846614,      -6.267653536,      -9.893363886
          0,           0,        2714,      -8.336660011,      -6.267491876,      -6.740944951,      -6.306310296,      -9.896881329
          0,           0,        2715,      -8.309750984,      -6.297195334,      -6.749428563,      -6.280754864,      -9.894773769
          0,           0,        2716,      -8.305155222,      -6.255218461,      -6.707701048,      -6.271532341,      -9.896921263
          0,           0,        2717,      -8.251471917,      -6.348802844,      -6.767908678,      -6.224247206,      -9.895328815
          0,           0,        2718,      -8.344644327,      -6.267526335,      -6.732925536,      -6.312436269,      -9.897894732
          0,           0,        2719,      -8.271705867,      -6.299075685,      -6.748651597,      -6.245436051,      -9.895149666
          0,           0,        2720,      -8.314343173,       -6.26101748,      -6.737817544,      -6.277462239,      -9.898729937
          0,           0,        2721,      -8.314503737,      -6.351900334,      -6.780761969,      -6.290412692,       -9.89643375
          0,           0,        2722,      -8.349234389,      -6.266678347,      -6.718042922,      -6.325387892,      -9.898738862
          0,           0,        2723,      -8.247447804,      -6.300607671,      -6.747626293,       -6.21820224,      -9.897244541
          0,           0,        2724,      -8.311986296,       -6.26086639,       -6.72855333,      -6.273572953,         -9.899615
          0,           0,        2725,      -8.278162093,      -6.354032918,      -6.778405527,      -6.256260148,      -9.896635132
          0,           0,        2726,       -8.35499363,      -6.272646899,      -6.750562847,      -6.327953987,      -9.900331873
          0,           0,        2727,      -8.316771131,      -6.302668975,      -6.758587884,      -6.290584131,      -9.898098738
          0,           0,        2728,       -8.31602676,      -6.259631678,      -6.712660258,      -6.284111414,      -9.900182577
          0,           0,        2729,      -8.249145974,      -6.355880046,      -6.776784004,      -6.223224178,      -9.898466072
          0,           0,        2730,       -8.35190408,      -6.272234169,       -6.74002175,       -6.32283337,      -9.900969729
          0,           0,        2731,      -8.277952788,       -6.30403716,      -6.756087162,      -6.253971543,      -9.898075201
          0,           0,        2732,      -8.320124468,      -6.265300788,      -6.744739836,      -6.285128335,      -9.901605403
          0,           0,        2733,       -8.32075067,      -6.358412263,      -6.789326002,      -6.299257817,      -9.899183019
          0,           0,        2734,      -8.356354109,      -6.270998926,      -6.724457395,      -6.335387061,      -9.901428667
          0,           0,        2735,      -8.252090058,      -6.305187487,       -6.75455911,      -6.224315294,      -9.899844061
          0,           0,        2736,      -8.317280515,      -6.264823536,      -6.734961833,      -6.280604339,      -9.902179249
          0,           0,        2737,      -8.283460469,      -6.359971774,      -6.785951746,       -6.26341061,       -9.89912088
          0,           0,        2738,      -8.361048529,      -6.276620011,      -6.757000159,      -6.336231169,       -9.90280877
          0,           0,        2739,      -8.321612379,      -6.306821599,      -6.764957108,       -6.29712295,      -9.900513586
          0,           0,        2740,      -8.320469927,      -6.262999808,      -6.716914223,      -6.289941813,      -9.902588309
          0,           0,        2741,      -8.250367601,      -6.361288005,      -6.783121126,      -6.225338783,      -9.900816279
          0,           0,        2742,      -8.356658293,      -6.275711579,      -6.744707008,      -6.328914791,      -9.903313776
          0,           0,        2743,      -8.279143645,      -6.307819283,      -6.761831553,      -6.255954897,      -9.900341551
          0,           0,        2744,      -8.324233372,      -6.268550786,      -6.750072992,      -6.290003367,      -9.903894646
          0,           0,        2745,      -8.324578774,      -6.363392542,      -6.795785954,      -6.304114201,      -9.901412855
          0,           0,        2746,      -8.361098746,      -6.274500053,      -6.730439577,      -6.341138279,      -9.903648856
          0,           0,        2747,      -8.257854727,      -6.308634876,      -6.760180671,      -6.230622224,      -9.902036493
          0,           0,        2748,      -8.321233556,      -6.267931252,      -6.740614716,      -6.285129026,      -9.904400039
          0,           0,        2749,      -8.289683894,        -6.3644097,      -6.791226597,      -6.270439687,      -9.901379284
          0,           0,        2750,      -8.364451658,      -6.279592404,      -6.761541472,      -6.340151978,      -9.905208311
          0,           0,        2751,      -8.324882263,      -6.309859732,      -6.769470564,       -6.30071651,      -9.903180681
          0,           0,        2752,      -8.323063939,         -6.265155,      -6.718018755,      -6.292784396,      -9.905811355
          0,           0,        2753,      -8.246704925,      -6.365188318,      -6.786568776,      -6.221454081,      -9.904517033
          0,           0,        2754,      -8.358783211,      -6.277913929,      -6.745803342,      -6.330550495,      -9.907405906
          0,           0,        2755,      -8.274372251,      -6.310542457,      -6.766077257,      -6.250654979,      -9.904559242
          0,           0,        2756,      -8.327556728,      -6.270863404,      -6.754074061,      -6.293065973,       -9.90840746
          0,           0,        2757,      -8.327514003,      -6.366876379,      -6.800574203,      -6.307029556,      -9.905999455
          0,           0,        2758,       -8.36549949,      -6.277500819,      -6.738344005,      -6.345224408,      -9.908373942
          0,           0,        2759,      -8.270494871,      -6.310956619,      -6.765955295,      -6.243494414,      -9.906837947
          0,           0,        2760,      -8.326639723,      -6.270211018,      -6.747303431,       -6.29073899,      -9.909317851
          0,           0,        2761,      -8.302404118,      -6.366647673,      -6.793864031,      -6.284024784,      -9.906299743
          0,           0,        2762,      -8.365067821,      -6.281093386,      -6.764645979,      -6.340404513,      -9.910006117
          0,           0,        2763,      -8.328744789,      -6.310988669,      -6.772817419,       -6.30434047,      -9.907658466
          0,           0,        2764,      -8.324814653,      -6.265467769,      -6.718715622,      -6.294602779,      -9.909829447
          0,           0,        2765,       -8.24491183,      -6.365523958,      -6.789065296,      -6.219417521,      -9.907984592
          0,           0,        2766,      -8.360954116,      -6.277030075,      -6.745551036,      -6.331777649,      -9.910561725
          0,           0,        2767,       -8.26701669,      -6.308956443,      -6.769893255,      -6.242624937,      -9.907404746
          0,           0,        2768,      -8.329402997,      -6.268526917,      -6.757960242,      -6.295004911,      -9.911213231
          0,           0,        2769,      -8.327811178,      -6.360797667,      -6.805288408,      -6.307868232,      -9.908647421
          0,           0,        2770,      -8.364551283,      -6.271737216,      -6.746174378,      -6.345186265,       -9.91092788
          0,           0,        2771,      -8.276886853,      -6.298853916,       -6.77172285,      -6.251562376,      -9.909326413
          0,           0,        2772,       -8.31990599,      -6.254224843,      -6.753365576,      -6.287249193,      -9.911777571
          0,           0,        2773,      -8.295377284,      -6.324723673,      -6.794668374,      -6.281186708,      -9.908739942
          0,           0,        2774,      -8.323778674,      -6.230111531,      -6.766397517,      -6.305759836,      -9.912340396
          0,           0,        2775,      -8.273838109,      -6.203778681,      -6.772308812,      -6.258830128,      -9.909922797
          0,           0,        2776,      -8.220697094,      -6.084883983,      -6.722349081,      -6.205593391,      -9.912054349
          0,           0,        2777,      -8.103882241,      -5.908275847,      -6.744524102,      -6.091865593,      -9.910184341
          0,           0,        2778,      -7.945293101,        -5.5174874,      -6.511602867,      -5.902696582,      -9.912699094
          0,           0,        2779,      -7.586154586,      -5.147993853,       -6.15995216,       -5.52612773,      -9.909352379
          0,           0,        2780,      -7.221694448,      -5.780102538,      -6.586995652,      -5.188164055,       -9.91279821
          0,           0,        2781,      -7.470768121,      -6.079681907,      -6.520212514,      -5.438477764,      -9.910063862
          0,           0,        2782,      -7.716556116,      -5.971006239,      -6.695894964,      -5.690189736,      -9.912220686
          0,           0,        2783,      -7.883480739,      -5.656217976,      -6.477149316,      -5.885605461,       -9.91025447
          0,           0,        2784,      -7.636746943,      -5.811271927,       -6.63810081,      -5.614034253,      -9.912414103
          0,           0,        2785,      -7.645825204,      -5.954855472,      -6.763150769,      -5.624883372,      -9.908839599
          0,           0,        2786,      -7.762288221,      -5.876985178,      -6.666466672,      -5.748843896,      -9.912543641
          0,           0,        2787,      -7.722103489,      -5.874748214,      -6.636234187,      -5.704628793,      -9.909877443
          0,           0,        2788,      -7.669986302,      -5.958766656,      -6.679327174,      -5.649339259,      -9.911763263
          0,           0,        2789,      -7.710035435,      -6.019966286,      -6.740029033,      -5.692646213,      -9.909738756
          0,           0,        2790,      -7.752979981,      -6.002322012,      -6.687635035,       -5.73809276,      -9.912156736
          0,           0,        2791,      -7.741280139,      -6.046362655,      -6.709011171,      -5.726723637,      -9.909030119
          0,           0,        2792,      -7.755304842,      -6.065459984,      -6.716062053,      -5.741396967,      -9.912341435
          0,           0,        2793,      -7.781561274,      -6.113351319,      -6.751925282,       -5.77103303,      -9.909604542
          0,           0,        2794,      -7.794422893,      -6.096730883,      -6.695039662,      -5.785398962,      -9.911806335
          0,           0,        2795,       -7.79328588,      -6.129272997,      -6.730880777,      -5.783851151,      -9.909970508
          0,           0,        2796,       -7.81767264,      -6.121087173,      -6.711965142,      -5.809464916,      -9.912266922
          0,           0,        2797,      -7.824445218,      -6.177212547,      -6.768142618,       -5.81893645,      -9.908849384
          0,           0,        2798,      -7.845783062,        -6.1464554,      -6.744881026,      -5.842059302,      -9.912782914
          0,           0,        2799,      -7.853719134,      -6.169345033,      -6.753409098,      -5.850855913,      -9.910333146
          0,           0,        2800,      -7.864464269,      -6.152265955,      -6.718445163,      -5.861821373,      -9.912449537
          0,           0,        2801,      -7.867068082,      -6.211654779,       -6.78072554,      -5.865742699,       -9.91067854
          0,           0,        2802,      -7.887965086,      -6.169419335,      -6.747205158,      -5.888807168,      -9.913375663
          0,           0,        2803,      -7.887698904,      -6.190611239,      -6.753279235,      -5.889086269,      -9.910517893
          0,           0,        2804,       -7.89618593,      -6.170940696,       -6.74497723,      -5.896491894,       -9.91409544
          0,           0,        2805,      -7.902676937,      -6.230289296,      -6.791678156,      -5.906176325,       -9.91160461
          0,           0,        2806,      -7.910951793,      -6.179586102,      -6.724380476,      -5.915823061,      -9.914090364
          0,           0,        2807,      -7.896439829,      -6.202669102,      -6.754495096,      -5.898094732,       -9.91250742
          0,           0,        2808,      -7.909050367,      -6.178741849,      -6.733257475,      -5.911119167,      -9.915089567
          0,           0,        2809,      -7.901926986,      -6.240683612,      -6.789342257,      -5.906400033,      -9.911905489
          0,           0,        2810,      -7.914582055,      -6.189916974,      -6.759114583,      -5.920686106,      -9.916056361
          0,           0,        2811,      -7.906774184,      -6.209796901,      -6.765420944,      -5.912301955,      -9.913769175
          0,           0,        2812,      -7.903926491,      -6.183247722,      -6.722799212,      -5.908596023,       -9.91611258
          0,           0,        2813,        -7.8915696,       -6.24704201,      -6.786832369,      -5.896336544,      -9.914429848
          0,           0,        2814,      -7.902618459,      -6.193749519,      -6.749458088,      -5.909632074,      -9.917290012
          0,           0,        2815,      -7.889471078,      -6.214251035,      -6.758781503,      -5.895993812,      -9.914410876
          0,           0,        2816,      -7.889729422,      -6.189587528,      -6.747676394,      -5.895217715,      -9.918242272
          0,           0,        2817,       -7.88651054,      -6.252234886,      -6.793674866,      -5.894714474,      -9.915769855
          0,           0,        2818,      -7.887008275,      -6.194308662,      -6.719558897,      -5.896356735,      -9.918359371
          0,           0,        2819,      -7.865664256,       -6.21755429,      -6.752162525,      -5.871117162,       -9.91675424
          0,           0,        2820,      -7.874170689,      -6.189973043,       -6.72766087,      -5.880647884,      -9.919381751
          0,           0,        2821,      -7.863220342,      -6.253189104,      -6.788213685,      -5.871478721,      -9.916045849
          0,           0,        2822,      -7.872901623,      -6.194195705,      -6.757689559,      -5.883258471,       -9.92035676
          0,           0,        2823,      -7.863817071,      -6.194569098,      -6.761272007,      -5.873629657,      -9.917979196
          0,           0,        2824,      -7.856282115,      -6.067148812,      -6.705533619,      -5.865098553,      -9.920272839
          0,           0,        2825,      -7.814161831,      -5.147019129,      -5.973951015,      -5.752805633,      -9.918572802
          0,           0,        2826,      -7.070577013,      -5.792475587,      -6.179908219,      -5.024016132,      -9.839164998
          0,           0,        2827,      -7.515536586,       -5.89795778,      -6.376302635,      -5.474350879,       -9.88650412
          0,           0,        2828,      -7.467369557,      -5.976174874,      -6.608125645,       -5.42907997,       -9.90242842
          0,           0,        2829,      -7.570729169,      -6.067439012,      -6.723015675,      -5.541947721,      -9.909061984
          0,           0,        2830,      -7.685004097,       -6.08783082,      -6.697608557,      -5.669161454,      -9.916953552
          0,           0,        2831,      -7.751372171,      -6.136062248,      -6.734865713,      -5.745571587,      -9.918251061
          0,           0,        2832,      -7.796390526,      -6.139953093,      -6.727982817,      -5.797920854,      -9.922147766
          0,           0,        2833,      -7.815294736,      -6.205813123,      -6.780351079,      -5.823652016,      -9.919218836
          0,           0,        2834,      -7.833812272,      -6.164304121,      -6.754106807,      -5.846353944,      -9.923049493
          0,           0,        2835,      -7.834820498,      -6.115243708,      -6.754308741,      -5.849582719,      -9.920161898
          0,           0,        2836,      -7.823994482,      -6.179920553,       -6.67913226,      -5.832615452,      -9.922047879
          0,           0,        2837,      -7.815757353,      -6.271762919,      -6.779071245,      -5.823649854,      -9.920321876
          0,           0,        2838,      -7.845588004,      -6.213937362,       -6.73760655,      -5.861899808,      -9.923277967
          0,           0,        2839,      -7.836882044,      -6.239789013,      -6.760574239,      -5.852937213,      -9.920035704
          0,           0,        2840,      -7.845302956,      -6.213128117,       -6.74971362,      -5.862289831,      -9.924062303
          0,           0,        2841,      -7.846427206,      -6.285251592,      -6.796444044,      -5.865998113,      -9.921272429
          0,           0,        2842,      -7.851585352,      -6.222378569,       -6.73927301,      -5.872560132,       -9.92363549
          0,           0,        2843,      -7.843014516,       -6.24762638,      -6.763615791,      -5.861438249,      -9.921898657
          0,           0,        2844,      -7.850142642,      -6.219108318,      -6.746635599,      -5.869176552,      -9.924448184
          0,           0,        2845,      -7.849581466,      -6.293101807,      -6.788287849,      -5.871173408,      -9.921179492
          0,           0,        2846,      -7.856322222,      -6.230640917,      -6.761488026,      -5.878526163,      -9.924968321
          0,           0,        2847,      -7.854678298,      -6.254182053,      -6.769059804,      -5.876589428,      -9.922368979
          0,           0,        2848,      -7.855239122,       -6.22221133,      -6.726734302,      -5.876413605,      -9.924583596
          0,           0,        2849,      -7.850246113,      -6.301331549,      -6.792518465,       -5.87126454,      -9.922586157
          0,           0,        2850,      -7.863323763,      -6.234942045,      -6.753747344,         -5.887109,      -9.925308224
          0,           0,        2851,      -7.855776656,      -6.259956992,      -6.766549796,      -5.878236658,       -9.92203322
          0,           0,        2852,      -7.862000256,      -6.230214565,      -6.755139166,      -5.884242545,      -9.925836828
          0,           0,        2853,      -7.863715319,      -6.308538435,      -6.803150203,      -5.888524557,      -9.923046656
          0,           0,        2854,      -7.869264849,      -6.236825137,      -6.729425874,      -5.895553681,      -9.925499111
          0,           0,        2855,       -7.85505977,      -6.264772578,      -6.761312968,        -5.8764163,      -9.923660443
          0,           0,        2856,      -7.866931808,      -6.232579186,        -6.7386075,      -5.889972267,      -9.926196604
          0,           0,        2857,      -7.862243599,      -6.314420788,      -6.797893787,      -5.886863427,      -9.922650748
          0,           0,        2858,      -7.875242517,      -6.245218959,       -6.76625089,      -5.902648264,      -9.926891911
          0,           0,        2859,      -7.871456416,      -6.269599958,      -6.772274734,      -5.897879772,      -9.924341377
          0,           0,        2860,      -7.872269583,      -6.235542078,      -6.730660386,      -5.897823239,      -9.926656618
          0,           0,        2861,      -7.865907619,      -6.319480198,      -6.796229198,      -5.891017387,      -9.924806219
          0,           0,        2862,      -7.879058772,      -6.247857128,      -6.757480132,      -5.907505284,      -9.927734128
          0,           0,        2863,       -7.87137502,       -6.27284219,      -6.764066842,      -5.898412464,        -9.9246996
          0,           0,        2864,        -7.8745043,      -6.241256339,      -6.753285624,      -5.900355881,      -9.928656973
          0,           0,        2865,      -7.875578586,      -6.323873319,      -6.800876501,      -5.904204333,      -9.926079758
          0,           0,        2866,      -7.879667626,      -6.247073809,      -6.726729882,      -5.909661499,      -9.928852192
          0,           0,        2867,      -7.863340345,      -6.275912182,      -6.758085302,      -5.887547236,      -9.927292363
          0,           0,        2868,      -7.874193654,      -6.241658085,      -6.734237369,      -5.900032832,      -9.930206919
          0,           0,        2869,      -7.867016045,      -6.327645035,      -6.794576396,      -5.893943403,      -9.926921697
          0,           0,        2870,      -7.879645557,       -6.25433509,      -6.763168129,      -5.909682408,      -9.931695046
          0,           0,        2871,      -7.874158398,        -6.2791656,      -6.768467789,      -5.902842306,      -9.929499866
          0,           0,        2872,       -7.87350952,      -6.243901742,      -6.730236232,      -5.901084134,      -9.932292721
          0,           0,        2873,      -7.866741686,      -6.330921757,      -6.793066902,      -5.894004617,      -9.930885316
          0,           0,        2874,      -7.877610285,      -6.255877976,      -6.755369821,      -5.907929799,      -9.934385492
          0,           0,        2875,       -7.86946925,      -6.280799392,      -6.758079071,      -5.898358791,      -9.931789044
          0,           0,        2876,      -7.870355709,      -6.248156618,      -6.748632896,      -5.897549123,      -9.936309822
          0,           0,        2877,      -7.871082521,      -6.333664964,      -6.795318169,      -5.901141364,      -9.934123749
          0,           0,        2878,      -7.874152876,      -6.254741552,      -6.730320725,      -5.905478331,      -9.937466501
          0,           0,        2879,      -7.860871941,      -6.283151958,      -6.756807555,       -5.88752598,      -9.936361386
          0,           0,        2880,      -7.868404095,      -6.248380745,      -6.736907833,      -5.896002153,      -9.939875301
          0,           0,        2881,      -7.863039621,      -6.335942811,      -6.789433994,      -5.892282673,      -9.936974331
          0,           0,        2882,      -7.872486503,      -6.260061742,       -6.75879548,      -5.904009151,      -9.942225522
          0,           0,        2883,      -7.867098907,      -6.285172894,      -6.764342598,        -5.8973378,      -9.940260879
          0,           0,        2884,      -7.866133978,      -6.247874441,      -6.720484754,      -5.895358612,      -9.943499685
          0,           0,        2885,      -7.857212253,      -6.337751854,      -6.785475725,      -5.885210259,      -9.942185631
          0,           0,        2886,      -7.869806562,      -6.259998169,       -6.74684022,      -5.901584268,      -9.945968016
          0,           0,        2887,      -7.860293421,      -6.286316734,      -6.758670483,      -5.890353506,      -9.943072269
          0,           0,        2888,      -7.863815908,      -6.248396067,      -6.735085138,      -5.892021763,      -9.948090872
          0,           0,        2889,      -7.857635092,      -6.338506603,      -6.782198779,      -5.887321342,      -9.945633603
          0,           0,        2890,      -7.863405966,      -6.247181213,      -6.662580287,      -5.896320889,      -9.949182253
          0,           0,        2891,      -7.824326989,      -6.284320017,      -6.721031022,      -5.843469985,      -9.947522095
          0,           0,        2892,      -7.855062111,      -6.222209587,      -6.619774038,      -5.883531026,      -9.950574003
          0,           0,        2893,      -7.791431934,      -6.319918938,      -6.648589509,      -5.802437847,      -9.948437709
          0,           0,        2894,      -7.840195551,      -6.253927237,      -6.719125735,      -5.867002823,      -9.951353394
          0,           0,        2895,      -7.843427218,      -6.280560288,      -6.717391587,      -5.866277104,      -9.949714012
          0,           0,        2896,      -7.831777308,      -6.249425509,      -6.733232536,      -5.849238392,      -9.952933704
          0,           0,        2897,      -7.836536384,      -6.341296003,      -6.774753951,      -5.861917414,      -9.949368719
          0,           0,        2898,      -7.859124189,      -6.261628327,       -6.75287728,      -5.892514649,      -9.953540236
          0,           0,        2899,      -7.853642476,      -6.286232595,      -6.755854594,      -5.884978318,      -9.950427819
          0,           0,        2900,       -7.85117588,      -6.253019712,        -6.7345841,      -5.881461255,      -9.952523244
          0,           0,        2901,      -7.847291835,      -6.340766659,      -6.783807716,      -5.878539192,      -9.950360252
          0,           0,        2902,      -7.854210099,      -6.263770997,      -6.756464516,      -5.886557886,      -9.953379205
          0,           0,        2903,      -7.850124555,       -6.27999256,      -6.700692305,      -5.883106479,      -9.949691086
          0,           0,        2904,      -7.829824767,      -6.252756266,      -6.724363991,      -5.853871868,      -9.952989758
          0,           0,        2905,       -7.84763524,      -6.311565595,      -6.667623017,      -5.878508388,      -9.949133005
          0,           0,        2906,      -7.817311112,      -6.251827814,      -6.706933683,       -5.83235616,      -9.950164911
          0,           0,        2907,      -7.825616651,       -6.28807671,      -6.736244973,      -5.851307821,      -9.949150476
          0,           0,        2908,       -7.83717477,      -6.242299698,      -6.727324803,      -5.866587358,      -9.951383576
          0,           0,        2909,      -7.830334556,      -6.336097889,      -6.734433568,       -5.85905197,      -9.946944171
          0,           0,        2910,      -7.823567735,      -6.258429107,      -6.748226179,      -5.852809171,      -9.950885026
          0,           0,        2911,      -7.837611048,       -6.28454093,      -6.740002273,      -5.868418451,       -9.94740973
          0,           0,        2912,       -7.83333448,      -6.151114176,       -6.54188505,       -5.83492183,      -9.949291834
          0,           0,        2913,      -7.697237338,      -6.338026873,      -6.678674883,      -5.691400731,      -9.946283931
          0,           0,        2914,      -7.814877702,      -5.931023411,      -6.104469371,      -5.852080497,      -9.947473326
          0,           0,        2915,      -5.649644357,      -5.647878703,      -4.532880012,      -3.611814146,      -9.940998341
          0,           0,        2916,      -5.989573453,      -5.822128446,      -4.823601666,      -3.924187526,      -9.941339292
          0,           0,        2917,      -6.025367918,      -6.026545242,       -5.05191933,      -3.956737079,      -9.940563983
          0,           0,        2918,       -6.09671189,      -6.065235039,      -5.310426962,       -4.02858336,      -9.943925499
          0,           0,        2919,      -6.240171165,      -6.165864399,      -5.461195659,      -4.194758262,      -9.941208208
          0,           0,        2920,      -6.404563909,      -6.151155124,      -5.597186371,      -4.349918059,      -9.944869186
          0,           0,        2921,       -6.52187577,      -6.070559327,      -5.782280511,      -4.472341114,      -9.942036794
          0,           0,        2922,      -6.613488005,      -6.138740525,      -5.990665218,      -4.521413561,      -9.945273241
          0,           0,        2923,      -6.722197104,      -6.310646695,       -6.12053992,       -4.66474433,      -9.941217784
          0,           0,        2924,      -6.819548483,       -6.19774165,      -6.215389261,      -4.772479957,      -9.945600858
          0,           0,        2925,      -6.934921019,      -6.205464909,      -6.286240213,      -4.896110114,      -9.942530164
          0,           0,        2926,      -7.044075298,      -6.194457276,      -6.281645181,      -5.000272842,      -9.944625887
          0,           0,        2927,       -7.18252293,      -6.317084496,      -6.404350113,      -5.109261704,      -9.941835677
          0,           0,        2928,      -7.260715792,      -6.236970877,      -6.404250641,      -5.230233687,      -9.944729949
          0,           0,        2929,      -7.330151867,       -6.22026001,       -6.53721584,      -5.257348189,      -9.943037295
          0,           0,        2930,      -7.367758013,      -6.195048275,      -6.478853767,      -5.270810442,      -9.945962043
          0,           0,        2931,      -7.406532249,      -6.368305931,       -6.59623603,      -5.409626093,      -9.942126736
          0,           0,        2932,      -7.447178992,      -6.250991649,      -6.573891619,      -5.473277997,      -9.948510244
          0,           0,        2933,      -7.493661068,      -6.245693829,      -6.628338357,      -5.507949251,      -9.946627039
          0,           0,        2934,      -7.521288289,      -6.232713991,      -6.582576836,      -5.528444947,      -9.949704676
          0,           0,        2935,      -7.552877039,      -6.346489636,      -6.628927794,      -5.491594852,      -9.949084385
          0,           0,        2936,      -7.544590691,      -6.250863235,       -6.59920189,      -5.520897331,      -9.953790916
          0,           0,        2937,      -7.561593597,      -6.001105211,      -6.232074394,       -4.92879894,      -9.938554522
          0,           0,        2938,      -5.115529087,      -5.131868167,      -4.168888029,      -2.998596339,       -9.92703361
          0,           0,        2939,      -5.523442363,      -5.263549088,      -4.471617817,       -3.32080992,      -9.927018859
          0,           0,        2940,      -5.700697942,       -5.31925352,       -4.71688619,      -3.441919087,      -9.944544964
          0,           0,        2941,      -5.760272808,      -5.412100143,      -4.902956301,      -3.580407706,      -9.949849513
          0,           0,        2942,        -5.7977861,      -5.609388877,      -5.067420487,      -3.781658293,      -9.953103331
          0,           0,        2943,      -5.893364222,      -5.677501228,      -5.218368232,      -3.914560459,      -9.951185405
          0,           0,        2944,      -5.983477996,       -5.77120686,      -5.352732182,      -4.061852457,      -9.956420866
          0,           0,        2945,      -6.075233485,      -5.859899205,      -5.481407029,      -4.199433636,       -9.95515086
          0,           0,        2946,      -6.164290012,      -5.875367185,      -5.603943408,      -4.311231314,      -9.962719561
          0,           0,        2947,      -6.230301518,      -6.049195127,       -5.72210632,      -4.386197522,      -9.961647054
          0,           0,        2948,       -6.36349925,      -6.044254546,      -5.846532413,      -4.560678136,      -9.966553172
          0,           0,        2949,      -6.450176481,      -6.108215779,      -5.972984267,      -4.666863115,      -9.965900638
          0,           0,        2950,      -6.522828853,      -6.115280028,      -6.084151895,      -4.771329791,      -9.970312746
          0,           0,        2951,      -6.586600195,       -6.11580653,      -6.165151294,      -4.742257026,      -9.966893839
          0,           0,        2952,      -6.597285746,      -6.178118959,       -6.22497012,      -4.743356425,      -9.971958874
          0,           0,        2953,      -6.744973685,      -6.202845988,       -6.27331006,      -5.059796353,      -9.968959612
          0,           0,        2954,      -6.816012418,      -6.176449412,      -6.360991646,      -5.089101163,      -9.972014033
          0,           0,        2955,      -6.846277262,      -6.211993959,      -6.378892212,      -5.214593073,      -9.969965002
          0,           0,        2956,      -6.876322038,      -6.169074863,      -6.414494025,      -5.150885727,      -9.973425675
          0,           0,        2957,      -6.871984153,      -6.228156918,      -6.404642903,      -5.036501092,      -9.969335284
          0,           0,        2958,      -7.010817246,        -6.1898486,       -6.42677279,      -5.322579271,      -9.974537073
          0,           0,        2959,      -7.034016307,      -6.227565947,      -6.443342636,      -5.368455232,      -9.971331992
          0,           0,        2960,      -7.042187078,      -6.192863823,      -6.461512022,      -5.188665213,      -9.974471052
          0,           0,        2961,      -7.039793898,      -6.067513915,      -6.452007172,      -4.532938382,      -9.972471867
          0,           0,        2962,       -6.81766057,      -6.196370735,      -6.231549614,      -4.714180536,      -9.976121737
          0,           0,        2963,      -7.068888798,      -6.255059176,      -6.417701144,       -5.23332791,      -9.972235564
          0,           0,        2964,      -7.185872399,      -6.219471494,      -6.452807069,      -5.334526963,      -9.977813881
          0,           0,        2965,      -7.205478053,      -6.265912928,      -6.468132163,      -5.385719227,      -9.974694579
          0,           0,        2966,      -7.198628092,      -6.219652634,      -6.468610412,      -5.169826535,      -9.977857167
          0,           0,        2967,      -7.270883475,      -6.271681845,       -6.45463879,      -5.282209277,      -9.976037461
          0,           0,        2968,      -7.262897842,      -6.225705806,      -6.451269266,      -5.359866825,      -9.979697779
          0,           0,        2969,      -7.240749477,      -6.260524496,      -6.444975289,      -5.145359234,       -9.97561564
          0,           0,        2970,      -7.333335887,      -6.222271278,      -6.434817423,        -5.2438903,      -9.980851815
          0,           0,        2971,      -7.317544658,      -6.258669153,      -6.437732529,      -5.277208903,      -9.977439947
          0,           0,        2972,       -7.26044707,      -6.216778346,      -6.417236544,      -5.306362357,      -9.980426736
          0,           0,        2973,      -7.340485198,       -6.25777404,      -6.445227126,      -5.403343095,      -9.978174638
          0,           0,        2974,       -7.33847995,      -6.213540164,      -6.437370035,      -5.433265807,      -9.981518091
          0,           0,        2975,      -7.321721707,      -6.255557804,      -6.452047011,      -5.359706799,      -9.976818531
          0,           0,        2976,      -7.323662332,      -6.205053497,      -6.448827167,      -5.093254453,      -9.982186592
          0,           0,        2977,      -7.355850865,      -6.258216468,      -6.440614023,      -5.235639951,      -9.978651699
          0,           0,        2978,       -7.35628811,      -6.207502516,      -6.443779356,       -5.09456546,      -9.981531787
          0,           0,        2979,      -7.277614633,      -6.269248137,      -6.447613699,      -5.218381865,      -9.978906908
          0,           0,        2980,      -7.371795388,      -6.228093765,      -6.456889102,      -5.400218303,      -9.982278137
          0,           0,        2981,      -7.379866643,      -6.280053321,       -6.47762178,      -5.401321946,      -9.977390814
          0,           0,        2982,      -7.400417449,      -6.237590908,      -6.475558667,      -5.463682418,      -9.982811278
          0,           0,        2983,       -7.40492104,      -6.282700378,      -6.482444907,      -5.380183709,      -9.979051889
          0,           0,        2984,      -7.377691366,       -6.24179143,      -6.468446187,      -5.382266936,      -9.981642152
          0,           0,        2985,      -7.457370831,      -6.291979918,      -6.485944247,      -5.494798078,      -9.979497541
          0,           0,        2986,      -7.472768587,      -6.241862649,      -6.479631964,      -5.535470431,      -9.982788333
          0,           0,        2987,      -7.475155879,      -6.288176877,      -6.486065778,      -5.462504176,      -9.978449729
          0,           0,        2988,      -7.486023317,       -6.23627772,       -6.48330164,      -5.531474923,      -9.982902081
          0,           0,        2989,      -7.476839942,      -6.279423309,      -6.489705696,      -5.397602111,      -9.978971477
          0,           0,        2990,      -7.510276531,      -6.233094746,      -6.487914372,      -5.500692484,      -9.981505125
          0,           0,        2991,       -7.52315013,       -6.28126743,      -6.503961584,      -5.572987194,      -9.979133743
          0,           0,        2992,      -7.517631705,      -6.233253326,      -6.503405356,      -5.578616991,      -9.982216899
          0,           0,        2993,      -7.513980682,       -6.18083614,      -6.454329295,      -4.940881641,      -9.977642967
          0,           0,        2994,      -6.935343961,      -6.184132843,      -6.297256681,      -4.651702149,      -9.981913064
          0,           0,        2995,      -7.348325294,      -6.283774302,      -6.351151116,        -5.2041518,      -9.977732943
          0,           0,        2996,      -7.396329188,      -6.230944788,       -6.44387411,       -5.18805939,      -9.980018835
          0,           0,        2997,       -7.38353705,      -6.285773581,      -6.494754088,       -5.39502652,      -9.977456906
          0,           0,        2998,       -7.39227132,      -6.244569251,      -6.527666704,      -5.481837072,      -9.980263679
          0,           0,        2999,      -7.421931941,      -6.306305832,      -6.531417341,      -5.275814844,      -9.975532468
          0,           0,        3000,       -7.57037818,      -6.253951397,      -6.553728984,      -5.435649586,      -9.979618445
          0,           0,        3001,      -7.581463924,      -6.295930701,      -6.571212258,      -5.434332126,      -9.975396649
          0,           0,        3002,      -7.504098714,      -6.259829817,      -6.569119736,      -5.557677827,      -9.977236247
          0,           0,        3003,      -7.600941784,      -6.317369517,      -6.602427244,      -5.706508391,      -9.974867063
          0,           0,        3004,      -7.611544884,      -6.259904361,      -6.598240522,      -5.727330713,      -9.977650054
          0,           0,        3005,      -7.608984355,      -6.305701994,      -6.598925372,      -5.558223566,      -9.973061155
          0,           0,        3006,      -7.588720097,      -6.252330741,       -6.60851148,      -5.605070208,      -9.976833962
          0,           0,        3007,      -7.563150793,      -6.314377798,      -6.618724737,      -5.458492577,      -9.972562073
          0,           0,        3008,      -7.620749132,      -6.261771004,      -6.627801243,      -5.660253677,      -9.974447529
          0,           0,        3009,      -7.659271143,      -6.314160585,      -6.655632285,      -5.739176159,       -9.97239301
          0,           0,        3010,      -7.657690918,       -6.26309111,      -6.649765071,      -5.748321527,      -9.975203824
          0,           0,        3011,      -7.655207821,      -6.323047474,      -6.666294846,      -5.625148277,      -9.970658877
          0,           0,        3012,      -7.656831232,      -6.264462153,      -6.661182087,      -5.532366314,       -9.97481295
          0,           0,        3013,      -7.692008487,      -6.321914594,      -6.675286878,      -5.738393315,      -9.971059237
          0,           0,        3014,      -7.689625431,      -6.267159007,      -6.664959548,      -5.635244653,      -9.973418932
          0,           0,        3015,      -7.693858289,      -6.309047944,      -6.667892645,       -5.49612976,      -9.970782836
          0,           0,        3016,      -7.612347932,      -6.269751422,      -6.658866672,      -5.528961486,      -9.973693279
          0,           0,        3017,      -7.705988621,      -6.326112253,      -6.689176886,      -5.757375848,      -9.969463383
          0,           0,        3018,      -7.738339067,       -6.27191203,       -6.68218012,      -5.802480381,      -9.973864407
          0,           0,        3019,      -7.736473581,       -6.33588102,      -6.704645471,      -5.838325016,      -9.970133764
          0,           0,        3020,      -7.731847166,      -6.272267929,      -6.678225982,        -5.7072158,       -9.97269423
          0,           0,        3021,      -7.733719563,      -5.665236671,      -6.009154877,      -4.424165719,      -9.970101277
          0,           0,        3022,      -7.104879311,      -6.134093029,      -6.342518585,      -5.040322037,      -9.973072223
          0,           0,        3023,      -7.222846008,       -6.26446799,      -6.559729318,      -5.264126171,      -9.968540207
          0,           0,        3024,      -7.392109001,      -6.241652465,      -6.656263635,       -5.52961725,      -9.973521117
          0,           0,        3025,      -7.506985106,      -6.306174065,      -6.707314692,      -5.667989448,      -9.970036692
          0,           0,        3026,      -7.591786333,      -6.262005701,      -6.658460735,      -5.618201449,      -9.972833794
          0,           0,        3027,       -7.68110868,      -6.311465198,       -6.68310632,      -5.573576672,      -9.970386992
          0,           0,        3028,      -7.622034254,      -6.273714718,      -6.670066729,      -5.672455562,      -9.973685649
          0,           0,        3029,      -7.664257655,      -6.202909776,      -6.419690785,      -5.231848509,      -9.969100504
          0,           0,        3030,      -6.911511709,      -5.890894657,      -6.148772355,      -4.592609439,      -9.974532287
          0,           0,        3031,      -7.357299767,      -6.178034839,      -6.319585979,      -5.024066102,       -9.97110998
          0,           0,        3032,      -7.384820975,      -6.172533923,      -6.462578333,      -5.242109356,      -9.974223413
          0,           0,        3033,      -7.393446925,      -6.255475379,      -6.539246505,      -5.391689912,      -9.972246871
          0,           0,        3034,       -7.43149719,      -6.236484203,      -6.568716376,      -5.560378883,      -9.975888574
          0,           0,        3035,      -7.464879728,      -6.301294034,      -6.652208554,      -5.541354491,      -9.972128679
          0,           0,        3036,      -7.545285589,      -6.250728701,      -6.554380228,      -5.563712275,      -9.977286034
          0,           0,        3037,      -7.569627534,      -6.288050313,       -6.57391733,      -5.472856794,      -9.974322281
          0,           0,        3038,      -7.614105033,      -6.266784177,      -6.597352943,      -5.697763568,      -9.977714049
          0,           0,        3039,      -7.615236218,      -6.326607443,      -6.626852129,      -5.652273526,      -9.975996263
          0,           0,        3040,      -7.628313673,      -6.272741152,      -6.606939109,      -5.705337641,      -9.979934264
          0,           0,        3041,      -7.617422252,       -6.33399294,      -6.642320037,      -5.699393982,      -9.975956449
          0,           0,        3042,      -7.625953941,      -6.275665268,       -6.61954406,      -5.702127924,      -9.982095166
          0,           0,        3043,       -7.62816559,      -6.339499201,      -6.641443248,      -5.699888982,      -9.979397531
          0,           0,        3044,      -7.628526333,      -6.272461288,      -6.599672577,      -5.648859005,      -9.983217686
          0,           0,        3045,      -7.612170271,      -6.342805159,      -6.643990582,      -5.641180895,      -9.981495309
          0,           0,        3046,      -7.637550676,      -6.280638275,      -6.622777371,      -5.688830955,      -9.985928085
          0,           0,        3047,      -7.623504733,      -6.345054814,      -6.663130963,      -5.678457644,      -9.981910835
          0,           0,        3048,      -7.630200299,       -6.28408359,      -6.652458895,      -5.701602168,      -9.988611897
          0,           0,        3049,       -7.62932972,      -6.346573182,      -6.672925292,      -5.698638762,      -9.985826411
          0,           0,        3050,      -7.628396501,      -6.282490169,      -6.648857104,      -5.685700822,        -9.9895949
          0,           0,        3051,      -7.629356008,      -6.347685804,      -6.676810064,       -5.69270877,      -9.988484239
          0,           0,        3052,      -7.629647347,      -6.287060486,      -6.678968793,      -5.695038665,      -9.993069538
          0,           0,        3053,      -7.631899241,      -6.352423999,      -6.722815707,      -5.675660365,      -9.989691841
          0,           0,        3054,      -7.638756382,       -6.28997933,      -6.732768728,      -5.665695458,      -9.995476679
          0,           0,        3055,      -7.655944174,      -6.359235008,      -6.788816975,      -5.717148341,      -9.992586561
          0,           0,        3056,      -7.672298879,      -6.295451607,      -6.767334051,      -5.721298252,      -9.996082449
          0,           0,        3057,      -7.694975312,      -6.354765811,      -6.743793118,      -5.719801455,      -9.994960015
          0,           0,        3058,      -7.711624219,      -6.297214801,      -6.708800928,      -5.748259029,      -9.999536405
          0,           0,        3059,      -7.745757964,      -6.345911799,      -6.657074728,      -5.690842015,      -9.995808669
          0,           0,        3060,      -7.711746792,      -6.297441787,      -6.667312499,      -5.686707788,      -10.00109136
          0,           0,        3061,      -7.812925811,       -6.33234468,      -6.561119198,      -5.736139796,      -9.997539864
          0,           0,        3062,      -7.761253304,       -6.29952348,      -6.670783669,      -5.739412341,      -9.999548745
          0,           0,        3063,      -7.872391168,       -6.36838913,      -6.711800731,      -5.923911266,      -9.999004087
          0,           0,        3064,      -7.906472576,      -6.299569224,      -6.700387408,      -5.968469045,      -10.00274258
          0,           0,        3065,      -7.919261003,      -6.358263037,      -6.714320324,      -5.934624753,       -9.99743797
          0,           0,        3066,      -7.925177484,       -6.29930221,      -6.744213885,      -5.976326243,      -10.00349945
          0,           0,        3067,      -7.934046644,      -6.362114646,      -6.791660471,      -5.993256795,      -9.999284064
          0,           0,        3068,      -7.917735558,      -6.295827871,      -6.768297476,      -5.994012881,      -10.00206386
          0,           0,        3069,      -7.907949928,      -6.365638387,      -6.850225158,      -5.987643823,      -9.999200342
          0,           0,        3070,      -7.916458978,          -6.29727,      -6.814295483,       -6.01616691,      -10.00239539
          0,           0,        3071,      -7.901782367,      -6.362820358,      -6.846572246,      -5.969709672,      -9.997000605
          0,           0,        3072,      -7.902746921,      -6.296297064,      -6.802241805,      -5.989323922,      -10.00165832
          0,           0,        3073,      -7.901965644,      -6.360234737,      -6.795778986,       -5.96317523,       -9.99687976
          0,           0,        3074,      -7.899975606,      -6.292758793,      -6.726940506,      -5.926235421,      -9.999321566
          0,           0,        3075,      -7.895650578,      -6.361173795,      -6.743724731,      -5.949348468,       -9.99571927
          0,           0,        3076,      -7.915867727,       -6.29385426,      -6.693904594,      -5.989500707,      -9.998324612
          0,           0,        3077,      -7.907681582,      -6.355897935,      -6.687824024,      -5.962135928,      -9.992426901
          0,           0,        3078,       -7.90740181,      -6.294636411,      -6.665196016,      -5.971475657,      -9.996888229
          0,           0,        3079,       -7.89467511,      -6.359816041,      -6.671842046,      -5.967514971,      -9.991900095
          0,           0,        3080,      -7.876066019,      -6.239452028,      -6.554628048,      -5.779189044,      -9.993829424
          0,           0,        3081,       -7.71756782,      -6.321444596,      -6.570663968,      -5.648004675,      -9.989988007
          0,           0,        3082,      -7.798067023,      -6.282798624,      -6.623058281,      -5.791627495,       -9.99217622
          0,           0,        3083,      -7.779243204,      -6.348004677,      -6.658411225,       -5.77912838,      -9.986109421
          0,           0,        3084,      -7.764373041,      -6.288832349,      -6.654791961,      -5.812034811,      -9.990580801
          0,           0,        3085,      -7.740068449,      -6.354335198,      -6.682892993,      -5.801183197,      -9.985584542
          0,           0,        3086,      -7.725344427,       -6.28383391,      -6.644641209,      -5.748613045,      -9.987198844
          0,           0,        3087,      -7.702847833,      -6.356052466,      -6.692653141,      -5.751215253,        -9.9837919
          0,           0,        3088,      -7.705753413,      -6.067322778,      -6.396425699,      -5.326307839,      -9.986087079
          0,           0,        3089,      -6.131320534,      -5.669008542,      -4.967648661,       -4.09857325,      -9.980749403
          0,           0,        3090,      -6.459354102,      -5.967807439,      -5.291364172,      -4.397195451,       -9.98435445
          0,           0,        3091,      -6.467588704,      -6.095945219,      -5.528580415,      -4.404669038,      -9.979852831
          0,           0,        3092,      -6.566928956,      -6.180996795,      -5.782068611,      -4.509616849,      -9.981988494
          0,           0,        3093,      -6.712949047,      -6.240589936,      -5.915701378,      -4.657731832,      -9.978104736
          0,           0,        3094,      -6.844707225,       -6.25465722,      -6.076302437,      -4.790772212,       -9.97986534
          0,           0,        3095,       -6.96701059,      -6.334993928,      -6.264339322,       -4.92407942,       -9.97577306
          0,           0,        3096,      -7.111644855,      -6.289663361,      -6.340509274,      -5.073672114,      -9.977656631
          0,           0,        3097,      -7.249538582,      -6.330673936,      -6.472176468,      -5.216516162,      -9.974692641
          0,           0,        3098,      -7.366035429,      -6.288155809,      -6.546590145,      -5.340404081,      -9.977140084
          0,           0,        3099,        -7.4462524,      -6.382846019,      -6.665486736,      -5.426124789,      -9.972126632
          0,           0,        3100,      -7.508135671,      -6.261455257,      -6.635958514,      -5.460486296,      -9.976092386
          0,           0,        3101,      -7.526622249,      -6.333048114,      -6.658127754,      -5.465214423,      -9.971932078
          0,           0,        3102,      -7.627024423,       -6.29450479,      -6.745875669,      -5.638801464,      -9.973783332
          0,           0,        3103,      -7.672495484,      -6.382992484,      -6.790095201,      -5.699927964,      -9.970936501
          0,           0,        3104,      -7.731242579,      -6.301912722,      -6.794233419,      -5.776372398,       -9.97361095
          0,           0,        3105,      -7.766929108,      -6.343128377,       -6.79471521,      -5.819929477,      -9.968975839
          0,           0,        3106,      -7.784598575,      -6.296050634,      -6.797363058,      -5.826476081,      -9.972686866
          0,           0,        3107,      -7.816807359,      -6.385315286,      -6.834174427,      -5.876411437,      -9.968626515
          0,           0,        3108,       -7.83820184,      -6.302558262,      -6.821181787,      -5.901569131,      -9.970768417
          0,           0,        3109,      -7.837951571,      -6.324999355,      -6.782494456,      -5.885487213,      -9.968125334
          0,           0,        3110,      -7.823588683,      -6.297291577,      -6.804701631,      -5.883559861,      -9.970747739
          0,           0,        3111,      -7.857557062,      -6.386125475,      -6.848071837,      -5.928206469,      -9.966451082
          0,           0,        3112,      -7.873055025,      -6.305372981,      -6.833418304,      -5.959215749,      -9.970538612
          0,           0,        3113,       -7.87863505,      -6.352000344,      -6.845149444,      -5.970914559,      -9.966780478
          0,           0,        3114,      -7.884595969,      -6.298884241,      -6.811689683,      -5.967273057,      -9.968981759
          0,           0,        3115,      -7.888818792,       -6.36178683,      -6.808300408,      -5.957847804,      -9.966463801
          0,           0,        3116,      -7.869512274,      -6.303753012,      -6.801623378,      -5.932851298,      -9.969423577
          0,           0,        3117,       -7.89402993,      -6.352241538,      -6.826720962,      -5.967445173,       -9.96549151
          0,           0,        3118,      -7.904217434,      -6.300297198,      -6.819110719,      -5.988694572,      -9.969609725
          0,           0,        3119,      -7.907700032,       -6.38920334,      -6.867009941,      -5.999725505,      -9.965931666
          0,           0,        3120,       -7.91081291,      -6.305831034,      -6.812251897,      -5.995722806,      -9.968438168
          0,           0,        3121,      -7.907249432,      -6.348716974,      -6.824478082,      -5.991733524,      -9.966230335
          0,           0,        3122,       -7.90182718,      -6.299081902,       -6.80115598,      -5.980802126,      -9.969222488
          0,           0,        3123,      -7.903328647,      -6.387977215,       -6.84137213,      -5.975716254,      -9.965342406
          0,           0,        3124,      -7.909594258,      -6.306991907,      -6.818758035,      -5.990563904,      -9.969749318
          0,           0,        3125,      -7.908410716,      -6.355468896,      -6.835118576,      -5.996420758,        -9.9663468
          0,           0,        3126,      -7.905443628,      -6.300432218,      -6.796786008,      -5.984831932,      -9.968865572
          0,           0,        3127,      -7.903164006,       -6.15994827,      -6.453399558,      -5.826306194,      -9.966715894
          0,           0,        3128,      -7.712845076,      -6.292131243,      -6.673228945,      -5.708594152,      -9.970056617
          0,           0,        3129,      -7.859943523,      -6.352767138,      -6.796377135,      -5.898667723,      -9.966335171
          0,           0,        3130,      -7.886384232,      -6.300579765,      -6.792261142,       -5.95147619,      -9.970775551
          0,           0,        3131,       -7.88996477,      -6.382213387,      -6.823478922,       -5.96171677,      -9.967347153
          0,           0,        3132,        -7.8801773,       -6.30568286,      -6.779023009,      -5.947284945,      -9.970291791
          0,           0,        3133,      -7.882417398,      -6.356523899,      -6.810467087,      -5.955606034,      -9.968404302
          0,           0,        3134,      -7.886168319,       -6.30079726,      -6.780368962,      -5.965346191,      -9.971769658
          0,           0,        3135,      -7.879882408,      -6.384204494,      -6.796728367,      -5.953447515,      -9.967912315
          0,           0,        3136,       -7.87961771,      -6.307060444,       -6.78514568,      -5.952647563,      -9.972788946
          0,           0,        3137,      -7.877742439,      -6.356982432,      -6.800223938,      -5.957687266,      -9.969603282
          0,           0,        3138,      -7.873893169,      -6.301324545,      -6.772275782,      -5.948878443,      -9.972389457
          0,           0,        3139,      -7.873201984,       -6.38735081,      -6.812648368,        -5.9521509,      -9.970555389
          0,           0,        3140,      -7.874579137,      -6.306069792,      -6.774448786,      -5.957911715,      -9.974183246
          0,           0,        3141,      -7.867215679,       -6.35501634,      -6.774104602,      -5.941468035,      -9.970777483
          0,           0,        3142,      -7.865736527,      -6.301834795,      -6.769514581,      -5.943054897,      -9.975508727
          0,           0,        3143,      -7.868189515,       -6.38845045,      -6.803083978,      -5.954764584,      -9.972282272
          0,           0,        3144,      -7.864565492,      -6.306799345,      -6.769324357,      -5.945922209,      -9.975272326
          0,           0,        3145,      -7.860473091,      -6.347180303,      -6.765519705,      -5.939846509,      -9.973775124
          0,           0,        3146,      -7.844010865,      -6.301560937,      -6.757292371,      -5.915908689,      -9.977616128
          0,           0,        3147,       -7.85252587,      -6.367152779,      -6.695390852,      -5.923063946,      -9.974082146
          0,           0,        3148,      -7.791455049,      -6.305106454,      -6.728741823,      -5.823609105,      -9.978855516
          0,           0,        3149,      -7.842112128,      -6.174402018,      -6.297487977,      -5.854304776,       -9.97577752
          0,           0,        3150,      -7.659495547,      -6.297875081,      -6.674464954,      -5.646280633,       -9.97929318
          0,           0,        3151,          -7.82917,      -6.390992504,      -6.786219648,      -5.897345436,       -9.97766918
          0,           0,        3152,      -7.834803113,      -6.308983363,      -6.769083535,      -5.910311795,      -9.981731888
          0,           0,        3153,      -7.835637546,      -6.346459057,      -6.719917335,      -5.914765741,      -9.978256918
          0,           0,        3154,      -7.822046056,      -6.303377978,      -6.755826937,      -5.893508662,      -9.983545824
          0,           0,        3155,      -7.836964954,      -6.386600028,      -6.780373051,       -5.92404501,      -9.980465058
          0,           0,        3156,      -7.836833694,      -6.307485258,      -6.754825325,      -5.923629384,      -9.983816387
          0,           0,        3157,      -7.836582045,      -6.360981171,      -6.781676893,      -5.925381298,      -9.982752714
          0,           0,        3158,      -7.836537904,      -6.303828014,      -6.757139891,      -5.927427564,      -9.986980601
          0,           0,        3159,      -7.832345259,      -6.383547846,      -6.751355214,      -5.916924529,      -9.983569225
          0,           0,        3160,      -7.821552201,      -6.307754358,       -6.74955215,       -5.89879464,      -9.989057681
          0,           0,        3161,      -7.828405049,       -6.35607184,      -6.748055039,      -5.916231621,      -9.986089514
          0,           0,        3162,       -7.81396115,      -6.303655052,      -6.750661623,       -5.88824373,      -9.989462777
          0,           0,        3163,      -7.825350871,       -6.39153169,      -6.793526532,      -5.912011158,      -9.988680954
          0,           0,        3164,      -7.827184664,      -6.309002405,       -6.76170597,      -5.915796162,      -9.993297168
          0,           0,        3165,      -7.822735866,      -6.338036632,      -6.719173098,      -5.909646748,      -9.989910308
          0,           0,        3166,      -7.807025385,      -6.301562722,       -6.73612061,      -5.880590275,      -9.996000461
          0,           0,        3167,      -7.818563734,      -6.362044866,      -6.765691299,      -5.902806109,      -9.993161183
          0,           0,        3168,      -7.805299202,      -6.299163343,      -6.704953277,      -5.875178975,      -9.997490921
          0,           0,        3169,      -7.798957893,      -6.360766947,      -6.786640977,      -5.870896056,      -9.996144578
          0,           0,        3170,      -7.825439264,      -6.300607379,      -6.753066364,      -5.915988111,      -10.00106924
          0,           0,        3171,      -7.820425415,      -6.385455166,      -6.802916542,      -5.903659377,      -9.997504156
          0,           0,        3172,      -7.820479452,      -6.308286627,      -6.772993839,      -5.907086775,      -10.00424758
          0,           0,        3173,       -7.82487504,      -6.360467498,      -6.804527856,      -5.913899932,      -10.00176537
          0,           0,        3174,      -7.830366012,      -6.292514209,      -6.715636731,      -5.917629161,      -10.00638118
          0,           0,        3175,      -7.802090231,      -6.386977484,      -6.785008063,      -5.866011738,      -10.00467946
          0,           0,        3176,      -7.828344531,      -6.269675933,      -6.598469844,      -5.913386188,      -10.00986042
          0,           0,        3177,      -7.780278588,      -6.360764607,      -6.790812016,      -5.828323997,      -10.00504423
          0,           0,        3178,      -7.833749859,      -6.222534248,       -6.65513736,      -5.926804232,      -10.01367517
          0,           0,        3179,      -7.523437356,      -6.009745366,      -6.527249753,      -5.115133896,      -10.01088614
          0,           0,        3180,       -7.60475551,      -6.186773796,       -6.72246826,      -5.445395251,      -10.01530881
          0,           0,        3181,      -7.653018421,       -6.20837743,      -6.747617037,      -5.518292263,      -10.01486695
          0,           0,        3182,      -7.638849734,      -6.213192788,      -6.752298466,      -5.679119764,      -10.02042583
          0,           0,        3183,      -7.638537347,      -6.281195818,      -6.757322721,      -5.690305999,      -10.01703917
          0,           0,        3184,      -7.676324671,      -6.262464295,      -6.731081185,      -5.545455689,      -10.02406182
          0,           0,        3185,      -7.716997312,      -6.284568498,      -6.764831385,      -5.768336547,      -10.02123324
          0,           0,        3186,      -7.778073324,      -6.201485664,      -6.687610003,       -5.52694184,      -10.02537221
          0,           0,        3187,      -7.729224168,      -6.273533714,      -6.676579836,      -5.577052725,      -10.02512416
          0,           0,        3188,      -7.800992903,         -6.294391,      -6.776772705,      -5.821537436,      -10.03099803
          0,           0,        3189,      -7.836674177,      -6.325095678,      -6.777430028,      -5.841551615,      -10.02766443
          0,           0,        3190,       -7.82579267,      -6.286497609,      -6.782515203,      -5.884187133,      -10.03499017
          0,           0,        3191,      -7.836073209,      -6.364669847,      -6.828962316,      -5.922034429,       -10.0318361
          0,           0,        3192,      -7.845761026,       -6.24733305,      -6.701862262,      -5.809105877,      -10.03679722
          0,           0,        3193,      -7.794809348,       -6.31980577,      -6.734105301,      -5.782038096,      -10.03590332
          0,           0,        3194,      -7.839468866,      -6.303958789,       -6.80297502,      -5.916224123,      -10.04185608
          0,           0,        3195,       -7.85134875,      -6.354002186,      -6.755508673,       -5.90870864,       -10.0382038
          0,           0,        3196,      -7.815742736,      -6.298428007,      -6.776830203,      -5.880060003,      -10.04561809
          0,           0,        3197,      -7.841416883,      -6.317416999,      -6.727828533,      -5.935416163,       -10.0420687
          0,           0,        3198,      -7.825889987,      -6.306752885,      -6.794043694,      -5.903425515,       -10.0457959
          0,           0,        3199,      -7.848926578,      -6.389355711,      -6.847119128,      -5.941348315,      -10.04608546
          0,           0,        3200,      -7.852937837,      -6.308148867,       -6.80565716,       -5.94839174,       -10.0522529
          0,           0,        3201,       -7.84702696,      -6.363786871,       -6.81418436,      -5.937776035,      -10.04766262
          0,           0,        3202,      -7.845834259,      -6.281485056,      -6.778923726,      -5.928360325,      -10.05603702
          0,           0,        3203,      -7.837203349,      -6.391334823,      -6.816929021,      -5.920619539,       -10.0523314
          0,           0,        3204,      -7.842682437,       -6.28488957,      -6.687695655,      -5.919533672,      -10.05838305
          0,           0,        3205,      -7.802960906,       -6.36098632,      -6.772732563,      -5.849464605,        -10.055924
          0,           0,        3206,      -7.837953771,      -6.263970294,      -6.664831469,      -5.914329626,      -10.06160639
          0,           0,        3207,      -7.780054341,      -6.363376478,      -6.689703895,      -5.804284476,      -10.05876934
          0,           0,        3208,      -7.824014559,      -6.282904174,       -6.73923633,      -5.898648681,      -10.06429686
          0,           0,        3209,      -7.823861844,      -6.353743992,      -6.757204577,      -5.906116588,      -10.06210198
          0,           0,        3210,       -7.81300625,       -6.30025651,      -6.774465016,      -5.895155908,       -10.0685621
          0,           0,        3211,      -7.811842446,      -6.395414269,       -6.82700974,      -5.883728987,      -10.06340449
          0,           0,        3212,      -7.837535748,       -6.31089417,      -6.804066935,      -5.925625049,      -10.07185358
          0,           0,        3213,      -7.832456198,      -6.366329346,      -6.824215067,      -5.922402869,      -10.06764178
          0,           0,        3214,      -7.832023529,      -6.298943201,      -6.755068569,       -5.91305785,       -10.0730035
          0,           0,        3215,      -7.813973431,      -6.390454292,      -6.813491888,      -5.885700223,      -10.07033154
          0,           0,        3216,      -7.827421046,      -6.311911878,      -6.801858352,      -5.915616682,       -10.0769414
          0,           0,        3217,      -7.824199746,       -6.37000354,      -6.819084057,      -5.909006295,       -10.0714602
          0,           0,        3218,      -7.829685659,      -6.309506256,      -6.800524713,      -5.917559711,      -10.07984621
          0,           0,        3219,      -7.827799958,      -6.395479589,      -6.850308387,      -5.917985505,       -10.0750989
          0,           0,        3220,      -7.829367057,      -6.254344571,      -6.658498494,      -5.902650409,      -10.08056569
          0,           0,        3221,        -7.7666996,      -6.362671619,      -6.756160142,      -5.817303274,      -10.07772964
          0,           0,        3222,      -7.812863782,      -6.308746599,      -6.796809261,      -5.891809083,      -10.08409507
          0,           0,        3223,      -7.813043696,      -6.395943376,      -6.848782319,       -5.89016171,      -10.07801327
          0,           0,        3224,      -7.829214546,      -6.315003525,      -6.823723868,      -5.917096485,      -10.08662358
          0,           0,        3225,      -7.828364068,      -6.306610134,      -6.689681691,      -5.908444022,      -10.08160023
          0,           0,        3226,      -7.734124042,      -6.297033903,      -6.651287974,      -5.753818698,      -10.08697455
          0,           0,        3227,      -7.771536818,       -6.39731309,      -6.854216007,      -5.830459616,      -10.08363355
          0,           0,        3228,      -7.821408657,      -6.311931527,      -6.799381931,       -5.90734306,        -10.090094
          0,           0,        3229,      -7.821557888,      -6.369274658,      -6.847673154,      -5.904212417,      -10.08373061
          0,           0,        3230,      -7.825897303,      -6.310396892,      -6.827291698,       -5.90930751,      -10.09223624
          0,           0,        3231,       -7.83295942,      -6.381247719,      -6.827560615,      -5.922665211,      -10.08674258
          0,           0,        3232,      -7.824328986,      -6.308417877,      -6.777449581,      -5.897216292,      -10.09226856
          0,           0,        3233,      -7.827602174,      -5.595555958,      -5.917670692,      -5.727363215,      -10.08873374
          0,           0,        3234,      -7.449335253,      -6.248587235,      -6.557978501,      -5.429429678,      -10.09471946
          0,           0,        3235,      -7.727982157,      -6.397377083,      -6.839514298,      -5.712523934,      -10.08772202
          0,           0,        3236,      -7.836248667,      -6.313174054,       -6.83551215,      -5.908492976,      -10.09671483
          0,           0,        3237,      -7.840306809,      -6.374635497,       -6.88831107,      -5.912388403,      -10.09140675
          0,           0,        3238,      -7.859989499,      -6.295425685,       -6.72989214,      -5.954139644,      -10.09681164
          0,           0,        3239,      -7.813946282,      -6.393353732,       -6.79550519,      -5.876682285,      -10.09247729
          0,           0,        3240,      -7.858116477,      -5.855859573,      -6.004473218,      -5.932644216,      -10.09811449
          0,           0,        3241,      -6.815388548,      -6.075565209,      -5.651589891,      -4.792717504,       -10.0932025
          0,           0,        3242,      -7.172717099,       -6.20786906,      -5.914961888,      -5.111330045,      -10.09621627
          0,           0,        3243,      -7.143094921,      -6.305048681,      -6.138158667,       -5.07314695,      -10.09503359
          0,           0,        3244,      -7.219135257,      -6.274184117,      -6.346294268,       -5.15616131,      -10.10111978
          0,           0,        3245,      -7.351345575,      -6.337194595,      -6.482467985,      -5.310814674,      -10.09362368
          0,           0,        3246,      -7.471569273,       -6.29460051,      -6.576095335,      -5.428621377,      -10.10245811
          0,           0,        3247,      -7.569195215,      -6.389654753,      -6.741788709,        -5.5500478,      -10.09659024
          0,           0,        3248,      -7.641777812,      -6.303668493,      -6.675387711,      -5.638308342,      -10.10210416
          0,           0,        3249,      -7.678634501,      -6.371825698,      -6.797746029,      -5.668112646,      -10.09764799
          0,           0,        3250,      -7.746737293,      -6.232480002,      -6.267288211,      -5.729787402,      -10.10310452
          0,           0,        3251,      -7.621774526,      -6.391966973,      -6.720963938,      -5.615411988,      -10.09635231
          0,           0,        3252,      -7.838011163,      -6.320602842,      -6.835128813,      -5.899916339,      -10.10521341
          0,           0,        3253,      -7.841332497,      -6.368965933,      -6.751452321,      -5.905048067,      -10.09906794
          0,           0,        3254,      -7.841708886,      -6.309295663,      -6.763360943,      -5.913630735,       -10.1040586
          0,           0,        3255,      -7.821689295,      -6.408076061,      -6.829084275,      -5.874222969,      -10.09974269
          0,           0,        3256,      -7.852882863,      -6.319461309,      -6.835790889,      -5.939031992,      -10.10597672
          0,           0,        3257,      -7.854182978,      -6.366746202,      -6.710258478,       -5.94735213,      -10.09834473
          0,           0,        3258,      -7.824935004,      -6.319472344,      -6.824026343,      -5.891450482,      -10.10685201
          0,           0,        3259,      -7.849218033,      -6.411196562,      -6.868309822,      -5.937991202,      -10.10035108
          0,           0,        3260,       -7.84203609,      -6.305748483,      -6.689140164,      -5.928676981,      -10.10576569
          0,           0,        3261,      -7.822282766,      -6.374735155,      -6.782883451,      -5.897324939,      -10.10137523
          0,           0,        3262,      -7.820872829,       -6.32166804,      -6.736519256,      -5.894580876,      -10.10715042
          0,           0,        3263,      -7.825852028,      -6.390723667,      -6.910047161,      -5.905850832,      -10.09915456
          0,           0,        3264,      -7.837938684,      -6.286774457,      -6.598472049,      -5.936934785,      -10.10796215
          0,           0,        3265,      -7.775584777,      -6.359565465,      -6.843299283,      -5.831530577,      -10.10179908
          0,           0,        3266,       -7.82154353,      -6.270019409,      -6.641649191,      -5.908778206,       -10.1070024
          0,           0,        3267,      -7.746345179,       -6.24892835,      -6.608554678,      -5.793706031,       -10.1019498
          0,           0,        3268,      -7.760879037,      -6.055657387,      -6.324350525,       -5.83141718,      -10.10721056
          0,           0,        3269,      -7.347697754,      -5.978675716,      -6.213822975,      -5.294915044,      -10.10208887
          0,           0,        3270,      -7.523424598,      -5.677601392,      -6.409306941,       -5.54498131,      -10.10594539
          0,           0,        3271,      -7.364352254,      -4.873213954,      -5.683801771,      -5.437870068,      -10.09991366
          0,           0,        3272,      -6.648471181,      -4.837148159,      -5.578187036,      -4.616342537,      -10.10458974
          0,           0,        3273,      -7.150636217,      -5.273845241,      -5.580364886,      -5.089954432,      -10.09485014
          0,           0,        3274,      -6.944157607,      -5.518517456,      -5.662546536,      -4.903328653,      -10.10227361
          0,           0,        3275,      -7.035168895,      -5.697390989,      -5.758406313,      -5.013607352,      -10.09595001
          0,           0,        3276,      -6.955600616,      -5.721677551,      -5.695097135,      -4.925081199,      -10.09995674
          0,           0,        3277,      -7.093359656,      -5.929016395,      -5.907608983,      -5.069022086,      -10.09437343
          0,           0,        3278,      -7.082305539,      -5.521167853,      -5.245135902,      -5.056327163,      -10.09961249
          0,           0,        3279,      -6.724202981,      -5.860835369,      -5.766626287,      -4.680711112,      -10.09000189
          0,           0,        3280,      -7.259450172,      -5.762312906,      -5.397570691,      -5.227331555,      -10.09762334
          0,           0,        3281,      -6.743609456,      -5.419311368,      -5.187923184,      -4.698132397,      -10.09036555
          0,           0,        3282,      -6.837492809,      -6.145019163,      -6.087238393,      -4.791912262,      -10.09122262
          0,           0,        3283,      -7.177418564,      -5.781685682,      -5.405433567,      -5.137828304,      -10.08819258
          0,           0,        3284,      -6.809091587,      -5.976964087,      -5.893354673,      -4.762598219,      -10.09419833
          0,           0,        3285,      -7.219924619,      -5.408418521,      -5.060028344,      -5.178337573,      -10.07748533
          0,           0,        3286,      -6.508277991,       -5.71201686,      -5.404439142,      -4.462993488,      -10.08443116
          0,           0,        3287,      -6.968295748,      -5.697523766,      -5.228331387,      -4.919516655,      -10.08474145
          0,           0,        3288,      -6.536110479,      -3.211867803,      -2.943168811,      -3.913890287,      -8.372849098
          0,           0,        3289,         -4.047623,      -3.803199821,      -3.087158601,      -2.002988736,      -8.350723273
          0,           0,        3290,      -4.476564141,      -4.020530009,       -3.33841727,      -2.427153046,      -8.456307342
          0,           0,        3291,      -4.462341164,      -4.121970599,      -3.689274646,      -2.415388758,      -8.545596132
          0,           0,        3292,      -4.652440367,      -4.214074154,      -3.893844002,      -2.607170742,      -8.575237191
          0,           0,        3293,      -4.828759327,      -4.278397985,      -4.055516625,      -2.783939637,      -8.575718587
          0,           0,        3294,      -4.971700703,      -4.351991679,      -4.206949465,      -2.926435309,      -8.580959968
          0,           0,        3295,      -5.084092311,       -4.43910687,      -4.345447402,      -3.038145962,      -8.592383602
          0,           0,        3296,      -5.174305292,      -4.517770263,      -4.463773944,      -3.128160012,      -8.600538987
          0,           0,        3297,      -5.263070756,      -4.570134837,      -4.543365466,       -3.21744489,      -8.599619427
          0,           0,        3298,       -5.35952778,      -4.604555395,      -4.588281016,      -3.315110326,      -8.589286396
          0,           0,        3299,      -5.458712111,      -4.635846172,      -4.622179442,      -3.416097625,       -8.57237981
          0,           0,        3300,      -5.541623065,      -4.672371348,       -4.66525024,       -3.50073937,      -8.551288623
          0,           0,        3301,      -5.588506869,      -4.714130843,      -4.725972512,      -3.547945787,      -8.530344283
          0,           0,        3302,      -5.607417693,      -4.757572662,      -4.799089001,      -3.565791221,      -8.512854658
          0,           0,        3303,      -5.624335813,      -4.795778578,      -4.861928667,      -3.581646237,      -8.498563832
          0,           0,        3304,      -5.656383257,      -4.822190175,      -4.888449227,      -3.613111002,      -8.486681112
          0,           0,        3305,      -5.705582233,      -4.837206584,      -4.882425525,      -3.662169105,      -8.476704043
          0,           0,        3306,      -5.762187759,       -4.84604578,      -4.869433301,       -3.71878366,      -8.468200996
          0,           0,        3307,      -5.807610809,      -4.854208746,      -4.865442051,      -3.764028924,      -8.461292066
          0,           0,        3308,      -5.827068884,      -4.863748855,       -4.87353401,      -3.782986885,      -8.456061523
          0,           0,        3309,      -5.824611583,      -4.874526789,       -4.88983669,      -3.779862086,      -8.453163407
          0,           0,        3310,      -5.816058297,      -4.884774025,      -4.907618055,      -3.770867189,      -8.451977953
          0,           0,        3311,        -5.8126772,      -4.894087309,      -4.921474185,      -3.767331223,      -8.452400761
          0,           0,        3312,       -5.81700777,      -4.902915302,      -4.930434849,      -3.771709127,      -8.452846419
          0,           0,        3313,       -5.82612812,      -4.913187694,      -4.937252135,      -3.780997371,      -8.452380789
          0,           0,        3314,      -5.835511029,      -4.925481597,      -4.944988452,      -3.790585213,      -8.450360719
          0,           0,        3315,      -5.842304253,      -4.939235785,      -4.954437997,      -3.797580761,      -8.446473674
          0,           0,        3316,      -5.846889783,      -4.950956019,      -4.963500049,      -3.802408076,      -8.440650143
          0,           0,        3317,       -5.85180241,      -4.910735074,      -4.945735651,      -3.807337434,      -8.433051943
          0,           0,        3318,      -5.859104077,      -4.954735418,      -4.968029239,      -3.815456026,      -8.423754555
          0,           0,        3319,      -5.869647083,      -4.944532702,      -4.962104028,      -3.826360402,      -8.412855489
          0,           0,        3320,      -5.881648471,      -4.932626776,      -4.954230575,      -3.838980568,      -8.400960306
          0,           0,        3321,      -5.891984265,      -4.920956117,      -4.947993085,      -3.849385092,      -8.388318753
          0,           0,        3322,      -5.898431143,      -4.913801984,      -4.946126695,       -3.85522772,      -8.375288044
          0,           0,        3323,      -5.900756587,       -4.91350461,      -4.950142015,      -3.856271157,      -8.362085802
          0,           0,        3324,      -5.900631492,      -4.920612321,      -4.959482868,      -3.854500532,      -8.349152521
          0,           0,        3325,      -5.901151343,      -4.934882701,      -4.973182844,      -3.853238578,      -8.336654468
          0,           0,        3326,      -5.904759565,      -4.954957005,      -4.989719891,      -3.855196375,      -8.324685097
          0,           0,        3327,      -5.912900445,      -4.978206149,      -5.006922844,      -3.862059635,      -8.313356479
          0,           0,        3328,      -5.926071735,      -5.000549248,      -5.022415403,      -3.874416463,      -8.302651498
          0,           0,        3329,      -5.943918384,      -5.018356578,      -5.033578556,      -3.892017053,      -8.292450264
          0,           0,        3330,      -5.965999651,       -5.02742317,      -5.039121768,      -3.914269683,      -8.283105412
          0,           0,        3331,      -5.991047343,      -5.026973707,      -5.037764511,      -3.940144565,      -8.274462571
          0,           0,        3332,      -6.017801619,      -5.017667426,      -5.030668932,      -3.968049479,      -8.266507492
          0,           0,        3333,      -6.043852405,      -5.004209712,      -5.020057071,      -3.995290793,      -8.258691336
          0,           0,        3334,      -6.067925246,      -4.990011492,      -5.009350319,      -4.020312844,      -8.252003477
          0,           0,        3335,      -6.087387932,      -4.978311823,      -5.000984119,       -4.04010773,      -8.246129662
          0,           0,        3336,      -6.099760547,      -4.947307149,      -4.996778074,      -4.052242587,      -8.240818716
          0,           0,        3337,      -6.106824218,      -4.965734799,      -4.998629423,      -4.058209754,      -8.236261925
          0,           0,        3338,      -6.108974966,      -4.971150447,       -5.00565619,      -4.059041179,       -8.23296665
          0,           0,        3339,      -6.109086614,      -4.982992296,      -5.017522856,      -4.058003725,      -8.230924419
          0,           0,        3340,      -6.110113295,      -4.997818315,      -5.032928319,      -4.058114289,      -8.230765559
          0,           0,        3341,      -6.114386676,      -5.015167456,      -5.050063013,      -4.061757725,      -8.233388243
          0,           0,        3342,      -6.123538671,      -5.034569233,      -5.066818984,       -4.07043114,      -8.240338384
          0,           0,        3343,      -6.138304297,      -5.051366147,      -5.080106124,      -4.085087123,        -8.2548727
          0,           0,        3344,      -6.158817984,      -5.064903831,       -5.08806773,      -4.105758473,      -8.279099311
          0,           0,        3345,      -6.185448469,      -5.074395179,       -5.09048357,      -4.132460878,      -8.295920986
          0,           0,        3346,      -6.217164276,      -5.077131253,      -5.088053791,      -4.164344787,      -8.300979323
          0,           0,        3347,      -6.252887655,      -5.075561856,      -5.082904977,      -4.200101974,      -8.299080392
          0,           0,        3348,      -6.289401177,      -5.070266464,      -5.077161263,      -4.236844254,      -8.295246088
          0,           0,        3349,      -6.322236743,      -5.063955815,       -5.07290514,      -4.270118113,       -8.29113749
          0,           0,        3350,      -6.345450096,      -5.056990863,      -5.071430156,       -4.29386017,      -8.287482637
          0,           0,        3351,      -6.354252334,      -5.054061283,      -5.073748208,      -4.303098682,      -8.284479614
          0,           0,        3352,       -6.34827787,      -5.052750558,      -5.079585237,      -4.298321246,      -8.282175848
          0,           0,        3353,      -6.333442506,      -5.054550651,      -5.088804592,      -4.283744189,      -8.280381717
          0,           0,        3354,      -6.315930252,      -5.058731762,      -5.100547226,      -4.266333348,      -8.279134796
          0,           0,        3355,      -6.301035153,      -5.065661756,      -5.113453239,      -4.251558857,      -8.278555989
          0,           0,        3356,      -6.292618812,       -5.07363655,       -5.12571161,      -4.243234496,      -8.278987825
          0,           0,        3357,       -6.29284014,      -5.083191146,      -5.135863299,      -4.243502121,      -8.281158855
          0,           0,        3358,       -6.30282003,      -5.092140663,      -5.143046706,      -4.253404261,      -8.286442594
          0,           0,        3359,      -6.322794592,      -5.100729455,      -5.147161788,      -4.273248871,       -8.29668644
          0,           0,        3360,      -6.351674019,      -5.107391681,      -5.148761883,      -4.302314582,      -8.311151909
          0,           0,        3361,      -6.388272371,      -5.112682373,      -5.149328431,      -4.339212318,      -8.319051125
          0,           0,        3362,      -6.429735161,      -5.115688488,      -5.150260721,      -4.381143924,      -8.321243703
          0,           0,        3363,      -6.470662853,      -5.118038979,      -5.152973779,      -4.422963039,      -8.321173677
          0,           0,        3364,      -6.503698945,      -5.118604284,      -5.158032352,      -4.457613163,      -8.320300447
          0,           0,        3365,      -6.522698007,      -5.118808719,      -5.165874869,      -4.478611207,      -8.318969103
          0,           0,        3366,      -6.526523944,      -5.117125375,      -5.176361388,       -4.48415667,      -8.315559444
          0,           0,        3367,      -6.518790957,      -5.118843959,      -5.189088404,      -4.477988538,       -8.31400854
          0,           0,        3368,      -6.507340911,      -5.118598098,      -5.202823562,      -4.467492717,      -8.313219669
          0,           0,        3369,      -6.499111877,      -5.119063118,      -5.217067542,      -4.459353536,      -8.312146532
          0,           0,        3370,      -6.496901807,      -5.119381981,      -5.230675895,       -4.45707242,      -8.310681331
          0,           0,        3371,      -6.502750163,      -5.120494334,      -5.243017103,      -4.462625461,      -8.309249101
          0,           0,        3372,      -6.517385853,      -5.121200329,      -5.253626321,      -4.476668795,      -8.307327732
          0,           0,        3373,      -6.540402095,      -5.122546896,      -5.262829727,      -4.498750143,      -8.304714787
          0,           0,        3374,      -6.570329335,       -5.12327545,      -5.270992752,      -4.527056429,      -8.302017102
          0,           0,        3375,      -6.604907048,      -5.124670618,      -5.278822848,      -4.559942131,      -8.299545983
          0,           0,        3376,       -6.64063154,      -5.125165499,      -5.286679976,      -4.593528389,      -8.297665688
          0,           0,        3377,      -6.672872514,      -5.125764933,      -5.295104489,      -4.623380172,       -8.29709063
          0,           0,        3378,      -6.697860852,      -5.125474904,      -5.304279767,      -4.646037773,      -8.299408878
          0,           0,        3379,      -6.714002373,      -5.125286271,      -5.314098716,      -4.661036721,      -8.306787049
          0,           0,        3380,      -6.723427488,      -5.123953938,       -5.32402144,      -4.670061363,      -8.320362653
          0,           0,        3381,      -6.729567724,      -5.122772241,      -5.333979374,      -4.676453708,      -8.327534633
          0,           0,        3382,      -6.736601925,      -5.120391711,      -5.343626317,      -4.683564048,      -8.328762552
          0,           0,        3383,      -6.744810884,      -5.119621314,       -5.35209756,      -4.694810613,      -8.324121976
          0,           0,        3384,      -6.761902256,      -5.118089047,      -5.359911471,      -4.711937672,      -8.318558793
          0,           0,        3385,      -6.783501594,      -5.117253492,      -5.367387428,      -4.734037162,      -8.312348223
          0,           0,        3386,      -6.808230709,      -5.105028694,       -5.36360648,      -4.756229568,      -8.305952991
          0,           0,        3387,      -6.826566993,      -5.115885444,      -5.380262591,      -4.779285913,      -8.300010342
          0,           0,        3388,      -6.857782182,      -5.115465837,      -5.387198689,      -4.810676678,      -8.294776108
          0,           0,        3389,      -6.879543101,      -5.115346993,      -5.393620133,      -4.833178671,      -8.290204232
          0,           0,        3390,      -6.894678575,      -5.114869319,      -5.399787633,      -4.848720737,      -8.286264792
          0,           0,        3391,      -6.903608678,      -5.114842482,      -5.406270535,      -4.858017747,      -8.282997903
          0,           0,        3392,      -6.909293155,      -5.113964968,       -5.41224066,      -4.863678934,      -8.280248655
          0,           0,        3393,      -6.912923719,      -5.113393932,      -5.418233324,      -4.867085713,      -8.278308341
          0,           0,        3394,      -6.917543239,      -5.112286664,      -5.423802698,      -4.871162735,       -8.27758768
          0,           0,        3395,      -6.924106221,      -5.111549088,      -5.429238697,      -4.876885644,       -8.27782896
          0,           0,        3396,      -6.932890755,      -5.110123016,      -5.434291093,      -4.884431029,      -8.277228815
          0,           0,        3397,      -6.943173424,      -5.108019928,      -5.437883448,      -4.892070341,      -8.276003195
          0,           0,        3398,      -6.950267144,      -5.107658025,      -5.443877024,      -4.898366923,      -8.274609505
          0,           0,        3399,      -6.962777204,      -5.106965902,      -5.449081973,      -4.907955468,      -8.273537669
          0,           0,        3400,      -6.968777566,      -5.105610916,      -5.453692487,      -4.912720253,      -8.272820337
          0,           0,        3401,      -6.973939467,      -5.104664299,      -5.458143406,      -4.915218431,      -8.272843059
          0,           0,        3402,      -6.976641662,      -5.103413207,      -5.462069566,      -4.915713345,      -8.274092353
          0,           0,        3403,      -6.978398492,      -5.102550605,      -5.465676307,       -4.91568996,      -8.276919865
          0,           0,        3404,      -6.980446941,      -5.101060929,      -5.468368606,      -4.916093265,      -8.279221088
          0,           0,        3405,      -6.981664336,      -5.100042899,      -5.470630722,      -4.916330894,      -8.279738864
          0,           0,        3406,      -6.988203133,      -5.098589982,        -5.4727576,      -4.920799957,       -8.27983778
          0,           0,        3407,      -6.994878109,      -5.097597918,      -5.474507093,      -4.926526308,      -8.279909175
          0,           0,        3408,      -7.001310541,      -5.096106049,      -5.475921603,      -4.932487937,      -8.280100296
          0,           0,        3409,      -7.006765264,      -5.094992879,      -5.477212225,      -4.937756207,      -8.280333246
          0,           0,        3410,       -7.01073318,      -5.093756613,      -5.478633333,      -4.941587671,      -8.280927198
          0,           0,        3411,      -7.013391901,      -5.092453155,      -5.478170054,      -4.944384618,      -8.282474462
          0,           0,        3412,      -7.007329042,      -5.091697516,      -5.481728794,      -4.938959644,      -8.285865014
          0,           0,        3413,       -7.01086604,      -5.074178256,      -5.427064469,      -4.940579251,      -8.291506384
          0,           0,        3414,      -6.949562672,      -5.089682612,      -5.470856785,      -4.894939436,       -8.29660582
          0,           0,        3415,      -6.990085241,      -5.089298263,      -5.481158794,      -4.922273473,      -8.303323693
          0,           0,        3416,      -6.993304149,      -5.088163983,      -5.484726675,      -4.924554342,       -8.31518827
          0,           0,        3417,      -7.003880168,      -5.087305825,      -5.485863608,      -4.935451164,      -8.336065728
          0,           0,        3418,      -7.015794967,       -5.08605252,      -5.485633695,      -4.948094331,      -8.359031766
          0,           0,        3419,      -7.023476753,      -5.085183069,      -5.485622067,      -4.955093053,      -8.369578051
          0,           0,        3420,      -7.031325194,        -5.0730617,      -5.484803564,      -4.961465194,      -8.374820056
          0,           0,        3421,      -7.032122017,      -5.081523247,      -5.484437045,      -4.962404484,      -8.382270831
          0,           0,        3422,      -7.040425123,      -5.080508501,      -5.484674318,       -4.96909047,      -8.395021983
          0,           0,        3423,      -7.044565286,       -5.07962194,      -5.484784813,      -4.972101327,        -8.4052342
          0,           0,        3424,       -7.04489889,      -5.078140855,      -5.484911511,      -4.971696935,      -8.413139927
          0,           0,        3425,      -7.043787216,      -5.077045516,      -5.485478699,      -4.969590941,       -8.41997945
          0,           0,        3426,      -7.042525328,      -5.075647737,      -5.486091081,      -4.967274134,      -8.426562756
          0,           0,        3427,      -7.041182545,      -5.074812252,      -5.487124334,      -4.964965546,      -8.433270349
          0,           0,        3428,      -7.041488374,      -5.073534858,      -5.488149299,       -4.96393942,      -8.440320231
          0,           0,        3429,      -7.042496255,      -5.072711909,      -5.489194721,      -4.963594973,      -8.447757628
          0,           0,        3430,      -7.046497108,       -5.07171047,      -5.490230096,      -4.965750376,      -8.455728364
          0,           0,        3431,      -7.052281595,       -5.07124614,      -5.491537979,      -4.969327459,      -8.464200662
          0,           0,        3432,      -7.059314211,        -5.0697563,      -5.491397126,      -4.973235471,      -8.473131957
          0,           0,        3433,      -7.063058657,      -5.070012299,       -5.49351044,      -4.976111236,      -8.482444435
          0,           0,        3434,      -7.074627486,      -5.069576573,      -5.494850593,      -4.983864423,      -8.492078083
          0,           0,        3435,      -7.080693376,       -5.06956245,      -5.496020094,      -4.987782274,      -8.501821497
          0,           0,        3436,      -7.087057611,      -5.069102951,      -5.496654443,      -4.992103687,      -8.511810248
          0,           0,        3437,      -7.089893288,      -5.069306703,      -5.497902814,      -4.994042891,      -8.521906345
          0,           0,        3438,      -7.092678032,      -5.069303601,      -5.498884593,      -4.995931393,      -8.532047569
          0,           0,        3439,      -7.092706899,      -5.069803914,      -5.499673063,      -4.995935023,      -8.541956444
          0,           0,        3440,       -7.09119066,      -5.070016544,      -5.500506861,      -4.994771282,       -8.55121319
          0,           0,        3441,      -7.088910337,      -5.070598848,      -5.501125858,      -4.993195219,      -8.558905201
          0,           0,        3442,      -7.086077168,      -5.071094941,      -5.501907729,      -4.991459898,      -8.566741628
          0,           0,        3443,      -7.084271307,      -5.072126166,      -5.502792594,      -4.990333393,      -8.573866715
          0,           0,        3444,      -7.081250887,      -5.072738796,      -5.503388244,      -4.988593556,      -8.580242488
          0,           0,        3445,      -7.078051874,      -5.073824623,      -5.504057971,      -4.987026566,      -8.585803873
          0,           0,        3446,      -7.075461603,      -5.074721927,      -5.504686321,        -4.9859855,      -8.590624935
          0,           0,        3447,      -7.073417287,      -5.076178784,      -5.505581665,      -4.985433573,      -8.594740228
          0,           0,        3448,      -7.072034192,       -5.07718129,      -5.506055013,      -4.985535835,      -8.598241389
          0,           0,        3449,      -7.069619791,      -5.078707269,      -5.507084252,      -4.985077879,      -8.601164492
          0,           0,        3450,      -7.068299463,      -5.079679788,      -5.505769213,       -4.98564881,       -8.60363057
          0,           0,        3451,      -7.064524037,       -5.08192117,      -5.508935125,      -4.984622447,      -8.605690316
          0,           0,        3452,       -7.06672832,      -5.083417233,      -5.510286372,      -4.987847184,      -8.607414124
          0,           0,        3453,      -7.067432111,       -5.08534299,      -5.511489328,      -4.990328302,      -8.608818317
          0,           0,        3454,      -7.067815953,      -5.087008361,      -5.512368917,       -4.99264939,      -8.609910675
          0,           0,        3455,      -7.067540375,      -5.089269376,       -5.51384129,      -4.994583098,      -8.610721154
          0,           0,        3456,      -7.069141006,      -5.091023224,      -5.514854797,        -4.9982725,      -8.611310555
          0,           0,        3457,      -7.069858986,      -5.061052123,      -5.453937518,      -4.967349452,      -8.611691764
          0,           0,        3458,      -7.036125481,      -5.094925263,      -5.515702384,      -4.973076843,      -8.611928439
          0,           0,        3459,      -7.059972825,      -5.097643559,      -5.517967381,      -4.998181009,      -8.612004741
          0,           0,        3460,      -7.073177526,      -5.099756586,      -5.519730668,      -5.011712054,      -8.611968025
          0,           0,        3461,      -7.074369598,      -5.102238541,      -5.521299334,      -5.015709296,      -8.611813963
          0,           0,        3462,      -7.077065941,      -5.104417754,       -5.52262671,       -5.02119857,      -8.611576651
          0,           0,        3463,      -7.078638896,      -5.107092032,      -5.524146388,      -5.025711893,      -8.611248528
          0,           0,        3464,      -7.080267831,      -5.109205198,      -5.525589533,      -5.030213668,      -8.610877413
          0,           0,        3465,      -7.081584874,      -5.111745681,      -5.527156596,      -5.034644725,      -8.610452086
          0,           0,        3466,      -7.082676529,      -5.113939678,      -5.528761906,      -5.038811667,      -8.610022223
          0,           0,        3467,      -7.084221281,      -5.116624806,      -5.530629407,      -5.043380637,      -8.609592624
          0,           0,        3468,      -7.085549619,      -5.118660186,      -5.532311743,      -5.047811764,        -8.6092108
          0,           0,        3469,      -7.086606547,      -5.119000483,      -5.530297147,      -5.049489536,      -8.608882032
          0,           0,        3470,      -7.078285478,      -5.123082522,      -5.535243075,      -5.046439429,      -8.608665221
          0,           0,        3471,      -7.086932157,      -5.125693524,      -5.538045886,      -5.058275801,      -8.608557708
          0,           0,        3472,      -7.088628552,      -5.127538105,      -5.539891006,      -5.063095165,      -8.608614879
          0,           0,        3473,      -7.090190802,      -5.129779471,      -5.541933482,      -5.067551931,      -8.608841317
          0,           0,        3474,      -7.090928277,      -5.131614966,      -5.543807917,      -5.071031341,      -8.609276591
          0,           0,        3475,      -7.091489462,      -5.133886567,      -5.545514547,      -5.074183452,      -8.609927248
          0,           0,        3476,      -7.091103278,      -5.135502178,      -5.547416449,      -5.075992846,       -8.61084283
          0,           0,        3477,      -7.091852156,      -5.137147238,      -5.547744699,      -5.078899207,      -8.611964152
          0,           0,        3478,      -7.087271807,      -5.137333879,      -5.546101151,      -5.075413144,       -8.61333245
          0,           0,        3479,      -7.072602968,      -5.141268854,      -5.552564822,      -5.059217171,      -8.614941222
          0,           0,        3480,      -7.088656265,      -5.142667961,      -5.553912297,      -5.079467338,      -8.616778482
          0,           0,        3481,      -7.091865023,      -5.144558829,      -5.555373178,      -5.084294937,      -8.618838376
          0,           0,        3482,      -7.092308995,      -5.145877681,      -5.556360476,      -5.084935154,      -8.621224008
          0,           0,        3483,       -7.09166504,      -5.148123485,      -5.557943378,      -5.085008153,      -8.624002335
          0,           0,        3484,      -7.093202964,      -5.149489527,      -5.558954305,      -5.086766632,      -8.627432154
          0,           0,        3485,      -7.093568561,      -5.151472565,      -5.560345309,      -5.086948292,      -8.631940512
          0,           0,        3486,      -7.094699853,      -5.153033456,      -5.561243087,      -5.087694348,      -8.638315669
          0,           0,        3487,      -7.095183677,      -5.155331453,      -5.562684179,      -5.087570736,      -8.647316749
          0,           0,        3488,      -7.096707721,      -5.156921027,      -5.563706992,       -5.08809924,      -8.656487173
          0,           0,        3489,      -7.097796508,      -5.159164556,       -5.56486761,      -5.088405732,      -8.663144085
          0,           0,        3490,      -7.099434386,       -5.16107921,      -5.565837246,      -5.089147733,      -8.668710755
          0,           0,        3491,      -7.100864102,      -5.163764145,      -5.567194284,       -5.08945375,      -8.673962541
          0,           0,        3492,      -7.102902464,      -5.165399882,      -5.567366495,       -5.08992881,      -8.679124583
          0,           0,        3493,      -7.092550549,      -5.168153676,      -5.568048892,      -5.033482475,      -8.684208896
          0,           0,        3494,      -7.097330381,      -5.170889243,      -5.570423183,      -5.084591973,      -8.689290281
          0,           0,        3495,      -7.102972399,      -5.174112339,       -5.57184903,      -5.088437173,      -8.694359075
          0,           0,        3496,      -7.105467844,      -5.176724714,      -5.573143244,      -5.090410172,      -8.699485666
          0,           0,        3497,      -7.107783078,      -5.180091528,      -5.574515586,      -5.091295487,      -8.704669955
          0,           0,        3498,      -7.110635845,       -5.18309793,      -5.575825109,       -5.09213872,      -8.709974675
          0,           0,        3499,      -7.111871111,      -5.187043968,      -5.577440175,      -5.092548389,      -8.715400003
          0,           0,        3500,      -7.114903002,      -5.190251207,      -5.578839562,      -5.093769653,      -8.721038395
          0,           0,        3501,      -7.115867122,      -5.194225721,      -5.580453172,      -5.094081935,      -8.726885943
          0,           0,        3502,      -7.116852956,      -5.197848864,      -5.581946535,      -5.094694361,      -8.733041935
          0,           0,        3503,      -7.117829621,      -5.202370938,      -5.583870167,      -5.095458905,      -8.739530013
          0,           0,        3504,      -7.119219662,      -5.206096024,      -5.585496741,      -5.096525075,      -8.746449353
          0,           0,        3505,      -7.120460531,      -5.210612155,      -5.587391576,      -5.097850326,      -8.753821554
          0,           0,        3506,      -7.121841996,       -5.21470806,      -5.589319456,      -5.099835311,      -8.761766607
          0,           0,        3507,      -7.123598031,       -5.21969648,      -5.591534452,      -5.102153196,      -8.770295068
          0,           0,        3508,      -7.125555955,      -5.223360249,      -5.592853975,       -5.10363127,      -8.779528357
          0,           0,        3509,      -7.123292665,      -5.228222615,      -5.595267037,       -5.10203955,      -8.789486146
          0,           0,        3510,      -7.128560723,      -5.232853349,      -5.597925448,      -5.110528998,      -8.800275861
          0,           0,        3511,      -7.132105208,      -5.238012507,      -5.600383063,      -5.115441943,       -8.81191486
          0,           0,        3512,      -7.134499319,      -5.242192173,      -5.602728931,      -5.119640608,      -8.824575775
          0,           0,        3513,      -7.137830919,      -5.247088688,      -5.605263038,      -5.125065099,      -8.838344843
          0,           0,        3514,      -7.140826777,      -5.251353761,      -5.607622512,      -5.130213191,       -8.85359476
          0,           0,        3515,      -7.144125216,      -5.256512911,      -5.610435965,      -5.136007593,      -8.870725009
          0,           0,        3516,      -7.147528697,      -5.260357503,      -5.612815045,      -5.142231871,      -8.889890748
          0,           0,        3517,      -7.150526254,       -5.26501379,      -5.615308355,      -5.148123051,      -8.908658951
          0,           0,        3518,       -7.15371836,      -5.268878014,       -5.61782476,      -5.154245133,      -8.927241971
          0,           0,        3519,      -7.157004814,      -5.273611329,      -5.620508356,       -5.16070693,      -8.945848574
          0,           0,        3520,       -7.16007792,      -5.276935655,      -5.622797125,      -5.167070096,      -8.964511977
          0,           0,        3521,      -7.162904471,      -5.280978232,      -5.625178133,      -5.172986035,      -8.982885797
          0,           0,        3522,      -7.165680889,      -5.284177555,      -5.627422851,      -5.178960697,      -9.000736496
          0,           0,        3523,      -7.168641075,      -5.288056723,      -5.629159104,      -5.185133903,      -9.017568394
          0,           0,        3524,      -7.169445538,       -5.29078131,      -5.631457439,      -5.189101314,      -9.033214854
          0,           0,        3525,      -7.173523877,      -5.293162483,      -5.631742249,      -5.196406193,      -9.047169687
          0,           0,        3526,       -7.16862321,      -5.296039379,      -5.633509381,      -5.192299882,      -9.059415151
          0,           0,        3527,      -7.176589958,      -5.299907706,      -5.637349479,      -5.204793355,      -9.069609819
          0,           0,        3528,      -7.179656722,      -5.301528643,      -5.638712833,      -5.210156284,       -9.07802307
          0,           0,        3529,      -7.180911367,        -5.3041847,      -5.640416153,      -5.214067072,      -9.084503576
          0,           0,        3530,      -7.183935328,       -5.30577742,      -5.641240807,      -5.220246221,      -9.089500396
          0,           0,        3531,      -7.185437859,      -5.308523111,      -5.642900229,      -5.223474514,      -9.093103227
          0,           0,        3532,       -7.18837906,       -5.15640326,      -5.422923047,      -5.135104327,       -9.09582104
          0,           0,        3533,      -7.070477142,      -5.311209472,       -5.63550829,       -5.07870766,       -9.09776372
          0,           0,        3534,      -7.168641672,      -5.312464841,      -5.640407649,      -5.199565143,      -9.099427831
          0,           0,        3535,      -7.170388081,      -5.314884242,      -5.645380344,      -5.198508787,       -9.10091831
          0,           0,        3536,      -7.181240146,       -5.31562615,      -5.646375501,      -5.217529755,      -9.102599961
          0,           0,        3537,       -7.18945667,       -5.31728172,      -5.646773559,      -5.230541476,      -9.104429735
          0,           0,        3538,       -7.19277949,      -5.318123021,      -5.647456521,      -5.235415805,      -9.106810486
          0,           0,        3539,      -7.195283798,      -5.320079127,       -5.64787979,       -5.23929572,      -9.109539827
          0,           0,        3540,      -7.196632097,      -5.320403511,      -5.647856685,      -5.240782864,      -9.112936999
          0,           0,        3541,      -7.198095534,      -5.321963744,      -5.648006174,      -5.241729042,      -9.116841292
          0,           0,        3542,      -7.199436884,      -5.322512887,      -5.647923243,      -5.242710089,      -9.121448673
          0,           0,        3543,      -7.200815877,      -5.324143188,      -5.647353186,      -5.243544184,      -9.126511798
          0,           0,        3544,      -7.199894614,      -5.324573891,      -5.647515081,      -5.240578108,      -9.132325208
          0,           0,        3545,      -7.202681382,      -5.324000828,      -5.641808654,      -5.243142068,      -9.138535949
          0,           0,        3546,      -7.159566231,      -5.325671356,      -5.639051081,      -5.191053494,      -9.145435018
          0,           0,        3547,      -7.192757597,      -5.327966885,      -5.645993716,      -5.222740095,      -9.152642928
          0,           0,        3548,      -7.198345222,      -5.328127115,      -5.646196441,      -5.229846178,      -9.160513232
          0,           0,        3549,       -7.20038166,      -5.329459522,      -5.646480144,      -5.232816949,      -9.168570964
          0,           0,        3550,      -7.204006741,      -5.329848036,      -5.646591586,      -5.236035181,       -9.17710767
          0,           0,        3551,      -7.208196846,      -5.331439069,      -5.646587282,      -5.240566204,      -9.185790506
          0,           0,        3552,      -7.210423338,      -5.331366336,      -5.646301022,      -5.241487063,      -9.194822966
          0,           0,        3553,      -7.211699184,      -5.332481915,      -5.646125267,      -5.241319114,      -9.203782775
          0,           0,        3554,      -7.213409056,      -5.332487097,      -5.645890742,      -5.241379132,      -9.213053098
          0,           0,        3555,      -7.215358209,      -5.333827926,      -5.645912293,      -5.241767301,      -9.222079861
          0,           0,        3556,      -7.217245241,      -5.333424839,      -5.645508687,      -5.241816774,      -9.231246857
          0,           0,        3557,      -7.219133379,      -5.334154394,      -5.645531569,      -5.241901758,      -9.240123408
          0,           0,        3558,      -7.221327023,      -5.333795242,        -5.6452342,        -5.2419567,      -9.249024779
          0,           0,        3559,      -7.223366146,      -5.334740365,      -5.645276153,       -5.24195685,       -9.25747206
          0,           0,        3560,      -7.225607147,      -5.333875785,      -5.644900342,      -5.241949158,      -9.266048146
          0,           0,        3561,      -7.227596278,      -5.334177905,       -5.64487338,      -5.241404556,      -9.274113595
          0,           0,        3562,      -7.230213501,      -5.333304944,      -5.644192976,      -5.241588578,      -9.282228384
          0,           0,        3563,      -7.231192191,      -5.331529644,      -5.640500669,      -5.231245745,      -9.289951792
          0,           0,        3564,      -7.223668516,      -5.332356191,      -5.642747318,      -5.227230944,      -9.297792217
          0,           0,        3565,      -7.232968365,      -5.332421352,      -5.643938645,      -5.234637056,      -9.305185045
          0,           0,        3566,      -7.239193726,      -5.331224022,       -5.64361825,      -5.238708328,      -9.313016476
          0,           0,        3567,      -7.242115099,      -5.331226312,       -5.64342895,       -5.23831667,      -9.320420074
          0,           0,        3568,      -7.244174592,      -5.329637614,      -5.642803997,       -5.23690823,      -9.328203353
          0,           0,        3569,      -7.246620682,      -5.329120946,      -5.642638523,      -5.235731403,      -9.335849528
          0,           0,        3570,      -7.249785939,      -5.327600283,      -5.642128583,       -5.23527739,       -9.34394292
          0,           0,        3571,      -7.252701045,      -5.327378529,      -5.641844557,      -5.234286455,      -9.351859831
          0,           0,        3572,      -7.255452949,      -5.325511271,      -5.641256522,      -5.232874142,      -9.360521792
          0,           0,        3573,      -7.258277614,      -5.324761811,      -5.640820833,      -5.231495165,      -9.369010917
          0,           0,        3574,      -7.261033609,      -5.323081586,      -5.640134464,      -5.229971471,      -9.378198893
          0,           0,        3575,      -7.263800858,      -5.322729943,      -5.639821404,        -5.2283855,      -9.387443361
          0,           0,        3576,      -7.267104064,       -5.32078062,      -5.639112851,      -5.227141093,      -9.397461061
          0,           0,        3577,      -7.270031481,      -5.319906651,      -5.638312454,      -5.225699426,      -9.407358961
          0,           0,        3578,      -7.272196325,      -5.318293558,      -5.637818517,      -5.223349129,      -9.418253311
          0,           0,        3579,      -7.276453056,       -5.28524796,      -5.585518934,      -5.173820911,      -9.428941309
          0,           0,        3580,      -7.068002287,      -5.314617903,      -5.630270858,      -5.017603597,         -9.440494
          0,           0,        3581,      -7.189658655,      -5.314764795,      -5.634129921,      -5.129695875,      -9.452169871
          0,           0,        3582,      -7.257767721,      -5.313460091,      -5.635061977,      -5.190231576,      -9.464636143
          0,           0,        3583,      -7.272633259,      -5.313293925,       -5.63498718,      -5.202606365,      -9.476744671
          0,           0,        3584,      -7.287136425,      -5.311621767,      -5.634654722,      -5.212650928,      -9.490046647
          0,           0,        3585,      -7.293074286,      -5.310769818,      -5.633529261,      -5.214391931,      -9.502778016
          0,           0,        3586,       -7.29124879,      -5.309625787,      -5.633012424,      -5.208165199,      -9.516433781
          0,           0,        3587,      -7.299061359,      -5.309445328,      -5.633592083,      -5.213271845,      -9.529707156
          0,           0,        3588,      -7.306182254,      -5.307799286,      -5.633076915,      -5.215621316,      -9.543853611
          0,           0,        3589,      -7.311231361,      -5.307135961,      -5.632598057,      -5.216677133,      -9.557054876
          0,           0,        3590,      -7.312857529,      -5.305833005,      -5.632419154,      -5.214966928,      -9.571432412
          0,           0,        3591,      -7.320264465,      -5.305519264,      -5.631904033,       -5.21770478,      -9.584526026
          0,           0,        3592,      -7.321013552,      -5.304051527,      -5.632330545,      -5.215941091,      -9.598455393
          0,           0,        3593,      -7.328838243,      -5.303469195,      -5.632488766,       -5.21937771,      -9.611732587
          0,           0,        3594,      -7.333139066,      -5.302050287,      -5.632361755,      -5.220212107,      -9.625570529
          0,           0,        3595,      -7.336803319,      -5.301803955,      -5.632578554,      -5.220743063,      -9.637588023
          0,           0,        3596,      -7.340867068,      -5.300102636,      -5.632623947,      -5.221495064,      -9.651378609
          0,           0,        3597,      -7.344351144,      -5.299370091,      -5.632851138,      -5.222115855,      -9.662881173
          0,           0,        3598,      -7.347733924,      -5.297737007,       -5.63268181,      -5.222542566,      -9.675433112
          0,           0,        3599,      -7.348602326,      -5.297387527,      -5.633282148,      -5.221645097,      -9.686213145
          0,           0,        3600,      -7.353525513,      -5.295462023,      -5.633406204,      -5.223072647,      -9.698141344
          0,           0,        3601,      -7.355401853,      -5.294517167,      -5.633838283,      -5.222887946,      -9.707363272
          0,           0,        3602,      -7.358692464,       -5.29275021,      -5.634069036,      -5.223396451,      -9.718848557
          0,           0,        3603,      -7.360695055,      -5.292083751,      -5.634608344,      -5.223169523,      -9.727176739
          0,           0,        3604,      -7.362858388,      -5.289824041,      -5.634455433,      -5.222828619,      -9.737014195
          0,           0,        3605,      -7.362479902,      -5.288718109,      -5.635050875,      -5.221054262,       -9.74465525
          0,           0,        3606,      -7.365186216,      -5.286595615,      -5.635010026,       -5.22087679,      -9.753591367
          0,           0,        3607,      -7.364189508,      -5.285827654,      -5.635777998,        -5.2188259,      -9.759282579
          0,           0,        3608,      -7.367708499,      -5.283521332,      -5.635952967,      -5.219082077,      -9.767862114
          0,           0,        3609,      -7.368103007,      -5.282128656,        -5.6362932,      -5.217459642,      -9.772710768
          0,           0,        3610,      -7.368703608,      -5.279998653,      -5.636299931,      -5.215863115,      -9.779428786
          0,           0,        3611,      -7.368633733,      -5.279010676,      -5.636860331,      -5.213774895,      -9.783524438
          0,           0,        3612,      -7.369906678,      -5.275628708,      -5.635004788,      -5.211194176,      -9.789540822
          0,           0,        3613,      -7.358592947,       -5.27516847,      -5.636674559,      -5.203557552,      -9.791871559
          0,           0,        3614,      -7.367903026,      -5.273171289,      -5.637136627,      -5.206388877,      -9.797719391
          0,           0,        3615,      -7.367728573,      -5.272219804,      -5.637538746,      -5.203962531,      -9.799427726
          0,           0,        3616,      -7.368436445,      -5.269954239,      -5.637114191,      -5.201873808,      -9.803675394
          0,           0,        3617,      -7.365470827,      -5.268728284,      -5.637454632,      -5.197858215,       -9.80515009
          0,           0,        3618,      -7.366327289,      -5.266895321,      -5.637384548,       -5.19544104,      -9.808933268
          0,           0,        3619,      -7.364924362,      -5.266218301,      -5.637763235,      -5.192119059,      -9.808731426
          0,           0,        3620,      -7.365050949,       -5.26432758,      -5.637647756,      -5.189442565,      -9.813048397
          0,           0,        3621,      -7.363330196,      -5.263412672,      -5.637714288,      -5.185844424,      -9.812941782
          0,           0,        3622,      -7.361750611,      -5.261961539,      -5.637521238,      -5.182272448,      -9.815436257
          0,           0,        3623,      -7.359750812,      -5.261706777,      -5.637904519,      -5.178585191,      -9.815514366
          0,           0,        3624,      -7.358688365,      -5.260293033,      -5.637766996,      -5.175383327,      -9.818156399
          0,           0,        3625,      -7.356281785,      -5.259853901,       -5.63776636,      -5.171621806,      -9.817168139
          0,           0,        3626,      -7.353372249,      -5.258982612,      -5.637821379,      -5.167650509,       -9.82013274
          0,           0,        3627,      -7.351656902,      -5.259266934,      -5.638248247,      -5.164335112,       -9.81925798
          0,           0,        3628,      -7.350092237,      -5.258448303,      -5.638239794,      -5.161273063,      -9.821433176
          0,           0,        3629,      -7.347606511,      -5.258641968,      -5.638575935,      -5.157833658,      -9.821330202
          0,           0,        3630,      -7.345741095,      -5.258371894,      -5.638730565,       -5.15479965,      -9.823823643
          0,           0,        3631,      -7.343112013,      -5.259273254,      -5.639206017,      -5.151659806,      -9.822842807
          0,           0,        3632,      -7.341351565,      -5.259119383,      -5.639583521,      -5.148928226,      -9.826171929
          0,           0,        3633,      -7.339958745,      -5.259933529,      -5.640090239,       -5.14661688,      -9.825589019
          0,           0,        3634,      -7.337990495,      -5.260338138,      -5.640595807,      -5.144159611,      -9.828026144
          0,           0,        3635,      -7.336964238,       -5.26190934,      -5.641549889,      -5.142357313,      -9.828513935
          0,           0,        3636,      -7.336267164,      -5.262353073,       -5.64209385,      -5.140831961,      -9.831824962
          0,           0,        3637,      -7.334924254,      -5.263764245,      -5.642710129,      -5.139227233,      -9.831526126
          0,           0,        3638,       -7.33322837,      -5.264783544,      -5.643675198,      -5.137492786,      -9.835556186
          0,           0,        3639,      -7.334033218,      -5.266912054,      -5.644797756,      -5.137263056,      -9.835578703
          0,           0,        3640,      -7.332990545,       -5.26793299,      -5.645812778,      -5.136301144,      -9.839051394
          0,           0,        3641,      -7.334236962,      -5.269919009,      -5.647057053,      -5.136593448,      -9.840626273
          0,           0,        3642,      -7.334827622,      -5.271384105,      -5.648157653,      -5.136694929,      -9.844879623
          0,           0,        3643,      -7.335416632,       -5.27104553,      -5.644220638,      -5.134617676,      -9.845255827
          0,           0,        3644,      -6.143537094,      -5.254587039,      -4.984367382,      -4.100044254,      -9.850767098
          0,           0,        3645,      -6.496285963,      -5.273249641,      -5.267117855,      -4.436082218,      -9.851970705
          0,           0,        3646,      -6.491964056,      -5.277174527,      -5.453683166,      -4.438503896,      -9.856985687
          0,           0,        3647,      -6.570871463,      -5.281525194,      -5.548335429,      -4.512678395,      -9.858660294
          0,           0,        3648,      -6.715433458,      -5.283601852,      -5.606258264,      -4.652097888,      -9.864077035
          0,           0,        3649,      -6.844943595,      -5.286044056,      -5.632660071,      -4.780491852,      -9.866325414
          0,           0,        3650,      -6.952841838,      -5.288092423,      -5.647731411,      -4.882200528,      -9.872087127
          0,           0,        3651,      -7.065738647,      -5.291622439,      -5.654663278,      -4.968185105,      -9.873002445
          0,           0,        3652,      -7.160056423,      -5.293089919,      -5.659289256,       -5.03992454,      -9.881331608
          0,           0,        3653,      -7.229436678,      -5.295466731,      -5.663432695,      -5.086132673,      -9.883731984
          0,           0,        3654,      -7.270239427,      -5.297378459,      -5.665946911,      -5.110166139,      -9.890115298
          0,           0,        3655,      -7.293139401,      -5.298487648,      -5.666075525,      -5.124307143,      -9.893542497
          0,           0,        3656,      -7.301033765,      -5.301666707,      -5.670329928,      -5.130292463,      -9.901085928
          0,           0,        3657,      -7.329305012,      -5.303815784,      -5.672210542,      -5.146657878,      -9.903660889
          0,           0,        3658,      -7.338235657,      -5.305484073,      -5.674625608,      -5.153895499,       -9.91188445
          0,           0,        3659,      -7.349615372,      -4.501645098,      -4.530450791,      -4.063737174,      -9.914271554
          0,           0,        3660,        -7.1766663,      -5.307060706,      -5.676020854,      -5.050067383,      -9.922572419
          0,           0,        3661,      -7.228345771,      -5.310570898,      -5.672270975,       -5.09201124,      -9.925748296
          0,           0,        3662,      -7.315947121,      -5.311877372,      -5.681330112,      -5.141066165,      -9.934583524
          0,           0,        3663,      -7.348546163,      -5.314015378,      -5.683352417,      -5.161902611,      -9.936844151
          0,           0,        3664,      -7.367047755,      -5.314417172,      -5.685100825,       -5.17387804,      -9.946883152
          0,           0,        3665,      -7.376842923,      -5.315160595,      -5.685546328,      -5.180523807,      -9.949911497
          0,           0,        3666,      -7.365869083,      -5.315913891,      -5.686848192,      -5.175054404,      -9.958488124
          0,           0,        3667,      -7.380512944,      -5.317615123,      -5.689353877,      -5.183932798,      -9.962364033
          0,           0,        3668,      -7.389302474,      -5.317278761,      -5.690209648,      -5.188855561,      -9.972032728
          0,           0,        3669,      -7.392954675,      -5.317832589,      -5.691189889,      -5.191413473,      -9.974311676
          0,           0,        3670,      -7.397916873,      -5.317592163,      -5.691978015,      -5.194028377,      -9.985153755
          0,           0,        3671,      -7.403316582,      -5.318449901,      -5.692866791,      -5.197039852,      -9.987541527
          0,           0,        3672,      -7.407956639,      -5.317444909,       -5.69318039,      -5.199522287,      -9.996992184
          0,           0,        3673,      -7.412607855,      -5.317389981,        -5.6937599,      -5.201707473,      -10.00062391
          0,           0,        3674,      -7.418003587,      -5.316465876,      -5.693947894,      -5.204092385,      -10.01022881
          0,           0,        3675,      -7.421513307,      -5.316718004,      -5.694478284,      -5.205571446,      -10.01119607
          0,           0,        3676,      -7.427692753,      -5.315131769,      -5.694413716,      -5.207805106,      -10.02285298
          0,           0,        3677,      -7.431745372,      -5.313079369,      -5.692591919,      -5.208542722,      -10.02425458
          0,           0,        3678,      -7.421796754,      -5.312913274,      -5.693652422,      -5.203832913,      -10.03313762
          0,           0,        3679,      -7.439515977,      -5.312696561,      -5.694250321,      -5.210557445,      -10.03533411
          0,           0,        3680,      -7.444379835,      -5.310607753,      -5.693780337,      -5.211464723,      -10.04504708
          0,           0,        3681,      -7.448372087,       -5.30946985,      -5.693426448,       -5.21196198,      -10.04424052
          0,           0,        3682,      -7.453440261,      -5.307549779,      -5.692936561,      -5.212599168,      -10.05563762
          0,           0,        3683,      -7.456744243,      -5.306855644,       -5.69284653,      -5.212419404,      -10.05514214
          0,           0,        3684,       -7.46122791,      -5.304283262,      -5.691287063,      -5.212413044,      -10.06381463
          0,           0,        3685,      -7.456031304,      -5.302907389,      -5.691314185,      -5.208805353,      -10.06379788
          0,           0,        3686,      -7.464471308,      -5.298981237,      -5.683390665,      -5.209616238,      -10.07158964
          0,           0,        3687,      -7.336726733,       -5.29871333,      -5.679505871,      -5.155354468,      -10.07011189
          0,           0,        3688,      -7.434193221,      -5.296915196,      -5.687723471,      -5.193230607,      -10.07663695
          0,           0,        3689,      -7.440055591,      -5.295159176,      -5.688035322,      -5.193520496,       -10.0767406
          0,           0,        3690,      -7.446703152,       -5.29286448,      -5.688308106,      -5.193510773,      -10.08398843
          0,           0,        3691,      -7.457745767,      -5.291770746,      -5.688034057,      -5.197128737,      -10.07945054
          0,           0,        3692,      -7.472978984,      -5.288918299,      -5.687302272,      -5.200152851,      -10.08812164
          0,           0,        3693,      -7.476051158,      -5.286932305,       -5.68627861,      -5.198491401,      -10.08329969
          0,           0,        3694,      -7.477092756,      -5.284662019,      -5.685892027,      -5.196638716,      -10.08679408
          0,           0,        3695,      -7.484401199,      -5.283280121,      -5.685405641,      -5.196602027,      -10.08524209
          0,           0,        3696,      -7.490473578,      -5.280418891,      -5.684279004,      -5.195905966,      -10.09139714
          0,           0,        3697,      -7.494803384,      -5.278451334,      -5.683195675,      -5.194714704,      -10.08456509
          0,           0,        3698,      -7.497742314,      -5.275903743,      -5.682096208,      -5.192914221,      -10.09167351
          0,           0,        3699,      -7.503270763,      -5.261221852,      -5.650490451,      -5.176535906,      -10.08474772
          0,           0,        3700,      -7.191637365,      -5.268587888,       -5.67073837,      -5.049332678,      -10.08865517
          0,           0,        3701,      -7.322875219,      -5.268686988,      -5.676733449,      -5.115572625,      -10.08392728
          0,           0,        3702,       -7.45839799,      -5.266453291,      -5.676072558,      -5.167726825,      -10.08824845
          0,           0,        3703,      -7.475194518,      -5.265076122,      -5.675327512,      -5.172252611,      -10.08002542
          0,           0,        3704,      -7.500711487,      -5.262263088,      -5.673689885,      -5.177663673,      -10.08607166
          0,           0,        3705,       -7.50286671,      -5.258040801,      -5.666380225,      -5.175662582,      -10.07860808
          0,           0,        3706,      -7.431935361,       -5.25753935,      -5.669764263,      -5.151236758,      -10.08080804
          0,           0,        3707,        -7.4631001,      -5.256254429,      -5.668734486,      -5.158781009,      -10.07531876
          0,           0,        3708,      -7.499392015,      -5.252989558,      -5.665189016,      -5.166951841,      -10.07866037
          0,           0,        3709,      -7.452013871,      -5.251255963,      -5.661198316,       -5.15226983,      -10.07041395
          0,           0,        3710,      -7.476112244,      -5.248894607,      -5.662903968,      -5.153830222,      -10.07473645
          0,           0,        3711,      -7.502220579,      -5.247337898,      -5.661623502,      -5.159316411,      -10.06692233
          0,           0,        3712,      -7.508581265,      -5.244591549,      -5.659965676,      -5.159019091,      -10.06850246
          0,           0,        3713,      -7.509883659,       -5.24263142,      -5.658295185,      -5.157157554,      -10.06373698
          0,           0,        3714,      -7.512110886,      -5.240180009,      -5.656469422,      -5.155362589,      -10.06632077
          0,           0,        3715,      -7.510502866,      -5.238669912,      -5.654930128,      -5.152740757,      -10.05784348
          0,           0,        3716,      -7.510429771,      -5.236038511,       -5.65321875,      -5.150335629,      -10.06255558
          0,           0,        3717,      -7.507584029,      -5.234160605,      -5.651612228,      -5.147294301,      -10.05521233
          0,           0,        3718,      -7.504506699,      -5.231847627,      -5.649943231,      -5.144166307,      -10.05643206
          0,           0,        3719,      -7.502182132,      -5.230395106,      -5.648534469,      -5.141219192,      -10.05115652
          0,           0,        3720,      -7.498217104,      -5.227959154,      -5.646862972,      -5.138069859,      -10.05384171
          0,           0,        3721,      -7.494572107,      -5.226129633,      -5.644797952,      -5.135118179,      -10.04664281
          0,           0,        3722,      -7.485045992,      -5.224071536,       -5.64363612,      -5.130545996,      -10.05011439
          0,           0,        3723,      -7.487257247,      -5.222656168,      -5.641807583,      -5.129068343,       -10.0425303
          0,           0,        3724,      -7.473258896,      -5.220472971,      -5.640192064,      -5.123502815,      -10.04623212
          0,           0,        3725,      -7.476194698,      -5.218994997,      -5.639617458,      -5.122409304,      -10.03888915
          0,           0,        3726,      -7.474145078,      -5.217046483,      -5.637945444,      -5.119731391,      -10.04283999
          0,           0,        3727,      -7.465788988,      -5.216023702,      -5.636966345,      -5.115887173,      -10.03631617
          0,           0,        3728,      -7.462185373,      -5.214006269,      -5.635443218,      -5.113192467,      -10.03831368
          0,           0,        3729,      -7.457901429,      -5.212681446,      -5.634145347,      -5.110348535,      -10.03381127
          0,           0,        3730,      -7.451945293,      -5.211008389,      -5.632720096,      -5.107146901,      -10.03630287
          0,           0,        3731,      -7.445141248,      -5.209861867,      -5.630704733,      -5.103731452,      -10.02922446
          0,           0,        3732,      -7.427911011,      -5.208414884,      -5.629809699,      -5.097840539,      -10.03370418
          0,           0,        3733,      -7.429649077,      -5.207396286,      -5.628875912,      -5.096794362,      -10.02799388
          0,           0,        3734,      -7.422850181,      -5.206017407,      -5.627487317,      -5.093597557,      -10.02988246
          0,           0,        3735,      -7.417538303,      -5.205507974,      -5.626605233,      -5.090886855,      -10.02546191
          0,           0,        3736,      -7.411634073,      -5.203756339,      -5.624293928,      -5.087945814,      -10.02843769
          0,           0,        3737,      -7.397061166,       -5.20327954,      -5.623815941,      -5.082847595,      -10.02209994
          0,           0,        3738,      -7.396286508,      -5.202259595,      -5.622893649,      -5.081453624,      -10.02661299
          0,           0,        3739,      -7.389394662,       -5.20207622,      -5.622110565,      -5.078512702,      -10.02085543
          0,           0,        3740,      -7.383684377,      -5.200970799,      -5.620807291,      -5.075920309,      -10.02326224
          0,           0,        3741,       -7.37648228,      -5.200205011,      -5.618863266,      -5.072906424,      -10.01938374
          0,           0,        3742,      -7.341299486,      -5.199703132,      -5.617691738,      -5.044590811,      -10.02219792
          0,           0,        3743,      -7.350592673,      -5.200090722,       -5.61796886,      -5.064799449,      -10.01580349
          0,           0,        3744,      -7.347567773,      -5.199384736,      -5.617164609,      -5.063333742,      -10.02092864
          0,           0,        3745,      -7.345433003,      -5.199430676,      -5.616484243,      -5.062055536,      -10.01588307
          0,           0,        3746,       -7.34257257,      -5.199156341,      -5.615634627,      -5.060201279,      -10.01818616
          0,           0,        3747,      -7.337964874,      -5.199753739,      -5.615148669,      -5.057760244,      -10.01404718
          0,           0,        3748,      -7.333425137,      -5.199561743,      -5.614342582,      -5.055912204,      -10.01700393
          0,           0,        3749,      -7.329956011,      -5.200058546,      -5.613945594,      -5.054302472,      -10.01102445
          0,           0,        3750,      -7.326374774,      -5.200265477,      -5.613379819,      -5.052977279,      -10.01590281
          0,           0,        3751,      -7.322086121,      -5.201360585,      -5.613163317,      -5.051467819,      -10.01056323
          0,           0,        3752,      -7.318365966,      -5.201548009,      -5.612480231,      -5.050178548,      -10.01298797
          0,           0,        3753,      -7.313461708,      -5.195779615,       -5.59957142,       -5.03764854,      -10.00918134
          0,           0,        3754,      -7.211497626,      -5.178283056,      -5.596253071,       -5.01440964,      -10.01180549
          0,           0,        3755,      -7.243085721,      -5.198860533,      -5.608971077,      -5.019237281,      -10.00548869
          0,           0,        3756,      -7.277312204,      -5.201831914,      -5.610633728,      -5.032879566,      -10.01051486
          0,           0,        3757,      -7.285950457,      -5.204783074,      -5.611427514,      -5.038105925,      -10.00556219
          0,           0,        3758,      -7.289696425,      -5.206759768,      -5.611423298,      -5.041056867,      -10.00767511
          0,           0,        3759,      -7.291025098,      -5.209360801,      -5.612204195,      -5.042826734,      -10.00358026
          0,           0,        3760,      -7.291499521,      -5.210467764,      -5.611898086,      -5.043589974,      -10.00633249
          0,           0,        3761,      -7.289543678,      -5.212949055,      -5.612658552,      -5.043872931,      -9.999977603
          0,           0,        3762,      -7.289914966,      -5.214678701,      -5.613182346,      -5.044714291,      -10.00517266
          0,           0,        3763,      -7.289858132,       -5.21730991,      -5.614013273,      -5.045771262,      -10.00000962
          0,           0,        3764,      -7.289343768,         -5.218909,      -5.614343728,      -5.046620577,      -10.00223158
          0,           0,        3765,      -7.287993805,      -5.221309482,      -5.615228761,      -5.047346753,      -9.998829019
          0,           0,        3766,      -7.288169551,      -5.223286725,      -5.615570187,      -5.048587987,      -10.00133983
          0,           0,        3767,      -7.284350832,       -5.22633155,      -5.616714373,      -5.048209135,       -9.99574114
          0,           0,        3768,      -7.286845073,      -5.228220339,      -5.617789276,      -5.050874381,      -9.999986557
          0,           0,        3769,      -7.288089384,      -5.230932905,      -5.618736995,      -5.052710926,      -9.995365884
          0,           0,        3770,      -7.288729585,      -5.233184531,      -5.619653097,      -5.054522958,      -9.997334359
          0,           0,        3771,      -7.287874462,      -5.236385031,      -5.621163971,      -5.055775862,      -9.993688591
          0,           0,        3772,      -7.291527088,      -5.238375619,      -5.622219484,      -5.058816623,      -9.996742076
          0,           0,        3773,      -7.292581896,      -5.241036445,      -5.623482361,      -5.061015437,      -9.991524145
          0,           0,        3774,      -7.294774342,      -5.243133611,      -5.624733752,      -5.063635506,      -9.995662228
          0,           0,        3775,      -7.296929306,      -5.245987806,      -5.626296827,      -5.066376081,      -9.990986828
          0,           0,        3776,      -7.299520587,      -5.247361467,       -5.62735116,       -5.06933792,      -9.993394143
          0,           0,        3777,      -7.301378244,      -5.249463477,      -5.628911033,      -5.072058291,      -9.990395754
          0,           0,        3778,       -7.30445634,      -5.251164587,      -5.630266329,      -5.075324173,      -9.993056756
          0,           0,        3779,      -7.307465605,       -5.25434785,      -5.631934849,      -5.078661775,      -9.987689442
          0,           0,        3780,      -7.311214276,      -5.256951153,      -5.633308293,      -5.082203221,      -9.992266697
          0,           0,        3781,      -7.316571952,      -5.260811596,      -5.634919568,      -5.086394817,      -9.988228677
          0,           0,        3782,      -7.322778592,      -5.264062347,      -5.635929512,      -5.090948536,      -9.990652184
          0,           0,        3783,      -7.327419818,      -5.268259735,      -5.638018915,      -5.094906697,      -9.987234095
          0,           0,        3784,      -7.336519684,      -5.270276515,      -5.637936198,      -5.100461291,      -9.990192574
          0,           0,        3785,      -7.336871264,      -5.273597212,      -5.640860669,      -5.102702805,      -9.984194149
          0,           0,        3786,      -7.348633453,      -5.275802506,      -5.642458579,      -5.109642878,      -9.990361791
          0,           0,        3787,      -7.355111173,      -5.278833731,      -5.644229619,      -5.114377345,      -9.986118757
          0,           0,        3788,      -7.361899397,      -5.280289387,      -5.645440076,      -5.119137241,      -9.988445138
          0,           0,        3789,      -7.367920869,      -5.282588013,      -5.647001312,      -5.123547175,      -9.986779068
          0,           0,        3790,      -7.374877451,      -5.284232222,      -5.648283631,      -5.128238809,      -9.990059776
          0,           0,        3791,      -7.381800716,       -5.28689845,      -5.649690361,      -5.132910115,      -9.985646322
          0,           0,        3792,      -7.388151141,      -5.287708979,      -5.650046916,      -5.137251873,      -9.990414165
          0,           0,        3793,      -7.382119264,      -5.289854114,      -5.651457847,      -5.135745381,      -9.986795083
          0,           0,        3794,      -7.400485119,      -5.291049793,      -5.653157813,      -5.145403152,      -9.989166899
          0,           0,        3795,      -7.409339543,      -5.293112287,      -5.654571589,      -5.150207961,      -9.987477934
          0,           0,        3796,      -7.418343692,      -5.293459954,      -5.655408635,      -5.154934556,      -9.991358812
          0,           0,        3797,      -7.425822112,      -5.294518103,      -5.656228464,      -5.159009593,      -9.987479358
          0,           0,        3798,       -7.43254578,      -5.294899404,        -5.6570377,      -5.162597388,      -9.992267556
          0,           0,        3799,        -7.4414594,      -5.296224534,      -5.658110384,      -5.166663312,       -9.98874259
          0,           0,        3800,      -7.449509383,      -5.295873963,       -5.65869328,      -5.170542086,      -9.991702057
          0,           0,        3801,      -7.457306684,      -5.296305244,      -5.659374545,      -5.174014217,      -9.990595098
          0,           0,        3802,      -7.464865808,      -5.295962613,      -5.659772574,      -5.177174069,      -9.994574626
          0,           0,        3803,       -7.47150122,       -5.29659388,      -5.660152185,      -5.180039489,      -9.990936275
          0,           0,        3804,      -7.476313168,      -5.295668028,      -5.660595164,      -5.182035071,      -9.996423773
          0,           0,        3805,      -7.485467747,      -5.295427386,      -5.660645911,      -5.185235281,      -9.993301359
          0,           0,        3806,      -7.488766443,       -5.29502326,      -5.661089157,        -5.1865024,      -9.995895327
          0,           0,        3807,      -7.498030762,      -5.295459822,      -5.661584221,      -5.189478792,      -9.995529581
          0,           0,        3808,      -7.505135723,       -5.29378779,      -5.661397742,       -5.19156667,      -10.00018156
          0,           0,        3809,      -7.508245645,      -5.292820397,       -5.66130811,      -5.192445231,       -9.99652936
          0,           0,        3810,      -7.510529301,      -5.291375906,      -5.661125683,      -5.192781355,       -10.0026871
          0,           0,        3811,      -7.513179151,      -5.291199263,      -5.661213303,      -5.193421587,      -9.999630844
          0,           0,        3812,      -7.516659243,      -5.289174196,      -5.660176734,      -5.194002234,      -10.00440835
          0,           0,        3813,      -7.511760118,       -5.28829772,       -5.66028029,      -5.192211001,      -10.00269904
          0,           0,        3814,      -7.518360148,      -5.234926239,       -5.50684427,      -5.181460559,      -10.00723773
          0,           0,        3815,      -7.223180903,      -5.285961763,      -5.643191738,      -5.075091134,      -10.00464391
          0,           0,        3816,      -7.402507738,       -5.28351308,      -5.651319671,      -5.156651619,      -10.00774351
          0,           0,        3817,      -7.357817513,      -5.283034662,      -5.656488468,      -5.112511823,      -10.00867267
          0,           0,        3818,      -7.435703079,      -5.282008327,      -5.657338871,      -5.157837519,      -10.01373226
          0,           0,        3819,      -7.487610448,      -5.281657949,      -5.657006276,      -5.178136637,      -10.01004758
          0,           0,        3820,      -7.500872107,      -5.279950102,      -5.656460756,      -5.182795692,      -10.01787013
          0,           0,        3821,      -7.501986098,      -5.279138609,      -5.655850966,      -5.183283209,      -10.01544228
          0,           0,        3822,      -7.499118176,      -5.277724008,      -5.654958304,      -5.181745397,      -10.02035207
          0,           0,        3823,      -7.497741617,      -5.277600024,      -5.654578282,      -5.180217246,      -10.01898639
          0,           0,        3824,      -7.495846983,      -5.275957322,       -5.65371228,       -5.17889698,      -10.02517025
          0,           0,        3825,      -7.491657806,      -5.275228869,      -5.652933997,      -5.176963394,      -10.02187915
          0,           0,        3826,      -7.487900955,      -5.274066076,      -5.652202499,      -5.174863914,      -10.02948065
          0,           0,        3827,       -7.48292308,      -5.273598229,      -5.651116619,       -5.17214683,      -10.02667567
          0,           0,        3828,      -7.471003652,      -5.272895996,      -5.650577936,      -5.168483633,      -10.03232758
          0,           0,        3829,      -7.470784675,      -5.272544098,      -5.650195647,       -5.16783623,       -10.0315397
          0,           0,        3830,       -7.46475234,      -5.272178601,      -5.649551294,      -5.165351081,      -10.03762176
          0,           0,        3831,      -7.459965634,      -5.272185105,      -5.649177562,       -5.16351463,      -10.03373319
          0,           0,        3832,      -7.454662584,      -5.272374518,      -5.648547803,      -5.161381101,      -10.04227435
          0,           0,        3833,      -7.450675744,      -5.270314712,      -5.647814344,      -5.159848831,      -10.03949794
          0,           0,        3834,      -7.437911787,      -5.274230759,      -5.647502661,      -5.155471343,      -10.04521384
          0,           0,        3835,      -7.443649613,      -5.261346286,      -5.645616667,      -5.157258608,      -10.04350251
          0,           0,        3836,      -7.400270901,      -5.275987518,      -5.645492618,      -5.142107218,      -10.05005287
          0,           0,        3837,      -7.442779049,      -5.024504598,      -5.564876952,       -5.15555723,      -10.04561127
          0,           0,        3838,      -7.035822512,      -5.179947477,      -5.595548359,      -4.933381756,       -10.0541413
          0,           0,        3839,       -7.25897792,      -4.730966086,      -5.344503556,      -5.063645387,      -9.976010398
          0,           0,        3840,      -6.252939564,      -4.647448611,      -5.352078871,       -4.20753197,       -9.92589874
          0,           0,        3841,      -6.589998641,      -5.003252552,      -5.497153186,      -4.522215846,      -9.889302267
          0,           0,        3842,      -6.792626829,      -4.918514817,      -5.558917378,      -4.680028577,      -9.871215325
          0,           0,        3843,      -6.832328402,      -5.021453847,      -5.598759843,       -4.74738739,      -9.857978874
          0,           0,        3844,      -6.870029231,       -5.08962187,      -5.619610163,      -4.794858144,      -9.851503392
          0,           0,        3845,      -6.928939445,      -4.976519436,      -5.623922381,      -4.849950576,      -9.845458925
          0,           0,        3846,      -6.955139733,      -5.228220115,      -5.628932656,       -4.87159916,      -9.842571071
          0,           0,        3847,      -7.017249332,      -5.250397489,      -5.638391959,      -4.927456179,       -9.83291701
          0,           0,        3848,      -7.062292276,      -5.256199293,      -5.635903577,      -4.958454612,      -9.830236459
          0,           0,        3849,      -6.742954177,      -5.241955651,      -5.463328803,       -4.71504901,      -9.819922606
          0,           0,        3850,      -6.973217311,      -5.272601246,      -5.588127928,      -4.876877327,      -9.810645498
          0,           0,        3851,      -7.003907192,      -5.280203644,      -5.620540527,      -4.893535591,      -9.798159757
          0,           0,        3852,       -7.07034593,      -5.286265878,      -5.633337119,       -4.95312408,      -9.787680909
          0,           0,        3853,      -7.129615489,      -5.292059364,      -5.640169867,      -5.004719967,      -9.774972741
          0,           0,        3854,      -7.168698847,      -5.296122372,      -5.641524215,        -5.0374142,      -9.767123144
          0,           0,        3855,      -7.194112525,      -5.300146646,      -5.643269263,       -5.05922998,      -9.758232204
          0,           0,        3856,      -7.221608787,      -5.297564317,      -5.644457833,      -5.077529102,      -9.753310431
          0,           0,        3857,      -7.248487743,      -5.308798731,      -5.645296991,      -5.096160215,      -9.748184597
          0,           0,        3858,      -7.279873978,      -5.312324586,      -5.645957339,      -5.114456687,      -9.745396984
          0,           0,        3859,      -7.300639898,       -5.31722865,       -5.64696914,      -5.126832111,      -9.740223508
          0,           0,        3860,      -7.314516149,      -5.320319925,      -5.647815007,       -5.13526418,       -9.73785018
          0,           0,        3861,       -7.32389501,      -5.324510912,      -5.648808001,      -5.141291993,      -9.732142751
          0,           0,        3862,      -7.330055109,      -5.328045233,      -5.649502846,      -5.145670902,      -9.727692861
          0,           0,        3863,      -7.337262653,      -5.333054385,       -5.65071205,      -5.150768445,      -9.721064562
          0,           0,        3864,      -7.343419417,      -5.336235182,      -5.651219454,      -5.155720192,      -9.715857004
          0,           0,        3865,      -7.346886815,       -5.34065367,      -5.652082254,      -5.159864852,      -9.708448582
          0,           0,        3866,      -7.349754803,      -5.344433958,      -5.653020398,      -5.163438462,      -9.703711718
          0,           0,        3867,      -7.350967635,      -5.349790419,      -5.654464143,      -5.166720349,      -9.697195319
          0,           0,        3868,       -7.35091088,       -5.35312417,      -5.655350668,      -5.169225898,      -9.693151517
          0,           0,        3869,      -7.350033363,       -5.35789885,      -5.656892242,      -5.171653617,      -9.688497759
          0,           0,        3870,       -7.35090008,      -5.361895437,      -5.658185937,      -5.174769465,      -9.685809031
          0,           0,        3871,      -7.351402444,      -5.367569665,      -5.659781543,      -5.177889567,      -9.681644555
          0,           0,        3872,      -7.351378174,      -5.371165088,      -5.661102458,      -5.180602741,      -9.680035789
          0,           0,        3873,      -7.350038851,      -5.376088979,      -5.662499315,      -5.182572366,      -9.676395963
          0,           0,        3874,      -7.346616827,      -5.379979609,      -5.663552966,      -5.183109857,      -9.674115815
          0,           0,        3875,       -7.34073645,      -5.386201264,      -5.665206289,      -5.182353787,      -9.670491176
          0,           0,        3876,      -7.337607401,      -5.389778388,      -5.666220097,      -5.182839634,      -9.668013412
          0,           0,        3877,      -7.332653322,      -5.394637418,       -5.66660181,      -5.182287713,      -9.663477819
          0,           0,        3878,      -7.326299251,      -5.398881495,      -5.667914072,      -5.180486942,      -9.660572791
          0,           0,        3879,      -7.327339273,      -5.402575453,      -5.661861961,      -5.183305577,      -9.655675582
          0,           0,        3880,      -7.232724036,      -5.407073822,      -5.657734117,      -5.121640187,      -9.652563179
          0,           0,        3881,      -7.312343181,      -5.412944242,      -5.668111261,      -5.175690036,      -9.647570404
          0,           0,        3882,      -7.310104383,      -5.416825994,      -5.670264546,      -5.175482165,      -9.644865597
          0,           0,        3883,      -7.322943124,      -5.422801396,      -5.672082418,      -5.187160387,      -9.640354702
          0,           0,        3884,      -7.340200815,       -5.42593931,      -5.672849647,      -5.202213743,      -9.637412401
          0,           0,        3885,      -7.355780087,      -5.430462371,      -5.673581076,       -5.21473831,      -9.633527502
          0,           0,        3886,      -7.369328035,      -5.431096198,      -5.670300785,      -5.218675375,      -9.630566808
          0,           0,        3887,      -5.305475093,       -5.41726314,      -4.727187293,      -3.158888379,      -9.626505999
          0,           0,        3888,      -5.814186965,      -5.426058809,      -4.750646514,      -3.488014199,      -9.623495465
          0,           0,        3889,      -5.843057243,      -5.441216311,      -4.905282868,       -3.73774631,      -9.619868694
          0,           0,        3890,      -5.832713239,      -5.446305508,      -5.092572437,      -3.894394494,         -9.617842
          0,           0,        3891,      -5.898776302,      -5.453000061,      -5.260004989,      -4.020126861,      -9.613993407
          0,           0,        3892,      -6.013037617,      -5.455970717,      -5.386211356,      -4.174946426,       -9.61202689
          0,           0,        3893,      -6.126514721,      -5.459222052,      -5.487432575,      -4.310770152,      -9.608452209
          0,           0,        3894,      -6.235530785,      -5.463071781,      -5.557958739,      -4.449462176,      -9.605930654
          0,           0,        3895,      -6.349740324,      -5.469083956,      -5.607125558,      -4.529913165,      -9.602639696
          0,           0,        3896,      -6.418301165,      -5.470808529,      -5.635135992,      -4.536326917,      -9.600617657
          0,           0,        3897,      -6.562708962,      -5.473897834,      -5.652219257,      -4.793953561,      -9.597468863
          0,           0,        3898,      -6.668465502,      -5.476680018,      -5.664730708,      -4.883656559,      -9.596111092
          0,           0,        3899,       -6.73242157,      -5.482201183,      -5.672245087,      -4.975645149,      -9.593525941
          0,           0,        3900,      -6.777330345,      -5.482310539,      -5.674798208,      -4.676700929,      -9.592370002
          0,           0,        3901,      -6.741327849,      -5.485663593,      -5.673764521,      -4.831220754,      -9.590575021
          0,           0,        3902,       -6.89986162,      -5.487643365,           -5.6782,      -5.118770069,      -9.589854469
          0,           0,        3903,      -7.005116101,      -5.492450995,      -5.679480151,      -5.210518963,      -9.587967877
          0,           0,        3904,      -7.094943514,      -5.492558532,      -5.679982001,       -5.23099145,       -9.58776894
          0,           0,        3905,      -7.129127146,      -5.494813554,      -5.680199375,      -5.249566767,      -9.586256985
          0,           0,        3906,      -7.142037777,      -5.495802404,      -5.679699297,      -5.041313458,      -9.585811913
          0,           0,        3907,      -7.088545583,      -5.500117937,      -5.679332401,       -5.10345726,      -9.584713594
          0,           0,        3908,       -7.22464228,       -5.49974785,       -5.67978849,      -5.286531879,      -9.584688468
          0,           0,        3909,      -7.276581129,      -5.501551842,      -5.679320494,      -5.276453608,      -9.583477895
          0,           0,        3910,      -7.315097195,      -5.502279138,      -5.679618462,      -5.299670739,      -9.583690705
          0,           0,        3911,      -7.323072367,      -5.505874826,      -5.679912651,       -5.29068706,      -9.582640528
          0,           0,        3912,      -7.320313254,        -5.5045718,      -5.679214086,      -4.976781302,       -9.58266077
          0,           0,        3913,      -7.190812623,      -5.506975897,      -5.678443776,      -5.128373388,      -9.582256537
          0,           0,        3914,      -7.337982833,      -5.507394286,      -5.679864599,      -5.297259767,      -9.582683087
          0,           0,        3915,      -7.401015995,      -5.510875472,      -5.680081172,      -5.349496021,      -9.581952639
          0,           0,        3916,      -7.422222718,      -5.510092063,      -5.680356639,       -5.35101152,      -9.582806629
          0,           0,        3917,      -7.430047365,      -5.511835402,      -5.680437002,      -5.358143209,      -9.582402149
          0,           0,        3918,      -7.434889985,      -5.511969606,      -5.680253464,      -5.328927159,      -9.583067523
          0,           0,        3919,      -7.422620642,      -5.515324259,      -5.680534334,      -5.325775966,      -9.583033998
          0,           0,        3920,      -7.465767653,      -5.514391188,      -5.680423958,       -5.37370932,      -9.584061075
          0,           0,        3921,       -7.46879001,      -5.515899353,      -5.679951872,      -5.366331534,      -9.583910696
          0,           0,        3922,      -7.471712135,      -5.515881335,      -5.679956261,      -5.379760388,      -9.585173389
          0,           0,        3923,      -7.476389792,      -5.518850513,      -5.679957587,      -5.380320185,      -9.585158961
          0,           0,        3924,      -7.475028549,      -5.517595434,      -5.679629589,       -5.34199592,      -9.586198812
          0,           0,        3925,      -7.497045883,      -5.519044095,      -5.679379813,      -5.378768269,      -9.586772844
          0,           0,        3926,      -7.501211533,      -5.518535989,      -5.678997918,      -5.384580558,      -9.588125665
          0,           0,        3927,      -7.499480665,      -5.521163025,      -5.678824042,      -5.360135899,      -9.588271226
          0,           0,        3928,      -7.492066771,      -5.519683566,      -5.678242327,      -5.365089036,      -9.590024617
          0,           0,        3929,      -7.517216036,      -5.520926176,      -5.678132176,      -5.392663703,      -9.590462342
          0,           0,        3930,      -7.522082104,      -5.520143087,      -5.677542994,       -5.39038393,      -9.591984089
          0,           0,        3931,      -7.521334985,      -5.522837004,      -5.677823032,      -5.397058427,      -9.592640385
          0,           0,        3932,      -7.524949668,      -5.521280801,      -5.677499703,      -5.394585576,      -9.594362564
          0,           0,        3933,      -7.519216624,      -5.522596639,      -5.677532669,      -5.369460927,      -9.594757627
          0,           0,        3934,      -7.527655261,      -5.522111661,      -5.677552785,      -5.388696827,      -9.596875875
          0,           0,        3935,      -7.525503554,      -5.524921756,      -5.677996448,      -5.393271156,      -9.597468661
          0,           0,        3936,      -7.522803671,      -5.523442094,      -5.677755218,      -5.356793555,      -9.599242346
          0,           0,        3937,      -7.507518911,       -5.52528893,      -5.678048709,      -5.374679997,      -9.600097242
          0,           0,        3938,      -7.523571666,       -5.52496844,      -5.678480527,       -5.39193002,      -9.601998751
          0,           0,        3939,      -7.525595173,      -5.528056796,      -5.679105907,      -5.399471586,      -9.602531609
          0,           0,        3940,      -7.529161232,      -5.527012099,      -5.679354999,       -5.40198542,      -9.604850873
          0,           0,        3941,      -7.531161735,      -5.528901375,      -5.679802286,      -5.404944768,      -9.605698855
          0,           0,        3942,      -7.534018089,      -5.522162498,      -5.676027395,      -5.022709862,      -9.607760492
          0,           0,        3943,      -6.617356859,      -5.219459388,      -5.577701107,      -4.293614495,      -9.609001959
          0,           0,        3944,      -7.029208201,      -5.426679163,      -5.639340839,      -4.694908532,       -9.61149413
          0,           0,        3945,      -7.099875245,       -5.44405431,      -5.659870684,      -4.862470213,       -9.61279224
          0,           0,        3946,      -7.098758256,      -5.479271465,      -5.671708881,      -5.033890861,       -9.61596075
          0,           0,        3947,       -7.13683691,      -5.501434886,      -5.677937611,      -5.159592715,      -9.617775824
          0,           0,        3948,      -7.206193336,      -5.507656105,      -5.680098161,      -5.234474702,      -9.621113812
          0,           0,        3949,      -7.272212567,       -5.53152251,      -5.682247024,      -5.306919753,      -9.623673492
          0,           0,        3950,      -7.356157872,      -5.528172043,      -5.683254148,      -5.359524655,      -9.627620342
          0,           0,        3951,      -7.414042572,      -5.533783137,      -5.684277824,      -5.383465229,      -9.630222538
          0,           0,        3952,      -7.449343917,      -5.534295826,      -5.684966504,      -5.393171436,       -9.63497877
          0,           0,        3953,      -7.472477235,      -5.539939327,        -5.6857358,      -5.396087891,      -9.638094912
          0,           0,        3954,      -7.489964615,       -5.53863421,      -5.686148848,      -5.404225429,      -9.642622816
          0,           0,        3955,       -7.50335779,      -5.542875043,      -5.687418856,      -5.407271473,       -9.64597402
          0,           0,        3956,      -7.514768468,      -5.540914276,       -5.68783709,      -5.402603452,       -9.65052926
          0,           0,        3957,      -7.522312173,      -5.545078404,      -5.688959512,      -5.412471239,      -9.653171614
          0,           0,        3958,      -7.522244171,      -5.545170733,      -5.689943148,      -5.414271914,      -9.657722737
          0,           0,        3959,      -7.526306456,      -5.548975884,      -5.691225277,      -5.417094016,      -9.659957972
          0,           0,        3960,      -7.531625944,      -5.548126044,      -5.691797982,      -5.418176642,      -9.663391865
          0,           0,        3961,      -7.532226217,      -5.550773682,      -5.693184694,      -5.420239002,      -9.665186325
          0,           0,        3962,      -7.537356903,      -5.535996925,      -5.672501492,      -5.156894651,       -9.66795102
          0,           0,        3963,      -6.775673724,      -5.509326035,      -5.549918204,      -4.625025973,      -9.668524186
          0,           0,        3964,      -7.131687432,      -5.541988093,      -5.651114897,      -4.891748461,      -9.671403323
          0,           0,        3965,      -7.223317575,       -5.54893906,      -5.681028778,      -4.998978617,      -9.671996751
          0,           0,        3966,      -7.265812793,      -5.552307703,      -5.691602182,      -5.118260521,      -9.674063324
          0,           0,        3967,      -7.314673429,      -5.558213625,      -5.697851585,      -5.230048822,      -9.674858175
          0,           0,        3968,      -7.370031439,      -5.558425139,      -5.700556088,      -5.314878108,      -9.677351887
          0,           0,        3969,      -7.416408013,      -5.561556094,      -5.702137122,      -5.367232705,      -9.678102331
          0,           0,        3970,      -7.447930513,      -5.562275717,      -5.704024489,      -5.402007936,      -9.681831281
          0,           0,        3971,      -7.490595604,      -5.566577552,      -5.705759032,      -5.423923485,      -9.683746747
          0,           0,        3972,      -7.510334935,      -5.565759175,      -5.706690412,      -5.433711833,      -9.687866518
          0,           0,        3973,      -7.517928331,      -5.568514066,      -5.708353257,      -5.437657554,       -9.69114359
          0,           0,        3974,      -7.528177383,      -5.568593202,      -5.709563654,      -5.442433045,      -9.696469998
          0,           0,        3975,      -7.532297152,      -5.572583825,      -5.711086919,      -5.444799129,      -9.700209644
          0,           0,        3976,      -7.538663273,      -5.571784633,      -5.712367509,      -5.445967858,      -9.707187904
          0,           0,        3977,      -7.537768358,      -5.574388307,      -5.713777748,      -5.447939979,      -9.712138425
          0,           0,        3978,      -7.538786433,      -5.574025831,      -5.714622051,      -5.449022985,      -9.719318876
          0,           0,        3979,      -7.538160908,      -5.578359482,       -5.71658535,      -5.449001457,      -9.725180135
          0,           0,        3980,      -7.543212775,      -5.577220565,      -5.717597923,      -5.452654117,      -9.733069066
          0,           0,        3981,      -7.542599662,      -5.579889719,      -5.718983884,      -5.452901353,      -9.738381818
          0,           0,        3982,      -7.542556474,      -5.579735776,      -5.720440702,      -5.454206258,      -9.747091443
          0,           0,        3983,      -7.548403522,      -5.583858194,      -5.722235743,      -5.459273432,      -9.752570596
          0,           0,        3984,      -7.552005628,      -5.582627176,      -5.723131144,      -5.462746621,      -9.760052596
          0,           0,        3985,      -7.552712893,       -5.58536412,      -5.724766116,      -5.464963486,      -9.765205137
          0,           0,        3986,       -7.55704681,      -5.585081991,      -5.725946635,      -5.468976566,      -9.771978932
          0,           0,        3987,      -7.559248513,      -5.588942251,      -5.727069854,      -5.468682144,      -9.775211745
          0,           0,        3988,      -7.556621838,      -5.587938756,      -5.728438524,      -5.470086511,      -9.781613716
          0,           0,        3989,      -7.562778755,      -5.590645012,       -5.73007088,      -5.476004532,      -9.784055838
          0,           0,        3990,      -7.565144128,      -5.589847456,      -5.730284745,      -5.479340846,      -9.788426387
          0,           0,        3991,      -7.559938526,       -5.59435266,       -5.73244422,       -5.47756335,      -9.789846021
          0,           0,        3992,      -7.568470524,      -5.491569221,      -5.594944582,      -5.346332577,       -9.79324007
          0,           0,        3993,      -7.204866982,      -5.593430227,      -5.695847295,      -5.196593189,      -9.793459906
          0,           0,        3994,      -7.411517746,      -5.594364302,       -5.72249586,      -5.339814097,      -9.795243278
          0,           0,        3995,      -7.411311926,      -5.598894401,      -5.733764684,      -5.323034252,      -9.795968947
          0,           0,        3996,      -7.461147271,      -5.597856222,      -5.737088089,       -5.37566313,      -9.798195267
          0,           0,        3997,      -7.519088663,      -5.600688551,      -5.738362134,      -5.438288744,      -9.796877697
          0,           0,        3998,      -7.543778355,      -5.600254533,      -5.739798732,      -5.463411488,       -9.79986342
          0,           0,        3999,      -7.555160609,      -5.604101292,      -5.740978624,      -5.471988807,      -9.799041883
          0,           0,        4000,       -7.55422231,      -5.602808722,      -5.741580067,      -5.479907881,      -9.801315228
          0,           0,        4001,      -7.560586448,       -5.60583291,      -5.742875009,      -5.481459553,      -9.801523323
          0,           0,        4002,      -7.565073876,      -5.605116312,      -5.743515163,      -5.487431719,      -9.804497551
          0,           0,        4003,      -7.566712057,      -5.609091375,      -5.744546217,      -5.491127342,      -9.804553834
          0,           0,        4004,       -7.57134587,       -5.60773217,      -5.745130154,      -5.492853311,      -9.809051556
          0,           0,        4005,      -7.571959868,      -5.610614255,      -5.745904699,      -5.494581418,      -9.810238057
          0,           0,        4006,      -7.573445138,      -5.609705755,      -5.746235685,       -5.49519976,      -9.814816972
          0,           0,        4007,      -7.572798958,      -5.613836962,      -5.747166245,      -5.494573743,      -9.817486673
          0,           0,        4008,      -7.574247666,      -5.612336385,      -5.747557924,      -5.495836791,       -9.82357176
          0,           0,        4009,      -7.574115909,      -5.615168203,      -5.748070773,       -5.49647891,      -9.826450298
          0,           0,        4010,       -7.57543563,      -5.614380673,      -5.748461992,      -5.496593323,      -9.834258053
          0,           0,        4011,      -7.575397394,      -5.618445778,      -5.749146203,      -5.497080386,      -9.838422596
          0,           0,        4012,      -7.575554782,      -5.616713767,      -5.749123038,      -5.496475338,      -9.846567322
          0,           0,        4013,      -7.574480099,      -5.619732798,      -5.749721323,      -5.496517129,      -9.852670544
          0,           0,        4014,      -7.574874423,       -5.61878616,      -5.749794583,      -5.496546505,       -9.86240346
          0,           0,        4015,      -7.573779828,      -5.622826873,       -5.75019275,      -5.496152208,      -9.868297727
          0,           0,        4016,      -7.573502512,      -5.617894213,      -5.747908825,      -5.463428119,       -9.88015466
          0,           0,        4017,      -7.551511435,      -5.623763098,      -5.749567194,      -5.475201621,      -9.887369984
          0,           0,        4018,      -7.565054499,      -5.622926101,      -5.750223192,      -5.488096716,      -9.899288257
          0,           0,        4019,      -7.570628414,      -5.627055482,       -5.75071096,      -5.492803981,      -9.908210549
          0,           0,        4020,      -7.572330727,      -5.625179387,      -5.750392084,      -5.493866735,      -9.921777241
          0,           0,        4021,       -7.57210903,      -5.627823901,      -5.750175318,      -5.492965695,      -9.929971873
          0,           0,        4022,       -7.57086517,      -5.626815148,       -5.75010242,      -5.492337753,      -9.945630683
          0,           0,        4023,      -7.572569296,      -5.630827026,      -5.750236555,      -5.493424632,      -9.954552868
          0,           0,        4024,      -7.573469401,      -5.628770103,      -5.749704427,      -5.493318381,      -9.969450381
          0,           0,        4025,      -7.572568259,      -5.631416819,      -5.749572168,      -5.491731203,      -9.980004698
          0,           0,        4026,      -7.572484543,      -5.630197503,      -5.749151175,      -5.491346592,      -9.996355135
          0,           0,        4027,      -7.573602945,      -5.633789583,      -5.748486904,      -5.491294637,      -10.00462533
          0,           0,        4028,      -7.568281065,      -5.630302765,      -5.747311497,      -5.471094704,        -10.022474
          0,           0,        4029,      -7.564135953,      -5.633716822,       -5.74644962,      -5.479470954,      -10.03034092
          0,           0,        4030,       -7.55730816,      -5.633059564,       -5.74744259,      -5.476277819,      -10.04488453
          0,           0,        4031,      -7.572211792,      -5.636950327,      -5.747427638,      -5.488011731,      -10.05549181
          0,           0,        4032,      -7.573663583,      -5.634540734,      -5.746619593,      -5.488628297,      -10.07197605
          0,           0,        4033,      -7.572251917,      -5.637042103,      -5.746060076,      -5.486747228,      -10.07580283
          0,           0,        4034,        -7.5705637,      -5.635377311,      -5.745390872,      -5.485094713,       -10.0945592
          0,           0,        4035,      -7.570993884,      -5.639199849,      -5.745179726,      -5.484966667,      -10.09825598
          0,           0,        4036,      -7.571681188,      -5.636273274,      -5.743614188,      -5.484301739,      -10.11253826
          0,           0,        4037,      -7.564461978,      -5.639014997,      -5.743584811,      -5.478888668,       -10.1157679
          0,           0,        4038,      -7.569467889,      -5.636709066,      -5.742013022,      -5.480853669,      -10.12898723
          0,           0,        4039,      -7.562783453,       -5.64074371,      -5.742450428,      -5.474898843,      -10.12456978
          0,           0,        4040,      -7.569793054,      -5.638161921,      -5.741668058,      -5.481060637,      -10.14268198
          0,           0,        4041,      -7.568982105,      -5.640417726,      -5.741135394,      -5.480215734,      -10.13954777
          0,           0,        4042,      -7.569720593,      -5.638330305,      -5.740147923,        -5.4792008,      -10.14830109
          0,           0,        4043,      -7.567619136,      -5.641935146,        -5.7398507,      -5.478068718,      -10.14681302
          0,           0,        4044,      -7.570569646,      -5.639095052,      -5.738996099,      -5.479365614,      -10.15703215
          0,           0,        4045,       -7.57090829,      -5.640606197,      -5.737480242,      -5.478916651,      -10.14988437
          0,           0,        4046,      -7.562631983,      -5.638987929,      -5.737245029,      -5.472456834,      -10.16036219
          0,           0,        4047,      -7.571297333,      -5.631588147,      -5.724241185,      -5.468799684,      -10.15202576
          0,           0,        4048,      -7.309568935,      -5.625909289,      -5.709675513,      -5.285390119,      -10.16126895
          0,           0,        4049,      -7.461694956,      -5.638800269,      -5.730666203,      -5.372981082,      -10.15110032
          0,           0,        4050,      -7.496162966,      -5.636464541,      -5.732505692,      -5.399520764,      -10.16326847
          0,           0,        4051,      -7.513830052,      -5.640325998,      -5.733636297,      -5.421966165,      -10.15480492
          0,           0,        4052,      -7.539203566,      -5.638917576,      -5.733974141,      -5.444819179,      -10.16103773
          0,           0,        4053,      -7.562573502,      -5.640270405,      -5.733492617,      -5.467170233,      -10.15639236
          0,           0,        4054,      -7.569639726,      -5.637969026,      -5.733034087,       -5.47152715,      -10.16409986
          0,           0,        4055,      -7.571801663,      -5.641583222,      -5.732718234,      -5.473888855,      -10.15468948
          0,           0,        4056,      -7.574457494,      -5.637812836,      -5.732112097,      -5.473253656,      -10.16565791
          0,           0,        4057,      -7.577793135,      -5.639648048,      -5.731839332,      -5.476214228,      -10.15776378
          0,           0,        4058,      -7.578074046,      -5.637391422,      -5.731412467,      -5.476577021,      -10.16490008
          0,           0,        4059,      -7.581598456,      -5.640243432,      -5.731528124,      -5.478722694,      -10.16069573
          0,           0,        4060,      -7.582937563,      -5.636794853,       -5.73098417,      -5.478728229,      -10.16991918
          0,           0,        4061,      -7.582902001,      -5.638309638,      -5.730680131,      -5.478080678,       -10.1616773
          0,           0,        4062,      -7.580791529,      -5.629458373,      -5.726367935,      -5.440912109,      -10.17364625
          0,           0,        4063,      -7.345649805,      -5.626505716,      -5.726376278,      -5.166712595,      -10.16639342
          0,           0,        4064,      -7.539022066,      -5.633181803,      -5.729322529,      -5.408089948,      -10.17409906
          0,           0,        4065,      -7.550703028,      -5.634645667,      -5.730247103,      -5.434202776,      -10.17222631
          0,           0,        4066,      -7.559577373,      -5.632659147,      -5.730211601,      -5.459989044,      -10.18270811
          0,           0,        4067,      -7.563464332,      -5.635547999,      -5.730677001,      -5.466592855,      -10.17470589
          0,           0,        4068,      -7.578269889,      -5.632245022,      -5.730522663,      -5.470770393,      -10.18856257
          0,           0,        4069,      -7.575372425,      -5.634077175,      -5.730727875,      -5.468677517,      -10.18164337
          0,           0,        4070,      -7.573612041,      -5.631379765,      -5.731062373,      -5.469210735,      -10.19052242
          0,           0,        4071,      -7.581701234,      -5.634098581,      -5.731743231,      -5.471925752,      -10.18869143
          0,           0,        4072,      -7.582399115,      -5.630465958,      -5.731830798,      -5.471282448,      -10.20073215
          0,           0,        4073,      -7.580501899,      -5.632003072,       -5.73218432,      -5.469271385,      -10.19219687
          0,           0,        4074,      -7.581274174,      -5.629384886,      -5.732645093,      -5.468502886,      -10.20777489
          0,           0,        4075,      -7.581508532,      -5.632079922,      -5.733486973,      -5.468261661,      -10.19992399
          0,           0,        4076,      -7.580498849,      -5.628630874,      -5.733715218,      -5.467208711,      -10.21016136
          0,           0,        4077,        -7.5790716,      -5.435956844,      -5.644552596,      -4.937859928,      -10.20602404
          0,           0,        4078,      -7.129911476,      -5.622056424,      -5.718968205,      -5.073910582,      -10.21764318
          0,           0,        4079,      -7.307614417,      -5.627806583,      -5.731539464,      -5.222637562,        -10.207153
          0,           0,        4080,        -7.4629404,      -5.625720668,      -5.735420771,      -5.351960844,      -10.22354476
          0,           0,        4081,      -7.510173861,      -5.627635485,      -5.737085579,      -5.401782457,      -10.21475532
          0,           0,        4082,      -7.541315783,      -5.625614514,       -5.73766368,      -5.431794087,      -10.22456151
          0,           0,        4083,      -7.553167308,      -5.628402365,      -5.739181136,      -5.444642769,      -10.21874324
          0,           0,        4084,      -7.560417534,      -5.625686567,      -5.740116629,      -5.446439672,      -10.23105368
          0,           0,        4085,       -7.56368823,       -5.62723805,      -5.740986761,       -5.44900598,      -10.21954095
          0,           0,        4086,      -7.558286713,       -5.62490135,      -5.742061373,      -5.445793369,      -10.23452331
          0,           0,        4087,      -7.566037434,      -5.628325372,      -5.743651308,      -5.448958922,      -10.22395342
          0,           0,        4088,      -7.567300681,      -5.625267608,      -5.744428675,      -5.449729456,       -10.2333948
          0,           0,        4089,       -7.56692001,      -5.624093077,      -5.743820853,      -5.441513267,       -10.2263039
          0,           0,        4090,      -7.209251638,      -5.371959377,      -5.740436682,      -5.147899851,      -10.23717819
          0,           0,        4091,      -7.334080554,       -5.53581803,      -5.742017363,      -5.259044134,      -10.22333263
          0,           0,        4092,       -7.43653992,      -5.536455065,       -5.74434909,      -5.344682422,      -10.23733858
          0,           0,        4093,        -7.4651961,      -5.563314405,      -5.747678499,      -5.369968307,      -10.22534193
          0,           0,        4094,      -7.445132709,      -5.581205034,      -5.750701517,      -5.353700575,      -10.23242013
          0,           0,        4095,      -7.431022217,      -5.580475037,      -5.753163411,      -5.340143656,      -10.22732509
          0,           0,        4096,      -7.442642076,      -5.609970468,      -5.754750797,      -5.348825866,      -10.23867114
          0,           0,        4097,       -7.45361065,       -5.61358824,        -5.7556071,      -5.359641298,      -10.22684648
          0,           0,        4098,      -7.484181252,      -5.614705372,      -5.757593815,      -5.383005999,      -10.24014908
          0,           0,        4099,      -7.510300588,      -5.608385557,      -5.757646587,      -5.403819718,      -10.22718405
          0,           0,        4100,      -7.516021427,      -5.619923999,      -5.760882743,      -5.410183794,      -10.23151119
          0,           0,        4101,      -7.539270479,      -5.624130936,      -5.762780096,      -5.425181158,      -10.22900006
          0,           0,        4102,      -7.540536672,      -5.623162718,      -5.764544426,      -5.426371686,      -10.23909855
          0,           0,        4103,      -7.543689343,      -5.627887665,      -5.766673756,      -5.427656456,      -10.22424888
          0,           0,        4104,      -7.540082576,      -5.624288275,      -5.767958852,      -5.425286106,      -10.24030829
          0,           0,        4105,      -7.542458176,       -5.62788289,      -5.770123351,      -5.426787451,      -10.22918937
          0,           0,        4106,      -7.550766438,      -5.613400926,       -5.77002482,      -5.424660289,      -10.23820078
          0,           0,        4107,      -7.528867614,      -5.631354176,       -5.77295745,      -5.418303862,      -10.22879857
          0,           0,        4108,      -7.558629346,      -5.626775981,      -5.772283559,      -5.441342135,      -10.23922149
          0,           0,        4109,      -7.528752218,       -5.62987559,      -5.773699567,      -5.419624745,      -10.22974755
          0,           0,        4110,      -7.553557648,      -5.629998113,      -5.778319404,      -5.436569212,      -10.23749605
          0,           0,        4111,      -7.565223911,      -5.633652335,      -5.780445454,      -5.443362966,      -10.23011864
          0,           0,        4112,      -7.570413919,      -5.626940039,      -5.780790128,      -5.448167054,      -10.24104765
          0,           0,        4113,      -7.566361564,      -5.633134353,      -5.783638762,      -5.444265358,      -10.22775323
          0,           0,        4114,      -7.585743726,      -5.631196532,      -5.785515972,      -5.456968597,      -10.24228807
          0,           0,        4115,      -7.588769689,      -5.635206725,      -5.787804331,      -5.458998242,       -10.2298971
          0,           0,        4116,      -7.594442151,      -5.632644613,      -5.789155545,      -5.462923599,      -10.23824905
          0,           0,        4117,      -7.600317189,      -5.634102625,      -5.791113875,      -5.466874847,      -10.23227907
          0,           0,        4118,      -7.604032398,      -5.632106921,      -5.792565636,      -5.468931576,      -10.24290572
          0,           0,        4119,      -7.605643201,      -5.636610422,      -5.794568713,      -5.470594822,      -10.22979038
          0,           0,        4120,      -7.607003806,      -5.633402816,      -5.796173181,      -5.471634732,      -10.24508414
          0,           0,        4121,      -7.610566046,      -5.634812312,      -5.797938382,      -5.474007206,      -10.23353097
          0,           0,        4122,      -7.609208162,      -5.633294608,      -5.799421096,      -5.473795544,      -10.24137499
          0,           0,        4123,      -7.611029096,      -5.637309702,      -5.801793575,       -5.47544444,      -10.23568976
          0,           0,        4124,      -7.612184085,      -5.634063957,      -5.802948949,      -5.476540315,      -10.24787756
          0,           0,        4125,      -7.610878316,      -5.635471295,      -5.804117527,       -5.47621872,      -10.23517532
          0,           0,        4126,      -7.606478094,      -5.633727914,      -5.805694561,      -5.473054084,      -10.24996728
          0,           0,        4127,      -7.611903158,      -5.637608661,      -5.807542935,      -5.476711934,      -10.23735826
          0,           0,        4128,      -7.610223716,      -5.634576134,      -5.808804451,      -5.476202931,      -10.24639118
          0,           0,        4129,      -7.617023639,      -5.635937693,      -5.810337036,      -5.480348847,      -10.24197956
          0,           0,        4130,      -7.620792664,      -5.634228844,      -5.811344145,      -5.482335965,      -10.25366277
          0,           0,        4131,      -7.625401641,      -5.638173659,       -5.81294789,      -5.484767531,      -10.23948095
          0,           0,        4132,      -7.630261852,      -5.634633574,      -5.813714656,      -5.487174937,      -10.25654915
          0,           0,        4133,      -7.634833078,      -5.636187611,      -5.815048813,      -5.489204571,      -10.24544669
          0,           0,        4134,       -7.64250836,      -5.634421448,      -5.815620037,      -5.493160851,      -10.25554098
          0,           0,        4135,      -7.645886573,      -5.638209078,      -5.817399285,      -5.493238738,      -10.24723724
          0,           0,        4136,      -7.653674628,      -5.635067533,      -5.817952236,      -5.497925449,      -10.25999816
          0,           0,        4137,         -7.654793,      -5.636570664,      -5.819253753,      -5.498791541,      -10.24654426
          0,           0,        4138,      -7.661118027,      -5.634991415,      -5.820149637,      -5.501698952,      -10.26435644
          0,           0,        4139,      -7.663162056,      -5.639203226,      -5.821823157,      -5.502474335,      -10.25172401
          0,           0,        4140,       -7.66543935,      -5.635919087,      -5.821975842,      -5.503358169,      -10.26320128
          0,           0,        4141,      -7.659767779,      -5.635761695,      -5.822470022,      -5.499104775,      -10.25493316
          0,           0,        4142,       -7.64039736,      -5.635911648,       -5.82360051,      -5.488027245,       -10.2669822
          0,           0,        4143,      -7.658794728,      -5.640467525,      -5.825893062,       -5.49917259,      -10.25001812
          0,           0,        4144,      -7.663157268,      -5.637430435,      -5.826379076,      -5.501116693,       -10.2702443
          0,           0,        4145,       -7.65989331,      -5.639121851,      -5.827502429,       -5.49925378,       -10.2576219
          0,           0,        4146,      -7.659715559,      -5.638039229,      -5.827811644,      -5.499861389,       -10.2678628
          0,           0,        4147,       -7.66101888,      -5.642786708,       -5.82968921,      -5.499711704,       -10.2587724
          0,           0,        4148,      -7.666985306,      -5.639865384,      -5.829973625,      -5.502640131,      -10.27164278
          0,           0,        4149,      -7.665046028,       -5.64172841,        -5.8310416,      -5.502075765,      -10.25500814
          0,           0,        4150,      -7.669283614,      -5.640679754,      -5.831516069,      -5.502917831,      -10.27411522
          0,           0,        4151,       -7.67162503,      -5.645684184,      -5.832969968,      -5.503808133,       -10.2606913
          0,           0,        4152,      -7.678056553,      -5.642637191,      -5.832158627,      -5.506014431,      -10.27232214
          0,           0,        4153,      -7.668708987,      -5.644733546,      -5.833422229,      -5.499263878,      -10.26275034
          0,           0,        4154,      -7.681815638,      -5.643609341,       -5.83250098,      -5.505397138,      -10.27392335
          0,           0,        4155,      -7.668761541,      -5.649161827,      -5.835160651,      -5.499743777,      -10.25447075
          0,           0,        4156,      -7.691801296,      -5.646452219,      -5.835352557,      -5.510696396,      -10.27731446
          0,           0,        4157,      -7.693530071,      -5.648653158,      -5.835856586,      -5.511310706,      -10.26354308
          0,           0,        4158,      -7.696160327,      -5.647752275,      -5.835899719,      -5.512139246,      -10.27177355
          0,           0,        4159,      -7.696365208,      -5.653069325,      -5.837073355,      -5.512278407,      -10.26419873
          0,           0,        4160,      -7.700548843,      -5.650496888,      -5.837092355,      -5.513900482,      -10.27798937
          0,           0,        4161,      -7.700810753,      -5.652542646,      -5.836261308,      -5.513919354,      -10.26287945
          0,           0,        4162,       -7.68375054,      -5.652084905,      -5.837275657,      -5.505591463,       -10.2782315
          0,           0,        4163,      -7.698056371,      -5.650767264,       -5.82284698,      -5.497750719,      -10.26242473
          0,           0,        4164,      -7.584691191,      -5.654534904,      -5.835991879,       -5.45306559,      -10.27361285
          0,           0,        4165,      -7.679285002,      -5.657406756,      -5.839149055,      -5.503489136,      -10.26595891
          0,           0,        4166,      -7.688841874,       -5.65675038,      -5.839449947,      -5.507486897,      -10.27833857
          0,           0,        4167,      -7.686933413,      -5.661830557,      -5.838822634,      -5.504367401,      -10.26205482
          0,           0,        4168,       -7.66003585,      -5.660037763,      -5.839850365,      -5.494389108,      -10.27812684
          0,           0,        4169,      -7.685820794,       -5.65915382,      -5.831671855,      -5.508037896,      -10.26363488
          0,           0,        4170,      -7.529383693,      -5.657207855,       -5.82916584,       -5.35491361,      -10.27779313
          0,           0,        4171,      -7.605579815,      -5.667220082,      -5.840440058,       -5.47606128,      -10.25959795
          0,           0,        4172,      -7.625547093,      -5.630765175,      -5.829550918,      -5.443849841,      -10.27922307
          0,           0,        4173,      -7.596037416,      -5.665408286,      -5.840845837,      -5.452765307,      -10.26538508
          0,           0,        4174,      -7.638500213,      -5.666967287,      -5.842095286,      -5.489195448,      -10.27590065
          0,           0,        4175,      -7.684363819,      -5.672565226,      -5.843698136,      -5.509172319,      -10.26414373
          0,           0,        4176,      -7.683853652,      -5.634990926,      -5.795908655,      -5.409445378,      -10.27499403
          0,           0,        4177,      -6.397533119,      -5.496854863,      -5.271704853,      -4.334131964,      -10.26237578
          0,           0,        4178,      -6.759649972,      -5.608440727,      -5.508437717,      -4.692909377,      -10.26815861
          0,           0,        4179,      -6.760567391,      -5.631436567,      -5.663545839,      -4.699126596,      -10.26242304
          0,           0,        4180,      -6.813753198,      -5.647712919,      -5.764992332,      -4.759692846,      -10.27516679
          0,           0,        4181,      -6.945777074,      -5.670294683,      -5.809595376,      -4.897329048,      -10.25953671
          0,           0,        4182,      -7.116367914,      -5.668071012,      -5.826191117,      -5.059514132,      -10.27520055
          0,           0,        4183,      -7.222454467,      -5.676774033,      -5.836671284,      -5.161641085,      -10.26042879
          0,           0,        4184,      -7.297084905,      -5.673489482,      -5.843801119,      -5.240151851,        -10.269565
          0,           0,        4185,      -7.372934545,      -5.680684926,      -5.844907943,      -5.301306244,      -10.26155165
          0,           0,        4186,      -7.448437118,      -5.680722968,      -5.847500414,      -5.359321634,      -10.27260555
          0,           0,        4187,      -7.536371489,      -5.687379164,      -5.848158014,      -5.421411574,      -10.25678057
          0,           0,        4188,      -7.592243681,      -5.684788968,      -5.848623928,      -5.453530641,      -10.27214965
          0,           0,        4189,       -7.63317016,      -5.687738559,      -5.849619086,      -5.474363354,      -10.25739403
          0,           0,        4190,      -7.626069488,      -5.686709907,      -5.850189302,       -5.48264182,      -10.26192497
          0,           0,        4191,      -7.659792684,      -5.693324581,      -5.852639644,      -5.501171422,      -10.25760655
          0,           0,        4192,      -7.668242502,        -5.6899961,      -5.852395902,        -5.5066285,      -10.26945807
          0,           0,        4193,      -7.675149593,      -5.692588842,      -5.853448182,      -5.510531928,      -10.25283197
          0,           0,        4194,      -7.674705527,      -5.691322707,      -5.853705498,      -5.511553578,      -10.26968762
          0,           0,        4195,      -7.679060593,      -5.697946517,      -5.855654056,      -5.514659272,      -10.25570434
          0,           0,        4196,      -7.683701002,      -5.693678219,      -5.853766036,      -5.516600678,      -10.26627633
          0,           0,        4197,      -7.662625317,       -5.69690267,      -5.855966651,      -5.504478454,      -10.25576407
          0,           0,        4198,      -7.679832164,      -5.694106025,      -5.853163231,      -5.515679869,      -10.26521341
          0,           0,        4199,      -7.638918694,      -5.701250417,      -5.854974203,      -5.491994468,      -10.25384722
          0,           0,        4200,      -7.664130335,      -5.698174226,      -5.858797907,      -5.508900778,      -10.26326087
          0,           0,        4201,      -7.671919897,       -5.70048878,      -5.859369747,      -5.512579074,      -10.25477222
          0,           0,        4202,      -7.669406662,      -5.698599976,      -5.860258369,      -5.509572721,      -10.26556561
          0,           0,        4203,      -7.668154842,      -5.705420336,      -5.861819336,      -5.513459399,      -10.24994326
          0,           0,        4204,      -7.679196687,      -5.701514578,      -5.862423656,      -5.518884526,      -10.26612222
          0,           0,        4205,      -7.678875968,      -5.698138772,       -5.86152753,      -5.514223376,      -10.25253481
          0,           0,        4206,      -7.658633656,      -5.702174763,       -5.86364616,      -5.508092813,      -10.26044789
          0,           0,        4207,      -7.679435626,       -5.70869501,      -5.865955307,      -5.520547308,      -10.25246301
          0,           0,        4208,       -7.68189296,      -5.704695815,       -5.86646166,      -5.522860091,      -10.26437156
          0,           0,        4209,      -7.683384234,      -5.706955814,        -5.8668336,      -5.524523202,      -10.24937262
          0,           0,        4210,      -7.681226821,      -5.705415977,      -5.868137434,      -5.523882346,       -10.2636586
          0,           0,        4211,      -7.688982679,      -5.711432657,      -5.869730856,      -5.528266195,      -10.24875979
          0,           0,        4212,      -7.685724046,      -5.707712414,      -5.870607546,      -5.527512264,      -10.25678721
          0,           0,        4213,      -7.691080109,      -5.710120381,      -5.871950909,      -5.531091399,       -10.2507498
          0,           0,        4214,      -7.690953822,      -5.708406359,      -5.872713808,      -5.531270758,      -10.26133725
          0,           0,        4215,       -7.68998664,      -5.714616309,      -5.874320478,      -5.531087501,      -10.24512516
          0,           0,        4216,      -7.687479721,      -5.710366278,      -5.874940369,      -5.529987906,       -10.2612037
          0,           0,        4217,      -7.684202148,      -5.712957237,      -5.876262213,      -5.528179124,      -10.24849838
          0,           0,        4218,      -7.682329022,       -5.71104641,      -5.876620767,      -5.527370189,      -10.25731037
          0,           0,        4219,      -7.676543774,      -5.717542131,      -5.878813409,      -5.524087669,      -10.24739323
          0,           0,        4220,      -7.678542855,      -5.712652819,      -5.878955219,      -5.524323784,      -10.25867701
          0,           0,        4221,      -7.666341558,      -5.715635669,       -5.88026398,      -5.518898231,      -10.24326435
          0,           0,        4222,      -7.670173355,      -5.713774137,      -5.881187803,      -5.520661135,      -10.25949287
          0,           0,        4223,      -7.669033664,      -5.720256856,      -5.883046338,      -5.520583189,      -10.24563281
          0,           0,        4224,      -7.671473456,      -5.715820083,      -5.883045956,      -5.522493114,       -10.2561409
          0,           0,        4225,      -7.668085663,      -5.718426271,      -5.884494056,       -5.52078706,       -10.2472887
          0,           0,        4226,       -7.67295791,       -5.71653083,      -5.885117414,      -5.523876145,      -10.25785534
          0,           0,        4227,      -7.674152459,      -5.722703712,      -5.886884562,      -5.525627147,      -10.24130103
          0,           0,        4228,      -7.678898998,      -5.718589257,      -5.887275046,      -5.528454355,      -10.25884102
          0,           0,        4229,      -7.682182014,      -5.721141012,      -5.888449942,      -5.531103798,      -10.24686069
          0,           0,        4230,      -7.687167803,      -5.718511975,       -5.88702367,      -5.534523362,      -10.25648299
          0,           0,        4231,      -7.674909929,      -5.725664827,      -5.889994499,      -5.528403022,      -10.24609357
          0,           0,        4232,      -7.696455109,      -5.714678061,      -5.878456579,      -5.538370987,      -10.25682482
          0,           0,        4233,      -7.518966485,      -5.708743292,      -5.875229661,      -5.289900784,      -10.24628375
          0,           0,        4234,      -7.567219588,      -5.720307475,      -5.889209543,      -5.482937035,      -10.25422636
          0,           0,        4235,      -7.615527721,      -5.724226271,       -5.89108681,      -5.490925654,      -10.24734641
          0,           0,        4236,      -7.638819226,      -5.722302762,      -5.893575086,      -5.519539371,      -10.25954421
          0,           0,        4237,      -7.655174861,      -5.725826201,      -5.893738171,      -5.524005533,      -10.24663619
          0,           0,        4238,      -7.703535485,      -5.723366974,      -5.894828288,      -5.541358488,      -10.26116755
          0,           0,        4239,      -7.692678856,      -5.715145616,       -5.88231883,      -5.491707118,      -10.24687797
          0,           0,        4240,       -7.46637527,      -5.586258276,      -5.869831319,      -5.379774079,      -10.26127981
          0,           0,        4241,      -7.623740101,      -5.665457381,      -5.892299136,      -5.492639347,      -10.24532596
          0,           0,        4242,      -7.647127306,      -5.678540548,      -5.894288787,      -5.504780372,      -10.26327554
          0,           0,        4243,      -7.646120168,      -5.701355335,      -5.898460191,      -5.510368774,      -10.25067847
          0,           0,        4244,      -7.663447209,      -5.723389939,      -5.898894134,      -5.526724902,      -10.26191025
          0,           0,        4245,      -7.678911778,      -5.713506354,      -5.899672066,       -5.53898779,      -10.25275748
          0,           0,        4246,       -7.67992393,      -5.659660807,       -5.89070894,      -5.530613049,      -10.26363333
          0,           0,        4247,      -7.651837221,      -5.730901498,      -5.902208504,      -5.522313613,      -10.24352876
          0,           0,        4248,      -7.688580897,      -5.729628165,      -5.902614029,       -5.54554555,      -10.26676518
          0,           0,        4249,      -7.699209452,      -5.732864334,      -5.903545778,      -5.552730968,      -10.25462282
          0,           0,        4250,      -7.703462246,      -5.732951523,      -5.903309963,      -5.555667343,      -10.26340867
          0,           0,        4251,      -7.707034662,      -5.740059926,      -5.905117069,       -5.55832043,      -10.25625959
          0,           0,        4252,      -7.714556082,      -5.735488008,         -5.904845,       -5.56326926,      -10.26951294
          0,           0,        4253,      -7.714731598,       -5.73644075,      -5.904559043,      -5.563829012,      -10.25507801
          0,           0,        4254,      -7.711815519,      -5.736761898,      -5.905420224,       -5.56266855,      -10.27194562
          0,           0,        4255,      -7.720889883,      -5.742617927,      -5.906578624,      -5.568656344,      -10.25813806
          0,           0,        4256,      -7.724903151,      -5.740111649,      -5.906585123,      -5.571622573,      -10.26807465
          0,           0,        4257,      -7.730048278,       -5.74308292,      -5.907247884,      -5.575103797,      -10.26232917
          0,           0,        4258,      -7.734044894,      -5.741064715,      -5.907302809,      -5.577954143,      -10.27513029
          0,           0,        4259,      -7.736160197,      -5.747654261,      -5.907669065,      -5.579999373,       -10.2598579
          0,           0,        4260,       -7.73491488,      -5.743456726,       -5.90796153,      -5.579399772,      -10.27743127
          0,           0,        4261,      -7.740561548,      -5.746082252,      -5.908070056,      -5.583204393,      -10.26391484
          0,           0,        4262,      -7.733340766,      -5.745014778,      -5.908626391,      -5.580411461,       -10.2728808
          0,           0,        4263,      -7.743394581,      -5.752421302,      -5.909954804,      -5.586851487,      -10.26693525
          0,           0,        4264,       -7.74737128,       -5.74759981,      -5.909612556,      -5.589618643,      -10.28095422
          0,           0,        4265,      -7.744682043,      -5.749428577,       -5.90936868,      -5.588660582,      -10.26552304
          0,           0,        4266,      -7.740528978,      -5.748711801,      -5.909944089,      -5.586974571,      -10.28420972
          0,           0,        4267,      -7.745801355,        -5.7554234,      -5.911000292,      -5.590843757,      -10.27008964
          0,           0,        4268,      -7.745717127,       -5.75145798,      -5.910537111,        -5.5918121,      -10.28206086
          0,           0,        4269,      -7.745834559,      -5.755005398,      -5.911324717,      -5.592673273,      -10.27434517
          0,           0,        4270,      -7.748546329,      -5.752874343,      -5.911317334,      -5.594749418,      -10.28791503
          0,           0,        4271,      -7.747529905,      -5.760559172,      -5.912452223,      -5.595560316,      -10.27109999
          0,           0,        4272,      -7.752288912,      -5.755732519,      -5.912276112,      -5.598447073,      -10.29155191
          0,           0,        4273,      -7.751007374,      -5.759041451,      -5.912631643,      -5.598608304,      -10.27790593
          0,           0,        4274,      -7.749397627,      -5.756910934,      -5.912249488,      -5.598761832,      -10.29028177
          0,           0,        4275,      -7.749687272,      -5.765034418,      -5.913856734,      -5.599632812,      -10.28043871
          0,           0,        4276,      -7.757596631,      -5.760052566,      -5.913464877,      -5.604604336,      -10.29520671
          0,           0,        4277,       -7.75438574,       -5.76318922,      -5.913766341,      -5.603384018,      -10.27794692
          0,           0,        4278,      -7.755444935,      -5.761609079,      -5.914023146,      -5.604945817,      -10.29900963
          0,           0,        4279,      -7.758268602,      -5.769549388,      -5.915203243,      -5.607598591,      -10.28401095
          0,           0,        4280,      -7.761456128,      -5.763189238,      -5.913512504,      -5.609521416,      -10.29722379
          0,           0,        4281,      -7.750914639,      -5.768065562,      -5.914947712,      -5.604195304,      -10.28769708
          0,           0,        4282,      -7.760872148,      -5.765112672,      -5.914371427,      -5.610651915,      -10.30136237
          0,           0,        4283,      -7.755418906,      -5.774377064,      -5.916430437,      -5.608711963,      -10.28050196
          0,           0,        4284,      -7.765906509,      -5.769397092,      -5.916253959,      -5.615473219,      -10.30613077
          0,           0,        4285,      -7.763163434,      -5.773015855,      -5.916731984,      -5.614997346,      -10.29149167
          0,           0,        4286,      -7.763676059,      -5.770718988,      -5.916480393,       -5.61606727,      -10.30334404
          0,           0,        4287,      -7.761036668,      -5.778640073,       -5.91791096,      -5.614330448,      -10.29359435
          0,           0,        4288,      -7.764796801,      -5.774043656,      -5.917591944,      -5.618300772,      -10.30935543
          0,           0,        4289,      -7.760432858,       -5.77776992,      -5.918051987,      -5.617299238,       -10.2930063
          0,           0,        4290,      -7.761986737,      -5.775772289,      -5.918489561,      -5.618780273,      -10.31342092
          0,           0,        4291,      -7.763642148,      -5.784342523,      -5.919867889,      -5.620781919,      -10.29729065
          0,           0,        4292,      -7.765310642,       -5.77905487,      -5.919558359,      -5.622944212,      -10.31045581
          0,           0,        4293,      -7.761877517,      -5.781820844,      -5.919936748,      -5.621632875,      -10.30157906
          0,           0,        4294,      -7.753776826,      -5.780685911,      -5.920447337,      -5.617386874,      -10.31744649
          0,           0,        4295,      -7.762525265,      -5.788271117,      -5.920752118,       -5.62314435,      -10.29908306
          0,           0,        4296,       -7.74523453,      -5.784119475,      -5.921494659,      -5.614487131,      -10.32020822
          0,           0,        4297,      -7.761910404,      -5.787868842,      -5.922142394,       -5.62516438,      -10.30480802
          0,           0,        4298,      -7.757641583,      -5.785930364,      -5.922902577,      -5.624394712,      -10.31478208
          0,           0,        4299,      -7.764887657,      -5.794960142,      -5.924534899,      -5.629770552,      -10.30778702
          0,           0,        4300,      -7.768922991,      -5.789350645,      -5.924405799,      -5.632973119,      -10.32470831
          0,           0,        4301,      -7.765254455,       -5.79292225,      -5.924667752,      -5.631826442,      -10.30582337
          0,           0,        4302,      -7.764351332,      -5.791004304,      -5.925420319,      -5.631928826,      -10.32871997
          0,           0,        4303,      -7.767349145,      -5.800151603,      -5.926956804,       -5.63516139,      -10.31154361
          0,           0,        4304,      -7.770121459,      -5.789989998,      -5.925159297,      -5.634138939,      -10.32624592
          0,           0,        4305,      -7.738497514,      -5.798172799,       -5.92689236,      -5.618079868,      -10.31575211
          0,           0,        4306,      -7.762245658,      -5.795911334,      -5.927868064,      -5.633474422,      -10.33297103
          0,           0,        4307,      -7.761856524,      -5.805277644,      -5.929469502,      -5.635515079,      -10.31236337
          0,           0,        4308,      -7.771478195,       -5.79944413,       -5.92968289,      -5.642589405,      -10.33701325
          0,           0,        4309,      -7.769467877,      -5.803447841,      -5.930528552,       -5.64257689,      -10.32020916
          0,           0,        4310,      -7.769958583,      -5.798366693,      -5.929313735,      -5.641612895,      -10.33410644
          0,           0,        4311,      -7.753456026,      -5.810047785,      -5.932002269,      -5.632959908,      -10.32225974
          0,           0,        4312,      -7.769950055,      -5.800304399,       -5.93159561,      -5.643861145,      -10.33997947
          0,           0,        4313,      -7.746025059,       -5.80689952,       -5.93172407,      -5.630342216,      -10.31939912
          0,           0,        4314,      -7.752091157,      -5.805465683,      -5.933962367,      -5.636465663,      -10.34397302
          0,           0,        4315,      -7.770391688,      -5.814670873,      -5.935485549,      -5.648410466,      -10.32601206
          0,           0,        4316,      -7.770468751,      -5.806736801,       -5.93372154,      -5.649210365,      -10.34224459
          0,           0,        4317,      -7.744788604,      -5.810593655,      -5.934763768,      -5.636207362,      -10.32913876
          0,           0,        4318,      -7.749529242,      -4.369464583,      -4.466676097,      -4.485666534,       -10.3451632
          0,           0,        4319,      -7.253732115,      -5.677598799,      -5.875344136,      -5.112796236,       -10.3267124
          0,           0,        4320,      -7.179084908,      -5.444947043,      -5.754789975,      -5.104121277,      -10.34596197
          0,           0,        4321,      -7.243122034,      -5.671003962,      -5.899531156,      -5.140527067,      -10.33127686
          0,           0,        4322,      -7.437786615,      -5.714968888,      -5.923915108,      -5.307341785,      -10.34586003
          0,           0,        4323,      -7.550514883,      -5.759775745,      -5.935166188,      -5.439794684,      -10.33441534
          0,           0,        4324,      -7.608364719,      -5.777927469,      -5.939519404,      -5.518473869,      -10.35378479
          0,           0,        4325,      -7.643816608,      -5.794585606,       -5.94031111,      -5.557947882,      -10.33311078
          0,           0,        4326,      -7.671700285,      -5.579814601,      -5.701282602,       -5.10218014,       -10.3569476
          0,           0,        4327,      -7.140598817,      -5.822556825,      -5.934849731,      -5.085413123,      -10.33655019
          0,           0,        4328,      -7.508295142,      -5.817102256,        -5.9328789,      -5.439831308,      -10.35011734
          0,           0,        4329,      -7.611893901,      -5.822448269,      -5.944620042,      -5.529745613,      -10.34200672
          0,           0,        4330,      -7.658207111,      -5.820329858,      -5.946263597,      -5.570865746,      -10.36001557
          0,           0,        4331,      -7.705257341,      -5.830317089,       -5.94706758,      -5.609404063,      -10.33709106
          0,           0,        4332,      -7.747069048,      -5.823775599,      -5.948681178,      -5.642046713,      -10.36225727
          0,           0,        4333,      -7.757383796,      -5.827933932,       -5.94927956,      -5.653777141,      -10.34322043
          0,           0,        4334,      -7.765047065,      -5.824994812,      -5.950234743,      -5.659661987,      -10.35560035
          0,           0,        4335,      -7.770180703,      -5.835680892,      -5.952035869,      -5.664215554,        -10.344848
          0,           0,        4336,      -7.775791399,      -5.823543649,      -5.946499368,      -5.668780887,      -10.36419823
          0,           0,        4337,      -7.174635523,      -5.829507965,      -5.916032579,      -4.634986672,       -10.3416392
          0,           0,        4338,      -7.255037637,      -5.828562631,      -5.946278317,      -5.124540422,      -10.36612258
          0,           0,        4339,      -7.236908238,      -5.838995486,      -5.949826527,      -5.074728472,      -10.34511961
          0,           0,        4340,      -7.206603101,      -5.831390181,      -5.949738469,       -5.19660547,      -10.36012722
          0,           0,        4341,      -7.250431945,      -5.834799093,      -5.952834971,      -5.174007452,      -10.34867771
          0,           0,        4342,      -7.262079822,       -5.83183563,      -5.952295476,       -5.44598878,      -10.36669256
          0,           0,        4343,      -7.339771757,      -5.841093279,      -5.954033848,      -5.457820177,      -10.34398838
          0,           0,        4344,      -7.448630949,      -5.834463417,      -5.957393549,      -5.453843597,      -10.36900815
          0,           0,        4345,      -7.491225615,      -5.834211625,      -5.952999745,      -5.352020574,      -10.34730476
          0,           0,        4346,      -7.423033476,      -5.834925162,       -5.95813198,      -5.496432321,      -10.35422247
          0,           0,        4347,      -7.565192262,      -5.843515093,      -5.959473772,      -5.375784798,      -10.34931579
          0,           0,        4348,      -7.670956579,      -5.837358724,      -5.958294939,      -5.552391167,      -10.36893856
          0,           0,        4349,       -7.69665033,      -5.840981406,      -5.960737441,      -5.631417997,      -10.34341759
          0,           0,        4350,      -7.725972089,      -5.837731837,      -5.960964591,      -5.590557116,      -10.37155235
          0,           0,        4351,      -7.722686686,      -5.847581314,      -5.962570029,      -5.542341678,      -10.34946039
          0,           0,        4352,       -7.71102199,      -5.839486007,      -5.960978278,      -5.636191633,      -10.36592997
          0,           0,        4353,      -7.712825047,      -5.844606448,       -5.96303184,      -5.641607135,      -10.35210437
          0,           0,        4354,      -7.722401063,      -5.840200377,        -5.9625656,      -5.656941653,      -10.36938001
          0,           0,        4355,      -7.708305914,      -5.851380373,      -5.964822684,      -5.660432131,      -10.34023606
          0,           0,        4356,      -7.755288262,       -5.84334541,      -5.964592951,       -5.68561827,      -10.37204279
          0,           0,        4357,      -7.756661364,      -5.847232096,      -5.964902378,      -5.671462883,      -10.35082452
          0,           0,        4358,      -7.752478977,      -5.843065253,      -5.964402597,      -5.663761519,      -10.36630151
          0,           0,        4359,      -7.771231692,      -5.854132091,      -5.966520898,      -5.669917002,      -10.35096746
          0,           0,        4360,      -7.775829008,      -5.837188006,      -5.960679035,      -5.524520823,      -10.36995098
          0,           0,        4361,      -7.652648498,      -5.845450608,      -5.958976878,      -5.456046256,      -10.34492517
          0,           0,        4362,      -7.644142083,      -5.845675963,      -5.965792343,      -5.645617786,      -10.37174467
          0,           0,        4363,      -7.695473219,      -5.855818508,      -5.967428975,        -5.6759364,      -10.35038053
          0,           0,        4364,      -7.720836487,      -5.845638248,      -5.965366036,      -5.672997858,      -10.36739662
          0,           0,        4365,      -7.712941085,      -5.852048318,      -5.966755474,      -5.663424437,      -10.35158622
          0,           0,        4366,      -7.770235786,      -5.685360391,      -5.812147659,      -5.600321502,      -10.36770943
          0,           0,        4367,      -7.536364184,      -5.856190814,      -5.961836354,      -5.467069833,      -10.34568961
          0,           0,        4368,      -7.761809966,      -5.851030457,       -5.96824953,      -5.678514618,      -10.37160723
          0,           0,        4369,      -7.769141459,      -5.855532143,      -5.969652568,      -5.683634684,      -10.34964633
          0,           0,        4370,      -7.796606742,      -5.850927858,      -5.968852783,       -5.69990861,      -10.35920931
          0,           0,        4371,      -7.792442254,      -5.862445682,      -5.970933954,      -5.696042506,      -10.35050872
          0,           0,        4372,      -7.810195373,       -5.85294544,      -5.969607359,       -5.70517723,      -10.36965834
          0,           0,        4373,      -7.803068507,      -5.857699183,      -5.969811039,       -5.69677032,      -10.34617414
          0,           0,        4374,      -7.801411045,      -5.852633753,       -5.96984801,       -5.70016376,      -10.37086984
          0,           0,        4375,      -7.802303525,      -5.865354368,      -5.971648035,      -5.702663331,      -10.34815495
          0,           0,        4376,      -7.820277062,      -5.856681773,       -5.97128446,      -5.709523764,      -10.36420395
          0,           0,        4377,      -7.820330636,       -5.86144307,      -5.971980516,      -5.712080763,      -10.35142587
          0,           0,        4378,      -7.823079414,      -5.857112247,      -5.971825115,      -5.713541898,      -10.36929204
          0,           0,        4379,      -7.820254416,      -5.868018149,      -5.972594971,      -5.711238769,      -10.34431921
          0,           0,        4380,      -7.816796588,      -5.858304147,      -5.971701349,       -5.70768272,      -10.36965058
          0,           0,        4381,       -7.80181838,      -5.864191659,      -5.972650931,      -5.697849145,      -10.34862348
          0,           0,        4382,      -7.814264065,      -5.857226876,      -5.971248264,      -5.705598906,      -10.36086781
          0,           0,        4383,       -7.78481834,      -5.871692838,      -5.974301712,      -5.687742292,      -10.34845686
          0,           0,        4384,      -7.816794811,      -5.863063396,      -5.974163605,      -5.709949304,      -10.36860523
          0,           0,        4385,      -7.812373566,      -5.865561659,      -5.971877363,      -5.705704164,      -10.34564245
          0,           0,        4386,      -7.784524912,      -5.862961409,      -5.973633605,      -5.683535476,       -10.3680286
          0,           0,        4387,      -7.811738528,      -5.851503158,      -5.952684234,      -5.699264318,      -10.34410506
          0,           0,        4388,      -7.462162518,      -5.772536177,      -5.913779176,      -5.274109006,       -10.3657485
          0,           0,        4389,      -7.697508097,      -5.853488108,      -5.960402575,      -5.626407038,      -10.33929572
          0,           0,        4390,      -7.639884199,      -5.856260143,      -5.973244751,      -5.537996719,      -10.36769461
          0,           0,        4391,      -7.700382417,       -5.87099216,      -5.976647345,      -5.598766221,      -10.34559933
          0,           0,        4392,      -7.763302739,      -5.866096936,      -5.976434561,       -5.66124627,      -10.36113609
          0,           0,        4393,      -7.793578766,      -5.870841881,      -5.977601387,      -5.694005932,      -10.34751136
          0,           0,        4394,      -7.810651959,      -5.866849499,      -5.977860177,      -5.708124147,      -10.36442704
          0,           0,        4395,       -7.81019202,      -5.880138582,      -5.979244557,      -5.711823819,      -10.33762493
          0,           0,        4396,      -7.817098646,      -5.871096434,      -5.979070658,      -5.720725584,      -10.36580746
          0,           0,        4397,      -7.826994338,      -5.876262005,       -5.97982665,      -5.724563262,      -10.34581628
          0,           0,        4398,      -7.828003453,      -5.871221223,      -5.977345511,      -5.724978575,      -10.36063223
          0,           0,        4399,      -7.796911276,      -5.884140966,      -5.980629257,      -5.700423207,      -10.34382928
          0,           0,        4400,      -7.831112754,      -5.823329491,      -5.891856805,      -5.691230206,      -10.36031023
          0,           0,        4401,       -7.58922173,      -5.879335057,      -5.975839903,      -5.520902107,      -10.34059665
          0,           0,        4402,      -7.805563006,      -5.875588879,      -5.981355243,      -5.712064249,      -10.36391437
          0,           0,        4403,      -7.809793565,      -5.888152189,      -5.984135941,      -5.715306719,      -10.34186757
          0,           0,        4404,      -7.829622056,      -5.878485196,       -5.98318205,      -5.729693596,      -10.35522635
          0,           0,        4405,       -7.81833114,      -5.883654174,      -5.984376075,       -5.72418456,      -10.34416855
          0,           0,        4406,      -7.828249685,      -5.879034523,       -5.98485638,      -5.730930166,      -10.36234223
          0,           0,        4407,      -7.833309638,      -5.890125144,      -5.983519124,      -5.735597264,      -10.33886303
          0,           0,        4408,      -7.796265213,      -5.881947899,      -5.985332301,      -5.704772169,      -10.36191538
          0,           0,        4409,      -7.829205611,       -5.87389137,      -5.967503093,      -5.729865538,      -10.33964639
          0,           0,        4410,      -7.537894735,      -5.871925542,      -5.961584159,      -5.433734468,      -10.35947552
          0,           0,        4411,      -7.693138053,      -5.893960957,      -5.985029754,      -5.640813492,       -10.3343735
          0,           0,        4412,      -7.722356148,      -5.883304259,      -5.986572883,      -5.668159001,      -10.36190262
          0,           0,        4413,      -7.740395437,      -5.888801962,      -5.989330162,      -5.679467229,      -10.34157857
          0,           0,        4414,      -7.781364091,      -5.885652788,       -5.99024064,      -5.703457323,      -10.35544989
          0,           0,        4415,      -7.822770604,      -5.894822152,      -5.989100087,        -5.7234097,      -10.34020261
          0,           0,        4416,      -7.802417714,      -5.887550691,       -5.99145502,      -5.716544202,       -10.3576787
          0,           0,        4417,      -7.812815168,      -5.893938496,      -5.993675975,      -5.729788031,      -10.33416464
          0,           0,        4418,      -7.835421634,      -5.888888035,      -5.994344376,      -5.744837608,      -10.35959422
          0,           0,        4419,      -7.839679397,       -5.90249557,      -5.996550627,      -5.749874185,      -10.33824595
          0,           0,        4420,      -7.845179179,      -5.892061552,      -5.995438016,      -5.754053496,      -10.35336698
          0,           0,        4421,      -7.837558113,      -5.896917884,      -5.997079782,      -5.746471608,      -10.33937835
          0,           0,        4422,      -7.838577337,        -5.8922905,      -5.997678524,      -5.750988182,      -10.35622817
          0,           0,        4423,      -7.843560106,      -5.906427789,      -6.000115623,      -5.755197169,       -10.3307596
          0,           0,        4424,      -7.850789799,      -5.895749286,       -6.00011143,       -5.75920001,      -10.35727001
          0,           0,        4425,      -7.846719298,      -5.900859457,      -6.001307666,       -5.75864962,      -10.33725396
          0,           0,        4426,      -7.845588028,      -5.893552761,      -5.997813219,      -5.757633952,      -10.35250097
          0,           0,        4427,      -7.803932202,      -5.909541393,      -6.002625401,       -5.72050911,      -10.33595173
          0,           0,        4428,      -7.846897751,      -5.897538748,      -6.002518127,      -5.759861268,      -10.35155638
          0,           0,        4429,      -7.829763713,      -5.903431694,      -6.003039751,      -5.744266079,      -10.33635992
          0,           0,        4430,      -7.839363967,      -5.889464767,      -5.996201941,      -5.753660535,      -10.35048387
          0,           0,        4431,      -7.743264045,      -5.905330544,      -5.997471143,      -5.662898692,       -10.3339721
          0,           0,        4432,      -7.807156041,      -5.902238354,      -6.007376362,      -5.733370764,      -10.34744088
          0,           0,        4433,      -7.821101984,      -5.905586796,      -6.007993105,      -5.743353037,      -10.33582287
          0,           0,        4434,      -7.818624797,      -5.900446116,      -6.009551455,      -5.740840145,      -10.35190696
          0,           0,        4435,      -7.820394459,       -5.91719218,      -6.011842141,      -5.742078755,      -10.32927921
          0,           0,        4436,       -7.85074952,      -5.905209618,      -6.012414524,      -5.763811509,       -10.3525094
          0,           0,        4437,      -7.851065528,      -5.853558983,      -5.989472686,      -5.748705705,      -10.33235239
          0,           0,        4438,      -7.697663507,      -5.903760222,      -6.010406789,      -5.636988372,      -10.34334695
          0,           0,        4439,      -7.832804937,      -5.920620458,      -6.016962758,      -5.750103374,      -10.33241428
          0,           0,        4440,      -7.845355887,       -5.90940702,      -6.017232886,      -5.761690847,      -10.34987003
          0,           0,        4441,      -7.855145456,      -5.913340286,      -6.016372123,      -5.770283532,      -10.32807029
          0,           0,        4442,      -7.845102815,      -5.909285603,      -6.018710867,      -5.761497396,      -10.34986704
          0,           0,        4443,      -7.863790382,      -5.923560485,      -6.020628419,      -5.778623517,      -10.32848838
          0,           0,        4444,      -7.862383518,       -5.91309852,      -6.021431406,      -5.777580417,      -10.33838465
          0,           0,        4445,      -7.865552667,      -5.918239845,      -6.022979546,      -5.780275051,      -10.33091134
          0,           0,        4446,      -7.869111127,      -5.913030448,      -6.023612475,      -5.782758975,      -10.34751068
          0,           0,        4447,      -7.871493549,      -5.928020742,      -6.025369524,      -5.785257232,      -10.32456416
          0,           0,        4448,      -7.868477973,      -5.916579846,      -6.026039599,       -5.78161179,       -10.3475745
          0,           0,        4449,       -7.87396336,      -5.921440346,      -6.027082989,      -5.787084055,      -10.32801401
          0,           0,        4450,      -7.870807328,      -5.916194757,      -6.027606909,      -5.784610065,      -10.33921773
          0,           0,        4451,       -7.87501127,      -5.932088481,      -6.030714878,      -5.787751743,      -10.32794836
          0,           0,        4452,      -7.881232824,      -5.919997092,      -6.030611425,      -5.792488276,      -10.34514745
          0,           0,        4453,      -7.876324385,      -5.924584472,      -6.030447708,      -5.789519068,      -10.32392938
          0,           0,        4454,      -7.864251266,       -5.91964415,       -6.03196135,      -5.778269557,      -10.34468941
          0,           0,        4455,      -7.878521794,      -5.934481746,      -6.033879064,      -5.790566339,      -10.32376268
          0,           0,        4456,      -7.863577324,      -5.923315032,      -6.034581268,      -5.778441303,      -10.33522356
          0,           0,        4457,      -7.879776261,      -5.928802903,      -6.036173027,      -5.791512138,      -10.32666774
          0,           0,        4458,      -7.881506539,      -5.475628862,      -5.708152788,      -5.471038948,      -10.34192326
          0,           0,        4459,      -7.417903476,      -5.923467081,      -6.022501025,      -5.369316755,      -10.31912381
          0,           0,        4460,      -7.649072082,        -5.9173426,      -6.031612116,      -5.595441063,      -10.34262132
          0,           0,        4461,      -7.833352627,      -5.929874504,      -6.039693501,      -5.747822869,      -10.32365867
          0,           0,        4462,      -7.864441009,      -5.924256047,      -6.039006331,      -5.774152366,      -10.33719975
          0,           0,        4463,      -7.842109244,      -5.941752746,       -6.04275173,      -5.755878262,      -10.32325458
          0,           0,        4464,      -7.886370168,      -5.929206276,      -6.042589696,      -5.793341751,      -10.33973921
          0,           0,        4465,      -7.876722593,      -5.934693901,      -6.043949528,      -5.787617098,      -10.31738055
          0,           0,        4466,      -7.885964616,      -5.928976545,      -6.044356451,      -5.794297386,      -10.34034621
          0,           0,        4467,      -7.887081965,      -5.945942786,       -6.04716037,      -5.795067591,      -10.32134759
          0,           0,        4468,       -7.89754394,      -5.930492213,      -6.042750409,      -5.802337998,      -10.33589783
          0,           0,        4469,      -7.849989828,      -5.937799003,      -6.046308987,      -5.761157604,      -10.32176048
          0,           0,        4470,      -7.892316333,      -5.907741695,      -6.017919887,      -5.798109484,      -10.33491142
          0,           0,        4471,      -7.528237902,       -5.93921629,      -6.012202358,      -5.473389643,      -10.31894075
          0,           0,        4472,      -7.766257992,      -5.934356506,      -6.042800889,       -5.68374167,      -10.33009372
          0,           0,        4473,      -7.779736109,      -5.939297001,        -6.0466928,      -5.700416979,      -10.32107623
          0,           0,        4474,      -7.789479397,      -5.933534213,      -6.050234072,      -5.697981782,      -10.33596614
          0,           0,        4475,      -7.820356452,      -5.952536376,      -6.053183249,      -5.738703657,      -10.31457528
          0,           0,        4476,      -7.879736536,      -5.938434871,      -6.053528565,      -5.784530298,      -10.33675813
          0,           0,        4477,       -7.87839858,      -5.943581995,      -6.054391171,      -5.785747611,      -10.31824029
          0,           0,        4478,      -7.884318299,      -5.938511334,      -6.054915787,      -5.788486939,      -10.33019922
          0,           0,        4479,      -7.892650532,      -5.955751128,      -6.057887488,      -5.794521149,      -10.31801457
          0,           0,        4480,      -7.903162389,      -5.941445971,      -6.056934112,      -5.802967591,      -10.33425674
          0,           0,        4481,      -7.894330886,       -5.94731608,      -6.057255718,       -5.79698061,      -10.31432116
          0,           0,        4482,       -7.89070956,      -5.941175781,      -6.058330091,      -5.790678194,      -10.33467837
          0,           0,        4483,       -7.90464794,      -5.959002219,      -6.060989454,      -5.804064992,       -10.3149448
          0,           0,        4484,      -7.904900964,      -5.945340385,      -6.060694517,      -5.803407183,      -10.32783259
          0,           0,        4485,      -7.908752403,      -5.950848241,       -6.06206997,      -5.806178275,      -10.31772096
          0,           0,        4486,      -7.910342832,      -5.944540389,      -6.062128853,       -5.80661072,      -10.33263209
          0,           0,        4487,      -7.910574771,      -5.951664625,      -6.058522129,      -5.795063821,      -10.31119091
          0,           0,        4488,      -7.831584077,      -5.947598301,      -6.061438343,      -5.746999007,      -10.33265922
          0,           0,        4489,      -7.892120191,      -5.953680156,      -6.064765942,        -5.7905934,      -10.31518737
          0,           0,        4490,      -7.891365907,      -5.947577561,       -6.06516654,      -5.791107924,      -10.32569648
          0,           0,        4491,      -7.912236966,      -5.965848318,      -6.068337493,       -5.80719847,      -10.31476471
          0,           0,        4492,      -7.922572749,      -5.950318769,      -6.066746788,      -5.813584976,      -10.33088002
          0,           0,        4493,      -7.907160585,      -5.956198717,      -6.067148154,      -5.803545166,      -10.31062224
          0,           0,        4494,      -7.909575203,      -5.950475541,      -6.068574735,      -5.804492772,      -10.33168297
          0,           0,        4495,      -7.915709624,      -5.968805426,      -6.071340557,       -5.80871792,      -10.31249551
          0,           0,        4496,      -7.919639731,       -5.95433605,      -6.070782913,      -5.811506006,      -10.32431555
          0,           0,        4497,      -7.919785552,      -5.960110493,      -6.072161113,      -5.812226574,      -10.31466389
          0,           0,        4498,      -7.921951948,      -5.928764651,      -6.055000746,      -5.792013239,      -10.32931897
          0,           0,        4499,      -7.786951746,      -5.969838901,      -6.070313603,       -5.70866101,      -10.30827698
          0,           0,        4500,       -7.90786181,      -5.957103766,      -6.073900606,      -5.800577354,      -10.33025601
          0,           0,        4501,        -7.9015008,      -5.962837878,      -6.075470893,      -5.796464232,      -10.31235515
          0,           0,        4502,      -7.911729933,      -5.955498196,      -6.074256562,      -5.806638745,      -10.32269068
          0,           0,        4503,      -7.905094981,      -5.974967264,      -6.078223833,       -5.80252708,      -10.31191129
          0,           0,        4504,      -7.926493486,      -5.960331422,      -6.078316883,      -5.815538317,      -10.32903353
          0,           0,        4505,      -7.921677545,      -5.963537843,      -6.074299275,      -5.814262669,       -10.3099015
          0,           0,        4506,      -7.871755486,       -5.95897211,      -6.077812936,      -5.776626405,      -10.32858968
          0,           0,        4507,      -7.918544749,      -5.965056059,       -6.06550598,      -5.812390649,      -10.30841526
          0,           0,        4508,      -7.726933496,      -5.955652682,      -6.064200226,      -5.650758283,      -10.32729512
          0,           0,        4509,      -7.868806906,       -5.96833166,      -6.080560093,      -5.776137214,      -10.30608426
          0,           0,        4510,      -7.856333473,      -5.960561324,      -6.081384266,      -5.763072466,      -10.32909807
          0,           0,        4511,      -7.867061528,      -5.980343159,      -6.085793903,      -5.772658999,      -10.31068272
          0,           0,        4512,      -7.898621732,      -5.965923037,      -6.084640115,      -5.798933365,      -10.32453026
          0,           0,        4513,      -7.912637139,      -5.971366372,      -6.086582995,      -5.808586689,      -10.31219053
          0,           0,        4514,      -7.924275762,      -5.947298211,      -6.077910043,      -5.813548725,      -10.32614643
          0,           0,        4515,      -7.718655113,      -5.979575746,      -6.079097467,      -5.567442972,      -10.30271424
          0,           0,        4516,      -7.812245905,      -5.968855731,      -6.089164286,      -5.762155238,      -10.32825137
          0,           0,        4517,      -7.866424193,      -5.974079769,      -6.090827867,      -5.796113564,      -10.31175039
          0,           0,        4518,      -7.880953259,      -5.966606335,      -6.090687053,      -5.801594616,      -10.32425982
          0,           0,        4519,      -7.881698149,      -5.987544113,      -6.094504636,      -5.796906128,      -10.31102884
          0,           0,        4520,      -7.921981141,      -5.969089456,      -6.093464591,      -5.817992293,      -10.32662253
          0,           0,        4521,       -7.90048536,      -5.978395272,      -6.096079081,      -5.810251839,      -10.30459729
          0,           0,        4522,      -7.934045499,      -5.971187596,      -6.096897889,      -5.826605634,      -10.32908992
          0,           0,        4523,      -7.935324915,       -5.99145551,      -6.100316232,      -5.829416457,      -10.31078956
          0,           0,        4524,      -7.942863563,      -5.974521917,      -6.098381702,      -5.835613394,      -10.32462621
          0,           0,        4525,      -7.925514782,      -5.981272972,      -6.100968768,      -5.824948119,      -10.31285745
          0,           0,        4526,      -7.940041931,      -5.970932266,      -6.099601638,      -5.829210034,      -10.32732635
          0,           0,        4527,      -7.901569688,      -5.994214317,      -6.103904138,      -5.801096467,       -10.3055274
          0,           0,        4528,      -7.935248247,      -5.969976267,      -6.100719485,      -5.823837391,      -10.32967435
          0,           0,        4529,      -7.881712527,      -5.984296881,      -6.105558138,      -5.794200372,      -10.31244506
          0,           0,        4530,      -7.939746145,      -5.973041618,      -6.100818995,       -5.83698177,      -10.32663507
          0,           0,        4531,      -7.894459979,      -5.996968275,       -6.10768238,      -5.803499168,       -10.3123628
          0,           0,        4532,      -7.942062902,       -5.97740885,      -6.106278689,      -5.837342886,      -10.32703358
          0,           0,        4533,      -7.913014871,      -5.985489694,      -6.107152307,      -5.819122992,      -10.31392784
          0,           0,        4534,      -7.929728407,       -5.97642788,      -6.109462706,      -5.832159999,      -10.32710244
          0,           0,        4535,      -7.926029033,      -5.997727883,      -6.110778107,      -5.829267599,      -10.31285633
          0,           0,        4536,      -7.924263847,      -5.950851484,      -6.083509434,      -5.831126158,      -10.32870501
          0,           0,        4537,      -7.635594504,      -5.933497813,      -6.072199156,      -5.444003093,      -10.31442473
          0,           0,        4538,       -7.73518297,      -5.972485518,      -6.108962066,      -5.712863958,      -10.32493682
          0,           0,        4539,      -7.768440748,      -5.988390168,      -6.115004106,      -5.727939951,      -10.31532664
          0,           0,        4540,      -7.795018593,      -5.972712188,      -6.118063378,      -5.766238151,      -10.33202551
          0,           0,        4541,      -7.805360178,      -5.992115091,      -6.120845798,      -5.753484397,      -10.31301073
          0,           0,        4542,      -7.920134803,       -5.98010922,      -6.121924405,      -5.826259073,      -10.33399783
          0,           0,        4543,      -7.913593147,      -6.001507754,      -6.125799057,      -5.828771809,      -10.31509957
          0,           0,        4544,      -7.913432146,      -5.988989226,      -6.126103742,      -5.834484398,      -10.32886521
          0,           0,        4545,      -7.948015589,      -5.994376839,      -6.127924194,      -5.849258551,       -10.3191925
          0,           0,        4546,      -7.945135643,      -5.986313402,      -6.128269063,      -5.849099309,      -10.33494143
          0,           0,        4547,      -7.950879105,       -6.00842608,      -6.130484129,      -5.853676108,      -10.31398216
          0,           0,        4548,      -7.961940823,      -5.991122753,      -6.131375817,      -5.856367366,      -10.33715113
          0,           0,        4549,      -7.960739314,      -5.997118046,      -6.132983158,       -5.86005461,      -10.31932687
          0,           0,        4550,      -7.954357424,      -5.989785453,      -6.133656226,      -5.854471151,      -10.33032612
          0,           0,        4551,      -7.964556152,      -6.012383156,      -6.137914422,      -5.857925821,      -10.32035349
          0,           0,        4552,      -7.973964173,       -5.99449207,      -6.137547424,      -5.867990874,      -10.33871534
          0,           0,        4553,      -7.969885672,      -5.997025462,      -6.133058389,      -5.862445187,      -10.31937255
          0,           0,        4554,      -7.915555094,      -5.992075329,      -6.137239134,      -5.818998443,      -10.33968097
          0,           0,        4555,      -7.967039363,      -5.866229218,      -5.994904183,      -5.795118545,      -10.31896992
          0,           0,        4556,      -6.633124254,       -5.45607262,      -5.504573207,      -4.607310241,      -10.33834776
          0,           0,        4557,      -6.947212474,      -5.707714575,      -5.772232116,       -4.87988063,      -10.31520548
          0,           0,        4558,      -6.984821766,      -5.765265682,      -5.936838007,      -4.909278624,      -10.34249393
          0,           0,        4559,      -7.054997234,      -5.840685834,      -6.048012691,      -4.985608842,      -10.32370134
          0,           0,        4560,      -7.190334378,      -5.928953594,      -6.098480492,      -5.134592091,      -10.33752016
          0,           0,        4561,      -7.345447047,      -5.939879668,      -6.125852919,      -5.281098515,      -10.32721995
          0,           0,        4562,      -7.476906735,      -5.954799265,      -6.138208463,      -5.419912182,      -10.34456789
          0,           0,        4563,      -7.546272912,      -6.007038462,      -6.142157288,      -5.493284059,      -10.32357592
          0,           0,        4564,      -7.623671467,      -5.978481837,      -6.150031527,      -5.569555021,      -10.34602203
          0,           0,        4565,      -7.731134683,      -5.986299831,      -6.145737331,       -5.64477158,      -10.32718509
          0,           0,        4566,      -7.753181126,      -5.992540532,      -6.150475446,      -5.688907745,      -10.33376831
          0,           0,        4567,      -7.850051396,      -6.016594629,       -6.15901816,      -5.771489858,      -10.32931803
          0,           0,        4568,      -7.909694686,      -6.000541514,      -6.157314199,      -5.815197925,      -10.34789761
          0,           0,        4569,      -7.943786009,      -6.009048677,      -6.159240656,      -5.842587933,       -10.3256403
          0,           0,        4570,      -7.944200462,      -6.001110587,      -6.159684318,      -5.842984585,      -10.35066119
          0,           0,        4571,      -7.973823367,      -6.024144033,      -6.164821391,      -5.860184072,      -10.33099539
          0,           0,        4572,      -7.980190515,      -6.004888703,      -6.160617581,      -5.870608149,      -10.34646992
          0,           0,        4573,      -7.973768534,      -6.013999387,      -6.165269942,       -5.86557445,      -10.33499786
          0,           0,        4574,       -7.98599668,      -6.005078867,      -6.164582036,       -5.87216009,      -10.35190672
          0,           0,        4575,      -7.990409487,      -6.028392527,      -6.169368492,      -5.878034391,      -10.32766838
          0,           0,        4576,       -8.00379982,      -6.009480475,      -6.168397221,      -5.887091016,      -10.35515437
          0,           0,        4577,      -8.000262615,      -6.015574401,      -6.169703845,      -5.881483782,      -10.33627616
          0,           0,        4578,      -7.989753662,      -6.007031504,      -6.167854599,      -5.875561367,      -10.35154058
          0,           0,        4579,      -7.982605169,      -6.031875739,      -6.173955328,      -5.871336516,      -10.33758573
          0,           0,        4580,      -8.011766623,      -5.995182042,      -6.164968616,      -5.869512131,      -10.35610764
          0,           0,        4581,       -7.92663768,       -6.01853584,       -6.17223623,      -5.827850017,       -10.3326609
          0,           0,        4582,      -7.994415736,      -6.010607511,      -6.174364685,      -5.873629966,      -10.36001775
          0,           0,        4583,      -7.993175384,      -6.034769491,      -6.178954316,      -5.873898293,      -10.33970044
          0,           0,        4584,      -8.007852529,      -6.013837393,      -6.174321367,      -5.884008833,      -10.35636916
          0,           0,        4585,      -7.976870211,      -6.022472565,      -6.178237321,      -5.864222939,       -10.3428312
          0,           0,        4586,      -8.003826863,      -6.012088074,      -6.177046904,      -5.879423789,      -10.35967695
          0,           0,        4587,      -7.980123582,      -6.037738151,       -6.18304385,      -5.865517934,      -10.33410675
          0,           0,        4588,      -8.013442481,      -6.017861491,      -6.182376585,       -5.88799881,      -10.36455518
          0,           0,        4589,      -8.006191825,      -6.025546647,      -6.183866033,      -5.883757325,       -10.3449173
          0,           0,        4590,      -8.005904628,      -6.015636898,      -6.182692952,      -5.882987119,      -10.35935038
          0,           0,        4591,      -7.994681002,         -6.040095,      -6.187638142,      -5.877378384,      -10.34586688
          0,           0,        4592,      -8.009157198,      -6.020645046,      -6.186917202,      -5.884237792,      -10.36650729
          0,           0,        4593,      -8.006492436,      -6.027473407,      -6.186445362,      -5.885031851,      -10.34416221
          0,           0,        4594,      -7.991296924,       -6.01884549,      -6.187911078,      -5.873236204,      -10.36865337
          0,           0,        4595,      -8.009455991,      -6.042201535,      -6.191381362,       -5.88464204,       -10.3467706
          0,           0,        4596,      -7.992088326,      -6.023238397,      -6.190802863,      -5.875145268,      -10.36209602
          0,           0,        4597,      -8.007203178,      -6.031216046,       -6.19297108,      -5.885578663,      -10.35190318
          0,           0,        4598,      -8.010503197,      -6.017085815,      -6.190649155,      -5.883077928,      -10.37045064
          0,           0,        4599,      -7.973783071,      -6.045110603,      -6.193259866,      -5.861895752,       -10.3466808
          0,           0,        4600,      -7.984948888,      -5.921564205,      -6.146690713,      -5.810801515,      -10.37325951
          0,           0,        4601,      -6.816823732,      -5.704149056,      -5.605449685,      -4.800384072,      -10.35245995
          0,           0,        4602,      -7.127365341,      -5.922799211,      -5.887384375,      -5.061018372,      -10.36589997
          0,           0,        4603,      -7.139117986,      -5.958019325,      -6.032368629,      -5.061087522,       -10.3549898
          0,           0,        4604,      -7.240876217,      -5.976680447,      -6.117801049,      -5.167043021,      -10.37570449
          0,           0,        4605,      -7.373169034,      -6.005949678,      -6.174503032,       -5.30219719,      -10.35262743
          0,           0,        4606,      -7.503996823,      -6.004967146,      -6.179270941,      -5.435121429,      -10.37794797
          0,           0,        4607,      -7.602512341,      -6.043362242,      -6.190773988,      -5.548823304,      -10.35518503
          0,           0,        4608,      -7.696627618,      -6.023466754,      -6.200663794,      -5.634552548,      -10.36991803
          0,           0,        4609,        -7.8210505,      -6.034837158,      -6.202072094,      -5.742467318,       -10.3607817
          0,           0,        4610,      -7.885851569,      -6.024432678,      -6.203588028,      -5.793152834,      -10.38008963
          0,           0,        4611,      -7.922921819,      -6.051447827,      -6.207709087,      -5.824446727,      -10.35421622
          0,           0,        4612,      -7.960091395,       -6.03101324,      -6.208170425,      -5.852110099,       -10.3836566
          0,           0,        4613,      -7.984533771,      -6.039493344,      -6.210193588,      -5.871906987,      -10.36223689
          0,           0,        4614,      -7.981781961,      -6.027844918,      -6.208911238,      -5.871041854,      -10.37798358
          0,           0,        4615,      -8.004335916,      -6.052508754,       -6.21522242,      -5.883957552,      -10.36330073
          0,           0,        4616,      -8.016371577,      -6.028656604,      -6.212506974,      -5.892015159,      -10.38441269
          0,           0,        4617,       -7.99486224,      -6.035376191,      -6.213926407,      -5.883787208,      -10.36041608
          0,           0,        4618,      -8.006256852,      -6.022647092,      -6.214807038,      -5.885834154,      -10.38788528
          0,           0,        4619,      -8.018630179,      -5.993459462,      -6.182638521,        -5.8113749,      -10.36450222
          0,           0,        4620,      -7.820322023,      -6.015074521,      -6.209414768,       -5.74318554,      -10.38190847
          0,           0,        4621,      -7.976409425,      -6.019579263,       -6.21957782,      -5.868058257,      -10.36947141
          0,           0,        4622,      -7.978012817,      -6.003530203,       -6.21985352,      -5.869282061,      -10.38974615
          0,           0,        4623,      -7.990532294,      -5.931884976,      -6.131748647,      -5.789682163,      -10.36318677
          0,           0,        4624,      -7.688693973,      -5.987403653,      -6.204763837,       -5.63090974,      -10.39231833
          0,           0,        4625,      -7.902251521,       -5.99271022,      -6.223770137,      -5.807825882,      -10.37029366
          0,           0,        4626,      -7.930409296,      -5.980819812,      -6.223103238,      -5.837113067,      -10.38549045
          0,           0,        4627,      -7.969663215,      -5.999003231,      -6.229473984,      -5.869718323,      -10.37141973
          0,           0,        4628,      -7.978520897,      -5.984108304,        -6.2281937,      -5.875207827,      -10.39485058
          0,           0,        4629,      -7.975993818,      -5.991894904,      -6.221603282,      -5.875583416,      -10.36998823
          0,           0,        4630,      -7.922994251,      -5.988918617,      -6.226887362,      -5.834681925,      -10.39611127
          0,           0,        4631,       -7.97782613,      -5.959867796,      -6.103684335,      -5.859431095,      -10.37016391
          0,           0,        4632,       -7.71995486,      -5.995796278,      -6.220074273,      -5.658009033,      -10.39019733
          0,           0,        4633,      -7.969419283,      -6.006058038,      -6.232876093,      -5.870952082,      -10.37703876
          0,           0,        4634,      -7.959323173,        -5.9975971,      -6.234757791,      -5.861329572,      -10.39781923
          0,           0,        4635,      -7.970750278,      -6.013957282,      -6.231833265,       -5.87707406,      -10.37009741
          0,           0,        4636,      -7.935145088,      -6.001275303,      -6.236399336,      -5.840178107,      -10.40043224
          0,           0,        4637,       -7.97539913,      -6.009011903,      -6.239055103,       -5.88107573,        -10.376756
          0,           0,        4638,      -7.968163732,      -6.003086811,      -6.237254694,       -5.87374358,      -10.39294318
          0,           0,        4639,       -7.96652545,      -6.021675445,      -6.240931412,      -5.861287432,      -10.37829263
          0,           0,        4640,      -7.942613602,      -6.010289687,      -6.242657105,      -5.853754389,       -10.4009613
          0,           0,        4641,      -7.977617985,      -6.014486331,      -6.236670797,      -5.885467757,      -10.37653233
          0,           0,        4642,       -7.93890256,      -6.009128622,      -6.241242018,      -5.850486102,      -10.40314106
          0,           0,        4643,      -7.974977597,      -6.000701589,      -6.188308525,      -5.881774562,      -10.37607633
          0,           0,        4644,      -7.544119457,      -5.941616647,      -6.163606662,       -5.39219635,      -10.40244151
          0,           0,        4645,      -7.811687939,      -6.003272142,      -6.233388049,      -5.613943346,      -10.37265637
          0,           0,        4646,      -7.748941116,      -5.995655962,      -6.238933842,      -5.589410941,      -10.40539984
          0,           0,        4647,      -7.801583313,      -6.029703604,      -6.252247079,      -5.693189503,      -10.38125215
          0,           0,        4648,      -7.842933516,      -6.022973074,      -6.246529031,      -5.818163604,      -10.40167985
          0,           0,        4649,      -7.857502534,      -6.025630654,       -6.25133535,      -5.838016155,      -10.38419353
          0,           0,        4650,      -7.929915599,      -5.987299957,      -6.231782424,      -5.734940201,      -10.40382483
          0,           0,        4651,      -7.916137696,      -6.008256456,      -6.243033033,      -5.642172767,      -10.36661837
          0,           0,        4652,      -7.765767213,      -6.030922581,      -6.254208088,      -5.731179005,      -10.40838817
          0,           0,        4653,       -7.94987233,      -6.041581563,       -6.26025653,      -5.873327697,       -10.3848341
          0,           0,        4654,      -7.979967983,      -6.033964438,      -6.258333999,      -5.897408483,      -10.40035186
          0,           0,        4655,      -7.968856196,       -6.06205933,      -6.266467101,      -5.898102716,      -10.38583695
          0,           0,        4656,      -7.993220726,      -6.038042305,      -6.262862629,      -5.889921399,      -10.40944658
          0,           0,        4657,      -7.972370319,      -6.047631788,      -6.261868498,      -5.892320598,       -10.3816299
          0,           0,        4658,      -7.974613895,      -6.039278404,      -6.264406574,      -5.899411798,      -10.41240033
          0,           0,        4659,      -7.994697079,      -6.067150264,      -6.270333723,      -5.901452817,      -10.38585189
          0,           0,        4660,      -8.000214595,      -6.045448545,      -6.268006714,       -5.91078882,      -10.40344331
          0,           0,        4661,      -7.987105599,      -6.054659054,      -6.270460214,      -5.908110537,      -10.39041253
          0,           0,        4662,      -7.993408711,      -5.919169842,      -6.186962814,      -5.556646929,      -10.41222486
          0,           0,        4663,      -6.786429527,      -5.740181538,      -5.656615064,      -4.697066621,      -10.38297568
          0,           0,        4664,       -7.14022694,      -5.942503218,      -5.913469842,      -5.028260522,      -10.41469499
          0,           0,        4665,      -7.133508901,      -5.984347737,      -6.083763845,      -5.049006657,      -10.39095726
          0,           0,        4666,      -7.218317412,      -6.010105187,      -6.185256692,      -5.157856425,      -10.40876815
          0,           0,        4667,       -7.35687891,      -6.051110519,      -6.238824213,      -5.306201348,      -10.39167328
          0,           0,        4668,      -7.471811168,       -6.03902281,      -6.257733411,      -5.431604811,      -10.41574813
          0,           0,        4669,      -7.586898476,      -6.033445267,      -6.257688061,       -5.53423276,      -10.38687468
          0,           0,        4670,      -7.685287747,       -6.04814308,      -6.269364278,      -5.646734451,      -10.41757878
          0,           0,        4671,      -7.790373854,      -6.077510434,      -6.281115903,      -5.747102856,      -10.39207464
          0,           0,        4672,       -7.85641311,      -6.054936883,      -6.276186033,      -5.800247334,      -10.41215313
          0,           0,        4673,       -7.86742163,      -6.066098692,      -6.282240345,      -5.816566746,      -10.39613148
          0,           0,        4674,      -7.895985688,      -6.054512217,      -6.281260949,      -5.834889921,      -10.41888368
          0,           0,        4675,      -7.907407207,      -6.081481069,      -6.284755632,      -5.843339029,      -10.38800531
          0,           0,        4676,      -7.908843703,       -6.05900568,      -6.283361659,      -5.846956552,      -10.42135826
          0,           0,        4677,       -7.91314139,      -6.069610952,      -6.285502209,      -5.851004008,      -10.39697808
          0,           0,        4678,      -7.919160238,      -6.056601511,      -6.282366239,      -5.856568019,      -10.41614045
          0,           0,        4679,      -7.903994932,      -6.086022387,      -6.289355973,        -5.8475032,       -10.3973201
          0,           0,        4680,      -7.916307401,      -6.061460092,      -6.286417263,      -5.855487205,      -10.42161324
          0,           0,        4681,      -7.899292895,      -6.065135999,      -6.282892651,      -5.833558036,      -10.39030712
          0,           0,        4682,      -7.868627898,      -6.058739736,      -6.284711829,      -5.815367387,      -10.42500496
          0,           0,        4683,      -7.880191081,       -6.06708395,      -6.283846708,      -5.812327064,       -10.3973967
          0,           0,        4684,       -7.81417089,      -6.053881307,      -6.265938761,      -5.752141793,       -10.4192784
          0,           0,        4685,      -7.790225268,      -6.074006948,      -6.287003428,      -5.746173381,      -10.40017028
          0,           0,        4686,      -7.852402839,      -6.056453966,      -6.274455107,      -5.800564842,       -10.4227353
          0,           0,        4687,      -7.823791003,      -6.090272904,      -6.293768375,      -5.784711223,      -10.38433305
          0,           0,        4688,      -7.836460701,         -6.065949,      -6.291608827,      -5.793674283,      -10.42692851
          0,           0,        4689,      -7.827694756,      -5.998252293,      -6.252207602,      -5.709503564,      -10.39977189
          0,           0,        4690,      -7.530331674,      -5.926268546,       -6.22704839,      -5.435632928,      -10.41567516
          0,           0,        4691,      -7.676430696,      -6.060950397,      -6.287857375,      -5.584601355,       -10.4009498
          0,           0,        4692,      -7.745359928,      -6.039604087,      -6.288921802,      -5.668653336,      -10.42743476
          0,           0,        4693,      -7.755596676,      -6.055328378,      -6.286716252,      -5.707272753,       -10.3982618
          0,           0,        4694,      -7.757936266,      -6.055802307,      -6.285267625,      -5.707099597,      -10.42792935
          0,           0,        4695,      -7.759543007,      -6.050112914,      -6.237981047,      -5.732941292,      -10.39786833
          0,           0,        4696,      -7.678115869,      -6.072536224,      -6.289286079,      -5.648443405,      -10.41030501
          0,           0,        4697,      -7.749615812,      -6.079159924,      -6.294500623,      -5.727077427,      -10.40426228
          0,           0,        4698,      -7.749248199,      -6.067524069,      -6.294054275,      -5.721727759,      -10.42695359
          0,           0,        4699,      -7.742466282,      -5.658825859,      -6.120880696,      -5.371081942,      -10.39254631
          0,           0,        4700,      -7.281980966,      -5.747308775,      -6.076639696,      -5.220890521,      -10.42909746
          0,           0,        4701,      -7.436135696,      -5.949520265,      -6.233376982,      -5.350897398,      -10.40193251
          0,           0,        4702,      -7.572272955,       -5.98565194,      -6.263804709,      -5.485585518,      -10.42351113
          0,           0,        4703,      -7.615577188,      -6.042368849,      -6.286788374,      -5.561680728,      -10.40220469
          0,           0,        4704,      -7.637770895,      -6.027463827,      -6.256255765,      -5.603137849,      -10.42507487
          0,           0,        4705,      -7.603120432,      -6.069860975,      -6.287673488,       -5.57606805,      -10.38795401
          0,           0,        4706,      -7.659768844,      -6.065652879,      -6.294643923,      -5.645276612,      -10.42942461
          0,           0,        4707,      -7.661563169,      -6.100644551,      -6.299748692,      -5.652507347,      -10.40050537
          0,           0,        4708,      -7.669339036,      -6.078615737,      -6.294381906,      -5.657183738,      -10.42123486
          0,           0,        4709,      -7.665525203,      -6.094283164,      -6.298634038,      -5.654588441,      -10.40479318
          0,           0,        4710,      -7.663531605,       -6.08101641,      -6.295897299,        -5.6532729,      -10.42802345
          0,           0,        4711,      -7.661411116,      -6.111748061,       -6.29863364,       -5.65230839,      -10.39605117
          0,           0,        4712,      -7.652310188,      -6.085442161,       -6.29555053,      -5.643870168,      -10.42848639
          0,           0,        4713,      -7.646373742,      -6.100547852,      -6.298130426,      -5.637763157,      -10.40169253
          0,           0,        4714,      -7.643296682,      -6.086235692,      -6.296319654,      -5.636350389,      -10.41763782
          0,           0,        4715,      -7.637667904,      -6.119812175,      -6.301723439,      -5.631965564,      -10.40197176
          0,           0,        4716,      -7.634619896,      -6.091802178,      -6.298236647,      -5.630391658,      -10.42641937
          0,           0,        4717,      -7.628497757,      -6.099243139,       -6.28517954,      -5.624937052,      -10.39817355
          0,           0,        4718,      -7.609262799,      -6.090014141,      -6.292149584,       -5.60314398,      -10.42693009
          0,           0,        4719,      -7.618084496,      -6.115520668,      -6.291886311,      -5.615831101,      -10.39603022
          0,           0,        4720,      -7.604658104,      -6.093187071,      -6.286994933,       -5.60059693,      -10.42582444
          0,           0,        4721,      -7.606623722,      -6.107086418,      -6.298982148,      -5.604982871,      -10.39566083
          0,           0,        4722,      -7.605878854,       -6.09274655,      -6.293503949,       -5.60507424,      -10.42624442
          0,           0,        4723,      -7.599948451,      -6.123907819,      -6.296998713,      -5.599307758,       -10.3967397
          0,           0,        4724,      -7.593807661,      -6.097956788,      -6.295378248,      -5.594199847,       -10.4101399
          0,           0,        4725,      -7.588954916,      -6.113597577,      -6.300624991,      -5.589433818,      -10.39994389
          0,           0,        4726,       -7.59230143,      -6.098676874,      -6.300199897,      -5.594389255,      -10.42351659
          0,           0,        4727,      -7.588894923,       -6.13280188,      -6.302440037,      -5.592035383,      -10.39185561
          0,           0,        4728,      -7.586169449,      -6.103794202,      -6.301499152,      -5.589598025,       -10.4237389
          0,           0,        4729,      -7.583793016,      -6.116864043,      -6.302587076,      -5.588289803,      -10.39649027
          0,           0,        4730,      -7.580328352,      -6.096637282,      -6.295381629,      -5.585054515,      -10.41243177
          0,           0,        4731,      -7.572282295,      -6.137064907,      -6.304212098,      -5.576697994,      -10.39518864
          0,           0,        4732,      -7.576677885,      -6.108394807,      -6.302975876,      -5.582641608,      -10.42000087
          0,           0,        4733,      -7.574088104,      -6.117557887,      -6.293952377,      -5.581230565,      -10.39083394
          0,           0,        4734,       -7.56624024,      -6.105495232,      -6.299227431,      -5.572248098,       -10.4184009
          0,           0,        4735,      -7.570208877,      -6.093266056,      -6.232651621,      -5.577011012,      -10.38868439
          0,           0,        4736,      -7.535006247,      -6.109704828,       -6.29472119,      -5.537534214,      -10.40440361
          0,           0,        4737,      -7.562569186,      -6.124892996,      -6.305426418,      -5.570694236,       -10.3921963
          0,           0,        4738,      -7.565791974,      -6.109916534,      -6.305071581,       -5.57590119,      -10.41449572
          0,           0,        4739,      -7.565147153,      -6.143972632,      -6.302530799,      -5.576088393,      -10.38419466
          0,           0,        4740,      -7.558515021,      -6.116395456,       -6.30577325,      -5.568446972,      -10.41324745
          0,           0,        4741,      -7.563590953,      -6.129299027,      -6.304919924,      -5.576373252,      -10.38615932
          0,           0,        4742,      -7.560667611,      -6.108343515,      -6.301615041,      -5.572151148,      -10.39684928
          0,           0,        4743,      -7.556799608,      -6.151486796,      -6.310742087,      -5.569518781,      -10.38582363
          0,           0,        4744,      -7.560697067,      -6.030477499,      -6.249629787,      -5.567110098,      -10.40754978
          0,           0,        4745,      -7.185333013,      -4.570877588,      -5.835083266,      -5.154057995,      -10.37802207
          0,           0,        4746,      -7.347348154,      -5.084802933,      -6.198333545,      -5.337047451,      -10.40722955
          0,           0,        4747,      -7.426796761,      -4.990013133,      -6.137853472,      -5.415113773,      -10.38081685
          0,           0,        4748,      -7.459784669,      -5.111062247,      -6.171012053,      -5.419307286,      -10.39842484
          0,           0,        4749,      -7.469909492,      -5.187043274,      -6.191408271,       -5.41930071,       -10.3818731
          0,           0,        4750,      -7.494083695,      -5.247582172,      -6.212953266,      -5.449886519,      -10.40186419
          0,           0,        4751,       -7.51398972,      -5.340659913,      -6.246676501,      -5.483264929,      -10.37205053
          0,           0,        4752,       -7.52443157,      -5.469059231,       -6.26970737,      -5.508788946,      -10.40190547
          0,           0,        4753,      -7.538400487,      -5.897472309,      -6.305058335,       -5.55325215,       -10.3772251
          0,           0,        4754,       -7.53187805,      -5.748270522,      -6.301848152,      -5.539817287,      -10.39354921
          0,           0,        4755,      -7.544945981,      -5.961771608,      -6.315357572,       -5.56023938,      -10.37475854
          0,           0,        4756,      -7.553664711,      -5.875316872,      -6.311105583,      -5.571812377,      -10.39574709
          0,           0,        4757,      -7.556617257,      -5.951433193,      -6.320644777,      -5.578320264,      -10.36499718
          0,           0,        4758,      -7.558977181,      -5.947769881,      -6.318837152,      -5.581368704,      -10.39615126
          0,           0,        4759,      -7.559289903,       -6.08688877,      -6.325399886,      -5.583811223,      -10.37045608
          0,           0,        4760,      -7.559455254,      -6.028992403,      -6.321528131,      -5.584061295,      -10.38787881
          0,           0,        4761,      -7.557803363,      -6.046553457,      -6.325883729,      -5.581834203,      -10.37187264
          0,           0,        4762,       -7.55940914,      -5.794983537,      -6.323138571,      -5.577970195,       -10.3905521
          0,           0,        4763,      -7.551549877,      -6.131489847,      -6.328464919,      -5.575511667,      -10.36163889
          0,           0,        4764,      -7.560233438,      -6.098088446,      -6.328735605,      -5.587265881,      -10.39137537
          0,           0,        4765,        -7.5610745,      -6.118318047,      -6.331777321,      -5.588819964,       -10.3678425
          0,           0,        4766,      -7.564301057,      -6.109712161,      -6.326828641,      -5.593691037,      -10.38337304
          0,           0,        4767,      -7.563382581,      -6.142730254,      -6.336444011,      -5.592677327,      -10.36605745
          0,           0,        4768,      -7.565513275,      -6.107570702,      -6.332066632,      -5.595192686,      -10.38559289
          0,           0,        4769,      -7.560644709,      -6.138659869,       -6.33665029,       -5.58975901,      -10.35860078
          0,           0,        4770,      -7.565235103,      -6.118086165,      -6.336819211,      -5.595645342,      -10.38700628
          0,           0,        4771,      -7.568270971,      -6.160580931,      -6.343200171,      -5.600467108,      -10.36287835
          0,           0,        4772,      -7.571206744,       -6.12758614,      -6.335978243,      -5.604778945,      -10.38065507
          0,           0,        4773,      -7.571093177,      -6.147150405,      -6.342342765,      -5.604074583,      -10.36499161
          0,           0,        4774,      -7.576306973,      -6.109745564,       -6.33777071,      -5.611014702,      -10.38336214
          0,           0,        4775,      -7.571377298,      -6.168435658,      -6.347348307,      -5.605280467,       -10.3552936
          0,           0,        4776,      -7.578779584,      -6.091525541,      -6.343205037,      -5.612338825,      -10.38584084
          0,           0,        4777,      -7.573834078,      -6.157593485,      -6.347472655,      -5.608020435,      -10.36341592
          0,           0,        4778,      -7.578216388,      -6.113714798,      -6.328636677,      -5.614112617,      -10.38128496
          0,           0,        4779,       -7.56659892,      -6.167291909,      -6.346288704,      -5.597317663,      -10.36308461
          0,           0,        4780,      -7.576342457,      -6.113716608,      -6.333831788,       -5.61106085,      -10.38134369
          0,           0,        4781,      -7.568998063,      -6.146181787,      -6.334918511,      -5.600875738,      -10.36402241
          0,           0,        4782,      -7.581658545,      -5.437125334,      -6.020322999,      -5.523001896,      -10.38001375
          0,           0,        4783,      -7.429402485,      -6.091782186,      -6.302235823,      -5.422412647,      -10.36351581
          0,           0,        4784,      -7.536640467,      -6.136019912,       -6.34971312,      -5.547862539,      -10.38393597
          0,           0,        4785,      -7.564299092,      -6.154250623,      -6.356683597,      -5.590828142,      -10.35606258
          0,           0,        4786,      -7.577751212,      -6.142993156,      -6.357111282,      -5.611316884,      -10.38689825
          0,           0,        4787,      -7.584186454,      -6.188945232,      -6.365371712,      -5.622070634,       -10.3635457
          0,           0,        4788,       -7.59311704,      -6.147328056,      -6.354998412,       -5.63366138,      -10.38134608
          0,           0,        4789,      -7.588758918,      -6.168589207,      -6.360645136,      -5.628840545,      -10.36589451
          0,           0,        4790,       -7.59921889,      -6.151307698,      -6.360723753,      -5.640993162,      -10.38597109
          0,           0,        4791,      -7.601078788,      -6.201918882,      -6.370833201,      -5.644550118,      -10.35706729
          0,           0,        4792,      -7.606020897,      -6.161208012,      -6.367338729,      -5.651095062,      -10.38896822
          0,           0,        4793,      -7.605259293,       -6.17411607,      -6.369310907,      -5.649847096,      -10.36664367
          0,           0,        4794,      -7.603349182,       -6.13959818,      -6.359989786,      -5.646123235,      -10.38265926
          0,           0,        4795,      -7.595747745,       -6.17938622,      -6.372681959,      -5.634800847,      -10.36719389
          0,           0,        4796,      -7.591149694,      -6.130885665,      -6.367268391,      -5.627917901,      -10.38814293
          0,           0,        4797,      -7.581952394,      -6.154882155,      -6.371561946,      -5.615218829,      -10.36140967
          0,           0,        4798,      -7.591131221,      -6.157896599,      -6.368434833,      -5.627713747,      -10.39112227
          0,           0,        4799,      -7.609422336,      -6.203368245,      -6.370265075,      -5.653760388,      -10.36740163
          0,           0,        4800,       -7.60291151,      -6.149537568,      -6.361069542,      -5.642391145,       -10.3856432
          0,           0,        4801,      -7.581040934,      -5.566183135,      -5.998670442,      -5.494836323,      -10.36973264
          0,           0,        4802,      -7.416099955,      -6.098462729,      -6.316272006,      -5.404780622,      -10.38880234
          0,           0,        4803,      -7.548644666,      -6.197723135,      -6.381307426,      -5.560128007,      -10.35881609
          0,           0,        4804,      -7.601245544,      -6.158129043,      -6.378715613,       -5.63885484,      -10.39212296
          0,           0,        4805,      -7.609488173,       -6.18111153,      -6.381114678,      -5.651108203,      -10.37033996
          0,           0,        4806,      -7.620323778,       -6.15967782,       -6.37003586,       -5.66720835,      -10.38733225
          0,           0,        4807,       -7.61508102,      -6.215166475,      -6.385150857,      -5.660478322,      -10.36982472
          0,           0,        4808,      -7.627830984,      -6.168674974,      -6.377241043,      -5.677816628,      -10.39023534
          0,           0,        4809,      -7.623246035,      -6.188994344,      -6.384220222,      -5.670902645,      -10.36150514
          0,           0,        4810,       -7.62727901,      -6.163951895,      -6.382874101,      -5.676545224,      -10.39428132
          0,           0,        4811,      -7.622883304,      -6.194372183,      -6.388688037,      -5.669845456,      -10.36980315
          0,           0,        4812,      -7.609789085,      -6.110196777,      -6.370923673,      -5.649430776,      -10.38686157
          0,           0,        4813,      -7.572579733,      -6.068734501,      -6.368625467,      -5.596999661,      -10.37343739
          0,           0,        4814,      -7.522990226,      -6.053455214,      -6.370495398,      -5.532404146,        -10.393417
          0,           0,        4815,      -7.514410509,      -6.207826895,      -6.366584505,      -5.523224027,      -10.36590533
          0,           0,        4816,      -7.603576416,      -6.137852351,      -6.331051999,      -5.640921188,      -10.39569249
          0,           0,        4817,      -7.547821319,      -6.130981067,      -6.353128841,      -5.560090617,      -10.37224978
          0,           0,        4818,      -7.499027939,      -6.125171465,      -6.376435044,      -5.499303902,      -10.38636511
          0,           0,        4819,      -7.519724247,      -6.182776697,      -6.393419919,      -5.527350201,      -10.37258424
          0,           0,        4820,      -7.563262485,      -6.152728227,      -6.385904303,      -5.585633327,      -10.39418967
          0,           0,        4821,      -7.591937517,      -6.176390371,      -6.383396647,      -5.627055329,      -10.36892311
          0,           0,        4822,      -7.609083219,      -6.164653999,      -6.387469684,      -5.651258383,      -10.39597581
          0,           0,        4823,       -7.62230276,       -6.21833565,      -6.396032995,      -5.671523362,      -10.37077922
          0,           0,        4824,      -7.626787167,      -6.179593389,      -6.392821989,      -5.678520583,      -10.38749587
          0,           0,        4825,      -7.631086797,      -6.197881059,      -6.396366133,      -5.685379907,      -10.37520137
          0,           0,        4826,      -7.632955804,      -6.170342635,      -6.390343715,      -5.687489868,      -10.39529412
          0,           0,        4827,      -7.628796637,      -6.226544255,      -6.396062812,      -5.682626314,      -10.36745549
          0,           0,        4828,      -7.628927199,      -6.173026658,      -6.393154565,      -5.682317494,      -10.39752307
          0,           0,        4829,      -7.616500453,       -6.14591163,      -6.386840787,      -5.663442007,      -10.37394598
          0,           0,        4830,      -7.580946984,      -6.020349661,      -6.357015683,       -5.61168377,      -10.38832655
          0,           0,        4831,       -7.48552996,      -5.812686463,      -6.270244513,      -5.486898455,      -10.37405404
          0,           0,        4832,       -7.28733156,      -5.441644302,      -5.979669048,      -5.260127876,      -10.39456119
          0,           0,        4833,      -6.943565031,      -5.435235006,      -5.737621226,      -4.903358562,      -10.36943985
          0,           0,        4834,      -6.969779962,      -6.047903168,      -6.282277249,      -4.923994961,       -10.3962475
          0,           0,        4835,      -7.103659043,      -6.143740091,       -6.34818787,      -5.063344289,       -10.3706788
          0,           0,        4836,      -7.305267976,      -6.141878614,      -6.336221328,      -5.279619119,      -10.38760445
          0,           0,        4837,      -7.452890076,      -6.172824928,      -6.354813356,        -5.4508289,      -10.37561589
          0,           0,        4838,      -7.514403957,       -6.16442813,      -6.374247379,      -5.527719224,      -10.39610515
          0,           0,        4839,      -7.549084125,      -6.221284958,      -6.390834443,      -5.574155102,       -10.3685912
          0,           0,        4840,      -7.575944791,      -6.174784536,      -6.389278475,      -5.612733051,      -10.39727137
          0,           0,        4841,      -7.588631431,      -6.201217371,      -6.395680215,      -5.631490456,       -10.3738828
          0,           0,        4842,      -7.604230516,      -6.169751053,      -6.386498293,       -5.65603515,       -10.3871566
          0,           0,        4843,      -7.598137539,      -6.240152046,      -6.404881272,      -5.648296599,      -10.37402151
          0,           0,        4844,      -7.608225134,      -6.177807217,      -6.397359642,      -5.663673327,       -10.3971931
          0,           0,        4845,      -7.592869053,      -6.100876408,        -6.3627727,       -5.64118704,      -10.37154452
          0,           0,        4846,       -7.52322341,      -5.667369493,      -6.135857823,      -5.539649728,       -10.3966854
          0,           0,        4847,      -7.167743269,      -5.667272304,      -5.947779066,      -5.133814841,      -10.37057654
          0,           0,        4848,       -7.22950522,      -6.136764116,      -6.335496288,      -5.197972806,      -10.39053641
          0,           0,        4849,      -7.365732547,      -6.194968178,      -6.384331607,      -5.348190695,      -10.37609568
          0,           0,        4850,      -7.510712844,      -6.183098752,      -6.385552958,      -5.527634583,      -10.39717639
          0,           0,        4851,      -7.569397448,       -6.23912135,      -6.389713774,      -5.611287496,      -10.36951145
          0,           0,        4852,      -7.578288768,      -6.197248466,      -6.399358623,      -5.625434218,      -10.39800143
          0,           0,        4853,      -7.589712885,      -6.213257825,      -6.401225802,        -5.6445925,      -10.37381695
          0,           0,        4854,      -7.593758361,      -6.190691171,      -6.400524429,      -5.651916742,      -10.38614712
          0,           0,        4855,      -7.596183242,      -6.245010125,      -6.411559359,       -5.65726396,      -10.37499757
          0,           0,        4856,      -7.593670953,      -6.156748917,      -6.396436778,      -5.654053807,      -10.39696764
          0,           0,        4857,       -7.56489062,      -5.794396192,      -6.224559535,      -5.608887609,      -10.37036619
          0,           0,        4858,      -7.282995816,      -5.798056542,       -6.11273785,      -5.260003133,      -10.39762174
          0,           0,        4859,      -7.346187403,      -6.250445304,      -6.406335978,      -5.327173669,      -10.37211713
          0,           0,        4860,      -7.477791354,      -6.202601925,      -6.399498628,      -5.489048766,      -10.38931683
          0,           0,        4861,      -7.565239258,      -6.220018102,      -6.401544391,      -5.614610994,      -10.37643658
          0,           0,        4862,      -7.584080218,      -6.196585056,      -6.401300987,      -5.645364077,      -10.39655809
          0,           0,        4863,      -7.582143535,      -6.239369803,      -6.400551568,      -5.643190294,       -10.3686353
          0,           0,        4864,      -7.574832038,      -6.182313906,      -6.401119918,      -5.632123469,      -10.39801596
          0,           0,        4865,      -7.565767649,       -6.13060235,      -6.386247364,      -5.618733407,      -10.37408377
          0,           0,        4866,      -7.526415587,      -5.936684881,      -6.330921916,      -5.560983938,      -10.38753359
          0,           0,        4867,      -7.393925632,      -4.738624208,       -5.22927284,      -5.319901392,       -10.3606152
          0,           0,        4868,      -6.307694018,      -5.350415516,      -5.464630895,      -4.263422828,      -10.38204957
          0,           0,        4869,      -6.937344079,      -5.515322913,       -5.60112613,       -4.89351022,      -10.36225822
          0,           0,        4870,      -6.695397837,      -5.650092278,      -5.864966145,      -4.646282738,      -10.38869615
          0,           0,        4871,      -6.715754329,       -5.78162936,      -6.123631297,      -4.669271275,      -10.36114539
          0,           0,        4872,      -6.859201496,      -5.879563235,      -6.172831964,      -4.816910076,      -10.37313604
          0,           0,        4873,      -7.036548503,      -5.877764247,      -6.139552714,      -5.000539654,      -10.36140629
          0,           0,        4874,      -5.841612788,        -5.8943745,      -4.698749905,      -3.810586997,      -10.37705832
          0,           0,        4875,      -6.180786041,      -6.026609902,      -5.022857753,      -4.111226428,      -10.35273765
          0,           0,        4876,       -6.21026115,       -6.06108036,      -5.233681538,      -4.135992932,      -10.37108531
          0,           0,        4877,      -6.288257265,      -6.075151695,      -5.453280724,      -4.217569818,      -10.36787598
          0,           0,        4878,      -6.424993944,      -6.032217791,      -5.647710052,      -4.401521406,      -10.38765765
          0,           0,        4879,      -6.501888939,      -6.129801222,      -5.842320283,      -4.361237176,      -10.36038693
          0,           0,        4880,      -6.681324645,      -6.138267962,      -5.899612642,      -4.606630334,      -10.39235054
          0,           0,        4881,      -6.799104239,      -6.149070561,      -6.010373803,        -4.7586843,      -10.37374539
          0,           0,        4882,      -6.910316827,      -6.158175491,      -6.132948898,      -4.876235968,      -10.39191017
          0,           0,        4883,      -7.041252507,      -6.245832659,      -6.197758875,      -5.043757602,      -10.37470678
          0,           0,        4884,      -7.119104259,      -6.191051032,      -6.279537209,      -5.132111011,      -10.39769963
          0,           0,        4885,      -7.174664534,      -6.189923621,      -6.332061119,      -5.182683595,      -10.36807839
          0,           0,        4886,      -7.253559977,      -6.187363957,      -6.359369691,      -5.271608967,      -10.40102388
          0,           0,        4887,      -7.316186352,        -6.2757595,      -6.393533355,      -5.342800133,      -10.37456029
          0,           0,        4888,      -7.359398328,      -6.207015031,      -6.379527574,      -5.392941127,      -10.39415338
          0,           0,        4889,      -7.413043853,      -6.183955253,      -6.385375514,      -5.361385209,      -10.37930692
          0,           0,        4890,      -7.441557618,      -6.193597656,      -6.382981587,      -5.394182478,      -10.39961534
          0,           0,        4891,      -7.481295054,      -6.284049348,      -6.415077514,      -5.522921124,      -10.36917977
          0,           0,        4892,      -7.505630545,      -6.214793347,      -6.409292195,      -5.526775563,      -10.40497175
          0,           0,        4893,      -7.516495558,       -6.21404882,      -6.418733598,      -5.563020307,       -10.3827463
          0,           0,        4894,      -7.517130333,      -6.201236992,      -6.403950579,      -5.544115481,       -10.4009045
          0,           0,        4895,      -7.550515875,      -6.285632986,      -6.434511689,      -5.584424171,      -10.38322852
          0,           0,        4896,      -7.554161909,      -6.206513407,      -6.417917241,      -5.600260806,      -10.40730667
          0,           0,        4897,      -7.539659022,      -6.155135792,       -6.41665705,      -5.583608931,      -10.37568325
          0,           0,        4898,       -7.51518741,      -5.856557701,       -6.28518905,      -5.553470806,      -10.41214326
          0,           0,        4899,      -7.323801479,      -5.696861225,      -6.054676403,      -5.309851735,      -10.38718056
          0,           0,        4900,      -7.214305452,      -6.211760007,      -6.412479859,      -5.183500672,      -10.40864899
          0,           0,        4901,      -7.444096621,      -6.219166089,      -6.398503951,      -5.447793795,      -10.39312877
          0,           0,        4902,      -7.531047856,      -6.203246661,      -6.407071585,      -5.567168035,      -10.41523094
          0,           0,        4903,      -7.522706858,      -6.237076379,      -6.416128913,      -5.531581002,      -10.38349017
          0,           0,        4904,      -7.508692431,      -6.108823238,       -6.39133876,      -5.533365953,       -10.4193134
          0,           0,        4905,      -7.460829285,       -5.64129448,      -6.062317483,      -5.470499157,      -10.39594232
          0,           0,        4906,      -7.149773596,      -5.811377428,      -6.137551308,      -5.114818778,      -10.41562525
          0,           0,        4907,       -7.45326565,      -5.954716782,      -6.352435408,      -5.454251066,       -10.3949514
          0,           0,        4908,      -7.484984722,      -6.055486247,      -6.138447866,      -5.438729306,      -10.41832933
          0,           0,        4909,       -7.47457595,       -6.20760417,      -6.373115182,      -5.487523367,      -10.39222287
          0,           0,        4910,      -7.526337601,      -6.208882194,      -6.423626442,      -5.546815363,      -10.42382609
          0,           0,        4911,      -7.546869233,      -6.287636706,      -6.445998136,      -5.576022844,      -10.39729258
          0,           0,        4912,      -7.565733162,      -6.222128945,      -6.428605107,      -5.600443785,      -10.41890404
          0,           0,        4913,      -7.569724426,      -6.235011897,       -6.43619241,      -5.605345337,      -10.40224531
          0,           0,        4914,      -7.579110176,      -6.214550847,      -6.432891653,       -5.61806824,      -10.42511628
          0,           0,        4915,       -7.58193816,      -6.285274986,      -6.442888027,      -5.621520194,      -10.39223286
          0,           0,        4916,      -7.582541888,      -6.224133212,      -6.436227352,      -5.620304735,      -10.42810866
          0,           0,        4917,      -7.580690811,      -6.237281564,      -6.439703039,      -5.617556311,      -10.40342449
          0,           0,        4918,      -7.580824316,       -6.21248675,      -6.424173427,      -5.615787097,      -10.42351057
          0,           0,        4919,       -7.57565149,      -6.292979613,      -6.448390181,      -5.606234423,      -10.40226631
          0,           0,        4920,      -7.584785903,      -6.225084954,      -6.427402184,      -5.618023459,       -10.4264901
          0,           0,        4921,      -7.579952678,      -6.224563838,      -6.433309837,      -5.598195026,      -10.38902178
          0,           0,        4922,      -7.584145664,      -6.221471635,      -6.437103815,      -5.617716658,      -10.43119772
          0,           0,        4923,      -7.596140763,      -6.300494505,      -6.462777616,      -5.634618718,      -10.40178802
          0,           0,        4924,      -7.609052963,      -6.234342848,      -6.448706709,      -5.652098636,      -10.42239229
          0,           0,        4925,      -7.610132376,      -6.249462649,      -6.453341816,      -5.653132517,      -10.40727564
          0,           0,        4926,      -7.619592629,      -6.226071177,      -6.447865246,      -5.671811116,      -10.43052756
          0,           0,        4927,      -7.623890934,      -6.299131912,      -6.454815532,       -5.67945876,      -10.39905059
          0,           0,        4928,       -7.62668114,      -6.236671456,      -6.451685188,      -5.681948117,      -10.43290618
          0,           0,        4929,      -7.628858662,      -6.239484886,       -6.44312476,      -5.685418656,      -10.40507843
          0,           0,        4930,      -7.617665301,      -6.225218655,      -6.443847358,      -5.673837856,      -10.42174576
          0,           0,        4931,      -7.623584531,      -6.181921051,      -6.407289786,      -5.638168468,      -10.40564408
          0,           0,        4932,       -7.59114686,      -6.237013227,      -6.442450527,      -5.634753394,      -10.43153133
          0,           0,        4933,        -7.6176003,      -6.244952331,      -6.432901998,      -5.673993616,      -10.40282606
          0,           0,        4934,      -7.612498278,      -6.230750655,      -6.444556618,      -5.665795254,      -10.43218202
          0,           0,        4935,      -7.620179299,      -6.271884957,       -6.41315723,      -5.679981312,      -10.40036743
          0,           0,        4936,      -7.589977157,      -6.212232776,      -6.398051685,      -5.635860828,      -10.43063278
          0,           0,        4937,      -7.592614497,       -6.26130553,      -6.451133747,      -5.640882069,      -10.39959156
          0,           0,        4938,      -7.624895116,      -5.802235756,      -6.104507343,      -5.504602368,      -10.43217072
          0,           0,        4939,      -7.284535669,      -5.768632317,      -6.063658756,      -5.249075192,      -10.40294538
          0,           0,        4940,      -7.410790853,      -6.010851726,      -6.304220869,      -5.354239532,      -10.42401726
          0,           0,        4941,      -7.502887159,      -6.081411871,      -6.388170381,      -5.460182101,       -10.4066865
          0,           0,        4942,      -7.538882773,      -6.124326296,      -6.422063976,      -5.539007842,      -10.42893896
          0,           0,        4943,      -7.554775338,      -6.219134798,      -6.449258015,      -5.585489952,      -10.39328318
          0,           0,        4944,       -7.58897111,         -6.197704,      -6.455612684,      -5.647613884,      -10.43121747
          0,           0,        4945,       -7.59943673,      -6.222691651,      -6.445374237,      -5.668311778,      -10.40383959
          0,           0,        4946,      -7.596253888,      -6.217687599,      -6.446244248,      -5.672187126,      -10.42172604
          0,           0,        4947,      -7.606542093,       -6.30238606,      -6.469013307,      -5.682833309,      -10.40304457
          0,           0,        4948,      -7.606798437,      -6.242124033,      -6.461471021,      -5.684357054,       -10.4276631
          0,           0,        4949,       -7.60402825,       -6.26199972,      -6.462291843,      -5.683317969,       -10.3955856
          0,           0,        4950,      -7.598237071,      -6.239560864,      -6.458795195,      -5.678526771,        -10.428037
          0,           0,        4951,       -7.59412227,      -6.325327242,      -6.462089251,       -5.67567864,      -10.39858555
          0,           0,        4952,      -7.586518245,      -6.248608291,      -6.455247468,      -5.668179499,      -10.41824392
          0,           0,        4953,       -7.58307578,      -6.271809253,       -6.46364844,      -5.664536081,      -10.40121433
          0,           0,        4954,      -7.579463106,      -6.245025681,      -6.459251085,      -5.661971345,      -10.42258489
          0,           0,        4955,      -7.573968221,      -6.328128186,      -6.470834051,      -5.656670357,      -10.38841292
          0,           0,        4956,      -7.571742226,      -6.258136206,      -6.464723134,       -5.65657277,      -10.42291391
          0,           0,        4957,      -7.566230408,      -6.272989142,      -6.450351225,      -5.650866345,      -10.39582042
          0,           0,        4958,       -7.55647333,      -6.244558799,      -6.449585635,      -5.638453327,      -10.41266875
          0,           0,        4959,      -7.555669919,      -6.331674296,      -6.469269077,      -5.639557366,      -10.39379286
          0,           0,        4960,      -7.552584035,      -6.259364421,      -6.460767333,      -5.637248198,      -10.41642945
          0,           0,        4961,      -7.546890392,      -6.279764755,      -6.461159711,      -5.631168237,      -10.38440605
          0,           0,        4962,      -7.544071558,      -6.251623371,      -6.458443784,      -5.629351045,      -10.41619153
          0,           0,        4963,      -7.540193542,      -6.329107929,      -6.460318322,       -5.62562339,      -10.38791834
          0,           0,        4964,      -7.534367593,      -6.258069112,      -6.450823465,      -5.618801578,      -10.40617231
          0,           0,        4965,      -7.531190584,       -6.28228377,      -6.458793054,      -5.615983317,      -10.38957709
          0,           0,        4966,      -7.527877975,      -6.252597752,      -6.454359912,      -5.612863882,      -10.40944938
          0,           0,        4967,      -7.523903787,      -6.337256786,      -6.465395885,      -5.608933751,       -10.3767967
          0,           0,        4968,      -7.522298799,      -6.264676525,      -6.458501447,      -5.608549753,       -10.4092769
          0,           0,        4969,       -7.51812452,       -6.24694302,       -6.41533445,      -5.601910724,      -10.38353243
          0,           0,        4970,      -7.501473261,       -6.24899354,      -6.436982104,      -5.578191336,      -10.39956526
          0,           0,        4971,      -7.509718286,      -6.339317002,       -6.46292911,      -5.593938175,       -10.3813658
          0,           0,        4972,      -7.507329085,      -6.265375551,      -6.455690863,      -5.591904594,      -10.40251258
          0,           0,        4973,      -7.503944271,      -6.287517545,      -6.455898869,      -5.589066248,      -10.37230413
          0,           0,        4974,      -7.502451614,      -6.247357899,      -6.445007018,      -5.588163497,      -10.40220816
          0,           0,        4975,      -7.495117879,      -6.342193138,       -6.46017549,      -5.577929393,      -10.37640783
          0,           0,        4976,       -7.49746456,      -6.013927342,      -6.195565765,      -5.559026027,      -10.39468842
          0,           0,        4977,      -7.402685012,      -6.270390021,      -6.393320798,       -5.43739684,        -10.376147
          0,           0,        4978,      -7.477320076,      -6.147467196,      -6.298188008,      -5.555722583,      -10.39360727
          0,           0,        4979,        -7.3528152,      -6.261587399,      -6.247473186,      -5.364013915,      -10.37135999
          0,           0,        4980,      -7.463799879,      -6.251053173,      -6.389165027,      -5.523990693,      -10.38439475
          0,           0,        4981,      -7.447313255,      -6.273591621,      -6.426305715,      -5.496395322,      -10.37460491
          0,           0,        4982,      -7.455998708,      -6.248534561,       -6.44155076,      -5.516571927,      -10.39390858
          0,           0,        4983,      -7.464317181,      -6.341716416,      -6.457640801,      -5.539110054,      -10.36568672
          0,           0,        4984,      -7.473657097,      -6.264720398,      -6.454481819,      -5.558083763,       -10.3937384
          0,           0,        4985,      -7.472333568,      -6.131850498,      -6.216295883,      -5.509976278,      -10.36972856
          0,           0,        4986,      -7.121734453,      -5.735488577,      -6.148680673,      -4.893611655,      -10.38353922
          0,           0,        4987,       -7.28111485,      -6.068841209,      -6.371649897,      -5.154881515,      -10.36836462
          0,           0,        4988,      -7.408098707,      -6.098854136,      -6.405267582,      -5.321974148,       -10.3902475
          0,           0,        4989,      -7.430345688,      -6.166145293,      -6.417240417,      -5.432069046,      -10.36492774
          0,           0,        4990,      -7.436214166,      -6.189026325,      -6.430519091,       -5.49449335,      -10.38924647
          0,           0,        4991,      -7.436261719,      -5.808082265,      -5.852971637,      -5.467342764,      -10.36320239
          0,           0,        4992,      -7.338924597,      -5.497141253,      -5.959173381,      -4.964495522,      -10.38392466
          0,           0,        4993,      -7.340040599,      -6.242086244,      -6.361735565,      -5.346888064,      -10.36711369
          0,           0,        4994,      -7.423583776,      -6.218065655,      -6.341681983,      -5.490937108,      -10.38459051
          0,           0,        4995,      -7.429397449,      -6.338981761,       -6.41492325,      -5.499271776,      -10.35814046
          0,           0,        4996,        -7.4512817,      -6.270129102,      -6.446390077,      -5.530039401,      -10.38883515
          0,           0,        4997,      -7.452835334,      -6.293486178,      -6.456822279,      -5.531309847,      -10.36631751
          0,           0,        4998,      -7.457229076,      -6.256341448,      -6.439202354,      -5.537742614,      -10.38231431
          0,           0,        4999,      -7.454112827,      -6.351051051,      -6.462494417,      -5.535243193,      -10.36478528
          0,           0,        5000,      -7.459624212,      -6.274025619,      -6.456157413,      -5.544505837,      -10.38571252
          0,           0,        5001,      -7.462189891,      -6.295368955,      -6.462758626,      -5.548695719,      -10.35702783
          0,           0,        5002,      -7.465374324,      -6.264135986,      -6.460343978,      -5.552090427,      -10.38773563
          0,           0,        5003,      -7.467866687,       -6.34802338,      -6.471167893,      -5.554503373,      -10.36354262
          0,           0,        5004,      -7.468870418,      -6.272176146,      -6.459581427,      -5.556826138,      -10.38124126
          0,           0,        5005,      -7.470028936,      -6.294207971,        -6.4671888,      -5.556135109,      -10.36688876
          0,           0,        5006,      -7.473057805,      -6.261555615,      -6.462976136,      -5.560658844,      -10.38576654
          0,           0,        5007,      -7.473941705,      -6.346385658,      -6.475591656,      -5.561767575,      -10.35936107
          0,           0,        5008,      -7.476972275,       -6.26896739,      -6.469999398,      -5.564515496,      -10.38817024
          0,           0,        5009,       -7.47843233,      -6.283818088,      -6.469644987,      -5.565547906,      -10.36569421
          0,           0,        5010,      -7.479510376,      -6.248400746,      -6.461356883,      -5.565425939,      -10.38083185
          0,           0,        5011,      -7.481218319,      -6.319893435,      -6.474361823,      -5.566219789,      -10.36602865
          0,           0,        5012,      -7.483415977,      -6.236635839,      -6.457190125,        -5.5669293,      -10.38716608
          0,           0,        5013,      -7.482042408,      -6.229176229,      -6.439294082,      -5.561560522,      -10.36149785
          0,           0,        5014,      -7.478659138,      -6.169969804,      -6.406888426,      -5.550679256,       -10.3885851
          0,           0,        5015,       -7.47017344,      -6.157992288,        -6.3595068,       -5.53264826,      -10.36442231
          0,           0,        5016,      -7.450177863,       -6.04305147,      -6.265463958,      -5.497103407,      -10.38300695
          0,           0,        5017,      -7.411624512,      -5.967658465,      -6.172892694,      -5.437684103,      -10.36896253
          0,           0,        5018,      -7.361934761,      -5.940001902,       -6.14901028,      -5.368732852,      -10.38866767
          0,           0,        5019,      -7.335185214,      -5.983349393,       -6.17777559,      -5.332681416,      -10.36153871
          0,           0,        5020,       -7.34159589,      -6.021945585,      -6.234023521,      -5.337341595,      -10.39093853
          0,           0,        5021,      -7.372457438,      -6.103116962,      -6.306841022,      -5.372179144,      -10.36932612
          0,           0,        5022,      -7.417464821,      -6.146074624,      -6.354965629,      -5.426075338,      -10.38576678
          0,           0,        5023,      -7.459035293,      -6.241133482,       -6.39646047,      -5.478829198,      -10.36946317
          0,           0,        5024,      -7.498965596,      -6.213700118,      -6.410906083,      -5.531223424,      -10.39221506
          0,           0,        5025,       -7.52772346,      -6.243937963,      -6.425093916,       -5.57114373,      -10.36599235
          0,           0,        5026,      -7.550582337,      -6.225146299,      -6.425903384,      -5.602032232,      -10.39492654
          0,           0,        5027,      -7.567951682,      -6.270238687,       -6.41287809,      -5.622455732,      -10.37064832
          0,           0,        5028,      -7.567066925,      -6.224358879,      -6.390957187,      -5.619223346,      -10.38974943
          0,           0,        5029,      -7.580876651,      -6.241570168,       -6.39134507,      -5.636149575,      -10.37457364
          0,           0,        5030,      -7.594655984,      -6.207697015,      -6.361394333,      -5.650773798,      -10.39526958
          0,           0,        5031,      -7.595952442,      -6.253627576,      -6.325835129,      -5.649226665,      -10.36587049
          0,           0,        5032,      -7.592494073,      -6.168075312,      -6.258202221,      -5.638726842,      -10.39821732
          0,           0,        5033,      -7.575131994,      -6.153501079,      -6.184806986,      -5.617757625,      -10.37510502
          0,           0,        5034,      -7.552510419,      -6.085162987,      -6.090899449,       -5.59369509,      -10.39418767
          0,           0,        5035,      -7.505218415,      -6.059053842,      -5.998003298,       -5.54221758,        -10.374862
          0,           0,        5036,      -7.457254325,      -5.965437886,      -5.892762574,      -5.502132404,      -10.39456473
          0,           0,        5037,      -7.383810583,      -5.896091784,       -5.78684156,      -5.437708139,      -10.37727454
          0,           0,        5038,      -7.290826428,      -5.798844361,      -5.677808731,       -5.35184055,      -10.39517106
          0,           0,        5039,      -7.161552956,      -5.791787806,      -5.607895634,      -5.218768469,       -10.3652629
          0,           0,        5040,      -7.021779311,      -5.804448101,      -5.566620427,      -5.069596569,      -10.39014661
          0,           0,        5041,      -6.862443834,      -5.915269797,       -5.56928839,      -4.894969197,      -10.34975503
          0,           0,        5042,      -6.714623333,      -6.067710874,      -5.589269219,       -4.74000046,      -10.33284409
          0,           0,        5043,      -6.585083186,       -6.20614654,      -5.602002789,      -4.607087467,      -10.28625114
          0,           0,        5044,      -6.490886802,      -6.158211922,       -5.67026785,      -4.509393821,      -10.28123488
          0,           0,        5045,       -6.47895246,      -6.158677897,      -5.757403269,      -4.498218561,      -10.27322468
          0,           0,        5046,      -6.574834896,      -6.155675948,      -5.732995594,      -4.598351749,      -10.32920455
          0,           0,        5047,      -6.725383519,      -6.218939736,      -5.789830733,      -4.740422245,      -10.33566238
          0,           0,        5048,      -6.831249304,      -6.162453932,      -5.871779948,      -4.830013284,      -10.35760463
          0,           0,        5049,      -6.926751714,      -6.238038909,      -5.913111353,      -4.925228904,      -10.34337969
          0,           0,        5050,       -6.99934979,      -6.209796832,      -5.933780071,      -4.996873739,      -10.35867092
          0,           0,        5051,      -6.966347149,      -6.315580828,      -6.000120925,      -4.964728007,      -10.33345207
          0,           0,        5052,       -6.91343448,      -6.241013487,      -6.115715273,      -4.915567766,      -10.36358003
          0,           0,        5053,      -6.973271528,      -6.280738243,      -6.120355091,      -4.981554834,      -10.34905211
          0,           0,        5054,      -7.064541383,      -6.259858376,      -6.259863537,      -5.070874501,      -10.36783098
          0,           0,        5055,      -7.091728627,      -6.345468117,      -6.274056103,      -5.098263048,      -10.35373426
          0,           0,        5056,      -7.064358808,      -6.276070886,      -6.477663259,      -5.070924703,      -10.37374529
          0,           0,        5057,      -7.139743072,      -6.286349256,      -6.260101192,      -5.152219769,      -10.34797319
          0,           0,        5058,      -7.303489467,      -6.254187358,      -6.317406624,      -5.310790571,      -10.37288737
          0,           0,        5059,      -7.376902813,      -6.308003338,      -6.290586501,      -5.375468951,      -10.34949661
          0,           0,        5060,      -7.401552646,       -6.25676082,       -6.32195447,      -5.415543115,      -10.36650194
          0,           0,        5061,       -7.39972175,      -6.271150495,      -6.250104347,      -5.419111897,      -10.35311773
          0,           0,        5062,      -7.424488156,      -6.253132714,      -6.208540255,      -5.432654529,       -10.3698172
          0,           0,        5063,      -7.298056138,      -6.345457762,      -6.394651168,      -5.294783835,      -10.34350605
          0,           0,        5064,      -7.374646478,      -6.289324011,      -6.434792686,      -5.386016732,      -10.37537095
          0,           0,        5065,      -7.457170316,      -6.302665569,      -6.472705681,      -5.475101978,      -10.35799919
          0,           0,        5066,      -7.466664153,      -6.255410568,      -6.295953223,      -5.492192704,      -10.37590738
          0,           0,        5067,      -7.404931698,      -6.370191863,      -6.352914482,      -5.418548567,      -10.35962399
          0,           0,        5068,      -7.490680582,        -6.2262314,      -6.196940528,      -5.508864378,      -10.37966073
          0,           0,        5069,      -7.381980424,      -6.237115816,      -6.204600866,       -5.36836052,      -10.36221649
          0,           0,        5070,       -7.32200481,      -6.246824909,      -6.260434601,      -5.314302766,      -10.37551971
          0,           0,        5071,      -7.363933481,      -6.345793887,      -6.290637407,       -5.36150872,      -10.36320789
          0,           0,        5072,      -7.352206742,      -6.274414225,      -6.232038648,      -5.350262443,      -10.38389633
          0,           0,        5073,      -7.242008283,      -6.302828978,      -6.238120892,        -5.2376446,      -10.35880687
          0,           0,        5074,      -7.185771675,       -6.26928359,      -6.368061706,      -5.181568487,      -10.38369196
          0,           0,        5075,      -7.250536113,      -6.317701244,      -6.432034665,      -5.252085153,      -10.35999566
          0,           0,        5076,       -7.33118941,      -6.274289644,      -6.338629513,      -5.335116231,      -10.37326247
          0,           0,        5077,      -7.355621697,      -6.258318185,      -6.184106727,      -5.360231704,      -10.36590512
          0,           0,        5078,      -7.362152688,      -6.184560224,      -6.084422645,      -5.364422915,      -10.38607808
          0,           0,        5079,      -7.457925485,      -6.148415203,      -5.947113001,      -5.454802889,         -10.36059
          0,           0,        5080,       -7.43203148,      -6.042218164,      -5.831671323,      -5.413764009,      -10.39050446
          0,           0,        5081,      -7.273971427,      -6.031502879,      -5.767375381,       -5.26451961,      -10.36740174
          0,           0,        5082,      -7.129299714,      -6.067708356,      -5.753466138,      -5.128150836,       -10.3802432
          0,           0,        5083,      -6.974107395,      -6.191803369,      -5.771049461,      -4.984081937,      -10.35652545
          0,           0,        5084,       -6.81902665,      -6.227488746,      -5.836261274,      -4.836330389,      -10.36442379
          0,           0,        5085,      -6.723502033,      -6.265620116,      -5.967766659,      -4.743764761,      -10.33582746
          0,           0,        5086,      -6.716709389,      -6.228752804,      -6.046786867,      -4.740247012,      -10.36534266
          0,           0,        5087,      -6.792002855,      -6.302204732,      -6.007240761,      -4.818082939,       -10.3565442
          0,           0,        5088,      -6.918386296,      -6.242509777,      -5.987240201,      -4.937708968,       -10.3815766
          0,           0,        5089,      -7.046348151,      -6.269489523,      -6.004433403,      -5.044055098,      -10.36685452
          0,           0,        5090,      -7.135216073,      -6.255583227,      -6.034992459,      -5.112052829,      -10.37941178
          0,           0,        5091,      -7.152006651,       -6.35514242,      -6.089897436,      -5.127354291,      -10.34738104
          0,           0,        5092,      -7.116033857,      -6.287309018,      -6.187993746,      -5.104691033,       -10.3722771
          0,           0,        5093,      -7.094155342,        -6.3065705,      -6.314445488,      -5.096040094,      -10.35318344
          0,           0,        5094,      -7.110484355,      -6.246287824,      -6.333006244,      -5.121611168,       -10.3723168
          0,           0,        5095,       -7.15068307,      -6.296828029,      -6.214787587,      -5.165798974,      -10.36314205
          0,           0,        5096,      -7.205830488,      -6.195077654,       -6.06916953,      -5.218309857,      -10.39050679
          0,           0,        5097,       -7.26701851,      -6.178142929,      -5.962559036,      -5.264658269,      -10.36768886
          0,           0,        5098,       -7.27294883,      -6.165007571,      -5.912116324,      -5.250412695,      -10.39217512
          0,           0,        5099,       -7.16656786,      -6.264699132,      -5.925226281,      -5.151422807,      -10.36168955
          0,           0,        5100,      -7.042396553,      -6.254478395,      -5.986681436,      -5.044761126,      -10.36779061
          0,           0,        5101,       -6.95322612,      -6.296499716,      -6.071571365,      -4.967087598,      -10.35417895
          0,           0,        5102,      -6.912056273,      -6.266416753,      -6.148666423,       -4.93098289,      -10.37500108
          0,           0,        5103,       -6.93981133,      -6.345928128,      -6.133771255,      -4.960431615,      -10.35671298
          0,           0,        5104,      -7.044546857,      -6.274755444,      -6.077976403,      -5.059863284,      -10.39114566
          0,           0,        5105,       -7.17570644,      -6.298103606,      -6.084712715,      -5.166437805,      -10.36970578
          0,           0,        5106,      -7.239910308,      -6.214347618,      -6.127026756,      -5.209389882,      -10.37814771
          0,           0,        5107,      -7.235086029,      -6.336731598,      -6.192416242,       -5.21448194,      -10.36407646
          0,           0,        5108,      -7.213710379,      -6.292636451,      -6.282966652,      -5.209908473,      -10.38224957
          0,           0,        5109,      -7.177311799,      -6.297406274,      -6.355749671,      -5.189676151,      -10.35894079
          0,           0,        5110,      -7.176835028,      -6.248272877,      -6.296998511,      -5.198514842,      -10.38821915
          0,           0,        5111,      -7.227486813,      -6.290903552,      -6.156428194,      -5.250297095,       -10.3681568
          0,           0,        5112,      -7.286345088,      -6.205369481,      -6.047965714,      -5.291747806,      -10.38750719
          0,           0,        5113,       -7.29789453,      -6.226428613,      -5.992219097,      -5.280736296,      -10.37444539
          0,           0,        5114,      -7.236353834,      -6.226195789,       -5.98147639,      -5.218734447,      -10.39167168
          0,           0,        5115,      -7.117769678,      -6.330671808,      -6.015972576,      -5.117782902,       -10.3594326
          0,           0,        5116,      -7.010877247,      -6.283838718,      -6.105814989,      -5.024729581,       -10.3807926
          0,           0,        5117,       -6.97112927,       -5.84521383,      -5.835135877,      -4.993080636,      -10.35838737
          0,           0,        5118,      -6.880452817,       -6.15397326,      -5.832869654,      -4.885748355,       -10.3854153
          0,           0,        5119,      -7.047885953,      -6.299545084,      -5.998758275,       -5.03986111,      -10.35895345
          0,           0,        5120,       -7.13485813,      -6.261399795,      -6.085525301,       -5.09838613,      -10.40110027
          0,           0,        5121,      -7.215191443,      -6.309751723,      -6.157311724,       -5.17436997,      -10.37665974
          0,           0,        5122,       -7.24351615,      -6.278759109,        -6.2389386,      -5.215504634,      -10.39078256
          0,           0,        5123,      -7.234434636,      -6.377791787,      -6.355119623,      -5.227752771,      -10.37501574
          0,           0,        5124,      -7.228244844,      -6.223639894,      -6.337656977,      -5.237681378,      -10.39910678
          0,           0,        5125,      -7.237812099,      -6.242101254,      -6.224043964,      -5.253180294,       -10.3767208
          0,           0,        5126,      -7.285601733,      -6.224226362,      -6.115518025,      -5.297522558,      -10.40925339
          0,           0,        5127,      -7.316658175,      -6.287536405,      -6.044569109,      -5.308154564,      -10.38569045
          0,           0,        5128,      -7.279074903,      -6.244167167,      -6.025021548,      -5.260905727,      -10.40189158
          0,           0,        5129,      -7.177554722,      -6.292915701,      -6.056369996,      -5.173229152,      -10.38404456
          0,           0,        5130,      -7.078193938,      -5.982380355,      -6.087788006,      -5.086889891,      -10.40100922
          0,           0,        5131,      -7.023479603,      -6.355544959,      -6.202078773,      -5.044203719,       -10.3735046
          0,           0,        5132,      -7.052383367,       -6.29593357,      -6.212418193,       -5.08082526,      -10.41036682
          0,           0,        5133,      -7.141732137,      -6.324989202,      -6.181349976,      -5.168176334,      -10.39267407
          0,           0,        5134,      -7.258087842,      -6.293726611,      -6.193551905,      -5.264625782,      -10.41313471
          0,           0,        5135,      -7.330587693,       -6.41058943,      -6.262276336,      -5.313925132,      -10.40002886
          0,           0,        5136,      -7.342797712,      -6.309454461,      -6.351321921,      -5.329372281,      -10.42491464
          0,           0,        5137,      -7.323908436,      -6.312081191,      -6.400696704,      -5.329626712,      -10.39615626
          0,           0,        5138,       -7.31042726,      -6.252120558,      -6.324823691,      -5.331571838,      -10.42862308
          0,           0,        5139,      -7.326643998,      -6.316397093,      -6.195409554,      -5.349050788,      -10.40312748
          0,           0,        5140,      -7.350023698,       -6.24002212,      -6.105032238,      -5.354319794,      -10.42078483
          0,           0,        5141,      -7.317244821,      -6.265981266,      -6.079894054,      -5.304795392,      -10.40953433
          0,           0,        5142,      -7.231647409,      -6.235339151,      -6.102994375,      -5.227781292,      -10.43013972
          0,           0,        5143,       -7.14132201,      -6.224440709,      -6.160618003,      -5.153961491,      -10.39396774
          0,           0,        5144,      -7.087381847,      -5.860220728,      -6.188704883,      -5.111142886,      -10.42563076
          0,           0,        5145,      -7.084678879,      -5.349385862,       -5.84044422,      -5.104784299,       -10.4019897
          0,           0,        5146,      -6.963075764,      -6.149990076,      -6.111205392,      -4.940956009,       -10.4234099
          0,           0,        5147,      -7.266778556,      -6.319762209,      -6.177116037,      -5.268871844,      -10.41139233
          0,           0,        5148,      -7.314912984,       -6.28432455,      -6.299985852,      -5.295726288,      -10.43863409
          0,           0,        5149,      -7.344758406,      -6.287600124,      -6.395185798,      -5.332739029,      -10.40694091
          0,           0,        5150,       -7.35090165,      -6.263053208,      -6.404560076,      -5.359669712,      -10.43839968
          0,           0,        5151,      -7.352345122,      -6.332021408,      -6.298397077,      -5.376149652,      -10.41060274
          0,           0,        5152,      -7.366129026,      -6.254593919,       -6.17712255,      -5.385253762,      -10.42918884
          0,           0,        5153,      -7.365906523,      -6.281332777,      -6.120232898,      -5.364446695,      -10.41798576
          0,           0,        5154,      -7.297246685,      -6.269449841,       -6.12884659,      -5.291373337,       -10.4392453
          0,           0,        5155,      -7.208063859,      -6.375021516,      -6.182165824,      -5.216762218,      -10.40061766
          0,           0,        5156,      -7.148391157,      -6.301509046,      -6.239872946,      -5.171420108,      -10.43354285
          0,           0,        5157,      -7.143301011,      -6.329556645,      -6.262512147,      -5.175836263,      -10.40907496
          0,           0,        5158,      -7.207206727,      -6.294722809,      -6.233089257,      -5.243661813,      -10.43356049
          0,           0,        5159,      -7.318336172,      -6.420028872,      -6.249831911,      -5.341693251,      -10.41542025
          0,           0,        5160,      -7.390426911,       -6.31857291,       -6.32854146,      -5.387568052,      -10.44255427
          0,           0,        5161,      -7.396305783,      -6.318280928,      -6.429806953,      -5.395074232,       -10.4056791
          0,           0,        5162,      -7.391630323,       -6.28197895,      -6.419597748,      -5.408691637,      -10.44562673
          0,           0,        5163,        -7.3900017,       -6.35881326,      -6.303394245,      -5.419138212,      -10.41816167
          0,           0,        5164,      -7.393155039,      -6.265861872,      -6.183543806,      -5.413741425,      -10.44406795
          0,           0,        5165,       -7.37701027,      -6.297048244,      -6.134809568,      -5.376443134,      -10.42361834
          0,           0,        5166,      -7.299836498,      -6.279947027,      -6.149254942,      -5.297562955,       -10.4451239
          0,           0,        5167,      -7.207612276,      -6.399084515,      -6.215833518,      -5.220137885,      -10.40242159
          0,           0,        5168,      -7.164772435,      -6.308575006,      -6.262504884,      -5.191244597,      -10.44520278
          0,           0,        5169,      -7.188502123,      -6.336341386,      -6.254546879,      -5.224044442,      -10.42160339
          0,           0,        5170,      -7.276452421,      -6.303207231,      -6.232279931,      -5.310907941,      -10.44839847
          0,           0,        5171,      -7.375868699,      -6.431499313,      -6.277688707,      -5.386529257,      -10.42985394
          0,           0,        5172,      -7.403260335,       -6.32105615,      -6.377149239,      -5.397403553,      -10.46006186
          0,           0,        5173,      -7.387404511,      -6.320684016,      -6.438937144,      -5.395423503,      -10.42390006
          0,           0,        5174,      -7.382996377,      -6.275026487,      -6.341067389,      -5.409422664,      -10.46787869
          0,           0,        5175,      -7.390220889,      -6.350948858,      -6.219952867,      -5.417140257,      -10.43760322
          0,           0,        5176,      -7.389180744,       -6.27073636,       -6.14384505,      -5.395239304,      -10.46586979
          0,           0,        5177,        -7.3356724,      -6.312571635,      -6.139355367,      -5.329763442,      -10.44397933
          0,           0,        5178,      -7.239798858,      -6.288962826,        -6.1825286,       -5.24594732,      -10.46792025
          0,           0,        5179,      -7.171486293,      -6.408884027,      -6.245873351,      -5.192786941,       -10.4226216
          0,           0,        5180,      -7.178249568,      -6.311520748,        -6.2383947,      -5.210665093,      -10.47680877
          0,           0,        5181,      -7.261310334,      -6.341615476,      -6.210784358,      -5.295082939,      -10.45044101
          0,           0,        5182,      -7.364637639,      -6.311130896,      -6.240425577,      -5.373837255,      -10.48146004
          0,           0,        5183,       -7.38762489,      -6.430531311,      -6.352305142,      -5.377150695,      -10.45888071
          0,           0,        5184,       -7.36965043,      -6.307414485,      -6.415432865,      -5.373864655,      -10.49357396
          0,           0,        5185,      -7.361671201,      -6.301638046,      -6.313762763,      -5.385912292,      -10.45483596
          0,           0,        5186,      -7.366543603,      -6.259643981,      -6.185467675,      -5.390938465,      -10.50279919
          0,           0,        5187,      -7.368788459,      -6.355201035,      -6.120064218,      -5.370988822,      -10.46750713
          0,           0,        5188,      -7.315065221,      -6.288485858,      -6.114299505,       -5.30559377,      -10.49583332
          0,           0,        5189,      -7.211255845,      -6.329848555,      -6.165818955,      -5.215717775,      -10.46609796
          0,           0,        5190,      -7.144865869,      -6.294380258,      -6.210771941,      -5.165211359,      -10.49453733
          0,           0,        5191,      -7.159864832,      -6.384772702,      -6.192410353,      -5.190233182,      -10.44980572
          0,           0,        5192,      -7.256546558,      -6.318173111,      -6.165282485,      -5.283730683,       -10.5141024
          0,           0,        5193,      -7.350892451,      -5.919178693,      -6.094809093,      -5.338572131,      -10.47854553
          0,           0,        5194,      -7.283009767,      -5.586144648,         -5.991519,       -5.28109704,      -10.50716953
          0,           0,        5195,      -7.240820399,      -5.860892889,      -5.803502584,       -5.24899001,      -10.48065418
          0,           0,        5196,      -7.086214465,      -5.964489339,       -5.87309518,      -5.072850997,      -10.51329198
          0,           0,        5197,      -6.892341938,      -5.927856538,      -5.715582504,      -4.902699209,      -10.47417446
          0,           0,        5198,      -7.161942027,      -6.072335871,      -5.726864273,      -5.131488016,      -10.52196696
          0,           0,        5199,      -6.893611542,      -6.174002859,      -6.080982681,      -4.873343095,      -10.47096397
          0,           0,        5200,      -7.035735382,      -6.194128353,      -6.140272326,      -5.042471235,      -10.49923534
          0,           0,        5201,      -7.199234083,      -6.207542993,      -6.000890449,      -5.218746235,      -10.47576042
          0,           0,        5202,      -7.048395065,      -6.252390748,      -5.989196544,      -5.065364079,      -10.51172217
          0,           0,        5203,      -6.996147987,       -6.27810189,      -5.896062632,      -5.013652163,      -10.47616295
          0,           0,        5204,      -7.205198681,      -6.269647042,      -5.821107056,      -5.184953795,      -10.53380439
          0,           0,        5205,      -6.978738377,      -6.254242339,      -6.133264841,       -4.95700673,      -10.48654812
          0,           0,        5206,      -7.053640042,       -6.17789204,      -5.974766155,      -5.064994601,      -10.51451029
          0,           0,        5207,       -7.24864638,      -6.262085986,      -5.983075445,      -5.240840725,       -10.4948123
          0,           0,        5208,      -7.190766369,      -6.240707686,      -5.979272005,      -5.164260784,      -10.53969807
          0,           0,        5209,      -7.164113535,      -6.238173282,      -5.906596235,      -5.142716981,      -10.48604369
          0,           0,        5210,      -7.081796684,      -6.220719611,      -5.780301302,       -5.07339894,      -10.50763082
          0,           0,        5211,      -6.836284282,      -6.248510842,      -5.877478631,       -4.84033074,      -10.45018017
          0,           0,        5212,      -6.825561168,      -6.202522403,      -5.829204734,      -4.840610863,      -10.48027798
          0,           0,        5213,       -7.01823529,      -6.286049241,      -5.803149792,      -5.021656608,      -10.49372943
          0,           0,        5214,      -7.033702818,      -6.286460592,       -6.01177364,      -4.993897527,      -10.53549545
          0,           0,        5215,      -7.064928461,       -6.34009934,      -6.156406495,      -5.042610989,      -10.47912776
          0,           0,        5216,      -7.164996468,      -6.072165302,      -5.961722597,      -5.168723089,      -10.53406179
          0,           0,        5217,      -6.826111992,      -5.410142333,      -5.695302407,      -4.647285781,      -10.49698961
          0,           0,        5218,      -6.955689213,      -5.760689822,      -5.715214019,      -4.852442716,      -10.52787338
          0,           0,        5219,       -6.97849795,       -5.85428892,      -5.676907898,      -4.896185492,      -10.47341935
          0,           0,        5220,      -6.805541857,      -5.950213648,      -5.731486913,       -4.78516818,      -10.46572319
          0,           0,        5221,      -6.704234601,      -6.010842656,      -5.781027615,      -4.707102661,      -10.43214787
          0,           0,        5222,      -6.762992002,      -6.028789664,      -5.719155847,      -4.774580298,      -10.48372307
          0,           0,        5223,      -6.916644076,      -6.274694835,      -5.728497629,      -4.902973922,      -10.45584038
          0,           0,        5224,      -6.931263899,      -6.164724854,      -5.878982652,      -4.891531091,      -10.52486737
          0,           0,        5225,      -6.925036326,        -5.8191533,      -5.939019505,      -4.885593408,      -10.47522075
          0,           0,        5226,      -6.842819476,      -5.344129824,      -5.624825316,      -4.760412727,      -10.49971986
          0,           0,        5227,       -6.91405214,      -5.678603005,      -5.609061148,      -4.878849692,      -10.48643426
          0,           0,        5228,      -6.872351097,      -5.738683478,      -5.578907559,      -4.827670516,       -10.5092575
          0,           0,        5229,      -6.786653406,      -5.865398852,      -5.536824556,      -4.756458304,      -10.41606608
          0,           0,        5230,      -6.593232978,       -5.91953986,      -5.561393916,      -4.586798067,      -10.39548954
          0,           0,        5231,      -6.524176058,      -5.935561927,      -5.580000567,      -4.525666806,       -10.3795658
          0,           0,        5232,       -6.67025294,      -6.038138524,      -5.485195804,      -4.672126607,      -10.44659918
          0,           0,        5233,      -6.755960707,      -6.132871083,      -5.584044768,      -4.711848496,      -10.45677936
          0,           0,        5234,      -6.678964149,      -6.053634011,      -5.804637752,      -4.655264969,      -10.46239018
          0,           0,        5235,      -6.800214637,      -5.866563409,      -5.624451952,       -4.80945937,      -10.42311455
          0,           0,        5236,      -6.824257037,      -5.766363937,      -5.438153409,      -4.782340799,       -10.4877772
          0,           0,        5237,      -6.700712921,      -5.912680064,      -5.388766238,      -4.673955096,      -10.44471737
          0,           0,        5238,      -6.649857402,      -5.877729618,      -5.287292821,      -4.614297141,      -10.37664087
          0,           0,        5239,      -6.420668531,      -5.962501956,      -5.244581672,      -4.404668208,      -10.25226447
          0,           0,        5240,      -6.243213168,      -5.823008105,      -5.361194919,      -4.232755967,      -10.24891977
          0,           0,        5241,      -6.373340661,      -5.835922557,      -5.220850674,      -4.370976267,      -10.32118835
          0,           0,        5242,      -6.518334296,      -5.804414759,      -5.271120533,      -4.470857191,      -10.39063713
          0,           0,        5243,      -6.387127854,      -5.812865984,      -5.552376795,      -4.360598995,      -10.32982353
          0,           0,        5244,      -6.599742296,      -5.772272165,      -5.448497269,        -4.6155616,      -10.34289359
          0,           0,        5245,      -6.686373506,      -5.539410009,      -5.091616827,      -4.706170773,      -10.36069932
          0,           0,        5246,      -6.410565249,      -5.575171401,      -4.966802002,      -4.399268395,      -10.33622167
          0,           0,        5247,      -6.261235601,      -5.394619942,      -4.845038449,      -4.228335878,      -10.11999035
          0,           0,        5248,      -6.029282228,      -5.533383379,      -4.749429844,      -4.003279784,      -9.913965338
          0,           0,        5249,      -5.769953751,      -5.391823933,      -5.005860521,      -3.744691927,      -9.879740096
          0,           0,        5250,      -5.957606905,      -5.536145235,      -4.834633065,      -3.946745611,      -10.00084514
          0,           0,        5251,      -6.123440555,      -5.643341804,      -4.894019433,      -4.076334272,      -10.09083992
          0,           0,        5252,      -6.004866554,      -4.344509129,      -4.021792712,      -3.949021846,      -9.583515657
          0,           0,        5253,       -5.25870717,      -5.113901448,      -4.549356521,      -3.216083869,      -9.561481917
          0,           0,        5254,      -5.762687324,      -5.226921355,      -4.646658944,      -3.717431219,      -9.615739575
          0,           0,        5255,      -5.437228439,      -5.355617342,      -4.280914926,      -3.411106609,      -9.708952925
          0,           0,        5256,      -5.633423439,      -5.336033043,      -4.540772127,      -3.567342739,      -9.803790657
          0,           0,        5257,      -5.672805428,      -5.375227078,      -4.803713857,      -3.606236982,      -9.884404354
          0,           0,        5258,       -5.79906777,      -5.483864474,      -5.018231022,      -3.735664622,      -9.947946903
          0,           0,        5259,      -5.948887373,      -5.552452056,      -5.186041575,      -3.886860392,        -9.9921403
          0,           0,        5260,      -6.093325936,      -5.711556948,      -5.328153274,      -4.048470365,      -10.03666679
          0,           0,        5261,      -6.229255908,      -5.778952778,      -5.459679308,      -4.185189085,      -10.06428592
          0,           0,        5262,      -6.357158283,      -5.801938406,      -5.569824931,      -4.315336551,      -10.08756598
          0,           0,        5263,      -6.475580005,      -5.835275336,      -5.661898513,      -4.436437214,      -10.08251476
          0,           0,        5264,       -6.58358723,      -5.848097742,      -5.738111654,      -4.546833515,      -10.06804434
          0,           0,        5265,      -6.678126292,      -5.704654286,      -5.802484137,       -4.64179213,      -10.03048469
          0,           0,        5266,      -6.753277774,        -5.8458924,      -5.861077813,      -4.720789213,      -9.998902628
          0,           0,        5267,      -6.815082532,      -5.956315181,      -5.915650841,      -4.779714992,      -9.938108231
          0,           0,        5268,      -6.858712881,      -5.970954474,      -5.954788982,      -4.824411049,      -9.931937652
          0,           0,        5269,      -6.896503275,      -5.995981846,      -5.986953117,      -4.862331365,      -9.910881808
          0,           0,        5270,      -6.936070043,      -5.976976226,      -5.975601124,      -4.901356393,       -9.90043589
          0,           0,        5271,      -6.956267855,      -6.028195466,      -5.972297942,      -4.926310921,      -9.891277075
          0,           0,        5272,      -7.005917522,      -6.020217534,      -6.022422202,      -4.969414155,      -9.890543871
          0,           0,        5273,      -7.034034179,       -6.02979274,      -6.040444662,      -4.995808477,      -9.890120503
          0,           0,        5274,      -7.048845754,      -6.015281268,       -6.05953497,      -5.009986998,      -9.894554451
          0,           0,        5275,      -7.055625929,      -5.920040792,      -6.005226826,      -4.999689602,      -9.894510908
          0,           0,        5276,      -6.777264144,      -5.482243251,      -5.747526223,      -4.577800349,      -9.898296031
          0,           0,        5277,      -6.946672164,      -5.803976131,      -5.983571724,      -4.811237775,      -9.892360562
          0,           0,        5278,      -7.023081106,      -5.859435696,      -6.051182221,      -4.909007982,      -9.887782627
          0,           0,        5279,      -7.048331858,      -5.922897448,       -6.08544189,       -4.97704378,      -9.877398304
          0,           0,        5280,      -7.061322229,      -5.662246247,       -6.09396891,      -5.008569992,      -9.867618147
          0,           0,        5281,      -7.067527183,      -5.875080168,      -6.111511988,      -5.032864998,      -9.852944594
          0,           0,        5282,      -7.082370914,      -4.973189236,      -5.961313452,      -4.859147043,      -9.829940135
          0,           0,        5283,      -6.042411344,      -5.037894849,      -5.223175592,      -3.756298125,      -9.824445011
          0,           0,        5284,      -6.548646117,      -5.334012807,      -5.408127651,      -4.332565605,      -9.820372733
          0,           0,        5285,      -6.517125257,      -5.405896214,      -5.631836109,      -4.486427208,      -9.812421784
          0,           0,        5286,      -6.543178031,      -5.489222784,      -5.813254111,      -4.614689729,       -9.80698053
          0,           0,        5287,      -6.629703707,      -5.583756139,       -5.95317213,         -4.731875,      -9.798403191
          0,           0,        5288,      -6.750983544,      -5.660380759,      -6.038589588,      -4.866205081,      -9.794384937
          0,           0,        5289,      -6.853817262,      -5.720150451,      -6.109538269,      -4.954497159,      -9.787189183
          0,           0,        5290,      -6.925042962,      -5.798642084,      -6.147127198,      -4.997640508,      -9.782564158
          0,           0,        5291,      -7.038840924,      -5.853187595,       -6.18736261,      -5.095185912,      -9.775594941
          0,           0,        5292,      -7.096927743,      -5.884780889,      -6.206497467,      -5.138879212,      -9.770361101
          0,           0,        5293,      -7.135840494,      -5.921974116,      -6.225865067,      -5.183372621,      -9.761614959
          0,           0,        5294,      -7.178829253,      -5.934490806,       -6.23651269,      -5.203370561,      -9.755782659
          0,           0,        5295,       -7.20189777,      -5.962621128,      -6.256621243,      -5.212885969,      -9.746817891
          0,           0,        5296,      -7.254224666,      -5.701186777,      -6.251881689,      -5.255479442,      -9.740528008
          0,           0,        5297,      -7.276574535,       -5.82620081,      -6.259362823,      -5.238154211,      -9.732722251
          0,           0,        5298,      -7.311927301,       -6.04502815,      -6.289450746,      -5.308015419,      -9.727528797
          0,           0,        5299,      -7.344437725,      -5.528291737,      -6.266322167,      -5.258310955,      -9.720486109
          0,           0,        5300,      -7.295467526,      -5.684261008,      -6.276060457,      -5.236204955,      -9.716938344
          0,           0,        5301,      -7.397507963,      -6.103046663,      -6.322317835,      -5.394501698,      -9.711919922
          0,           0,        5302,      -7.434333509,      -5.925244793,       -6.31158995,      -5.424514686,      -9.659431892
          0,           0,        5303,      -7.458929542,      -6.016653922,      -6.339084761,      -5.456606776,      -9.665640928
          0,           0,        5304,      -7.486692783,      -5.995417677,      -6.231784914,      -5.390003941,      -9.671682992
          0,           0,        5305,      -7.398038619,      -6.067438173,      -6.197035842,      -5.272577366,      -9.675011688
          0,           0,        5306,      -7.475623191,      -6.083419026,      -6.327737708,      -5.405294738,      -9.678577471
          0,           0,        5307,      -7.509326061,       -6.13262543,      -6.349647831,       -5.47750109,      -9.680233599
          0,           0,        5308,      -7.515649735,      -6.120325251,      -6.357367821,      -5.535430477,      -9.682535166
          0,           0,        5309,      -7.517141529,      -6.137959889,      -6.380099758,      -5.514920542,      -9.675769911
          0,           0,        5310,       -7.56839188,      -6.128849764,      -6.387556931,       -5.57936599,      -9.679648289
          0,           0,        5311,      -7.583795301,      -6.183166088,      -6.409441501,      -5.593818371,      -9.681421465
          0,           0,        5312,      -7.592481702,      -6.148717264,      -6.414122712,       -5.60940999,      -9.686779032
          0,           0,        5313,      -7.599054233,       -6.16383549,      -6.427515982,      -5.618649181,      -9.686913416
          0,           0,        5314,      -7.609047186,      -6.153119726,      -6.435238482,      -5.621240604,      -9.687013055
          0,           0,        5315,      -7.628424909,      -6.212704696,       -6.45370765,      -5.652039763,      -9.684600971
          0,           0,        5316,      -7.642531672,      -6.171972504,       -6.45813387,      -5.673787712,      -9.684140792
          0,           0,        5317,      -7.661718113,      -6.186578786,      -6.464736752,      -5.700375756,      -9.681325654
          0,           0,        5318,      -7.680699745,      -5.977307015,      -6.285818113,      -5.164046816,        -9.6799162
          0,           0,        5319,      -7.538505113,      -6.213045585,        -6.4116378,      -5.491996799,      -9.677230036
          0,           0,        5320,      -7.678162435,      -6.127472478,      -6.475148871,      -5.689300107,      -9.675939436
          0,           0,        5321,      -7.717002995,      -6.194629218,      -6.466935865,      -5.785779608,      -9.672491835
          0,           0,        5322,      -7.740294022,      -5.732468087,       -6.45399982,      -5.760854673,      -9.670987751
          0,           0,        5323,      -7.696660561,      -6.205040498,       -6.50025115,      -5.719444149,      -9.667550486
          0,           0,        5324,      -7.739932711,      -6.173841766,      -6.507397542,      -5.803122748,      -9.665561736
          0,           0,        5325,      -7.746153238,      -5.527201211,      -6.411451987,       -5.60049163,      -9.662678419
          0,           0,        5326,      -7.508373417,      -5.113523549,      -6.182326713,      -5.321825917,      -9.660591606
          0,           0,        5327,      -7.320675337,      -5.499323174,      -6.276503202,      -5.254485773,      -9.656917059
          0,           0,        5328,      -7.550545749,      -5.566092506,       -6.45425572,      -5.472316421,      -9.654409685
          0,           0,        5329,       -7.54792384,      -6.018964254,      -6.542890065,      -5.548195999,      -9.651952279
          0,           0,        5330,      -7.655082633,      -6.095199616,      -6.535497658,       -5.69647027,      -9.650376267
          0,           0,        5331,      -7.711834524,      -5.760369538,      -6.557761999,      -5.777647229,      -9.647568437
          0,           0,        5332,      -7.684139565,      -6.104730036,      -6.480742795,      -5.606289894,      -9.512758719
          0,           0,        5333,      -6.891324431,      -5.065171898,      -5.869066997,      -4.836633287,      -9.597979081
          0,           0,        5334,      -6.991283904,      -5.378201014,      -6.089342167,      -4.942799446,      -9.616476831
          0,           0,        5335,      -7.211869095,      -5.393923902,      -6.144653117,      -5.168856762,      -9.615096388
          0,           0,        5336,      -7.273685234,      -5.481955245,      -6.224979798,      -5.243225945,      -9.619468035
          0,           0,        5337,      -7.222343971,      -5.525530172,      -6.318856607,      -5.185827301,      -9.622262058
          0,           0,        5338,      -7.198227426,      -5.596498174,      -6.396334389,      -5.158482422,      -9.623008114
          0,           0,        5339,      -7.226534228,      -5.848654661,       -6.48991737,      -5.183649586,      -9.622634247
          0,           0,        5340,      -7.256526845,      -5.774708288,      -6.443507699,      -5.216984602,      -9.623010509
          0,           0,        5341,        -7.3328446,      -5.809428802,       -6.46357814,      -5.299545739,      -9.621383832
          0,           0,        5342,      -7.412831245,      -5.799014021,      -6.442747594,      -5.391986477,      -9.621242098
          0,           0,        5343,      -7.482625613,      -5.969631323,       -6.50288492,      -5.471124026,      -9.619885478
          0,           0,        5344,      -7.542642946,      -5.985655336,      -6.502519651,      -5.542069411,      -9.619320178
          0,           0,        5345,      -7.555935218,      -6.004564584,      -6.512400403,      -5.552790266,      -9.616918328
          0,           0,        5346,      -7.568056659,      -6.034938644,      -6.547665923,      -5.563765021,      -9.614646448
          0,           0,        5347,      -7.565508467,      -5.973014934,      -6.550438353,      -5.556970454,      -9.614063935
          0,           0,        5348,      -7.576793208,      -6.079082165,      -6.597137616,      -5.572018643,      -9.612879282
          0,           0,        5349,      -7.605284521,      -6.119841856,        -6.6106083,      -5.607851581,       -9.61116848
          0,           0,        5350,      -7.648880596,      -6.104671699,       -6.61628912,      -5.663066279,      -9.609995728
          0,           0,        5351,      -7.687053412,      -6.183009503,      -6.628888198,       -5.71641016,      -9.607441704
          0,           0,        5352,      -7.719159785,      -6.150188026,      -6.631982788,      -5.763747055,      -9.607008704
          0,           0,        5353,       -7.73557569,      -6.172123492,      -6.637316823,      -5.790136384,      -9.604981608
          0,           0,        5354,      -7.743306579,      -6.158809072,      -6.626430939,      -5.800790877,      -9.604052293
          0,           0,        5355,      -7.740421331,      -6.209372126,      -6.657723329,      -5.797216686,      -9.602374726
          0,           0,        5356,      -7.747835561,      -6.168532503,      -6.648288383,      -5.806191056,      -9.601690735
          0,           0,        5357,      -7.745668939,      -6.199267349,      -6.648944315,      -5.806075016,      -9.599721446
          0,           0,        5358,      -7.753932612,      -6.176053491,      -6.652970894,      -5.819261835,      -9.599511837
          0,           0,        5359,      -7.760687887,      -6.219989788,      -6.673926544,      -5.831582016,      -9.597784921
          0,           0,        5360,      -7.770649257,      -6.182741479,      -6.654137402,       -5.85004147,      -9.597215912
          0,           0,        5361,      -7.773765898,       -6.20927556,      -6.669338028,      -5.857777112,      -9.596014467
          0,           0,        5362,      -7.782319415,      -6.180218758,       -6.66127597,      -5.870694402,      -9.595609458
          0,           0,        5363,      -7.782430467,      -6.231112194,      -6.677431661,      -5.873493537,      -9.593903459
          0,           0,        5364,      -7.788101086,      -6.190196305,      -6.668823619,       -5.88266437,      -9.594034582
          0,           0,        5365,       -7.78834874,      -6.212236962,      -6.672965763,      -5.882866446,      -9.592230458
          0,           0,        5366,      -7.790798443,      -6.186534036,      -6.656046758,      -5.889371009,      -9.591732969
          0,           0,        5367,      -7.790628238,      -6.236073474,      -6.682910728,      -5.891759546,      -9.590839799
          0,           0,        5368,      -7.797846402,      -6.190067338,      -6.662851605,      -5.905324114,       -9.59057707
          0,           0,        5369,      -7.793363714,      -6.215010022,      -6.662795626,      -5.902590502,      -9.588980344
          0,           0,        5370,      -7.794633635,      -6.184430777,      -6.658325004,      -5.906648512,      -9.589325696
          0,           0,        5371,      -7.790110663,      -6.234161106,      -6.678186968,      -5.899751889,      -9.584911837
          0,           0,        5372,      -7.792830075,      -6.192950119,      -6.660373723,      -5.906759685,      -9.584152012
          0,           0,        5373,      -7.787765157,      -5.765224592,      -6.334098487,      -5.869678276,      -9.583391751
          0,           0,        5374,      -7.473139159,      -6.174678704,      -6.538845456,      -5.455841455,      -9.583288662
          0,           0,        5375,      -7.739409539,      -6.219441615,      -6.579542404,      -5.804179828,      -9.580533593
          0,           0,        5376,      -7.702179532,      -6.185120276,      -6.643689366,      -5.745046214,       -9.57919221
          0,           0,        5377,      -7.720123849,       -6.20853104,      -6.673604295,       -5.77637832,      -9.572934876
          0,           0,        5378,       -7.75982912,       -6.18569269,      -6.665451544,       -5.84654101,       -9.56441578
          0,           0,        5379,      -7.783482546,      -6.234856662,      -6.698603237,      -5.892581198,      -9.553274115
          0,           0,        5380,       -7.80047108,      -6.184123247,      -6.662140172,      -5.922758589,      -9.532766386
          0,           0,        5381,      -7.799518398,      -6.211751079,       -6.67140221,      -5.922535026,      -9.500320088
          0,           0,        5382,      -7.807402584,       -6.18441128,      -6.670946369,       -5.93668913,      -9.459494513
          0,           0,        5383,       -7.81041501,      -6.228469175,      -6.700693953,      -5.938382805,      -9.393931883
          0,           0,        5384,      -7.814546635,      -6.181433508,      -6.681221309,      -5.942794183,      -9.311508147
          0,           0,        5385,       -7.81000255,      -6.192156739,      -6.690184006,      -5.933419299,      -9.207927707
          0,           0,        5386,      -7.809688113,      -6.146649973,      -6.678823094,      -5.921369238,       -9.09469984
          0,           0,        5387,      -7.804655346,      -6.134050133,      -6.701813118,      -5.898076651,      -8.978819552
          0,           0,        5388,       -7.79786086,      -6.014394514,       -6.67271111,      -5.845415843,      -8.879088227
          0,           0,        5389,      -7.745089213,      -5.809351608,      -6.644453632,      -5.646253938,      -8.722460713
          0,           0,        5390,      -7.591048856,      -5.863081251,      -6.618206355,      -5.580798581,      -8.520903387
          0,           0,        5391,       -7.48279938,      -5.822276822,      -6.568594978,      -5.480658816,      -8.308966823
          0,           0,        5392,      -7.290406081,      -5.682451015,      -6.433442536,      -5.415412848,      -8.087541322
          0,           0,        5393,      -5.736315953,        -4.9623944,       -4.58833346,      -3.674514463,      -7.805714515
          0,           0,        5394,      -4.677921796,      -3.642442739,      -3.345569601,      -2.307146828,      -7.502932172
          0,           0,        5395,      -4.770643911,      -3.369150722,      -3.544207905,      -2.246921053,      -7.240287675
          0,           0,        5396,      -4.308369862,      -3.477564128,      -3.382704073,      -2.196182841,      -6.934571922
          0,           0,        5397,      -3.944713634,      -2.802020069,      -3.065276105,       -2.12009473,      -6.580504809
          0,           0,        5398,      -3.908962792,      -2.339697538,      -2.691133395,      -1.826282505,      -6.200062374
          0,           0,        5399,      -3.871655427,      -2.273463363,       -2.36200921,      -1.319777915,      -5.870050258
          0,           0,        5400,      -3.805881506,      -2.105177556,      -2.191555536,     -0.8891840577,      -5.547423776
          0,           0,        5401,       -3.93755027,      -1.885685543,      -2.030817467,     -0.8599268154,      -5.286980724
          0,           0,        5402,      -4.124384241,      -2.018766294,      -2.024717751,       -1.20780403,      -4.983370503
          0,           0,        5403,      -4.124041626,      -2.490200297,      -2.869966669,       -1.46438359,      -4.739317017
          0,           0,        5404,      -4.033499934,      -2.668811237,      -2.790851813,      -1.815708157,      -4.436016864
          0,           0,        5405,      -3.959290701,      -2.768954488,       -2.99729118,       -2.08780945,      -4.187768023
          0,           0,        5406,      -3.909253214,      -2.807739396,      -2.646326609,      -1.868663649,       -3.88010247
          0,           0,        5407,       -3.87654237,      -2.960070966,      -2.651536188,      -2.060489047,      -3.607515002
          0,           0,        5408,      -3.858827264,      -2.667093797,      -2.417751648,      -1.695043739,      -3.281818769
          0,           0,        5409,      -3.843676574,      -2.660515712,       -2.28758687,      -1.654150684,      -2.969564799
          0,           0,        5410,      -3.837077983,      -2.398509846,      -2.137555601,      -1.426267663,       -2.59957527
          0,           0,        5411,      -3.830658024,      -2.208977229,      -1.881973146,      -1.214025874,      -2.255007466
          0,           0,        5412,      -3.832095167,      -2.146761781,      -1.882322863,      -1.172200474,      -2.021719593
          0,           0,        5413,      -3.831802021,      -1.955390636,      -1.645534539,     -0.9633413485,      -1.646955557
          0,           0,        5414,      -3.836031254,      -1.924798729,      -1.656395952,     -0.9416960023,      -1.441522756
          0,           0,        5415,      -3.838324304,      -1.732791329,       -1.42892399,     -0.7285557058,      -1.060269616
          0,           0,        5416,      -3.843312275,      -1.704295029,       -1.43659733,     -0.7141948762,     -0.8509800017
          0,           0,        5417,      -3.846452096,      -1.502671824,      -1.206030758,     -0.4867638514,     -0.4681700573
          0,           0,        5418,      -3.851516432,      -1.478998973,      -1.218949555,     -0.4870824935,     -0.2638033043
          0,           0,        5419,      -3.854997525,      -1.275790633,     -0.9912183837,     -0.2535362262,      0.1176575928
          0,           0,        5420,      -3.859708001,      -1.249044409,      -1.002895719,     -0.2600325911,      0.3269925148
          0,           0,        5421,      -3.862813082,      -1.039379373,     -0.7722103676,    -0.01606884087,      0.7099809757
          0,           0,        5422,      -3.865862753,      -1.014653977,     -0.7875970743,    -0.03205286202,      0.9138613354
          0,           0,        5423,      -3.867972433,     -0.8059325858,     -0.5601284944,      0.2153039661,       1.295250327
          0,           0,        5424,      -3.868396608,     -0.7768182598,     -0.5725093528,      0.1976107415,       1.504892408
          0,           0,        5425,      -3.867194456,     -0.5624548462,     -0.3414877593,      0.4541010167,       1.888000603
          0,           0,        5426,      -3.866762102,       -0.53604655,     -0.3568659752,      0.4295082351,       2.091467175
          0,           0,        5427,      -3.867142747,     -0.3242401086,     -0.1289458323,      0.6878411126,       2.472743891
          0,           0,        5428,      -3.864780676,     -0.2929336154,     -0.1399604434,      0.6641833633,       2.682793376
          0,           0,        5429,      -3.859538622,    -0.07204580491,     0.09002451958,      0.9305107496,       3.066026344
          0,           0,        5430,      -3.833437845,    -0.04432617718,     0.06993764266,      0.8984656433,       3.269044497
          0,           0,        5431,      -3.792027717,      0.1719344882,      0.2939879326,       1.160699979,       3.650188883
          0,           0,        5432,      -3.763069698,      0.2022264924,        0.28517638,       1.130463272,       3.860712481
          0,           0,        5433,      -3.780151069,      0.4175237719,         0.5259734,       1.396366531,       4.244086053
          0,           0,        5434,      -3.776516973,       0.443268674,      0.5279861824,       1.346462194,       4.446596578
          0,           0,        5435,      -3.753124572,      0.6597861667,      0.7747839452,        1.56105723,       4.827589591
          0,           0,        5436,      -3.722617241,       0.675422278,      0.7910649887,       2.077088243,       5.038655615
          0,           0,        5437,      -3.714175836,      0.8449307942,      0.9717865788,       3.554776296,       5.422189799
