"Time_Iter","Outer_Iter","Inner_Iter",    "rms[Rho]"    ,    "rms[RhoU]"   ,    "rms[RhoV]"   ,    "rms[RhoE]"   ,     "rms[nu]"    
          0,           0,           0,      -3.714995161,      -13.22709349,      -13.26708675,      -1.667287729,      -8.979592347
          0,           0,           1,      -4.322811417,      -3.120631968,      -3.261075934,      -2.272563771,      -9.304031053
          0,           0,           2,      -4.356438276,      -3.201412163,      -3.487972753,       -2.30288576,       -9.84213749
          0,           0,           3,      -4.361627742,      -3.265460238,      -3.585728805,      -2.309613854,      -10.01019324
          0,           0,           4,      -4.436642623,      -3.303068858,      -3.526097198,      -2.388419369,      -10.13729605
          0,           0,           5,      -4.516759529,      -3.325674056,      -3.507139404,      -2.475257978,      -10.26762648
          0,           0,           6,      -4.552294621,      -3.348462625,      -3.524700885,      -2.515740169,       -10.3335589
          0,           0,           7,      -4.532375541,      -3.381060467,      -3.565347026,      -2.494099732,      -10.37911549
          0,           0,           8,      -4.493955578,      -3.426040901,      -3.620633365,      -2.451730548,      -10.41170857
          0,           0,           9,      -4.465006913,      -3.478637914,      -3.675820879,      -2.420184929,       -10.4381952
          0,           0,          10,      -4.452057481,      -3.525592968,      -3.705673022,      -2.406382408,      -10.47243225
          0,           0,          11,      -4.451220734,      -3.550570764,      -3.695996844,      -2.406012429,      -10.49155565
          0,           0,          12,       -4.45505234,      -3.549287862,      -3.662974226,      -2.411056026,      -10.50589795
          0,           0,          13,      -4.456876509,      -3.534066395,       -3.62951584,      -2.414177494,      -10.51679415
          0,           0,          14,      -4.453902366,       -3.51915197,       -3.60594051,      -2.412053999,      -10.52686548
          0,           0,          15,      -4.447080501,      -3.511606947,      -3.592665297,      -2.405457089,      -10.53945173
          0,           0,          16,      -4.438177451,      -3.512497102,      -3.586233163,      -2.396252165,      -10.55366694
          0,           0,          17,      -4.427589036,      -3.519944299,      -3.583051157,      -2.385011501,      -10.56433013
          0,           0,          18,       -4.41462094,      -3.530994417,      -3.581118458,      -2.371214044,      -10.56670881
          0,           0,          19,      -4.399089952,      -3.542395781,      -3.579909106,      -2.354847791,      -10.56431656
          0,           0,          20,      -4.382292921,      -3.550692396,      -3.579080819,      -2.337357174,      -10.55968373
          0,           0,          21,      -4.366499346,      -3.552556918,      -3.577309295,      -2.321094169,      -10.55477436
          0,           0,          22,      -4.353712478,      -3.545758841,      -3.572279129,      -2.308067064,      -10.55037641
          0,           0,          23,      -4.344757015,      -3.530384752,      -3.561984651,      -2.299043817,      -10.54647616
          0,           0,          24,      -4.339046586,      -3.509099963,      -3.546368828,      -2.293337545,      -10.54170734
          0,           0,          25,      -4.334903332,      -3.486029469,      -3.527755573,      -2.289143159,      -10.53193251
          0,           0,          26,      -4.330275455,      -3.465256004,      -3.509723872,      -2.284287921,      -10.51545518
          0,           0,          27,      -4.323640322,      -3.449929394,      -3.495572744,       -2.27718678,      -10.49459296
          0,           0,          28,      -4.314683234,      -3.441964055,      -3.487391363,      -2.267559718,      -10.47120465
          0,           0,          29,        -4.3043558,      -3.442037859,      -3.485756839,      -2.256475268,      -10.44742191
          0,           0,          30,      -4.294342169,      -3.449478933,      -3.489655686,      -2.245758571,      -10.42552472
          0,           0,          31,      -4.286357644,      -3.461931507,      -3.496425771,      -2.237236297,      -10.40636582
          0,           0,          32,      -4.281652059,       -3.47499231,      -3.501932319,      -2.232217677,      -10.39039346
          0,           0,          33,      -4.280795868,      -3.482600466,      -3.501548551,      -2.231280644,      -10.37713317
          0,           0,          34,      -4.283645233,      -3.479261017,      -3.492169743,      -2.234241859,      -10.36467943
          0,           0,          35,      -4.289386337,      -3.463472063,      -3.474069657,      -2.240203754,      -10.35285164
          0,           0,          36,      -4.296641389,      -3.438961327,       -3.45077572,      -2.247666041,      -10.34125246
          0,           0,          37,      -4.303693426,       -3.41219767,      -3.427114566,      -2.254771308,      -10.33089819
          0,           0,          38,       -4.30889253,      -3.389176813,      -3.407324451,      -2.259756102,      -10.32212955
          0,           0,          39,      -4.311193587,      -3.374033701,      -3.394260985,      -2.261543817,      -10.31441929
          0,           0,          40,      -4.310595362,      -3.369132742,      -3.389367588,      -2.260208533,      -10.30810467
          0,           0,          41,      -4.308207606,      -3.375519765,       -3.39281221,      -2.257007702,      -10.30280812
          0,           0,          42,      -4.305897324,      -3.393142416,      -3.403469764,      -2.253958937,      -10.29767432
          0,           0,          43,       -4.30574416,      -3.420632609,      -3.418714181,      -2.253242709,      -10.29341124
          0,           0,          44,      -4.309576383,      -3.454586172,      -3.434286308,      -2.256725605,      -10.29047541
          0,           0,          45,      -4.318691722,      -3.488631596,      -3.444894964,      -2.265694651,      -10.28766192
          0,           0,          46,      -4.333708487,      -3.513722999,      -3.446164703,      -2.280726616,       -10.2860594
          0,           0,          47,      -4.354443146,      -3.522009767,      -3.437104969,      -2.301577533,      -10.28806815
          0,           0,          48,      -4.379748301,      -3.512755113,      -3.420734034,      -2.327026505,      -10.28907425
          0,           0,          49,      -4.407347457,      -3.492978815,      -3.402135779,      -2.354717585,      -10.29133154
          0,           0,          50,      -4.433882637,      -3.471877445,      -3.386057363,      -2.381227335,      -10.29438022
          0,           0,          51,       -4.45556279,      -3.456335743,      -3.375757394,      -2.402750563,      -10.29465144
          0,           0,          52,      -4.469589044,      -3.450220975,      -3.372938832,       -2.41655413,      -10.29572362
          0,           0,          53,      -4.475649663,      -3.455284541,      -3.378019528,      -2.422443402,      -10.29478805
          0,           0,          54,      -4.476189024,      -3.471990723,      -3.390313647,      -2.422953564,      -10.29365166
          0,           0,          55,      -4.475194761,      -3.499853273,      -3.408035008,      -2.422088588,      -10.29380992
          0,           0,          56,      -4.476662966,      -3.537274041,      -3.428247518,      -2.423802195,      -10.29320081
          0,           0,          57,      -4.483737078,      -3.580928813,       -3.44708598,      -2.431175689,      -10.29650063
          0,           0,          58,       -4.49853788,      -3.624984981,      -3.460658893,      -2.446273291,      -10.29951664
          0,           0,          59,      -4.522262149,      -3.661297633,      -3.466604562,      -2.470249586,      -10.30547109
          0,           0,          60,      -4.555195818,      -3.682464138,      -3.465301964,      -2.503365435,      -10.31338334
          0,           0,          61,      -4.596414319,      -3.686850458,      -3.459595338,      -2.544695453,      -10.31970574
          0,           0,          62,      -4.643018854,      -3.679868708,      -3.453307241,      -2.591384737,      -10.32755972
          0,           0,          63,      -4.689065617,      -3.669681647,      -3.449827789,      -2.637610561,      -10.33400209
          0,           0,          64,      -4.725498932,      -3.662887269,      -3.451467953,      -2.674510099,      -10.33900017
          0,           0,          65,      -4.743751479,      -3.663322843,      -3.459389034,      -2.693636942,      -10.34297563
          0,           0,          66,      -4.742280668,      -3.672605369,      -3.473712786,      -2.693316163,      -10.34537999
          0,           0,          67,      -4.728163292,      -3.690818879,      -3.493590506,      -2.680354377,      -10.34721334
          0,           0,          68,      -4.711341487,      -3.716846017,      -3.517207667,      -2.664543753,      -10.34809726
          0,           0,          69,      -4.699428118,      -3.748390011,      -3.541861434,      -2.653501298,       -10.3490611
          0,           0,          70,      -4.696721973,      -3.781954135,      -3.564368648,      -2.651589579,      -10.34896372
          0,           0,          71,      -4.705120229,      -3.813238929,       -3.58198636,       -2.66076624,      -10.34799831
          0,           0,          72,      -4.724942787,      -3.838391004,      -3.593557346,      -2.681383974,      -10.34715127
          0,           0,          73,       -4.75514121,      -3.855763447,      -3.600074713,      -2.712381592,      -10.34543081
          0,           0,          74,      -4.792891662,      -3.866773406,      -3.604158638,      -2.750847955,       -10.3428352
          0,           0,          75,      -4.832831014,      -3.874933467,      -3.608904874,      -2.791231507,      -10.34011539
          0,           0,          76,      -4.866971095,      -3.883978523,      -3.616921773,      -2.825313043,      -10.33695151
          0,           0,          77,      -4.887310228,      -3.896486282,       -3.62987972,      -2.845059068,      -10.33298897
          0,           0,          78,      -4.891071058,      -3.913335757,      -3.648413455,      -2.848059268,      -10.32938165
          0,           0,          79,      -4.882999228,      -3.933656174,      -3.672136939,      -2.839558823,      -10.32650079
          0,           0,          80,      -4.871455933,      -3.955053751,       -3.69966612,      -2.828154938,      -10.32362403
          0,           0,          81,      -4.863563315,      -3.974275216,       -3.72871566,       -2.82093372,      -10.32127273
          0,           0,          82,      -4.863532629,      -3.988503508,      -3.756467699,      -2.821968276,      -10.31945011
          0,           0,          83,      -4.873066626,      -3.996858905,       -3.78037539,      -2.832802378,      -10.31774385
          0,           0,          84,      -4.892014305,      -4.001001654,       -3.79919917,      -2.853090903,       -10.3161128
          0,           0,          85,      -4.918638125,      -4.004300241,      -3.813613089,      -2.880814448,      -10.31454102
          0,           0,          86,      -4.949579733,      -4.010364375,      -3.825869313,      -2.912215035,      -10.31273278
          0,           0,          87,      -4.980018333,      -4.021972597,       -3.83880239,      -2.942052093,      -10.31049756
          0,           0,          88,      -5.004793676,      -4.040616906,      -3.854880582,      -2.965038961,      -10.30786194
          0,           0,          89,      -5.020708371,      -4.066335555,      -3.875675375,      -2.978455973,      -10.30498669
          0,           0,          90,       -5.02844522,      -4.097529337,      -3.901670474,      -2.983877422,      -10.30186625
          0,           0,          91,       -5.03205818,      -4.130769493,      -3.932212809,      -2.986062066,      -10.29845004
          0,           0,          92,      -5.036603841,      -4.161073744,      -3.965533705,      -2.990279603,      -10.29504356
          0,           0,          93,      -5.046160233,      -4.183429279,      -3.998960959,      -3.000474417,      -10.29162755
          0,           0,          94,      -5.063102101,      -4.195434948,      -4.029553495,      -3.018762149,       -10.2880667
          0,           0,          95,      -5.088074379,      -4.198911335,      -4.055192437,      -3.045491245,      -10.28447171
          0,           0,          96,      -5.120022654,      -4.198656348,      -4.075602456,      -3.079244558,      -10.28098838
          0,           0,          97,      -5.156091329,      -4.199772917,      -4.092498536,      -3.116673908,       -10.2775452
          0,           0,          98,      -5.191708265,      -4.205914338,      -4.108715379,      -3.152619391,      -10.27428868
          0,           0,          99,      -5.221616409,      -4.218850476,      -4.127027813,      -3.181439341,      -10.27125636
          0,           0,         100,      -5.242244748,      -4.238603743,      -4.149332986,      -3.199826489,      -10.26847896
          0,           0,         101,      -5.253961536,      -4.263615464,      -4.176294721,      -3.209046071,      -10.26575869
          0,           0,         102,      -5.260847192,      -4.290909474,      -4.207254083,      -3.214064801,      -10.26319861
          0,           0,         103,      -5.268250266,      -4.316588466,      -4.240300821,      -3.220618291,      -10.26074559
          0,           0,         104,      -5.280572702,      -4.337036458,      -4.272625994,      -3.233060062,      -10.25851373
          0,           0,         105,       -5.30040436,      -4.350550692,      -4.301365477,       -3.25374565,      -10.25642034
          0,           0,         106,      -5.328443078,       -4.35819749,      -4.324820845,      -3.283090143,      -10.25437262
          0,           0,         107,      -5.363466489,      -4.363046218,      -4.343334187,      -3.319549181,      -10.25236502
          0,           0,         108,      -5.402132717,      -4.368515408,      -4.359072641,      -3.359382713,      -10.25027806
          0,           0,         109,      -5.439036829,      -4.377091496,      -4.374900288,       -3.39675195,      -10.24807023
          0,           0,         110,      -5.468064703,      -4.389819665,      -4.393192625,      -3.425321546,      -10.24581676
          0,           0,         111,      -5.485485209,       -4.40628899,      -4.415127293,      -3.441662645,      -10.24351698
          0,           0,         112,      -5.492525422,      -4.424850882,      -4.440424525,       -3.44769553,      -10.24123064
          0,           0,         113,      -5.494442053,       -4.44306627,      -4.467387037,      -3.449213887,      -10.23896492
          0,           0,         114,      -5.497244464,      -4.458477819,      -4.493289651,      -3.452339603,      -10.23672687
          0,           0,         115,      -5.505357528,      -4.469574172,      -4.515295837,      -3.461326308,      -10.23430966
          0,           0,         116,      -5.521047265,      -4.476430664,      -4.531763747,      -3.478168864,      -10.23188465
          0,           0,         117,      -5.544616179,      -4.480549744,      -4.543173259,       -3.50286544,      -10.22949105
          0,           0,         118,      -5.574581138,      -4.484040498,      -4.551906775,      -3.533595062,      -10.22711189
          0,           0,         119,      -5.607712888,      -4.488731197,      -4.561106214,      -3.566785353,      -10.22482972
          0,           0,         120,      -5.639348767,      -4.495631352,      -4.573515731,      -3.597574068,      -10.22261725
          0,           0,         121,      -5.664661027,      -4.504778233,      -4.590840392,      -3.621328214,      -10.22043694
          0,           0,         122,      -5.680902315,      -4.515351202,      -4.613537629,      -3.635952792,      -10.21837025
          0,           0,         123,      -5.689013458,      -4.525980287,      -4.640787626,      -3.643114618,      -10.21630194
          0,           0,         124,       -5.69289625,      -4.535215474,      -4.670550316,      -3.647044822,      -10.21429643
          0,           0,         125,      -5.697158913,      -4.542056221,      -4.699853324,      -3.652224416,      -10.21230002
          0,           0,         126,       -5.70537036,      -4.546326342,      -4.725565784,      -3.661863643,      -10.21038358
          0,           0,         127,      -5.719490786,      -4.548694126,      -4.745630409,      -3.677509141,      -10.20852065
          0,           0,         128,      -5.739961561,      -4.550344803,      -4.760077136,      -3.699182786,      -10.20667056
          0,           0,         129,      -5.765930234,      -4.552519407,      -4.770976774,      -3.725607577,      -10.20489632
          0,           0,         130,      -5.795461132,      -4.556144592,      -4.781382782,       -3.75446313,      -10.20319305
          0,           0,         131,      -5.825856047,      -4.561646116,      -4.794136024,      -3.782852527,      -10.20145437
          0,           0,         132,       -5.85429066,      -4.568927619,      -4.811165201,      -3.808144274,      -10.19968889
          0,           0,         133,      -5.878763584,      -4.577465644,      -4.833273752,      -3.828989485,       -10.1979096
          0,           0,         134,      -5.898907633,      -4.586483245,      -4.860151159,      -3.845881989,      -10.19618082
          0,           0,         135,      -5.916057678,      -4.595170007,      -4.890444958,      -3.860802658,      -10.19443373
          0,           0,         136,      -5.932516881,      -4.602900058,      -4.921911745,      -3.876249397,      -10.19271931
          0,           0,         137,      -5.950593889,      -4.609381872,      -4.951793484,       -3.89433623,      -10.19105231
          0,           0,         138,      -5.971946029,        -4.6146869,      -4.977528402,      -3.916317337,      -10.18940014
          0,           0,         139,      -5.997333374,      -4.619155747,      -4.997612386,      -3.942476093,      -10.18780992
          0,           0,         140,      -6.026636976,      -4.623236692,      -5.012092692,      -3.972207972,      -10.18625335
          0,           0,         141,      -6.059001411,      -4.627330797,      -5.022313904,      -4.004208064,      -10.18469469
          0,           0,         142,      -6.093048843,      -4.631695741,      -5.030142606,      -4.036760505,      -10.18321322
          0,           0,         143,      -6.127154176,      -4.636423427,       -5.03724079,      -4.068125921,      -10.18169335
          0,           0,         144,      -6.159739352,      -4.641477751,      -5.044725532,      -4.096928077,      -10.18023504
          0,           0,         145,      -6.189485005,      -4.646765005,      -5.053186032,      -4.122353621,      -10.17884403
          0,           0,         146,       -6.21536725,      -4.652206398,      -5.062876002,      -4.144048511,      -10.17746476
          0,           0,         147,      -6.236558898,      -4.657787031,      -5.073917513,      -4.161820709,      -10.17615414
          0,           0,         148,      -6.252388768,       -4.66356695,      -5.086416687,      -4.175431439,      -10.17491285
          0,           0,         149,       -6.26254188,      -4.669654863,      -5.100453496,      -4.184695597,      -10.17365925
          0,           0,         150,      -6.267444005,      -4.676158107,      -5.115960238,      -4.189850333,      -10.17236751
          0,           0,         151,      -6.268515419,       -4.68312866,      -5.132542088,      -4.191896582,      -10.17112217
          0,           0,         152,      -6.268021887,      -4.690523531,      -5.149320837,      -4.192613081,      -10.16984586
          0,           0,         153,      -6.268585693,      -4.698191488,      -5.164908082,      -4.194211983,       -10.1686154
          0,           0,         154,      -6.272651041,      -4.705890324,      -5.177622167,      -4.198859517,      -10.16738133
          0,           0,         155,      -6.282112309,      -4.713331175,      -5.185988466,      -4.208282179,      -10.16615371
          0,           0,         156,      -6.298099273,      -4.720239073,      -5.189355535,      -4.223508698,      -10.16496347
          0,           0,         157,      -6.320785559,      -4.726413356,       -5.18826049,      -4.244663359,      -10.16376935
          0,           0,         158,      -6.349077527,      -4.731770241,      -5.184275113,       -4.27070402,      -10.16260873
          0,           0,         159,      -6.380144829,      -4.736355198,      -5.179447809,      -4.299093304,      -10.16144923
          0,           0,         160,      -6.409080509,      -4.740323561,      -5.175704312,       -4.32565099,      -10.16031186
          0,           0,         161,      -6.429582999,      -4.743898637,      -5.174463297,      -4.345220009,      -10.15914658
          0,           0,         162,      -6.436576882,      -4.747322593,      -5.176491587,      -4.353670929,      -10.15800591
          0,           0,         163,      -6.429474805,      -4.750814048,      -5.181907478,      -4.350280916,      -10.15691215
          0,           0,         164,      -6.412570455,      -4.754540558,      -5.190251159,      -4.338164687,      -10.15580076
          0,           0,         165,      -6.392078198,      -4.758607218,      -5.200595466,      -4.322270682,       -10.1547329
          0,           0,         166,      -6.373217588,      -4.763058162,      -5.211712293,      -4.307091067,      -10.15368534
          0,           0,         167,      -6.359248225,      -4.767885575,      -5.222315071,      -4.295647755,      -10.15265594
          0,           0,         168,      -6.351762543,      -4.773041122,      -5.231356555,      -4.289530201,      -10.15167423
          0,           0,         169,      -6.351241703,      -4.778446349,      -5.238294079,      -4.289281141,       -10.1507257
          0,           0,         170,      -6.357473369,       -4.78400076,      -5.243203899,      -4.294752444,      -10.14978799
          0,           0,         171,      -6.369789615,      -4.789588294,      -5.246686141,      -4.305345239,      -10.14885004
          0,           0,         172,      -6.387182534,      -4.795084072,      -5.249616063,      -4.320159561,      -10.14795172
          0,           0,         173,      -6.408360696,      -4.800363464,       -5.25286556,      -4.338097269,      -10.14709613
          0,           0,         174,      -6.431799495,      -4.805314499,      -5.257096234,      -4.357951548,       -10.1462407
          0,           0,         175,      -6.455828485,      -4.809852801,      -5.262659219,      -4.378498707,      -10.14537488
          0,           0,         176,      -6.478781772,      -4.813936343,      -5.269588247,      -4.398590088,      -10.14454455
          0,           0,         177,      -6.499204082,      -4.817576161,      -5.277657745,      -4.417230372,      -10.14370009
          0,           0,         178,      -6.516061141,      -4.820839426,      -5.286481165,      -4.433630411,      -10.14288308
          0,           0,         179,      -6.528878361,      -4.823843013,      -5.295628594,      -4.447237497,      -10.14207882
          0,           0,         180,      -6.537756403,       -4.82673817,       -5.30474084,      -4.457760244,      -10.14129225
          0,           0,         181,      -6.543274023,      -4.829689258,      -5.313614131,      -4.465202104,      -10.14051174
          0,           0,         182,      -6.546335946,       -4.83285073,      -5.322233869,      -4.469894778,       -10.1397551
          0,           0,         183,      -6.548023634,      -4.836346494,      -5.330750779,       -4.47250103,      -10.13902969
          0,           0,         184,      -6.549476936,      -4.840254807,      -5.339412106,      -4.473959899,      -10.13833188
          0,           0,         185,       -6.55180833,      -4.844600401,      -5.348473561,       -4.47537623,      -10.13761353
          0,           0,         186,      -6.556041937,      -4.849354315,      -5.358118473,      -4.477885244,      -10.13692497
          0,           0,         187,       -6.56306985,      -4.854440847,      -5.368402542,      -4.482528896,      -10.13626405
          0,           0,         188,      -6.573619511,      -4.859750344,      -5.379232534,      -4.490164858,      -10.13560753
          0,           0,         189,      -6.588224698,      -4.865155917,      -5.390380088,      -4.501407434,      -10.13494934
          0,           0,         190,      -6.607189985,      -4.870531688,       -5.40152718,      -4.516585544,      -10.13429951
          0,           0,         191,      -6.630536004,      -4.875769882,      -5.412335341,      -4.535699021,      -10.13362476
          0,           0,         192,      -6.657912809,      -4.880794165,      -5.422524968,      -4.558359087,      -10.13296246
          0,           0,         193,       -6.68847595,      -4.885567269,      -5.431945743,      -4.583712341,      -10.13232487
          0,           0,         194,      -6.720745752,      -4.890091995,      -5.440618675,      -4.610374543,      -10.13171239
          0,           0,         195,      -6.752530291,       -4.89440605,      -5.448737604,      -4.636444354,      -10.13110993
          0,           0,         196,      -6.781079839,      -4.898572158,      -5.456631273,      -4.659708333,       -10.1305083
          0,           0,         197,      -6.803660192,      -4.902665739,      -5.464699397,      -4.678118064,      -10.12993041
          0,           0,         198,      -6.818497297,      -4.906762375,      -5.473341311,      -4.690440326,       -10.1293771
          0,           0,         199,      -6.825582227,      -4.910926961,      -5.482892763,      -4.696737845,      -10.12884515
          0,           0,         200,      -6.826701679,      -4.915205744,      -5.493579364,      -4.698340608,      -10.12830129
          0,           0,         201,      -6.824671216,      -4.919621826,      -5.505488851,      -4.697331848,      -10.12775983
          0,           0,         202,      -6.822389755,      -4.924174116,        -5.5185613,      -4.695908971,      -10.12724296
          0,           0,         203,      -6.822248561,      -4.928839386,      -5.532596325,      -4.695940682,      -10.12673259
          0,           0,         204,      -6.825963582,      -4.933576787,      -5.547277485,      -4.698791806,      -10.12621564
          0,           0,         205,      -6.834645733,      -4.938334082,      -5.562214465,      -4.705323534,      -10.12569688
          0,           0,         206,      -6.848932194,      -4.943054728,      -5.577001394,      -4.715957836,      -10.12519449
          0,           0,         207,       -6.86908551,      -4.947684915,      -5.591284534,       -4.73073727,      -10.12468743
          0,           0,         208,      -6.895024948,      -4.952179705,      -5.604826276,      -4.749352797,      -10.12420025
          0,           0,         209,       -6.92627763,      -4.956507551,      -5.617548867,      -4.771138759,       -10.1237356
          0,           0,         210,      -6.961846358,      -4.960652729,      -5.629544541,      -4.795053602,      -10.12329412
          0,           0,         211,      -7.000014505,      -4.964615531,      -5.641048606,       -4.81968604,      -10.12287595
          0,           0,         212,      -7.038179519,      -4.968410436,      -5.652384088,      -4.843346768,      -10.12244752
          0,           0,         213,      -7.072941378,      -4.972062734,      -5.663894044,      -4.864303267,       -10.1220295
          0,           0,         214,      -7.100760321,      -4.975604291,      -5.675877982,      -4.881153105,      -10.12163297
          0,           0,         215,      -7.119216308,      -4.979069157,      -5.688543638,      -4.893209998,      -10.12125626
          0,           0,         216,      -7.128160058,      -4.982489652,       -5.70197904,      -4.900695034,      -10.12089599
          0,           0,         217,      -7.129750635,      -4.985893321,      -5.716145194,      -4.904608789,      -10.12052228
          0,           0,         218,      -7.127338804,      -4.989301041,      -5.730887658,      -4.906365441,      -10.12015195
          0,           0,         219,      -7.124177642,       -4.99272624,      -5.745964515,      -4.907395397,      -10.11977322
          0,           0,         220,      -7.122716187,      -4.996175134,      -5.761087245,      -4.908872916,       -10.1194028
          0,           0,         221,      -7.124481048,      -4.999647698,      -5.775969031,      -4.911601749,      -10.11904879
          0,           0,         222,      -7.130237313,      -5.003139118,      -5.790372435,      -4.916013987,      -10.11871191
          0,           0,         223,      -7.140198344,      -5.006641424,      -5.804146727,      -4.922225293,      -10.11839281
          0,           0,         224,      -7.154194021,      -5.010145088,      -5.817246497,      -4.930108414,        -10.118061
          0,           0,         225,      -7.171785268,      -5.013640424,      -5.829727782,      -4.939367177,      -10.11774163
          0,           0,         226,      -7.192339188,      -5.017118652,      -5.841724382,      -4.949604826,      -10.11743639
          0,           0,         227,      -7.215082549,      -5.020572641,      -5.853412402,      -4.960384662,      -10.11714325
          0,           0,         228,      -7.239147142,       -5.02399731,      -5.864972979,      -4.971280811,       -10.1168639
          0,           0,         229,      -7.263614417,       -5.02738975,      -5.876561675,      -4.981916002,      -10.11659997
          0,           0,         230,      -7.287561282,      -5.030749121,      -5.888289323,      -4.991983822,      -10.11634311
          0,           0,         231,      -7.310105617,       -5.03407638,      -5.900215499,      -5.001255507,      -10.11605169
          0,           0,         232,      -7.330450157,      -5.037373914,      -5.912352839,      -5.009574877,      -10.11577427
          0,           0,         233,      -7.347927525,      -5.040645109,      -5.924678998,      -5.016847878,      -10.11551096
          0,           0,         234,      -7.362050193,      -5.043893901,      -5.937152473,      -5.023033113,      -10.11525969
          0,           0,         235,      -7.372565523,      -5.047124349,      -5.949728569,      -5.028137493,      -10.11499319
          0,           0,         236,      -7.379503653,      -5.050340235,       -5.96237258,      -5.032217069,      -10.11472418
          0,           0,         237,      -7.383196455,      -5.053544726,      -5.975068096,      -5.035379821,        -10.114462
          0,           0,         238,      -7.384248839,      -5.056740114,       -5.98781961,       -5.03778579,      -10.11421251
          0,           0,         239,      -7.383461633,      -5.059927633,       -6.00064971,      -5.039640885,      -10.11397602
          0,           0,         240,      -7.381726175,      -5.063107375,       -6.01359204,      -5.041183312,      -10.11375554
          0,           0,         241,      -7.379919793,      -5.066278286,      -6.026681706,      -5.042664294,      -10.11354767
          0,           0,         242,      -7.378824598,      -5.069438252,      -6.039944846,      -5.044326475,      -10.11335313
          0,           0,         243,      -7.379078063,      -5.072584262,      -6.053388902,      -5.046383609,      -10.11317141
          0,           0,         244,      -7.381151187,      -5.075712624,      -6.066994769,      -5.049004137,      -10.11297044
          0,           0,         245,      -7.385344446,      -5.078819238,      -6.080711801,      -5.052299905,      -10.11277274
          0,           0,         246,      -7.391791472,      -5.081899888,      -6.094456341,       -5.05632014,      -10.11258748
          0,           0,         247,       -7.40046266,      -5.084950553,      -6.108114544,      -5.061050063,      -10.11241421
          0,           0,         248,       -7.41116484,      -5.087967708,      -6.121549818,      -5.066413519,      -10.11225325
          0,           0,         249,       -7.42353696,      -5.090948593,      -6.134614893,      -5.072279227,      -10.11210224
          0,           0,         250,      -7.437046514,      -5.093891439,      -6.147167639,      -5.078470654,      -10.11195826
          0,           0,         251,      -7.450996554,      -5.096795619,        -6.1590887,      -5.084779686,      -10.11179774
          0,           0,         252,      -7.464558205,      -5.099661716,      -6.170298129,      -5.090984221,      -10.11162657
          0,           0,         253,      -7.476844059,       -5.10249149,      -6.180767494,      -5.096869096,      -10.11145258
          0,           0,         254,      -7.487028414,       -5.10528775,      -6.190524664,      -5.102248675,      -10.11128935
          0,           0,         255,       -7.49449803,      -5.108054127,      -6.199649662,      -5.106988284,      -10.11113653
          0,           0,         256,      -7.498989603,      -5.110794782,      -6.208262116,      -5.111020834,      -10.11099254
          0,           0,         257,      -7.500659139,      -5.113514054,       -6.21650262,      -5.114355169,      -10.11083925
          0,           0,         258,      -7.500050751,      -5.116216102,      -6.224511566,      -5.117074054,      -10.11068689
          0,           0,         259,      -7.497978165,      -5.118904571,      -6.232409096,      -5.119321889,      -10.11054055
          0,           0,         260,      -7.495368183,      -5.121582309,      -6.240279284,      -5.121284416,      -10.11040508
          0,           0,         261,       -7.49311836,      -5.124251186,       -6.24816059,      -5.123164198,       -10.1102797
          0,           0,         262,      -7.491998126,      -5.126912004,      -6.256043528,      -5.125155872,      -10.11016305
          0,           0,         263,      -7.492595613,      -5.129564539,      -6.263875646,      -5.127424434,      -10.11005488
          0,           0,         264,      -7.495297668,      -5.132207675,      -6.271572924,      -5.130088706,      -10.10995598
          0,           0,         265,      -7.500286995,      -5.134839656,      -6.279036088,      -5.133210885,      -10.10986654
          0,           0,         266,      -7.507544541,      -5.137458364,      -6.286169349,      -5.136792377,      -10.10977148
          0,           0,         267,      -7.516851343,      -5.140061635,      -6.292898691,      -5.140775675,      -10.10966114
          0,           0,         268,      -7.527790414,      -5.142647572,      -6.299186522,      -5.145051926,      -10.10955914
          0,           0,         269,      -7.539755646,      -5.145214789,      -6.305040128,       -5.14947372,      -10.10946537
          0,           0,         270,       -7.55197945,      -5.147762594,       -6.31051245,      -5.153872203,      -10.10937762
          0,           0,         271,      -7.563593963,      -5.150291065,       -6.31569545,       -5.15807718,      -10.10928648
          0,           0,         272,      -7.573734249,      -5.152801033,      -6.320707597,      -5.161937956,      -10.10919483
          0,           0,         273,      -7.581675845,      -5.155293965,      -6.325678167,      -5.165342166,      -10.10909482
          0,           0,         274,      -7.586974309,      -5.157771783,      -6.330731049,      -5.168229631,      -10.10900141
          0,           0,         275,      -7.589558022,      -5.160236619,      -6.335970454,       -5.17059893,      -10.10891561
          0,           0,         276,      -7.589735182,      -5.162690566,      -6.341470041,       -5.17250567,      -10.10883724
          0,           0,         277,      -7.588112206,      -5.165135435,      -6.347266315,      -5.174053144,      -10.10876321
          0,           0,         278,      -7.585458954,      -5.167572558,      -6.353356392,      -5.175377453,      -10.10869663
          0,           0,         279,      -7.582570135,      -5.170002651,       -6.35970001,      -5.176629947,      -10.10863753
          0,           0,         280,      -7.580158898,      -5.172425754,       -6.36622524,      -5.177959818,      -10.10858546
          0,           0,         281,      -7.578793965,      -5.174841251,      -6.372837335,      -5.179499022,      -10.10852267
          0,           0,         282,      -7.578873701,      -5.177247963,      -6.379429806,      -5.181350812,      -10.10845467
          0,           0,         283,      -7.580623724,      -5.179644301,      -6.385896651,      -5.183582382,       -10.1083938
          0,           0,         284,      -7.584105937,      -5.182028451,       -6.39214432,      -5.186221548,      -10.10834209
          0,           0,         285,      -7.589231795,      -5.184398584,      -6.398101951,      -5.189257105,      -10.10829503
          0,           0,         286,      -7.595776944,       -5.18675305,      -6.403728475,      -5.192642401,       -10.1082458
          0,           0,         287,       -7.60339862,      -5.189090543,      -6.409015605,      -5.196301662,      -10.10819413
          0,           0,         288,      -7.611659429,       -5.19141022,      -6.413986412,      -5.200138568,      -10.10814482
          0,           0,         289,      -7.620061688,      -5.193711765,      -6.418689892,      -5.204046428,      -10.10810212
          0,           0,         290,      -7.628095041,      -5.195995387,      -6.423192669,      -5.207919133,      -10.10806525
          0,           0,         291,      -7.635295367,      -5.198261768,      -6.427569205,      -5.211661835,      -10.10801616
          0,           0,         292,      -7.641306659,      -5.200511961,      -6.431892046,      -5.215200125,       -10.1079648
          0,           0,         293,      -7.645932288,      -5.202747265,      -6.436223391,      -5.218486597,      -10.10791984
          0,           0,         294,       -7.64916103,      -5.204969072,      -6.440608842,      -5.221503899,      -10.10787775
          0,           0,         295,      -7.651159664,      -5.207178734,      -6.445073784,      -5.224263943,      -10.10784031
          0,           0,         296,      -7.652234301,      -5.209377435,      -6.449622521,      -5.226803517,      -10.10778886
          0,           0,         297,      -7.652772209,      -5.211566103,      -6.454239915,      -5.229177153,      -10.10774169
          0,           0,         298,      -7.653179463,      -5.213745355,      -6.458895157,      -5.231448418,      -10.10770031
          0,           0,         299,      -7.653826994,      -5.215915483,       -6.46354707,      -5.233680967,      -10.10766608
          0,           0,         300,      -7.655011656,      -5.218076492,      -6.468150301,       -5.23593052,      -10.10763707
          0,           0,         301,      -7.656933166,      -5.220228145,      -6.472661581,      -5.238238653,       -10.1076128
          0,           0,         302,      -7.659684709,      -5.222370049,      -6.477045417,      -5.240628948,      -10.10758945
          0,           0,         303,       -7.66325396,      -5.224501745,      -6.481278458,       -5.24310567,      -10.10756785
          0,           0,         304,      -7.667532161,      -5.226622798,      -6.485352173,      -5.245654896,      -10.10755095
          0,           0,         305,      -7.672329998,      -5.228732874,      -6.489273429,       -5.24824776,      -10.10753903
          0,           0,         306,      -7.677399814,        -5.2308318,      -6.493063207,      -5.250845302,      -10.10753238
          0,           0,         307,      -7.682463639,      -5.232919594,      -6.496753621,      -5.253404284,      -10.10753047
          0,           0,         308,      -7.687245612,      -5.234996471,      -6.500383773,      -5.255883232,      -10.10752366
          0,           0,         309,       -7.69150566,      -5.237062829,      -6.503995085,      -5.258247993,      -10.10750646
          0,           0,         310,      -7.695069447,      -5.239119198,      -6.507626642,      -5.260476076,      -10.10749418
          0,           0,         311,      -7.697849385,       -5.24116619,      -6.511311045,      -5.262559322,      -10.10747408
          0,           0,         312,       -7.69985226,      -5.243204437,      -6.515071222,      -5.264504608,      -10.10745605
          0,           0,         313,      -7.701172151,      -5.245234522,      -6.518918373,      -5.266332626,       -10.1074415
          0,           0,         314,      -7.701970855,      -5.247256934,      -6.522851138,      -5.268075043,      -10.10742964
          0,           0,         315,       -7.70245051,       -5.24927202,      -6.526856046,      -5.269770518,      -10.10741369
          0,           0,         316,      -7.702824302,      -5.251279965,      -6.530909026,      -5.271460207,      -10.10739189
          0,           0,         317,      -7.703290206,      -5.253280786,      -6.534977853,      -5.273183344,      -10.10737067
          0,           0,         318,       -7.70401078,      -5.255274346,      -6.539025239,      -5.274973396,      -10.10735156
          0,           0,         319,      -7.705100295,      -5.257260381,      -6.543012267,      -5.276855186,      -10.10733576
          0,           0,         320,      -7.706618896,      -5.259238536,      -6.546901795,      -5.278843148,      -10.10732371
          0,           0,         321,      -7.708572851,      -5.261208416,      -6.550661534,      -5.280940798,      -10.10731412
          0,           0,         322,      -7.710919718,      -5.263169628,      -6.554266437,      -5.283141321,      -10.10730885
          0,           0,         323,       -7.71357733,      -5.265121819,      -6.557700257,      -5.285429115,      -10.10730706
          0,           0,         324,      -7.716435609,      -5.267064715,      -6.560956056,      -5.287782046,      -10.10730577
          0,           0,         325,      -7.719370106,      -5.268998143,      -6.564035762,        -5.2901741,      -10.10728809
          0,           0,         326,        -7.7222562,      -5.270922037,      -6.566948881,      -5.292578181,      -10.10727092
          0,           0,         327,      -7.724982493,      -5.272836445,      -6.569710583,      -5.294968719,      -10.10725369
          0,           0,         328,      -7.727462067,      -5.274741512,      -6.572339476,      -5.297323858,      -10.10723394
          0,           0,         329,      -7.729640194,      -5.276637463,      -6.574855369,      -5.299627034,      -10.10721678
          0,           0,         330,      -7.731497704,       -5.27852458,      -6.577277284,      -5.301867822,      -10.10720183
          0,           0,         331,      -7.733049745,      -5.280403174,      -6.579621923,      -5.304042057,      -10.10719138
          0,           0,         332,      -7.734340488,      -5.282273561,       -6.58190271,      -5.306151263,       -10.1071848
          0,           0,         333,      -7.735434883,      -5.284136039,      -6.584129463,      -5.308201573,      -10.10717799
          0,           0,         334,      -7.736408952,      -5.285990873,      -6.586308592,      -5.310202289,      -10.10717429
          0,           0,         335,      -7.737340056,      -5.287838282,       -6.58844376,      -5.312164314,      -10.10717335
          0,           0,         336,      -7.738298351,      -5.289678435,      -6.590536858,      -5.314098631,      -10.10717532
          0,           0,         337,      -7.739340232,      -5.291511457,      -6.592589065,      -5.316015004,      -10.10717997
          0,           0,         338,      -7.740504162,       -5.29333743,      -6.594601894,      -5.317921023,      -10.10717438
          0,           0,         339,      -7.741808895,      -5.295156408,      -6.596578041,      -5.319821525,      -10.10716631
          0,           0,         340,      -7.743253921,      -5.296968425,       -6.59852194,       -5.32171844,      -10.10716049
          0,           0,         341,      -7.744821755,      -5.298773512,      -6.600439984,      -5.323611002,       -10.1071419
          0,           0,         342,      -7.746481611,      -5.300571703,      -6.602340393,      -5.325496261,       -10.1071211
          0,           0,         343,      -7.748193975,      -5.302363044,      -6.604232775,      -5.327369804,      -10.10710316
          0,           0,         344,      -7.749915594,      -5.304147602,      -6.606127465,      -5.329226584,      -10.10708787
          0,           0,         345,      -7.751604308,      -5.305925461,      -6.608034731,      -5.331061744,       -10.1070751
          0,           0,         346,      -7.753223369,      -5.307696726,      -6.609963949,      -5.332871352,      -10.10706521
          0,           0,         347,      -7.754744713,      -5.309461513,      -6.611922847,      -5.334652968,      -10.10705471
          0,           0,         348,      -7.756151037,      -5.311219947,      -6.613916874,      -5.336405991,      -10.10704679
          0,           0,         349,      -7.757436517,       -5.31297215,      -6.615948782,      -5.338131783,      -10.10704061
          0,           0,         350,      -7.758606193,      -5.314718236,      -6.618018413,      -5.339833554,       -10.1070353
          0,           0,         351,      -7.759674269,      -5.316458305,      -6.620122716,      -5.341516059,       -10.1070324
          0,           0,         352,      -7.760661557,      -5.318192433,      -6.622255967,      -5.343185134,      -10.10703248
          0,           0,         353,      -7.761592558,      -5.319920672,      -6.624410151,      -5.344847162,      -10.10703508
          0,           0,         354,      -7.762492461,      -5.321643046,       -6.62657547,      -5.346508502,      -10.10703984
          0,           0,         355,      -7.763384413,      -5.323359553,      -6.628740938,      -5.348174949,       -10.1070447
          0,           0,         356,      -7.764287347,       -5.32507017,      -6.630894989,      -5.349851289,      -10.10704939
          0,           0,         357,      -7.765214491,      -5.326774855,      -6.633026079,      -5.351540967,      -10.10704816
          0,           0,         358,       -7.76617263,      -5.328473553,      -6.635123228,      -5.353245894,      -10.10702712
          0,           0,         359,      -7.767162131,      -5.330166207,      -6.637176479,      -5.354966405,      -10.10700694
          0,           0,         360,      -7.768177594,      -5.331852759,      -6.639177255,      -5.356701352,      -10.10698396
          0,           0,         361,      -7.769209054,      -5.333533157,      -6.641118615,      -5.358448311,      -10.10695772
          0,           0,         362,      -7.770243528,      -5.335207366,      -6.642995382,      -5.360203891,      -10.10693265
          0,           0,         363,      -7.771266722,      -5.336875369,      -6.644804181,       -5.36196407,      -10.10690955
          0,           0,         364,      -7.772264748,      -5.338537165,      -6.646543387,      -5.363724581,       -10.1068886
          0,           0,         365,      -7.773225645,      -5.340192771,       -6.64821298,      -5.365481254,      -10.10686951
          0,           0,         366,      -7.774140577,      -5.341842225,      -6.649814378,      -5.367230324,      -10.10684948
          0,           0,         367,      -7.775004638,      -5.343485578,      -6.651350214,      -5.368968669,      -10.10683099
          0,           0,         368,      -7.775817162,      -5.345122896,      -6.652824111,       -5.37069396,      -10.10681448
          0,           0,         369,      -7.776581596,      -5.346754255,      -6.654240462,      -5.372404727,      -10.10679997
          0,           0,         370,      -7.777304949,      -5.348379732,      -6.655604229,      -5.374100326,        -10.106785
          0,           0,         371,      -7.777996926,      -5.349999411,      -6.656920756,      -5.375780852,      -10.10676778
          0,           0,         372,      -7.778668864,      -5.351613369,      -6.658195642,      -5.377446982,      -10.10675197
          0,           0,         373,      -7.779332577,      -5.353221682,      -6.659434625,      -5.379099787,      -10.10673768
          0,           0,         374,      -7.779999248,      -5.354824419,      -6.660643507,      -5.380740533,      -10.10672454
          0,           0,         375,      -7.780678472,      -5.356421643,      -6.661828108,      -5.382370494,      -10.10670568
          0,           0,         376,      -7.781377511,      -5.358013409,      -6.662994216,      -5.383990786,      -10.10667615
          0,           0,         377,      -7.782100821,      -5.359599766,      -6.664147569,      -5.385602255,      -10.10664002
          0,           0,         378,      -7.782849889,      -5.361180759,      -6.665293811,      -5.387205402,      -10.10660502
          0,           0,         379,      -7.783623324,      -5.362756429,      -6.666438438,      -5.388800375,      -10.10657127
          0,           0,         380,      -7.784417222,      -5.364326815,       -6.66758675,      -5.390387001,      -10.10653881
          0,           0,         381,      -7.785225721,      -5.365891955,      -6.668743734,      -5.391964864,      -10.10650771
          0,           0,         382,      -7.786041664,      -5.367451888,      -6.669913976,      -5.393533409,      -10.10647801
          0,           0,         383,      -7.786857336,      -5.369006652,      -6.671101532,      -5.395092064,      -10.10644944
          0,           0,         384,      -7.787665184,      -5.370556288,      -6.672309801,      -5.396640358,       -10.1064218
          0,           0,         385,      -7.788458423,      -5.372100835,      -6.673541397,      -5.398178029,      -10.10639517
          0,           0,         386,      -7.789231552,      -5.373640333,      -6.674798033,      -5.399705107,      -10.10636955
          0,           0,         387,      -7.789980652,       -5.37517482,      -6.676080449,      -5.401221957,      -10.10634265
          0,           0,         388,      -7.790703522,       -5.37670433,      -6.677388349,      -5.402729286,       -10.1063158
          0,           0,         389,      -7.791399621,      -5.378228895,      -6.678720397,      -5.404228121,      -10.10628912
          0,           0,         390,      -7.792069857,       -5.37974854,       -6.68007426,       -5.40571974,       -10.1062569
          0,           0,         391,       -7.79271625,      -5.381263283,       -6.68144669,      -5.407205584,      -10.10621909
          0,           0,         392,      -7.793341531,      -5.382773139,      -6.682833657,      -5.408687155,      -10.10618262
          0,           0,         393,      -7.793948705,      -5.384278112,      -6.684230512,      -5.410165906,      -10.10613925
          0,           0,         394,      -7.794540653,      -5.385778205,      -6.685632182,      -5.411643127,      -10.10609193
          0,           0,         395,      -7.795119807,      -5.387273411,      -6.687033384,       -5.41311987,      -10.10604561
          0,           0,         396,      -7.795687912,      -5.388763724,      -6.688428829,      -5.414596874,      -10.10600071
          0,           0,         397,      -7.796245911,      -5.390249133,      -6.689813435,      -5.416074527,      -10.10595669
          0,           0,         398,       -7.79679395,      -5.391729626,        -6.6911825,      -5.417552866,      -10.10591102
          0,           0,         399,      -7.797331485,      -5.393205194,      -6.692531859,      -5.419031593,       -10.1058622
          0,           0,         400,      -7.797857473,      -5.394675828,      -6.693857993,      -5.420510125,      -10.10581131
          0,           0,         401,      -7.798370621,      -5.396141524,      -6.695158115,      -5.421987661,      -10.10575965
          0,           0,         402,      -7.798869655,      -5.397602281,      -6.696430205,      -5.423463255,      -10.10570794
          0,           0,         403,      -7.799353573,      -5.399058101,      -6.697673005,      -5.424935899,       -10.1056554
          0,           0,         404,      -7.799821859,      -5.400508995,      -6.698885997,      -5.426404603,      -10.10560317
          0,           0,         405,      -7.800274635,      -5.401954974,      -6.700069352,      -5.427868462,      -10.10555208
          0,           0,         406,      -7.800712718,      -5.403396055,      -6.701223853,      -5.429326694,      -10.10550114
          0,           0,         407,      -7.801137615,      -5.404832257,      -6.702350824,      -5.430778687,      -10.10545074
          0,           0,         408,      -7.801551425,      -5.406263605,      -6.703452044,      -5.432224001,      -10.10540069
          0,           0,         409,      -7.801956686,      -5.407690122,      -6.704529667,      -5.433662367,      -10.10535064
          0,           0,         410,      -7.802356169,      -5.409111834,      -6.705586146,      -5.435093663,      -10.10529956
          0,           0,         411,      -7.802752657,      -5.410528768,      -6.706624167,      -5.436517886,      -10.10524786
          0,           0,         412,      -7.803148735,      -5.411940949,      -6.707646583,      -5.437935113,      -10.10518831
          0,           0,         413,      -7.803546584,      -5.413348405,       -6.70865635,      -5.439345462,      -10.10512102
          0,           0,         414,       -7.80394784,       -5.41475116,      -6.709656478,      -5.440749071,      -10.10504465
          0,           0,         415,      -7.804353495,       -5.41614924,      -6.710649973,      -5.442146052,      -10.10496861
          0,           0,         416,      -7.804763866,      -5.417542671,      -6.711639795,      -5.443536499,      -10.10489114
          0,           0,         417,      -7.805178613,      -5.418931476,      -6.712628782,       -5.44492046,      -10.10481414
          0,           0,         418,      -7.805596819,       -5.42031568,      -6.713619602,      -5.446297959,      -10.10473687
          0,           0,         419,      -7.806017104,      -5.421695308,      -6.714614704,      -5.447669002,      -10.10465793
          0,           0,         420,      -7.806437764,      -5.423070383,      -6.715616246,      -5.449033593,      -10.10457716
          0,           0,         421,      -7.806856931,      -5.424440931,      -6.716626057,      -5.450391761,      -10.10449645
          0,           0,         422,      -7.807272712,      -5.425806974,      -6.717645578,      -5.451743574,      -10.10441598
          0,           0,         423,      -7.807683324,      -5.427168534,      -6.718675832,      -5.453089157,      -10.10433572
          0,           0,         424,      -7.808087198,      -5.428525636,      -6.719717404,      -5.454428704,      -10.10425548
          0,           0,         425,      -7.808483042,      -5.429878298,      -6.720770422,      -5.455762475,      -10.10417348
          0,           0,         426,      -7.808869876,      -5.431226541,      -6.721834563,      -5.457090797,      -10.10408733
          0,           0,         427,      -7.809247032,      -5.432570383,      -6.722909082,      -5.458414045,      -10.10400004
          0,           0,         428,      -7.809614128,      -5.433909839,      -6.723992842,      -5.459732631,      -10.10391247
          0,           0,         429,      -7.809971017,      -5.435244922,      -6.725084372,      -5.461046974,      -10.10382415
          0,           0,         430,       -7.81031773,      -5.436575645,      -6.726181909,      -5.462357475,      -10.10373541
          0,           0,         431,      -7.810654412,      -5.437902016,      -6.727283498,      -5.463664504,      -10.10364707
          0,           0,         432,      -7.810981269,      -5.439224044,      -6.728387048,      -5.464968364,      -10.10355866
          0,           0,         433,      -7.811298516,      -5.440541733,      -6.729490407,      -5.466269288,      -10.10346345
          0,           0,         434,      -7.811606358,       -5.44185509,      -6.730591449,      -5.467567421,      -10.10335714
          0,           0,         435,       -7.81190497,      -5.443164118,      -6.731688129,      -5.468862822,       -10.1032509
          0,           0,         436,      -7.812194508,      -5.444468822,      -6.732778552,      -5.470155462,       -10.1031448
          0,           0,         437,      -7.812475127,      -5.445769207,      -6.733861022,       -5.47144524,      -10.10303883
          0,           0,         438,         -7.812747,      -5.447065278,      -6.734934085,      -5.472731991,      -10.10293191
          0,           0,         439,      -7.813010354,      -5.448357041,      -6.735996546,      -5.474015507,      -10.10282329
          0,           0,         440,        -7.8132655,      -5.449644504,        -6.7370475,      -5.475295549,      -10.10271431
          0,           0,         441,      -7.813512859,      -5.450927676,      -6.738086334,      -5.476571877,      -10.10260465
          0,           0,         442,      -7.813752963,      -5.452206568,      -6.739112723,      -5.477844252,       -10.1024942
          0,           0,         443,      -7.813986472,      -5.453481191,      -6.740126617,       -5.47911246,       -10.1023771
          0,           0,         444,      -7.814214153,      -5.454751561,      -6.741128234,      -5.480376318,      -10.10225782
          0,           0,         445,      -7.814436865,      -5.456017691,      -6.742118026,      -5.481635684,      -10.10213889
          0,           0,         446,      -7.814655517,      -5.457279599,      -6.743096664,      -5.482890448,       -10.1020199
          0,           0,         447,      -7.814871041,      -5.458537303,      -6.744064995,      -5.484140545,      -10.10190034
          0,           0,         448,      -7.815084342,      -5.459790822,      -6.745024028,      -5.485385947,      -10.10178043
          0,           0,         449,      -7.815296256,      -5.461040175,       -6.74597489,      -5.486626646,      -10.10166043
          0,           0,         450,      -7.815507516,      -5.462285383,      -6.746918797,      -5.487862667,      -10.10154012
          0,           0,         451,      -7.815718725,      -5.463526468,       -6.74785703,      -5.489094045,      -10.10141886
          0,           0,         452,      -7.815930323,      -5.464763452,      -6.748790885,      -5.490320823,      -10.10129679
          0,           0,         453,      -7.816142591,      -5.465996357,      -6.749721656,      -5.491543057,      -10.10116954
          0,           0,         454,      -7.816355641,      -5.467225206,      -6.750650605,      -5.492760799,      -10.10103629
          0,           0,         455,      -7.816569426,      -5.468450021,      -6.751578925,      -5.493974101,      -10.10090316
          0,           0,         456,      -7.816783762,      -5.469670827,      -6.752507721,      -5.495183016,      -10.10076978
          0,           0,         457,      -7.816998349,      -5.470887646,      -6.753437981,      -5.496387601,      -10.10063478
          0,           0,         458,        -7.8172128,      -5.472100502,      -6.754370559,      -5.497587911,      -10.10049565
          0,           0,         459,      -7.817426669,      -5.473309419,      -6.755306165,      -5.498784008,      -10.10035481
          0,           0,         460,      -7.817639479,      -5.474514419,      -6.756245335,      -5.499975959,      -10.10021097
          0,           0,         461,       -7.81785075,      -5.475715526,      -6.757188445,      -5.501163841,        -10.100066
          0,           0,         462,      -7.818060018,      -5.476912762,      -6.758135691,      -5.502347738,      -10.09992042
          0,           0,         463,      -7.818266853,      -5.478106148,       -6.75908711,      -5.503527736,      -10.09977421
          0,           0,         464,      -7.818470873,      -5.479295708,      -6.760042567,      -5.504703934,      -10.09962709
          0,           0,         465,      -7.818671751,      -5.480481462,      -6.761001778,       -5.50587643,       -10.0994782
          0,           0,         466,      -7.818869217,       -5.48166343,      -6.761964327,      -5.507045324,      -10.09932734
          0,           0,         467,      -7.819063063,      -5.482841632,      -6.762929677,      -5.508210712,      -10.09917556
          0,           0,         468,       -7.81925313,      -5.484016087,        -6.7638972,      -5.509372681,      -10.09902442
          0,           0,         469,      -7.819439323,      -5.485186815,      -6.764866197,      -5.510531308,       -10.0988733
          0,           0,         470,      -7.819621593,      -5.486353834,      -6.765835925,      -5.511686667,      -10.09871855
          0,           0,         471,      -7.819799937,      -5.487517162,      -6.766805612,      -5.512838805,      -10.09856028
          0,           0,         472,      -7.819974397,      -5.488676816,       -6.76777449,      -5.513987761,       -10.0984006
          0,           0,         473,      -7.820145052,      -5.489832815,      -6.768741814,      -5.515133556,      -10.09824029
          0,           0,         474,      -7.820312034,      -5.490985177,      -6.769706885,      -5.516276206,      -10.09806978
          0,           0,         475,      -7.820475504,       -5.49213392,      -6.770669065,      -5.517415702,      -10.09788929
          0,           0,         476,       -7.82063567,      -5.493279061,      -6.771627788,      -5.518552036,      -10.09770838
          0,           0,         477,      -7.820792774,      -5.494420621,      -6.772582581,      -5.519685192,      -10.09752689
          0,           0,         478,      -7.820947101,      -5.495558617,      -6.773533062,      -5.520815148,      -10.09734449
          0,           0,         479,      -7.821098961,       -5.49669307,      -6.774478947,      -5.521941884,      -10.09716055
          0,           0,         480,        -7.8212487,      -5.497823999,      -6.775420064,      -5.523065382,      -10.09697505
          0,           0,         481,      -7.821396684,      -5.498951427,      -6.776356331,      -5.524185622,      -10.09678862
          0,           0,         482,      -7.821543295,      -5.500075373,      -6.777287769,      -5.525302604,      -10.09659865
          0,           0,         483,      -7.821688922,      -5.501195861,      -6.778214498,      -5.526416321,      -10.09640771
          0,           0,         484,      -7.821833948,      -5.502312912,      -6.779136708,      -5.527526777,      -10.09621585
          0,           0,         485,       -7.82197875,       -5.50342655,      -6.780054674,      -5.528633985,      -10.09602291
          0,           0,         486,      -7.822123676,      -5.504536797,      -6.780968737,      -5.529737961,      -10.09582889
          0,           0,         487,      -7.822269045,      -5.505643679,       -6.78187929,      -5.530838728,      -10.09563362
          0,           0,         488,      -7.822415138,       -5.50674722,      -6.782786755,      -5.531936311,      -10.09543531
          0,           0,         489,      -7.822562187,      -5.507847443,      -6.783691597,      -5.533030739,      -10.09523293
          0,           0,         490,      -7.822710379,      -5.508944374,      -6.784594284,       -5.53412204,      -10.09502793
          0,           0,         491,      -7.822859843,      -5.510038038,      -6.785495289,      -5.535210243,       -10.0948214
          0,           0,         492,      -7.823010664,       -5.51112846,      -6.786395079,      -5.536295382,        -10.094614
          0,           0,         493,      -7.823162869,      -5.512215665,       -6.78729409,      -5.537377483,      -10.09440573
          0,           0,         494,      -7.823316451,       -5.51329968,      -6.788192737,      -5.538456578,      -10.09419638
          0,           0,         495,       -7.82347135,      -5.514380529,      -6.789091382,      -5.539532691,      -10.09398586
          0,           0,         496,      -7.823627483,      -5.515458237,      -6.789990339,      -5.540605855,      -10.09377431
          0,           0,         497,      -7.823784736,      -5.516532831,      -6.790889872,      -5.541676097,      -10.09356013
          0,           0,         498,      -7.823942972,      -5.517604335,      -6.791790177,      -5.542743445,      -10.09333999
          0,           0,         499,      -7.824102045,      -5.518672774,      -6.792691386,      -5.543807928,      -10.09311326
          0,           0,         500,      -7.824261801,      -5.519738173,      -6.793593565,      -5.544869575,      -10.09288181
          0,           0,         501,      -7.824422091,      -5.520800555,      -6.794496722,      -5.545928422,      -10.09264922
          0,           0,         502,      -7.824582771,      -5.521859946,      -6.795400793,      -5.546984493,       -10.0924156
          0,           0,         503,      -7.824743703,      -5.522916369,       -6.79630566,      -5.548037824,      -10.09218079
          0,           0,         504,      -7.824904771,      -5.523969848,      -6.797211149,      -5.549088444,      -10.09194449
          0,           0,         505,      -7.825065871,      -5.525020406,      -6.798117041,      -5.550136389,      -10.09170565
          0,           0,         506,      -7.825226925,      -5.526068066,      -6.799023076,      -5.551181684,      -10.09146527
          0,           0,         507,      -7.825387869,       -5.52711285,      -6.799928967,      -5.552224358,      -10.09122291
          0,           0,         508,      -7.825548667,      -5.528154781,      -6.800834391,       -5.55326444,      -10.09097915
          0,           0,         509,      -7.825709305,      -5.529193881,      -6.801739029,      -5.554301954,      -10.09073438
          0,           0,         510,      -7.825869791,      -5.530230172,      -6.802642546,      -5.555336923,      -10.09048859
          0,           0,         511,      -7.826030158,      -5.531263674,      -6.803544613,       -5.55636937,      -10.09024161
          0,           0,         512,      -7.826190456,       -5.53229441,      -6.804444918,      -5.557399311,      -10.08999294
          0,           0,         513,      -7.826350763,        -5.5333224,      -6.805343166,      -5.558426766,      -10.08974242
          0,           0,         514,      -7.826511168,      -5.534347666,      -6.806239078,      -5.559451749,      -10.08949069
          0,           0,         515,      -7.826671784,      -5.535370228,      -6.807132419,      -5.560474272,      -10.08923786
          0,           0,         516,      -7.826832737,      -5.536390108,      -6.808022982,      -5.561494358,      -10.08898343
          0,           0,         517,      -7.826994164,      -5.537407327,      -6.808910603,      -5.562512016,      -10.08872705
          0,           0,         518,      -7.827156212,      -5.538421904,      -6.809795148,      -5.563527262,      -10.08846917
          0,           0,         519,      -7.827319035,      -5.539433862,      -6.810676536,       -5.56454011,      -10.08820951
          0,           0,         520,      -7.827482786,       -5.54044322,      -6.811554721,      -5.565550579,      -10.08794786
          0,           0,         521,      -7.827647626,      -5.541450001,      -6.812429689,      -5.566558686,      -10.08768361
          0,           0,         522,      -7.827813702,      -5.542454224,      -6.813301472,      -5.567564446,      -10.08741406
          0,           0,         523,      -7.827981163,       -5.54345591,      -6.814170133,      -5.568567881,      -10.08714203
          0,           0,         524,      -7.828150138,      -5.544455081,      -6.815035765,       -5.56956901,       -10.0868687
          0,           0,         525,      -7.828320748,      -5.545451756,      -6.815898479,       -5.57056785,      -10.08659375
          0,           0,         526,      -7.828493098,      -5.546445956,      -6.816758412,      -5.571564423,      -10.08631472
          0,           0,         527,      -7.828667273,      -5.547437702,      -6.817615712,      -5.572558745,      -10.08603379
          0,           0,         528,       -7.82884334,      -5.548427014,      -6.818470535,      -5.573550836,       -10.0857497
          0,           0,         529,      -7.829021346,      -5.549413912,      -6.819323042,      -5.574540713,      -10.08546422
          0,           0,         530,      -7.829201321,      -5.550398417,      -6.820173392,      -5.575528392,      -10.08517736
          0,           0,         531,      -7.829383272,      -5.551380547,       -6.82102174,      -5.576513888,      -10.08488908
          0,           0,         532,      -7.829567194,      -5.552360324,      -6.821868228,      -5.577497219,      -10.08459858
          0,           0,         533,      -7.829753064,      -5.553337765,      -6.822712984,      -5.578478394,      -10.08430387
          0,           0,         534,      -7.829940843,      -5.554312891,      -6.823556119,       -5.57945743,      -10.08400449
          0,           0,         535,      -7.830130484,       -5.55528572,      -6.824397725,      -5.580434336,      -10.08370044
          0,           0,         536,      -7.830321929,      -5.556256271,      -6.825237867,      -5.581409125,      -10.08339283
          0,           0,         537,      -7.830515113,      -5.557224563,      -6.826076584,      -5.582381807,      -10.08308268
          0,           0,         538,       -7.83070997,      -5.558190613,      -6.826913901,      -5.583352396,      -10.08277098
          0,           0,         539,      -7.830906427,      -5.559154438,      -6.827749809,      -5.584320896,       -10.0824576
          0,           0,         540,      -7.831104419,      -5.560116057,      -6.828584282,      -5.585287322,      -10.08214253
          0,           0,         541,      -7.831303878,      -5.561075487,      -6.829417265,      -5.586251683,      -10.08182506
          0,           0,         542,      -7.831504742,      -5.562032743,      -6.830248692,       -5.58721399,       -10.0815061
          0,           0,         543,      -7.831706956,      -5.562987843,       -6.83107847,      -5.588174251,       -10.0811855
          0,           0,         544,      -7.831910472,      -5.563940802,      -6.831906498,      -5.589132477,      -10.08086279
          0,           0,         545,       -7.83211525,      -5.564891635,      -6.832732662,      -5.590088678,       -10.0805344
          0,           0,         546,      -7.832321259,      -5.565840359,      -6.833556839,      -5.591042864,      -10.08020162
          0,           0,         547,      -7.832528479,      -5.566786988,       -6.83437891,      -5.591995044,      -10.07986724
          0,           0,         548,      -7.832736899,      -5.567731537,      -6.835198744,      -5.592945231,      -10.07953129
          0,           0,         549,      -7.832946515,       -5.56867402,      -6.836016219,       -5.59389343,      -10.07919393
          0,           0,         550,      -7.833157336,      -5.569614452,      -6.836831216,      -5.594839655,      -10.07885514
          0,           0,         551,      -7.833369378,      -5.570552845,      -6.837643628,      -5.595783917,      -10.07851488
          0,           0,         552,      -7.833582665,      -5.571489215,      -6.838453356,      -5.596726225,       -10.0781731
          0,           0,         553,      -7.833797226,      -5.572423574,      -6.839260313,       -5.59766659,      -10.07782978
          0,           0,         554,        -7.8340131,      -5.573355935,      -6.840064432,      -5.598605024,      -10.07748493
          0,           0,         555,      -7.834230327,      -5.574286311,      -6.840865654,      -5.599541535,      -10.07713854
          0,           0,         556,      -7.834448954,      -5.575214715,      -6.841663947,      -5.600476139,      -10.07679053
          0,           0,         557,      -7.834669025,      -5.576141159,      -6.842459284,      -5.601408844,       -10.0764409
          0,           0,         558,      -7.834890589,      -5.577065655,      -6.843251665,      -5.602339663,      -10.07608968
          0,           0,         559,      -7.835113695,      -5.577988217,      -6.844041101,       -5.60326861,      -10.07573654
          0,           0,         560,      -7.835338386,      -5.578908855,      -6.844827619,      -5.604195696,      -10.07538138
          0,           0,         561,      -7.835564703,      -5.579827581,      -6.845611256,      -5.605120928,      -10.07502263
          0,           0,         562,      -7.835792687,      -5.580744406,      -6.846392067,      -5.606044324,      -10.07466156
          0,           0,         563,      -7.836022367,      -5.581659343,      -6.847170115,      -5.606965891,      -10.07429871
          0,           0,         564,       -7.83625377,      -5.582572402,       -6.84794547,      -5.607885639,      -10.07393432
          0,           0,         565,      -7.836486916,      -5.583483594,       -6.84871821,       -5.60880358,      -10.07356791
          0,           0,         566,      -7.836721819,       -5.58439293,      -6.849488416,      -5.609719723,      -10.07319887
          0,           0,         567,      -7.836958484,       -5.58530042,      -6.850256169,      -5.610634073,      -10.07282827
          0,           0,         568,      -7.837196911,      -5.586206074,      -6.851021551,      -5.611546642,      -10.07245567
          0,           0,         569,      -7.837437096,      -5.587109903,      -6.851784645,      -5.612457435,      -10.07207913
          0,           0,         570,      -7.837679021,      -5.588011917,      -6.852545522,       -5.61336646,      -10.07170022
          0,           0,         571,      -7.837922669,      -5.588912125,      -6.853304257,      -5.614273722,      -10.07131933
          0,           0,         572,      -7.838168014,      -5.589810536,      -6.854060909,      -5.615179224,       -10.0709344
          0,           0,         573,      -7.838415028,      -5.590707159,      -6.854815534,      -5.616082972,      -10.07054747
          0,           0,         574,      -7.838663679,      -5.591602004,      -6.855568175,      -5.616984969,      -10.07015892
          0,           0,         575,      -7.838913934,       -5.59249508,       -6.85631887,      -5.617885222,      -10.06976876
          0,           0,         576,      -7.839165752,      -5.593386394,      -6.857067647,      -5.618783727,      -10.06937695
          0,           0,         577,      -7.839419101,      -5.594275955,      -6.857814522,       -5.61968049,      -10.06898354
          0,           0,         578,      -7.839673942,      -5.595163771,        -6.8585595,      -5.620575515,      -10.06858853
          0,           0,         579,      -7.839930242,       -5.59604985,       -6.85930258,      -5.621468804,      -10.06819178
          0,           0,         580,      -7.840187962,      -5.596934199,      -6.860043755,      -5.622360359,      -10.06779216
          0,           0,         581,      -7.840447076,      -5.597816826,      -6.860783004,      -5.623250184,      -10.06739091
          0,           0,         582,      -7.840707552,      -5.598697738,      -6.861520304,      -5.624138281,       -10.0669881
          0,           0,         583,      -7.840969365,      -5.599576941,      -6.862255628,      -5.625024651,      -10.06658373
          0,           0,         584,      -7.841232496,      -5.600454443,      -6.862988939,      -5.625909301,      -10.06617779
          0,           0,         585,      -7.841496924,       -5.60133025,      -6.863720208,      -5.626792235,      -10.06577012
          0,           0,         586,      -7.841762637,      -5.602204367,      -6.864449393,      -5.627673456,      -10.06536065
          0,           0,         587,      -7.842029622,      -5.603076802,      -6.865176459,      -5.628552968,      -10.06494942
          0,           0,         588,      -7.842297877,      -5.603947561,      -6.865901367,      -5.629430779,      -10.06453661
          0,           0,         589,      -7.842567395,      -5.604816648,      -6.866624083,      -5.630306891,      -10.06412222
          0,           0,         590,      -7.842838183,      -5.605684071,       -6.86734458,      -5.631181315,      -10.06370627
          0,           0,         591,      -7.843110236,      -5.606549834,      -6.868062819,      -5.632054053,      -10.06328874
          0,           0,         592,      -7.843383566,      -5.607413943,      -6.868778783,      -5.632925115,      -10.06286966
          0,           0,         593,      -7.843658179,      -5.608276403,      -6.869492445,      -5.633794506,      -10.06244902
          0,           0,         594,      -7.843934087,       -5.60913722,      -6.870203792,      -5.634662236,      -10.06202681
          0,           0,         595,      -7.844211297,      -5.609996399,      -6.870912812,      -5.635528312,      -10.06160306
          0,           0,         596,      -7.844489821,      -5.610853944,      -6.871619493,       -5.63639274,      -10.06117777
          0,           0,         597,      -7.844769673,      -5.611709861,      -6.872323839,      -5.637255528,      -10.06075014
          0,           0,         598,       -7.84505086,      -5.612564155,      -6.873025841,      -5.638116687,      -10.06031861
          0,           0,         599,      -7.845333396,      -5.613416831,      -6.873725508,      -5.638976226,      -10.05988486
          0,           0,         600,      -7.845617287,      -5.614267894,      -6.874422848,       -5.63983415,      -10.05944757
          0,           0,         601,      -7.845902536,      -5.615117348,      -6.875117866,      -5.640690462,      -10.05900809
          0,           0,         602,      -7.846189155,      -5.615965199,      -6.875810571,      -5.641545179,      -10.05856646
          0,           0,         603,      -7.846477143,       -5.61681145,      -6.876500975,      -5.642398301,      -10.05812118
          0,           0,         604,      -7.846766498,      -5.617656107,      -6.877189088,      -5.643249835,      -10.05767055
          0,           0,         605,      -7.847057223,      -5.618499175,      -6.877874918,      -5.644099792,       -10.0572184
          0,           0,         606,      -7.847349309,      -5.619340656,      -6.878558474,      -5.644948172,      -10.05676375
          0,           0,         607,      -7.847642753,      -5.620180557,      -6.879239761,      -5.645794986,      -10.05630693
          0,           0,         608,      -7.847937545,      -5.621018881,      -6.879918778,      -5.646640235,       -10.0558487
          0,           0,         609,      -7.848233674,      -5.621855633,      -6.880595525,      -5.647483923,      -10.05538781
          0,           0,         610,      -7.848531131,      -5.622690818,      -6.881269998,      -5.648326059,      -10.05492543
          0,           0,         611,      -7.848829898,      -5.623524439,      -6.881942188,      -5.649166645,      -10.05446167
          0,           0,         612,      -7.849129961,        -5.6243565,      -6.882612078,      -5.650005685,      -10.05399654
          0,           0,         613,      -7.849431306,      -5.625187007,      -6.883279648,      -5.650843184,      -10.05353006
          0,           0,         614,      -7.849733917,      -5.626015964,      -6.883944876,      -5.651679145,      -10.05306222
          0,           0,         615,      -7.850037776,      -5.626843374,      -6.884607733,      -5.652513571,      -10.05259304
          0,           0,         616,      -7.850342868,      -5.627669243,      -6.885268185,      -5.653346466,      -10.05212253
          0,           0,         617,      -7.850649176,      -5.628493573,      -6.885926197,      -5.654177837,      -10.05164962
          0,           0,         618,      -7.850956689,       -5.62931637,      -6.886581723,      -5.655007686,      -10.05117444
          0,           0,         619,       -7.85126539,      -5.630137638,      -6.887234718,      -5.655836019,      -10.05069739
          0,           0,         620,      -7.851575266,      -5.630957381,      -6.887885139,      -5.656662838,      -10.05021901
          0,           0,         621,      -7.851886306,      -5.631775602,      -6.888532931,      -5.657488149,      -10.04973935
          0,           0,         622,        -7.8521985,      -5.632592306,      -6.889178037,      -5.658311959,      -10.04925843
          0,           0,         623,      -7.852511842,      -5.633407498,      -6.889820408,      -5.659134275,      -10.04877625
          0,           0,         624,      -7.852826321,       -5.63422118,      -6.890459983,      -5.659955098,      -10.04829282
          0,           0,         625,      -7.853141936,      -5.635033358,      -6.891096707,      -5.660774439,      -10.04780672
          0,           0,         626,      -7.853458682,      -5.635844035,      -6.891730522,      -5.661592301,      -10.04731857
          0,           0,         627,      -7.853776559,      -5.636653215,      -6.892361371,      -5.662408695,      -10.04682885
          0,           0,         628,      -7.854095564,      -5.637460902,      -6.892989197,      -5.663223629,      -10.04633756
          0,           0,         629,      -7.854415701,      -5.638267101,      -6.893613948,      -5.664037111,      -10.04584449
          0,           0,         630,      -7.854736969,      -5.639071816,      -6.894235568,      -5.664849141,       -10.0453502
          0,           0,         631,      -7.855059371,      -5.639875052,      -6.894854004,      -5.665659741,      -10.04485472
          0,           0,         632,      -7.855382914,      -5.640676812,      -6.895469206,      -5.666468908,      -10.04435806
          0,           0,         633,      -7.855707598,      -5.641477101,      -6.896081128,      -5.667276657,      -10.04386024
          0,           0,         634,       -7.85603343,      -5.642275924,      -6.896689721,      -5.668082996,      -10.04336127
          0,           0,         635,      -7.856360415,      -5.643073285,      -6.897294946,      -5.668887933,      -10.04286085
          0,           0,         636,      -7.856688555,      -5.643869188,      -6.897896754,      -5.669691475,      -10.04235857
          0,           0,         637,      -7.857017856,      -5.644663639,      -6.898495108,      -5.670493636,      -10.04185516
          0,           0,         638,      -7.857348322,      -5.645456641,      -6.899089968,      -5.671294422,       -10.0413506
          0,           0,         639,      -7.857679957,        -5.6462482,        -6.8996813,       -5.67209384,      -10.04084487
          0,           0,         640,      -7.858012761,       -5.64703832,      -6.900269067,      -5.672891904,      -10.04033785
          0,           0,         641,      -7.858346738,      -5.647827005,      -6.900853233,      -5.673688616,      -10.03982969
          0,           0,         642,      -7.858681889,      -5.648614261,      -6.901433764,      -5.674483988,      -10.03932046
          0,           0,         643,      -7.859018216,      -5.649400093,      -6.902010634,      -5.675278031,      -10.03880982
          0,           0,         644,      -7.859355716,      -5.650184504,      -6.902583799,      -5.676070745,      -10.03829683
          0,           0,         645,       -7.85969439,      -5.650967501,      -6.903153239,      -5.676862149,      -10.03778132
          0,           0,         646,      -7.860034235,      -5.651749089,      -6.903718916,      -5.677652243,      -10.03726453
          0,           0,         647,      -7.860375251,      -5.652529272,        -6.9042808,      -5.678441038,      -10.03674654
          0,           0,         648,      -7.860717431,      -5.653308057,      -6.904838866,      -5.679228538,      -10.03622708
          0,           0,         649,      -7.861060776,      -5.654085449,       -6.90539308,      -5.680014758,      -10.03570675
          0,           0,         650,      -7.861405278,      -5.654861453,      -6.905943408,      -5.680799698,      -10.03518555
          0,           0,         651,      -7.861750934,      -5.655636074,      -6.906489823,       -5.68158337,      -10.03466345
          0,           0,         652,      -7.862097739,      -5.656409318,      -6.907032292,      -5.682365781,      -10.03414044
          0,           0,         653,       -7.86244569,      -5.657181191,      -6.907570785,      -5.683146936,      -10.03361664
          0,           0,         654,      -7.862794783,      -5.657951697,       -6.90810527,      -5.683926847,      -10.03309207
          0,           0,         655,      -7.863145014,      -5.658720842,      -6.908635722,      -5.684705521,      -10.03256628
          0,           0,         656,      -7.863496377,      -5.659488633,      -6.909162104,      -5.685482961,      -10.03203856
          0,           0,         657,      -7.863848873,      -5.660255076,      -6.909684395,      -5.686259181,      -10.03151013
          0,           0,         658,      -7.864202495,      -5.661020174,      -6.910202565,      -5.687034191,      -10.03098101
          0,           0,         659,      -7.864557244,      -5.661783936,      -6.910716586,      -5.687807998,      -10.03045124
          0,           0,         660,      -7.864913117,      -5.662546368,      -6.911226433,      -5.688580607,      -10.02992083
          0,           0,         661,      -7.865270114,      -5.663307475,      -6.911732086,      -5.689352032,      -10.02938983
          0,           0,         662,      -7.865628234,      -5.664067264,      -6.912233523,      -5.690122283,      -10.02885826
          0,           0,         663,      -7.865987479,      -5.664825743,      -6.912730721,      -5.690891369,      -10.02832614
          0,           0,         664,      -7.866347851,      -5.665582917,      -6.913223664,      -5.691659303,      -10.02779352
          0,           0,         665,      -7.866709349,      -5.666338793,      -6.913712336,      -5.692426088,      -10.02726041
          0,           0,         666,      -7.867071977,      -5.667093377,      -6.914196721,      -5.693191743,      -10.02672682
          0,           0,         667,      -7.867435741,      -5.667846678,      -6.914676814,      -5.693956277,      -10.02619186
          0,           0,         668,      -7.867800642,      -5.668598702,      -6.915152596,        -5.6947197,      -10.02565634
          0,           0,         669,      -7.868166684,      -5.669349455,      -6.915624071,      -5.695482024,      -10.02512046
          0,           0,         670,      -7.868533874,      -5.670098946,      -6.916091228,      -5.696243262,      -10.02458427
          0,           0,         671,      -7.868902216,      -5.670847182,      -6.916554067,      -5.697003427,      -10.02404778
          0,           0,         672,      -7.869271714,      -5.671594169,      -6.917012589,      -5.697762528,      -10.02351103
          0,           0,         673,      -7.869642373,      -5.672339917,      -6.917466798,       -5.69852058,      -10.02297405
          0,           0,         674,      -7.870014201,      -5.673084431,        -6.9179167,      -5.699277597,      -10.02243585
          0,           0,         675,      -7.870387198,      -5.673827721,      -6.918362302,      -5.700033586,      -10.02189669
          0,           0,         676,      -7.870761371,      -5.674569793,      -6.918803616,      -5.700788562,       -10.0213566
          0,           0,         677,      -7.871136726,      -5.675310656,      -6.919240652,      -5.701542537,      -10.02081526
          0,           0,         678,      -7.871513266,      -5.676050318,      -6.919673426,      -5.702295526,      -10.02027316
          0,           0,         679,      -7.871890996,      -5.676788788,      -6.920101955,       -5.70304754,      -10.01973099
          0,           0,         680,      -7.872269918,      -5.677526072,      -6.920526257,      -5.703798588,      -10.01918793
          0,           0,         681,      -7.872650037,      -5.678262181,       -6.92094635,      -5.704548686,      -10.01864409
          0,           0,         682,      -7.873031355,      -5.678997121,      -6.921362257,      -5.705297846,      -10.01810029
          0,           0,         683,      -7.873413877,      -5.679730902,      -6.921774003,       -5.70604608,      -10.01755657
          0,           0,         684,      -7.873797604,      -5.680463533,      -6.922181609,      -5.706793401,      -10.01701294
          0,           0,         685,      -7.874182541,      -5.681195021,        -6.9225851,      -5.707539821,      -10.01646944
          0,           0,         686,      -7.874568686,      -5.681925376,      -6.922984504,       -5.70828535,      -10.01592607
          0,           0,         687,      -7.874956043,      -5.682654606,       -6.92337985,      -5.709030004,      -10.01538225
          0,           0,         688,      -7.875344617,      -5.683382721,      -6.923771166,      -5.709773795,      -10.01483816
          0,           0,         689,      -7.875734406,      -5.684109729,       -6.92415848,      -5.710516729,      -10.01429414
          0,           0,         690,      -7.876125414,      -5.684835639,      -6.924541823,      -5.711258828,      -10.01374984
          0,           0,         691,      -7.876517642,       -5.68556046,      -6.924921223,      -5.712000099,      -10.01320559
          0,           0,         692,      -7.876911093,      -5.686284202,      -6.925296718,      -5.712740555,      -10.01266088
          0,           0,         693,      -7.877305767,      -5.687006873,      -6.925668335,      -5.713480208,      -10.01211617
          0,           0,         694,      -7.877701668,      -5.687728483,       -6.92603611,      -5.714219072,      -10.01157162
          0,           0,         695,      -7.878098799,      -5.688449041,      -6.926400076,       -5.71495716,      -10.01102741
          0,           0,         696,      -7.878497161,      -5.689168556,       -6.92676027,      -5.715694483,      -10.01048317
          0,           0,         697,      -7.878896759,      -5.689887038,      -6.927116721,      -5.716431054,      -10.00993871
          0,           0,         698,      -7.879297594,      -5.690604495,       -6.92746947,       -5.71716689,      -10.00939471
          0,           0,         699,      -7.879699671,      -5.691320937,      -6.927818552,      -5.717902001,      -10.00885101
          0,           0,         700,      -7.880102991,      -5.692036373,      -6.928164006,      -5.718636397,      -10.00830669
          0,           0,         701,      -7.880507562,      -5.692750813,      -6.928505867,      -5.719370097,      -10.00776291
          0,           0,         702,      -7.880913384,      -5.693464266,      -6.928844177,      -5.720103113,      -10.00721961
          0,           0,         703,      -7.881320463,      -5.694176741,      -6.929178972,      -5.720835452,      -10.00667673
          0,           0,         704,      -7.881728803,      -5.694888248,      -6.929510293,      -5.721567139,      -10.00613446
          0,           0,         705,      -7.882138409,      -5.695598796,      -6.929838182,      -5.722298177,       -10.0055922
          0,           0,         706,      -7.882549285,      -5.696308394,      -6.930162683,      -5.723028584,      -10.00505059
          0,           0,         707,      -7.882961438,      -5.697017052,      -6.930483828,      -5.723758375,      -10.00450968
          0,           0,         708,       -7.88337487,      -5.697724779,       -6.93080167,      -5.724487562,      -10.00396946
          0,           0,         709,      -7.883789588,      -5.698431584,      -6.931116249,      -5.725216158,      -10.00342996
          0,           0,         710,      -7.884205595,      -5.699137477,      -6.931427607,      -5.725944177,      -10.00289122
          0,           0,         711,      -7.884622896,      -5.699842467,       -6.93173579,       -5.72667163,      -10.00235311
          0,           0,         712,      -7.885041497,      -5.700546563,       -6.93204084,      -5.727398534,      -10.00181519
          0,           0,         713,      -7.885461403,      -5.701249774,      -6.932342805,      -5.728124902,      -10.00127797
          0,           0,         714,      -7.885882616,       -5.70195211,      -6.932641725,      -5.728850744,      -10.00074158
          0,           0,         715,      -7.886305145,       -5.70265358,      -6.932937651,      -5.729576078,      -10.00020606
          0,           0,         716,      -7.886728991,      -5.703354193,      -6.933230626,      -5.730300915,      -9.999671438
          0,           0,         717,      -7.887154158,      -5.704053958,      -6.933520694,      -5.731025265,      -9.999137734
          0,           0,         718,      -7.887580651,      -5.704752885,      -6.933807901,      -5.731749144,      -9.998604978
          0,           0,         719,      -7.888008473,      -5.705450982,      -6.934092296,      -5.732472566,      -9.998073198
          0,           0,         720,      -7.888437627,      -5.706148258,       -6.93437392,      -5.733195539,      -9.997542424
          0,           0,         721,      -7.888868118,      -5.706844722,      -6.934652818,      -5.733918079,      -9.997012683
          0,           0,         722,      -7.889299946,      -5.707540385,      -6.934929036,        -5.7346402,      -9.996484002
          0,           0,         723,      -7.889733116,      -5.708235253,      -6.935202617,      -5.735361907,      -9.995956416
          0,           0,         724,      -7.890167629,      -5.708929337,      -6.935473607,      -5.736083219,       -9.99542995
          0,           0,         725,      -7.890603488,      -5.709622645,      -6.935742049,      -5.736804147,      -9.994904634
          0,           0,         726,      -7.891040696,      -5.710315186,      -6.936007984,      -5.737524701,      -9.994380511
          0,           0,         727,      -7.891479253,       -5.71100697,      -6.936271455,      -5.738244894,      -9.993857616
          0,           0,         728,      -7.891919162,      -5.711698004,      -6.936532506,      -5.738964736,      -9.993335655
          0,           0,         729,      -7.892360422,      -5.712388297,      -6.936791178,      -5.739684241,      -9.992814632
          0,           0,         730,      -7.892803039,      -5.713077858,      -6.937047514,      -5.740403419,      -9.992294721
          0,           0,         731,      -7.893247009,      -5.713766696,      -6.937301549,      -5.741122283,      -9.991776218
          0,           0,         732,      -7.893692337,       -5.71445482,      -6.937553327,       -5.74184084,      -9.991259133
          0,           0,         733,      -7.894139022,      -5.715142238,      -6.937802892,      -5.742559106,      -9.990743505
          0,           0,         734,      -7.894587069,      -5.715828958,      -6.938050276,      -5.743277092,      -9.990229377
          0,           0,         735,      -7.895036476,       -5.71651499,      -6.938295523,      -5.743994811,      -9.989716793
          0,           0,         736,      -7.895487244,      -5.717200341,       -6.93853867,      -5.744712269,      -9.989205551
          0,           0,         737,      -7.895939371,       -5.71788502,      -6.938779751,      -5.745429478,      -9.988695677
          0,           0,         738,       -7.89639286,      -5.718569035,      -6.939018813,       -5.74614645,      -9.988186208
          0,           0,         739,      -7.896847708,      -5.719252394,      -6.939255887,      -5.746863196,      -9.987678061
          0,           0,         740,      -7.897303916,      -5.719935106,      -6.939491008,      -5.747579722,       -9.98717168
          0,           0,         741,      -7.897761485,      -5.720617179,       -6.93972422,      -5.748296043,      -9.986667108
          0,           0,         742,      -7.898220415,       -5.72129862,      -6.939955552,      -5.749012168,       -9.98616439
          0,           0,         743,      -7.898680708,      -5.721979439,      -6.940185044,      -5.749728111,       -9.98566357
          0,           0,         744,      -7.899142362,      -5.722659642,      -6.940412737,       -5.75044388,      -9.985164689
          0,           0,         745,      -7.899605377,      -5.723339238,      -6.940638653,      -5.751159483,      -9.984667796
          0,           0,         746,      -7.900069754,      -5.724018234,      -6.940862841,      -5.751874937,      -9.984172937
          0,           0,         747,       -7.90053549,      -5.724696638,      -6.941085332,      -5.752590244,      -9.983680156
          0,           0,         748,      -7.901002585,      -5.725374459,      -6.941306159,       -5.75330542,      -9.983188721
          0,           0,         749,      -7.901471038,      -5.726051703,      -6.941525366,      -5.754020471,      -9.982698776
          0,           0,         750,      -7.901940846,      -5.726728378,      -6.941742983,      -5.754735404,      -9.982210817
          0,           0,         751,      -7.902412009,      -5.727404492,      -6.941959039,      -5.755450237,      -9.981725062
          0,           0,         752,      -7.902884523,      -5.728080052,      -6.942173576,      -5.756164974,      -9.981241615
          0,           0,         753,       -7.90335839,      -5.728755065,      -6.942386627,      -5.756879622,      -9.980760504
          0,           0,         754,      -7.903833602,      -5.729429539,      -6.942598228,      -5.757594191,      -9.980281789
          0,           0,         755,      -7.904310162,       -5.73010348,      -6.942808412,      -5.758308695,      -9.979805353
          0,           0,         756,      -7.904788064,      -5.730776896,      -6.943017212,       -5.75902314,      -9.979330224
          0,           0,         757,      -7.905267305,      -5.731449793,      -6.943224665,       -5.75973753,       -9.97885763
          0,           0,         758,      -7.905747882,      -5.732122179,      -6.943430804,      -5.760451878,       -9.97838733
          0,           0,         759,      -7.906229792,       -5.73279406,      -6.943635663,      -5.761166192,      -9.977918752
          0,           0,         760,       -7.90671303,      -5.733465443,      -6.943839277,      -5.761880479,      -9.977452843
          0,           0,         761,      -7.907197592,      -5.734136335,      -6.944041681,      -5.762594747,      -9.976989527
          0,           0,         762,      -7.907683472,      -5.734806741,      -6.944242905,      -5.763308999,      -9.976528786
          0,           0,         763,      -7.908170669,      -5.735476669,      -6.944442985,      -5.764023254,      -9.976070828
          0,           0,         764,      -7.908659173,      -5.736146124,      -6.944641958,      -5.764737505,      -9.975615687
          0,           0,         765,       -7.90914898,      -5.736815113,      -6.944839854,      -5.765451769,      -9.975163397
          0,           0,         766,      -7.909640087,      -5.737483642,      -6.945036707,      -5.766166047,      -9.974712974
          0,           0,         767,      -7.910132485,      -5.738151717,      -6.945232555,      -5.766880352,      -9.974265261
          0,           0,         768,      -7.910626168,      -5.738819343,      -6.945427429,      -5.767594685,      -9.973819977
          0,           0,         769,      -7.911121133,      -5.739486526,      -6.945621363,      -5.768309054,      -9.973377544
          0,           0,         770,      -7.911617368,      -5.740153273,      -6.945814386,      -5.769023467,      -9.972938057
          0,           0,         771,      -7.912114867,      -5.740819588,      -6.946006538,      -5.769737926,      -9.972501607
          0,           0,         772,       -7.91261362,      -5.741485477,      -6.946197852,      -5.770452437,      -9.972068238
          0,           0,         773,      -7.913113623,      -5.742150945,      -6.946388357,      -5.771167005,      -9.971637902
          0,           0,         774,      -7.913614867,      -5.742815996,      -6.946578094,      -5.771881636,      -9.971209832
          0,           0,         775,      -7.914117346,      -5.743480636,      -6.946767094,      -5.772596341,        -9.9707848
          0,           0,         776,      -7.914621051,       -5.74414487,      -6.946955391,      -5.773311115,      -9.970362937
          0,           0,         777,      -7.915125975,      -5.744808702,       -6.94714302,      -5.774025973,      -9.969944258
          0,           0,         778,       -7.91563211,      -5.745472136,      -6.947330017,      -5.774740915,      -9.969528771
          0,           0,         779,      -7.916139446,      -5.746135178,      -6.947516418,       -5.77545595,      -9.969116486
          0,           0,         780,      -7.916647976,      -5.746797831,      -6.947702259,      -5.776171075,       -9.96870743
          0,           0,         781,      -7.917157688,      -5.747460099,      -6.947887568,      -5.776886299,      -9.968301614
          0,           0,         782,      -7.917668574,      -5.748121987,      -6.948072388,      -5.777601627,      -9.967899035
          0,           0,         783,      -7.918180621,      -5.748783497,      -6.948256752,      -5.778317058,        -9.9674997
          0,           0,         784,       -7.91869382,      -5.749444634,      -6.948440697,      -5.779032596,      -9.967103623
          0,           0,         785,      -7.919208162,      -5.750105401,      -6.948624257,      -5.779748247,      -9.966710805
          0,           0,         786,      -7.919723635,      -5.750765802,      -6.948807469,      -5.780464012,      -9.966321252
          0,           0,         787,      -7.920240227,      -5.751425839,      -6.948990368,      -5.781179892,      -9.965934963
          0,           0,         788,      -7.920757929,      -5.752085515,      -6.949172991,      -5.781895894,      -9.965551938
          0,           0,         789,      -7.921276729,      -5.752744833,      -6.949355375,      -5.782612017,      -9.965171849
          0,           0,         790,      -7.921796615,      -5.753403796,      -6.949537558,      -5.783328265,      -9.964794919
          0,           0,         791,      -7.922317576,      -5.754062406,      -6.949719571,      -5.784044639,      -9.964420916
          0,           0,         792,        -7.9228396,      -5.754720665,      -6.949901461,       -5.78476114,       -9.96405002
          0,           0,         793,      -7.923362672,      -5.755378575,      -6.950083255,      -5.785477771,      -9.963682317
          0,           0,         794,      -7.923886783,      -5.756036139,      -6.950264996,      -5.786194532,      -9.963317282
          0,           0,         795,      -7.924411916,      -5.756693358,      -6.950446719,      -5.786911425,      -9.962954904
          0,           0,         796,       -7.92493806,      -5.757350233,      -6.950628461,      -5.787628448,      -9.962595682
          0,           0,         797,      -7.925465199,      -5.758006766,      -6.950810261,        -5.7883456,      -9.962239592
          0,           0,         798,      -7.925993319,      -5.758662958,      -6.950992153,      -5.789062887,      -9.961886291
          0,           0,         799,      -7.926522409,       -5.75931881,      -6.951174179,      -5.789780304,      -9.961535536
          0,           0,         800,      -7.927052451,      -5.759974321,      -6.951356375,      -5.790497851,      -9.961187342
          0,           0,         801,      -7.927583433,      -5.760629494,      -6.951538779,      -5.791215528,      -9.960842141
          0,           0,         802,       -7.92811534,      -5.761284327,      -6.951721426,      -5.791933336,      -9.960499924
          0,           0,         803,      -7.928648152,      -5.761938821,      -6.951904359,      -5.792651269,      -9.960160652
          0,           0,         804,      -7.929181851,      -5.762592975,      -6.952087613,      -5.793369324,      -9.959824285
          0,           0,         805,      -7.929716422,      -5.763246789,      -6.952271223,        -5.7940875,      -9.959490781
          0,           0,         806,      -7.930251848,      -5.763900263,      -6.952455224,      -5.794805795,      -9.959160093
          0,           0,         807,      -7.930788113,      -5.764553395,      -6.952639656,      -5.795524206,      -9.958832172
          0,           0,         808,        -7.9313252,      -5.765206184,       -6.95282455,      -5.796242729,       -9.95850697
          0,           0,         809,      -7.931863094,       -5.76585863,      -6.953009949,      -5.796961364,      -9.958184349
          0,           0,         810,      -7.932401778,      -5.766510731,      -6.953195881,      -5.797680109,      -9.957864259
          0,           0,         811,      -7.932941232,      -5.767162485,      -6.953382391,      -5.798398957,      -9.957546658
          0,           0,         812,      -7.933481442,       -5.76781389,      -6.953569508,      -5.799117911,      -9.957231583
          0,           0,         813,      -7.934022388,      -5.768464945,       -6.95375727,       -5.79983696,      -9.956918699
          0,           0,         814,      -7.934564052,      -5.769115647,      -6.953945717,      -5.800556103,      -9.956608096
          0,           0,         815,      -7.935106414,      -5.769765994,      -6.954134883,      -5.801275333,      -9.956299789
          0,           0,         816,      -7.935649455,      -5.770415983,      -6.954324802,      -5.801994646,      -9.955993707
          0,           0,         817,      -7.936193156,      -5.771065611,      -6.954515509,      -5.802714037,       -9.95568977
          0,           0,         818,      -7.936737495,      -5.771714875,      -6.954707042,      -5.803433502,      -9.955387899
          0,           0,         819,      -7.937282455,      -5.772363772,      -6.954899434,      -5.804153033,      -9.955088013
          0,           0,         820,      -7.937828014,      -5.773012298,      -6.955092719,      -5.804872623,      -9.954790022
          0,           0,         821,      -7.938374153,       -5.77366045,       -6.95528693,      -5.805592268,      -9.954493836
          0,           0,         822,      -7.938920849,      -5.774308223,      -6.955482102,       -5.80631196,      -9.954199362
          0,           0,         823,      -7.939468082,      -5.774955614,      -6.955678269,      -5.807031692,      -9.953906493
          0,           0,         824,      -7.940015833,      -5.775602619,       -6.95587546,      -5.807751458,      -9.953615121
          0,           0,         825,      -7.940564081,      -5.776249233,      -6.956073711,      -5.808471253,      -9.953325163
          0,           0,         826,      -7.941112801,      -5.776895452,      -6.956273053,      -5.809191063,      -9.953036513
          0,           0,         827,      -7.941661976,      -5.777541272,      -6.956473522,      -5.809910888,       -9.95274906
          0,           0,         828,      -7.942211579,      -5.778186687,      -6.956675146,      -5.810630714,      -9.952462689
          0,           0,         829,      -7.942761592,      -5.778831692,      -6.956877959,      -5.811350538,      -9.952177286
          0,           0,         830,      -7.943311989,      -5.779476283,      -6.957081991,      -5.812070345,       -9.95189273
          0,           0,         831,       -7.94386275,      -5.780120454,      -6.957287274,       -5.81279013,        -9.9516089
          0,           0,         832,      -7.944413848,      -5.780764199,      -6.957493837,      -5.813509882,      -9.951325665
          0,           0,         833,      -7.944965263,      -5.781407512,      -6.957701715,      -5.814229593,      -9.951042892
          0,           0,         834,       -7.94551697,      -5.782050387,       -6.95791093,      -5.814949251,      -9.950760454
          0,           0,         835,      -7.946068946,      -5.782692819,      -6.958121515,      -5.815668849,      -9.950478211
          0,           0,         836,       -7.94662117,      -5.783334801,      -6.958333503,      -5.816388376,      -9.950196024
          0,           0,         837,      -7.947173616,      -5.783976327,      -6.958546921,      -5.817107823,      -9.949913748
          0,           0,         838,      -7.947726257,       -5.78461739,        -6.9587618,      -5.817827173,      -9.949631233
          0,           0,         839,      -7.948279068,      -5.785257982,      -6.958978167,      -5.818546422,      -9.949348329
          0,           0,         840,      -7.948832036,      -5.785898101,      -6.959196049,      -5.819265561,      -9.949064881
          0,           0,         841,      -7.949385129,      -5.786537736,      -6.959415476,      -5.819984574,      -9.948780728
          0,           0,         842,      -7.949938314,       -5.78717688,      -6.959636472,      -5.820703448,      -9.948495708
          0,           0,         843,      -7.950491572,      -5.787815527,      -6.959859066,      -5.821422169,      -9.948209656
          0,           0,         844,      -7.951044874,      -5.788453667,      -6.960083286,      -5.822140728,      -9.947922246
          0,           0,         845,      -7.951598189,      -5.789091293,      -6.960309153,      -5.822859105,      -9.947633217
          0,           0,         846,       -7.95215149,      -5.789728398,      -6.960536691,      -5.823577294,      -9.947342039
          0,           0,         847,       -7.95270475,      -5.790364973,      -6.960765918,       -5.82429527,      -9.947048064
          0,           0,         848,      -7.953257948,       -5.79100101,      -6.960996852,      -5.825013034,      -9.946751757
          0,           0,         849,       -7.95381106,        -5.7916365,      -6.961229514,      -5.825730576,      -9.946453136
          0,           0,         850,      -7.954364058,      -5.792271435,      -6.961463927,      -5.826447876,       -9.94615141
          0,           0,         851,      -7.954916918,      -5.792905806,      -6.961700111,      -5.827164922,      -9.945847193
          0,           0,         852,      -7.955469612,      -5.793539605,      -6.961938092,      -5.827881704,      -9.945540306
          0,           0,         853,      -7.956022115,      -5.794172823,      -6.962177894,      -5.828598205,      -9.945230555
          0,           0,         854,      -7.956574396,       -5.79480545,       -6.96241954,      -5.829314413,      -9.944917743
          0,           0,         855,      -7.957126427,      -5.795437478,      -6.962663049,      -5.830030308,      -9.944601668
          0,           0,         856,      -7.957678183,      -5.796068897,      -6.962908446,      -5.830745881,      -9.944282109
          0,           0,         857,      -7.958229634,      -5.796699698,      -6.963155753,      -5.831461111,      -9.943958864
          0,           0,         858,      -7.958780754,      -5.797329872,      -6.963404983,      -5.832175991,      -9.943631727
          0,           0,         859,      -7.959331518,      -5.797959409,      -6.963656158,      -5.832890504,      -9.943300486
          0,           0,         860,      -7.959881896,      -5.798588298,      -6.963909299,      -5.833604637,      -9.942964924
          0,           0,         861,      -7.960431864,      -5.799216531,      -6.964164419,      -5.834318368,      -9.942624821
          0,           0,         862,      -7.960981394,      -5.799844097,      -6.964421536,      -5.835031695,      -9.942279783
          0,           0,         863,       -7.96153046,      -5.800470986,      -6.964680665,      -5.835744594,      -9.941929003
          0,           0,         864,      -7.962079031,      -5.801097188,      -6.964941823,      -5.836457047,      -9.941572991
          0,           0,         865,       -7.96262708,      -5.801722693,      -6.965205027,      -5.837169047,      -9.941211544
          0,           0,         866,      -7.963174578,       -5.80234749,      -6.965470291,      -5.837880568,       -9.94084437
          0,           0,         867,      -7.963721494,      -5.802971568,      -6.965737636,      -5.838591594,         -9.940471
          0,           0,         868,      -7.964267796,      -5.803594917,      -6.966007072,      -5.839302108,      -9.940091524
          0,           0,         869,      -7.964813455,      -5.804217524,      -6.966278614,      -5.840012093,      -9.939705712
          0,           0,         870,      -7.965358444,       -5.80483938,      -6.966552276,      -5.840721536,      -9.939313334
          0,           0,         871,       -7.96590273,      -5.805460472,      -6.966828065,      -5.841430408,      -9.938914153
          0,           0,         872,      -7.966446287,       -5.80608079,         -6.967106,        -5.8421387,      -9.938507941
          0,           0,         873,      -7.966989085,      -5.806700323,      -6.967386092,      -5.842846396,      -9.938094467
          0,           0,         874,      -7.967531096,      -5.807319059,      -6.967668357,      -5.843553476,        -9.9376735
          0,           0,         875,      -7.968072305,      -5.807936994,      -6.967952812,      -5.844259928,      -9.937244805
          0,           0,         876,      -7.968612667,      -5.808554112,      -6.968239474,      -5.844965731,      -9.936808012
          0,           0,         877,      -7.969152148,        -5.8091704,      -6.968528356,      -5.845670856,      -9.936362946
          0,           0,         878,      -7.969690714,      -5.809785846,      -6.968819465,      -5.846375289,      -9.935909397
          0,           0,         879,      -7.970228335,      -5.810400438,      -6.969112814,      -5.847079005,      -9.935447057
          0,           0,         880,      -7.970764981,      -5.811014163,       -6.96940841,      -5.847781987,       -9.93497586
          0,           0,         881,      -7.971300625,      -5.811627009,      -6.969706262,      -5.848484223,      -9.934495489
          0,           0,         882,       -7.97183524,      -5.812238965,      -6.970006377,       -5.84918569,       -9.93400549
          0,           0,         883,      -7.972368799,      -5.812850018,      -6.970308769,      -5.849886374,      -9.933505954
          0,           0,         884,      -7.972901276,      -5.813460156,      -6.970613439,      -5.850586258,       -9.93299666
          0,           0,         885,       -7.97343264,      -5.814069366,      -6.970920401,      -5.851285323,       -9.93247708
          0,           0,         886,      -7.973962866,      -5.814677638,      -6.971229668,      -5.851983552,      -9.931947228
          0,           0,         887,      -7.974491922,      -5.815284957,       -6.97154124,      -5.852680926,      -9.931406975
          0,           0,         888,      -7.975019778,      -5.815891312,      -6.971855134,      -5.853377423,      -9.930856109
          0,           0,         889,      -7.975546404,      -5.816496691,      -6.972171354,      -5.854073023,      -9.930294424
          0,           0,         890,       -7.97607177,      -5.817101081,      -6.972489914,       -5.85476771,      -9.929721715
          0,           0,         891,      -7.976595845,      -5.817704469,      -6.972810817,      -5.855461458,       -9.92913778
          0,           0,         892,      -7.977118598,      -5.818306844,       -6.97313407,      -5.856154255,      -9.928542422
          0,           0,         893,      -7.977640002,      -5.818908192,      -6.973459682,      -5.856846076,      -9.927935447
          0,           0,         894,      -7.978160026,      -5.819508501,      -6.973787657,      -5.857536899,      -9.927316666
          0,           0,         895,      -7.978678656,      -5.820107769,      -6.974118009,      -5.858226721,      -9.926685892
          0,           0,         896,      -7.979195852,      -5.820705978,      -6.974450749,      -5.858915507,      -9.926042941
          0,           0,         897,      -7.979711576,      -5.821303114,      -6.974785882,      -5.859603236,      -9.925387627
          0,           0,         898,      -7.980225797,      -5.821899162,      -6.975123413,      -5.860289882,      -9.924719722
          0,           0,         899,      -7.980738482,      -5.822494107,      -6.975463347,      -5.860975425,      -9.924039027
          0,           0,         900,      -7.981249604,      -5.823087937,      -6.975805681,      -5.861659839,      -9.923345441
          0,           0,         901,      -7.981759135,      -5.823680636,      -6.976150423,      -5.862343122,      -9.922638843
          0,           0,         902,       -7.98226705,      -5.824272192,      -6.976497572,      -5.863025236,       -9.92191908
          0,           0,         903,      -7.982773322,      -5.824862592,      -6.976847129,      -5.863706167,      -9.921185668
          0,           0,         904,      -7.983277925,      -5.825451822,      -6.977199105,      -5.864385907,      -9.920438635
          0,           0,         905,      -7.983780831,      -5.826039869,      -6.977553502,       -5.86506442,      -9.919678042
          0,           0,         906,      -7.984282017,      -5.826626721,      -6.977910327,      -5.865741699,      -9.918903732
          0,           0,         907,      -7.984781451,      -5.827212365,      -6.978269586,      -5.866417714,      -9.918115578
          0,           0,         908,      -7.985279103,      -5.827796787,      -6.978631285,      -5.867092447,      -9.917313465
          0,           0,         909,       -7.98577495,      -5.828379974,      -6.978995433,      -5.867765876,      -9.916497284
          0,           0,         910,      -7.986268958,      -5.828961915,      -6.979362034,      -5.868437984,      -9.915666933
          0,           0,         911,      -7.986761103,      -5.829542596,      -6.979731091,      -5.869108752,      -9.914822314
          0,           0,         912,      -7.987251352,      -5.830122005,       -6.98010261,       -5.86977815,      -9.913963337
          0,           0,         913,      -7.987739683,      -5.830700128,      -6.980476595,      -5.870446165,      -9.913089916
          0,           0,         914,      -7.988226065,      -5.831276957,      -6.980853049,      -5.871112773,      -9.912201974
          0,           0,         915,      -7.988710476,      -5.831852488,      -6.981231982,      -5.871777954,      -9.911299441
          0,           0,         916,      -7.989192882,      -5.832426702,      -6.981613399,      -5.872441691,      -9.910382213
          0,           0,         917,      -7.989673249,      -5.832999583,      -6.981997298,      -5.873103951,      -9.909450111
          0,           0,         918,      -7.990151551,      -5.833571116,      -6.982383682,      -5.873764716,      -9.908503156
          0,           0,         919,      -7.990627761,      -5.834141287,      -6.982772542,      -5.874423969,      -9.907541392
          0,           0,         920,      -7.991101854,      -5.834710083,      -6.983163878,      -5.875081688,       -9.90656478
          0,           0,         921,      -7.991573808,      -5.835277491,      -6.983557689,      -5.875737851,      -9.905573287
          0,           0,         922,      -7.992043597,      -5.835843497,      -6.983953971,      -5.876392442,      -9.904566895
          0,           0,         923,      -7.992511197,       -5.83640809,      -6.984352729,      -5.877045438,      -9.903545576
          0,           0,         924,      -7.992976587,      -5.836971256,       -6.98475396,       -5.87769682,      -9.902509333
          0,           0,         925,      -7.993439743,      -5.837532984,      -6.985157673,      -5.878346566,      -9.901458165
          0,           0,         926,       -7.99390064,       -5.83809326,      -6.985563858,      -5.878994659,      -9.900392076
          0,           0,         927,      -7.994359257,      -5.838652073,       -6.98597253,       -5.87964108,      -9.899311044
          0,           0,         928,       -7.99481557,       -5.83920941,      -6.986383685,       -5.88028581,      -9.898214955
          0,           0,         929,      -7.995269557,      -5.839765259,      -6.986797327,      -5.880928824,      -9.897103814
          0,           0,         930,      -7.995721194,      -5.840319609,      -6.987213458,      -5.881570107,      -9.895977836
          0,           0,         931,      -7.996170457,      -5.840872447,      -6.987632082,       -5.88220964,      -9.894837068
          0,           0,         932,      -7.996617325,      -5.841423762,      -6.988053194,      -5.882847406,      -9.893681556
          0,           0,         933,      -7.997061772,      -5.841973542,      -6.988476801,      -5.883483372,      -9.892511346
          0,           0,         934,      -7.997503778,      -5.842521774,      -6.988902899,      -5.884117533,      -9.891326488
          0,           0,         935,      -7.997943319,      -5.843068448,      -6.989331491,      -5.884749863,      -9.890127045
          0,           0,         936,      -7.998380372,      -5.843613551,      -6.989762571,      -5.885380343,      -9.888913092
          0,           0,         937,      -7.998814916,      -5.844157074,      -6.990196141,      -5.886008949,      -9.887684702
          0,           0,         938,      -7.999246927,      -5.844699005,        -6.9906322,      -5.886635661,      -9.886441957
          0,           0,         939,      -7.999676384,      -5.845239331,      -6.991070744,      -5.887260458,      -9.885184944
          0,           0,         940,      -8.000103268,      -5.845778048,      -6.991511775,       -5.88788333,      -9.883913757
          0,           0,         941,      -8.000527557,       -5.84631515,      -6.991955295,      -5.888504249,      -9.882628486
          0,           0,         942,      -8.000949228,      -5.846850621,      -6.992401301,      -5.889123189,      -9.881329233
          0,           0,         943,      -8.001368261,      -5.847384445,      -6.992849789,      -5.889740147,      -9.880016109
          0,           0,         944,      -8.001784635,      -5.847916608,      -6.993300754,      -5.890355095,      -9.878689227
          0,           0,         945,      -8.002198334,      -5.848447098,      -6.993754189,      -5.890968017,      -9.877348703
          0,           0,         946,      -8.002609342,      -5.848975903,      -6.994210093,      -5.891578893,      -9.875994662
          0,           0,         947,       -8.00301764,      -5.849503012,      -6.994668456,      -5.892187706,      -9.874627234
          0,           0,         948,      -8.003423212,      -5.850028414,      -6.995129276,      -5.892794441,       -9.87324655
          0,           0,         949,      -8.003826041,      -5.850552097,      -6.995592549,      -5.893399078,      -9.871852747
          0,           0,         950,       -8.00422611,      -5.851074052,      -6.996058275,      -5.894001593,      -9.870445809
          0,           0,         951,      -8.004623403,      -5.851594268,      -6.996526447,      -5.894601969,      -9.869025587
          0,           0,         952,      -8.005017906,      -5.852112735,      -6.996997067,       -5.89520019,      -9.867592576
          0,           0,         953,      -8.005409601,      -5.852629442,       -6.99747013,      -5.895796239,       -9.86614704
          0,           0,         954,      -8.005798477,       -5.85314438,      -6.997945633,      -5.896390105,      -9.864689136
          0,           0,         955,      -8.006184517,      -5.853657539,      -6.998423572,      -5.896981762,      -9.863219022
          0,           0,         956,      -8.006567707,      -5.854168908,      -6.998903945,      -5.897571195,      -9.861736859
          0,           0,         957,      -8.006948032,      -5.854678479,      -6.999386747,      -5.898158395,      -9.860242813
          0,           0,         958,       -8.00732548,      -5.855186242,      -6.999871976,      -5.898743343,      -9.858737051
          0,           0,         959,      -8.007700034,      -5.855692188,      -7.000359622,      -5.899326017,      -9.857219741
          0,           0,         960,      -8.008071681,      -5.856196306,      -7.000849683,      -5.899906405,      -9.855691058
          0,           0,         961,      -8.008440408,       -5.85669859,      -7.001342154,      -5.900484489,      -9.854151176
          0,           0,         962,      -8.008806207,      -5.857199032,      -7.001837028,      -5.901060258,      -9.852600047
          0,           0,         963,      -8.009169059,      -5.857697622,      -7.002334297,       -5.90163369,      -9.851037868
          0,           0,         964,      -8.009528948,      -5.858194352,      -7.002833956,      -5.902204765,      -9.849465002
          0,           0,         965,      -8.009885864,      -5.858689212,       -7.00333599,      -5.902773467,      -9.847881662
          0,           0,         966,      -8.010239796,      -5.859182192,      -7.003840394,      -5.903339788,       -9.84628803
          0,           0,         967,      -8.010590734,      -5.859673284,      -7.004347154,      -5.903903698,      -9.844684294
          0,           0,         968,      -8.010938673,       -5.86016248,      -7.004856262,      -5.904465198,      -9.843070638
          0,           0,         969,      -8.011283601,      -5.860649772,      -7.005367713,      -5.905024267,      -9.841447249
          0,           0,         970,      -8.011625528,      -5.861135159,      -7.005881497,      -5.905580912,       -9.83981432
          0,           0,         971,      -8.011964449,      -5.861618635,       -7.00639762,      -5.906135119,      -9.838172037
          0,           0,         972,      -8.012300344,       -5.86210019,      -7.006916072,      -5.906686856,      -9.836520343
          0,           0,         973,      -8.012633194,      -5.862579815,       -7.00743685,      -5.907236115,      -9.834859256
          0,           0,         974,      -8.012962987,        -5.8630575,      -7.007959937,      -5.907782862,      -9.833189008
          0,           0,         975,      -8.013289715,      -5.863533256,      -7.008485331,      -5.908327094,       -9.83150996
          0,           0,         976,      -8.013613365,      -5.864007068,      -7.009013026,      -5.908868791,      -9.829822286
          0,           0,         977,      -8.013933927,      -5.864478921,      -7.009543007,      -5.909407932,      -9.828126363
          0,           0,         978,      -8.014251399,      -5.864948806,      -7.010075264,      -5.909944519,      -9.826422416
          0,           0,         979,      -8.014565782,      -5.865416715,      -7.010609782,      -5.910478534,      -9.824710631
          0,           0,         980,      -8.014877105,      -5.865882663,      -7.011146562,      -5.911010004,       -9.82299123
          0,           0,         981,      -8.015185348,      -5.866346637,      -7.011685597,        -5.9115389,      -9.821264576
          0,           0,         982,      -8.015490491,      -5.866808624,      -7.012226879,      -5.912065201,      -9.819528107
          0,           0,         983,      -8.015792517,      -5.867268614,      -7.012770389,      -5.912588875,      -9.817784928
          0,           0,         984,      -8.016091423,      -5.867726597,      -7.013316121,      -5.913109907,      -9.816032903
          0,           0,         985,      -8.016387198,      -5.868182563,      -7.013864053,      -5.913628285,      -9.814274149
          0,           0,         986,      -8.016679858,      -5.868636522,      -7.014414177,       -5.91414401,      -9.812508821
          0,           0,         987,      -8.016969422,      -5.869088491,      -7.014966489,      -5.914657097,      -9.810737106
          0,           0,         988,      -8.017255875,      -5.869538451,       -7.01552098,      -5.915167523,       -9.80895918
          0,           0,         989,      -8.017539206,      -5.869986387,      -7.016077633,      -5.915675272,      -9.807175222
          0,           0,         990,       -8.01781941,      -5.870432288,      -7.016636434,      -5.916180329,      -9.805385411
          0,           0,         991,      -8.018096487,      -5.870876143,      -7.017197367,      -5.916682679,      -9.803589927
          0,           0,         992,      -8.018370437,      -5.871317943,      -7.017760411,       -5.91718231,      -9.801788938
          0,           0,         993,      -8.018641263,       -5.87175768,       -7.01832556,      -5.917679216,      -9.799982571
          0,           0,         994,      -8.018908969,      -5.872195348,      -7.018892794,      -5.918173384,      -9.798171023
          0,           0,         995,      -8.019173562,      -5.872630948,      -7.019462107,       -5.91866482,      -9.796354481
          0,           0,         996,      -8.019435075,      -5.873064532,      -7.020033492,      -5.919153542,      -9.794533163
          0,           0,         997,      -8.019693501,      -5.873496076,      -7.020606948,      -5.919639545,      -9.792707222
          0,           0,         998,      -8.019948827,      -5.873925563,      -7.021182463,      -5.920122799,      -9.790876819
          0,           0,         999,      -8.020201044,      -5.874352978,      -7.021760021,      -5.920603293,       -9.78904212
          0,           0,        1000,       -8.02045015,       -5.87477831,      -7.022339603,      -5.921081005,      -9.787203289
          0,           0,        1001,      -8.020696147,       -5.87520155,      -7.022921193,      -5.921555922,      -9.785360484
          0,           0,        1002,      -8.020939034,       -5.87562269,       -7.02350477,      -5.922028036,      -9.783513868
          0,           0,        1003,      -8.021178819,      -5.876041723,      -7.024090321,      -5.922497332,        -9.7816636
          0,           0,        1004,      -8.021415509,      -5.876458645,      -7.024677832,      -5.922963808,      -9.779809836
          0,           0,        1005,      -8.021649109,      -5.876873449,      -7.025267283,      -5.923427458,      -9.777952728
          0,           0,        1006,      -8.021879626,      -5.877286133,      -7.025858664,      -5.923888271,      -9.776092407
          0,           0,        1007,      -8.022107068,      -5.877696691,      -7.026451959,      -5.924346238,      -9.774228945
          0,           0,        1008,      -8.022331441,       -5.87810512,      -7.027047155,       -5.92480136,      -9.772362578
          0,           0,        1009,      -8.022552754,      -5.878511417,      -7.027644239,      -5.925253632,      -9.770493467
          0,           0,        1010,      -8.022771013,      -5.878915579,      -7.028243196,      -5.925703045,      -9.768621751
          0,           0,        1011,      -8.022986224,      -5.879317603,      -7.028844015,      -5.926149593,       -9.76674757
          0,           0,        1012,      -8.023198407,      -5.879717519,      -7.029446685,      -5.926593291,      -9.764871073
          0,           0,        1013,      -8.023407584,      -5.880115366,      -7.030051198,      -5.927034163,      -9.762992417
          0,           0,        1014,      -8.023613752,      -5.880511121,      -7.030657545,      -5.927472196,      -9.761111718
          0,           0,        1015,      -8.023816907,      -5.880904767,      -7.031265703,      -5.927907377,      -9.759229103
          0,           0,        1016,      -8.024017048,      -5.881296299,      -7.031875657,      -5.928339687,      -9.757344705
          0,           0,        1017,      -8.024214179,      -5.881685718,      -7.032487386,      -5.928769114,      -9.755458653
          0,           0,        1018,      -8.024408303,      -5.882073009,      -7.033100869,      -5.929195646,      -9.753571065
          0,           0,        1019,      -8.024599429,       -5.88245816,      -7.033716089,      -5.929619279,      -9.751682066
          0,           0,        1020,      -8.024787564,      -5.882841164,      -7.034333021,          -5.93004,      -9.749791729
          0,           0,        1021,      -8.024972722,      -5.883222016,      -7.034951646,      -5.930457809,       -9.74790017
          0,           0,        1022,      -8.025154917,       -5.88360071,       -7.03557195,      -5.930872704,      -9.746007563
          0,           0,        1023,      -8.025334161,      -5.883977244,      -7.036193914,      -5.931284674,      -9.744114025
          0,           0,        1024,      -8.025510468,      -5.884351615,      -7.036817525,      -5.931693718,      -9.742219667
          0,           0,        1025,      -8.025683851,      -5.884723821,      -7.037442766,      -5.932099836,      -9.740324596
          0,           0,        1026,      -8.025854322,      -5.885093861,      -7.038069619,      -5.932503024,      -9.738428926
          0,           0,        1027,      -8.026021895,      -5.885461733,      -7.038698074,       -5.93290328,      -9.736532715
          0,           0,        1028,      -8.026186581,      -5.885827435,      -7.039328115,      -5.933300601,      -9.734636108
          0,           0,        1029,      -8.026348392,      -5.886190969,      -7.039959723,      -5.933694983,      -9.732739169
          0,           0,        1030,      -8.026507342,      -5.886552332,      -7.040592889,      -5.934086432,      -9.730841882
          0,           0,        1031,      -8.026663441,      -5.886911523,      -7.041227591,       -5.93447494,      -9.728944434
          0,           0,        1032,      -8.026816701,      -5.887268545,      -7.041863815,      -5.934860508,      -9.727047007
          0,           0,        1033,      -8.026967134,      -5.887623397,      -7.042501543,      -5.935243132,      -9.725149696
          0,           0,        1034,       -8.02711475,      -5.887976078,      -7.043140758,      -5.935622811,      -9.723252593
          0,           0,        1035,      -8.027259563,      -5.888326586,      -7.043781445,      -5.935999543,      -9.721355789
          0,           0,        1036,      -8.027401583,      -5.888674922,      -7.044423582,      -5.936373323,      -9.719459372
          0,           0,        1037,      -8.027540824,      -5.889021085,      -7.045067152,      -5.936744154,       -9.71756343
          0,           0,        1038,      -8.027677308,      -5.889365098,      -7.045712139,       -5.93711205,       -9.71566806
          0,           0,        1039,      -8.027811073,      -5.889707026,      -7.046358529,      -5.937477056,      -9.713773374
          0,           0,        1040,      -8.027942127,      -5.890046845,      -7.047006312,      -5.937839161,      -9.711879421
          0,           0,        1041,      -8.028070479,      -5.890384537,      -7.047655469,      -5.938198366,      -9.709986271
          0,           0,        1042,      -8.028196133,       -5.89072009,      -7.048305978,       -5.93855465,         -9.708094
          0,           0,        1043,      -8.028319103,      -5.891053496,      -7.048957815,      -5.938908013,      -9.706202685
          0,           0,        1044,      -8.028439403,      -5.891384748,      -7.049610956,      -5.939258448,       -9.70431245
          0,           0,        1045,       -8.02855705,      -5.891713843,      -7.050265382,      -5.939605956,      -9.702422834
          0,           0,        1046,       -8.02867206,      -5.892040778,      -7.050921079,      -5.939950532,      -9.700533129
          0,           0,        1047,      -8.028784447,      -5.892365552,      -7.051578026,      -5.940292175,      -9.698643536
          0,           0,        1048,       -8.02889423,      -5.892688164,      -7.052236209,      -5.940630885,      -9.696754178
          0,           0,        1049,      -8.029001424,      -5.893008613,      -7.052895613,       -5.94096666,      -9.694865137
          0,           0,        1050,      -8.029106042,        -5.8933269,      -7.053556221,      -5.941299497,      -9.692976517
          0,           0,        1051,      -8.029208104,      -5.893643026,      -7.054218019,      -5.941629406,      -9.691092052
          0,           0,        1052,      -8.029307624,      -5.893956991,      -7.054880988,      -5.941956376,      -9.689209837
          0,           0,        1053,       -8.02940462,      -5.894268797,      -7.055545117,      -5.942280417,      -9.687328001
          0,           0,        1054,      -8.029499106,      -5.894578444,      -7.056210388,      -5.942601535,      -9.685446623
          0,           0,        1055,      -8.029591099,      -5.894885933,      -7.056876788,      -5.942919721,      -9.683566671
          0,           0,        1056,      -8.029680616,      -5.895191267,      -7.057544295,      -5.943234991,      -9.681683922
          0,           0,        1057,      -8.029767675,      -5.895494447,      -7.058212895,      -5.943547346,      -9.679802851
          0,           0,        1058,      -8.029852285,      -5.895795474,      -7.058882574,      -5.943856783,      -9.677923529
          0,           0,        1059,      -8.029934468,       -5.89609435,      -7.059553307,      -5.944163307,      -9.676044277
          0,           0,        1060,      -8.030014239,      -5.896391076,      -7.060225082,      -5.944466924,      -9.674168425
          0,           0,        1061,      -8.030091616,      -5.896685656,      -7.060897877,      -5.944767633,      -9.672292116
          0,           0,        1062,      -8.030166614,       -5.89697809,      -7.061571675,       -5.94506544,      -9.670414117
          0,           0,        1063,      -8.030239254,      -5.897268397,      -7.062246457,      -5.945360354,       -9.66853723
          0,           0,        1064,      -8.030309551,      -5.897556581,      -7.062922207,      -5.945652381,       -9.66666307
          0,           0,        1065,      -8.030377523,      -5.897842637,      -7.063598905,      -5.945941518,      -9.664789991
          0,           0,        1066,      -8.030443185,      -5.898126561,       -7.06427653,      -5.946227772,      -9.662917314
          0,           0,        1067,      -8.030506558,      -5.898408353,      -7.064955069,      -5.946511144,      -9.661045336
          0,           0,        1068,      -8.030567657,      -5.898688012,      -7.065634498,      -5.946791642,      -9.659174389
          0,           0,        1069,      -8.030626571,      -5.898965625,      -7.066314819,      -5.947069371,      -9.657304911
          0,           0,        1070,      -8.030683366,      -5.899241289,      -7.066996032,      -5.947344412,       -9.65545094
          0,           0,        1071,      -8.030738009,      -5.899514968,      -7.067678132,      -5.947616713,      -9.653612614
          0,           0,        1072,      -8.030790474,      -5.899786635,      -7.068361104,       -5.94788624,      -9.651778289
          0,           0,        1073,      -8.030840787,      -5.900056368,      -7.069044926,      -5.948153029,      -9.649954708
          0,           0,        1074,      -8.030888978,      -5.900324168,      -7.069729586,      -5.948417101,      -9.648126356
          0,           0,        1075,      -8.030935034,      -5.900589994,       -7.07041506,      -5.948678423,      -9.646295903
          0,           0,        1076,      -8.030978942,      -5.900853816,      -7.071101321,      -5.948936958,      -9.644465547
          0,           0,        1077,      -8.031020713,       -5.90111561,       -7.07178834,      -5.949192693,      -9.642637554
          0,           0,        1078,      -8.031060377,      -5.901375377,      -7.072476098,      -5.949445639,      -9.640815192
          0,           0,        1079,      -8.031098027,      -5.901633248,      -7.073164581,      -5.949695921,      -9.639003094
          0,           0,        1080,      -8.031133679,       -5.90188918,      -7.073853784,      -5.949943531,      -9.637208535
          0,           0,        1081,      -8.031167336,      -5.902143143,      -7.074543691,      -5.950188454,      -9.635432722
          0,           0,        1082,      -8.031199009,      -5.902395112,      -7.075234283,      -5.950430671,      -9.633639539
          0,           0,        1083,      -8.031228714,       -5.90264507,      -7.075925542,      -5.950670183,      -9.631820747
          0,           0,        1084,      -8.031256476,       -5.90289301,      -7.076617454,      -5.950906988,      -9.629990651
          0,           0,        1085,      -8.031282327,      -5.903138933,      -7.077310006,      -5.951141109,       -9.62815563
          0,           0,        1086,      -8.031306272,      -5.903382833,      -7.078003185,      -5.951372529,      -9.626318723
          0,           0,        1087,      -8.031328311,      -5.903624703,      -7.078696978,      -5.951601223,       -9.62448078
          0,           0,        1088,       -8.03134845,      -5.903864536,      -7.079391367,      -5.951827196,       -9.62264309
          0,           0,        1089,      -8.031366706,      -5.904102328,       -7.08008635,      -5.952050433,      -9.620801848
          0,           0,        1090,       -8.03138308,      -5.904338078,      -7.080781905,      -5.952270928,      -9.618974809
          0,           0,        1091,      -8.031397584,      -5.904571783,      -7.081478021,      -5.952488687,       -9.61715609
          0,           0,        1092,      -8.031410231,      -5.904803445,      -7.082174675,      -5.952703706,      -9.615342729
          0,           0,        1093,      -8.031421045,      -5.905033064,      -7.082871848,      -5.952916006,      -9.613533689
          0,           0,        1094,      -8.031430042,       -5.90526064,      -7.083569526,      -5.953125588,      -9.611728421
          0,           0,        1095,      -8.031437247,      -5.905486176,      -7.084267687,      -5.953332469,      -9.609927885
          0,           0,        1096,      -8.031442678,      -5.905709673,      -7.084966321,      -5.953536658,      -9.608133672
          0,           0,        1097,      -8.031446385,       -5.90593121,      -7.085665416,      -5.953738219,      -9.606348827
          0,           0,        1098,      -8.031448435,      -5.906150886,      -7.086364968,      -5.953937256,      -9.604578872
          0,           0,        1099,      -8.031448833,      -5.906368668,      -7.087064974,      -5.954133756,       -9.60283222
          0,           0,        1100,      -8.031447578,      -5.906584529,      -7.087765415,      -5.954327703,      -9.601114996
          0,           0,        1101,      -8.031444672,      -5.906798451,      -7.088466277,      -5.954519082,      -9.599406661
          0,           0,        1102,      -8.031440122,      -5.907010421,      -7.089167542,      -5.954707882,      -9.597707608
          0,           0,        1103,      -8.031433942,      -5.907220428,      -7.089869194,      -5.954894097,       -9.59600803
          0,           0,        1104,      -8.031426145,      -5.907428467,       -7.09057122,      -5.955077729,      -9.594280479
          0,           0,        1105,      -8.031416746,      -5.907634533,      -7.091273604,      -5.955258773,      -9.592525006
          0,           0,        1106,      -8.031405759,      -5.907838625,      -7.091976335,      -5.955437241,      -9.590758577
          0,           0,        1107,        -8.0313932,      -5.908040741,        -7.0926794,      -5.955613121,      -9.588999008
          0,           0,        1108,      -8.031379079,      -5.908240881,      -7.093382793,       -5.95578642,      -9.587252488
          0,           0,        1109,      -8.031363411,      -5.908439046,      -7.094086498,      -5.955957137,      -9.585501201
          0,           0,        1110,      -8.031346215,      -5.908635237,      -7.094790508,      -5.956125288,      -9.583754234
          0,           0,        1111,      -8.031327502,      -5.908829456,      -7.095494812,      -5.956290869,       -9.58202865
          0,           0,        1112,      -8.031307291,      -5.909021705,      -7.096199396,      -5.956453894,      -9.580375219
          0,           0,        1113,      -8.031285606,      -5.909212038,      -7.096904255,        -5.9566144,      -9.578737516
          0,           0,        1114,      -8.031262484,      -5.909400531,      -7.097609377,      -5.956772462,      -9.577047798
          0,           0,        1115,      -8.031237941,      -5.909587147,      -7.098314747,      -5.956928068,       -9.57534334
          0,           0,        1116,      -8.031211972,      -5.909771864,      -7.099020358,      -5.957081205,      -9.573632715
          0,           0,        1117,      -8.031184582,      -5.909954667,      -7.099726193,      -5.957231868,      -9.571922928
          0,           0,        1118,      -8.031155773,      -5.910135545,      -7.100432243,      -5.957380042,      -9.570222649
          0,           0,        1119,      -8.031125559,      -5.910314494,      -7.101138498,      -5.957525728,      -9.568544166
          0,           0,        1120,      -8.031093951,      -5.910491511,      -7.101844942,      -5.957668924,      -9.566892758
          0,           0,        1121,      -8.031060964,      -5.910666596,      -7.102551569,      -5.957809636,      -9.565242446
          0,           0,        1122,      -8.031026609,      -5.910839751,      -7.103258365,      -5.957947863,      -9.563557822
          0,           0,        1123,      -8.030990905,      -5.911010977,      -7.103965319,      -5.958083615,      -9.561857595
          0,           0,        1124,       -8.03095387,      -5.911180276,      -7.104672418,      -5.958216906,      -9.560150789
          0,           0,        1125,      -8.030915573,      -5.911347796,      -7.105379657,       -5.95834785,      -9.558442091
          0,           0,        1126,      -8.030876062,      -5.911513572,      -7.106087029,      -5.958476513,      -9.556733966
          0,           0,        1127,      -8.030835337,       -5.91167757,      -7.106794529,      -5.958602887,       -9.55502772
          0,           0,        1128,      -8.030793393,      -5.911839765,      -7.107502137,      -5.958726946,      -9.553323995
          0,           0,        1129,      -8.030750234,      -5.912000137,      -7.108209843,      -5.958848681,      -9.551622994
          0,           0,        1130,      -8.030705867,      -5.912158674,      -7.108917633,      -5.958968089,      -9.549925096
          0,           0,        1131,      -8.030660298,      -5.912315365,      -7.109625502,       -5.95908516,      -9.548230717
          0,           0,        1132,      -8.030613536,      -5.912470204,      -7.110333433,      -5.959199898,      -9.546540442
          0,           0,        1133,      -8.030565592,      -5.912623189,      -7.111041428,      -5.959312301,        -9.5448551
          0,           0,        1134,      -8.030516471,      -5.912774315,      -7.111749477,      -5.959422366,       -9.54317569
          0,           0,        1135,      -8.030466185,      -5.912923584,      -7.112457573,      -5.959530098,      -9.541502358
          0,           0,        1136,      -8.030414743,      -5.913070994,       -7.11316571,      -5.959635493,       -9.53982882
          0,           0,        1137,      -8.030362156,      -5.913216548,      -7.113873882,      -5.959738562,      -9.538147244
          0,           0,        1138,      -8.030308437,      -5.913360248,      -7.114582077,      -5.959839303,       -9.53647163
          0,           0,        1139,      -8.030253596,      -5.913502095,      -7.115290287,      -5.959937728,      -9.534810691
          0,           0,        1140,      -8.030197646,      -5.913642091,      -7.115998507,      -5.960033839,      -9.533171332
          0,           0,        1141,      -8.030140598,      -5.913780238,      -7.116706724,      -5.960127647,      -9.531559909
          0,           0,        1142,      -8.030082465,      -5.913916539,      -7.117414933,      -5.960219163,       -9.52996232
          0,           0,        1143,      -8.030023265,      -5.914050999,       -7.11812312,      -5.960308405,      -9.528341365
          0,           0,        1144,      -8.029963009,      -5.914183624,      -7.118831283,      -5.960395376,      -9.526714448
          0,           0,        1145,      -8.029901709,      -5.914314415,      -7.119539408,      -5.960480097,       -9.52510004
          0,           0,        1146,      -8.029839374,      -5.914443373,      -7.120247494,      -5.960562564,      -9.523495096
          0,           0,        1147,      -8.029776157,      -5.914570726,      -7.120955544,      -5.960643018,      -9.521896912
          0,           0,        1148,        -8.0297121,      -5.914696534,      -7.121663574,      -5.960721536,      -9.520315792
          0,           0,        1149,      -8.029647155,      -5.914820751,      -7.122371586,      -5.960798052,      -9.518768963
          0,           0,        1150,      -8.029581277,      -5.914943343,      -7.123079568,      -5.960872496,      -9.517276764
          0,           0,        1151,       -8.02951445,       -5.91506428,      -7.123787503,      -5.960944844,      -9.515827911
          0,           0,        1152,      -8.029446662,      -5.915183542,      -7.124495379,      -5.961015066,      -9.514314044
          0,           0,        1153,      -8.029377914,      -5.915301111,      -7.125203172,      -5.961083155,      -9.512757088
          0,           0,        1154,      -8.029308217,      -5.915416974,      -7.125910867,      -5.961149118,      -9.511190339
          0,           0,        1155,      -8.029237583,      -5.915531122,      -7.126618452,      -5.961212947,      -9.509621128
          0,           0,        1156,      -8.029166028,      -5.915643546,      -7.127325915,      -5.961274656,      -9.508054931
          0,           0,        1157,       -8.02909357,      -5.915754242,      -7.128033247,      -5.961334254,      -9.506497272
          0,           0,        1158,      -8.029020382,      -5.915863499,      -7.128740455,      -5.961392038,      -9.504948673
          0,           0,        1159,      -8.028946512,      -5.915971387,      -7.129447542,      -5.961448096,      -9.503392784
          0,           0,        1160,      -8.028871993,      -5.916078018,      -7.130154513,      -5.961502517,      -9.501823968
          0,           0,        1161,      -8.028796807,      -5.916183317,      -7.130861366,      -5.961555266,      -9.500239326
          0,           0,        1162,      -8.028720917,      -5.916287205,       -7.13156809,      -5.961606263,      -9.498651183
          0,           0,        1163,      -8.028644293,      -5.916389621,      -7.132274675,      -5.961655457,       -9.49706112
          0,           0,        1164,       -8.02856692,      -5.916490518,      -7.132981106,      -5.961702807,      -9.495471577
          0,           0,        1165,      -8.028488789,      -5.916589863,      -7.133687376,      -5.961748287,      -9.493879181
          0,           0,        1166,      -8.028409899,      -5.916687627,      -7.134393478,      -5.961791882,      -9.492286399
          0,           0,        1167,      -8.028330253,      -5.916783809,      -7.135099406,      -5.961833589,      -9.490692865
          0,           0,        1168,      -8.028249859,      -5.916878403,      -7.135805153,      -5.961873406,      -9.489109614
          0,           0,        1169,      -8.028168721,      -5.916971387,       -7.13651072,      -5.961911318,      -9.487538038
          0,           0,        1170,      -8.028086843,      -5.917062747,        -7.1372161,      -5.961947303,      -9.485967153
          0,           0,        1171,      -8.028004222,       -5.91715247,      -7.137921283,      -5.961981357,      -9.484396077
          0,           0,        1172,      -8.027920864,      -5.917240549,      -7.138626269,      -5.962013465,      -9.482825239
          0,           0,        1173,      -8.027836775,      -5.917326981,      -7.139331048,       -5.96204363,      -9.481259081
          0,           0,        1174,      -8.027751961,      -5.917411762,      -7.140035617,      -5.962071854,       -9.47970045
          0,           0,        1175,       -8.02766643,      -5.917494891,      -7.140739968,      -5.962098139,      -9.478144363
          0,           0,        1176,      -8.027580192,      -5.917576369,      -7.141444103,      -5.962122501,      -9.476586284
          0,           0,        1177,      -8.027493255,      -5.917656195,       -7.14214801,      -5.962144943,      -9.475027647
          0,           0,        1178,      -8.027405629,      -5.917734371,      -7.142851689,      -5.962165476,      -9.473469795
          0,           0,        1179,      -8.027317368,      -5.917811014,      -7.143555137,      -5.962184205,      -9.471914288
          0,           0,        1180,      -8.027228539,      -5.917886248,      -7.144258355,      -5.962201253,        -9.4703633
          0,           0,        1181,      -8.027139172,      -5.917960063,      -7.144961355,      -5.962216659,      -9.468820248
          0,           0,        1182,      -8.027049247,      -5.918032429,      -7.145664136,      -5.962230395,      -9.467290155
          0,           0,        1183,      -8.026958736,      -5.918103317,      -7.146366696,      -5.962242419,      -9.465774461
          0,           0,        1184,      -8.026867623,      -5.918172705,      -7.147069023,        -5.9622527,       -9.46425247
          0,           0,        1185,      -8.026775898,      -5.918240574,      -7.147771113,      -5.962261222,      -9.462732974
          0,           0,        1186,      -8.026683556,      -5.918306912,      -7.148472955,      -5.962267973,      -9.461225868
          0,           0,        1187,      -8.026590595,      -5.918371708,      -7.149174541,       -5.96227294,      -9.459733151
          0,           0,        1188,      -8.026497017,      -5.918434954,      -7.149875866,      -5.962276125,      -9.458269531
          0,           0,        1189,      -8.026402829,      -5.918496646,      -7.150576922,      -5.962277518,      -9.456857386
          0,           0,        1190,       -8.02630804,      -5.918556779,      -7.151277701,      -5.962277138,      -9.455517947
          0,           0,        1191,      -8.026212659,      -5.918615351,        -7.1519782,      -5.962274985,       -9.45417064
          0,           0,        1192,      -8.026116696,      -5.918672362,      -7.152678415,      -5.962271068,      -9.452803548
          0,           0,        1193,      -8.026020162,       -5.91872781,       -7.15337834,      -5.962265399,      -9.451429525
          0,           0,        1194,      -8.025923066,      -5.918781697,      -7.154077976,      -5.962257986,       -9.45000914
          0,           0,        1195,      -8.025825416,      -5.918834024,      -7.154777323,      -5.962248836,      -9.448573021
          0,           0,        1196,      -8.025727217,      -5.918884792,      -7.155476375,      -5.962237959,       -9.44713371
          0,           0,        1197,      -8.025628473,      -5.918934003,      -7.156175135,      -5.962225353,      -9.445700352
          0,           0,        1198,      -8.025529181,      -5.918981659,      -7.156873602,      -5.962211026,      -9.444282117
          0,           0,        1199,      -8.025429344,      -5.919027763,      -7.157571775,      -5.962194978,      -9.442859979
          0,           0,        1200,      -8.025328985,      -5.919072398,      -7.158269655,       -5.96217727,      -9.441431284
          0,           0,        1201,      -8.025228155,      -5.919115686,      -7.158967236,      -5.962158023,      -9.440012928
          0,           0,        1202,       -8.02512686,      -5.919157587,      -7.159664522,      -5.962137236,      -9.438596188
          0,           0,        1203,      -8.025025088,      -5.919198074,      -7.160361511,      -5.962114882,      -9.437174947
          0,           0,        1204,      -8.024922833,      -5.919237131,      -7.161058196,      -5.962090959,      -9.435751563
          0,           0,        1205,      -8.024820093,      -5.919274742,      -7.161754573,      -5.962065451,      -9.434327449
          0,           0,        1206,      -8.024716869,      -5.919310894,      -7.162450636,      -5.962038356,      -9.432903436
          0,           0,        1207,      -8.024613186,      -5.919345657,      -7.163146379,       -5.96200974,      -9.431480103
          0,           0,        1208,      -8.024509066,       -5.91937905,      -7.163841799,      -5.961979639,      -9.430056715
          0,           0,        1209,      -8.024404581,      -5.919411216,      -7.164536885,      -5.961948181,      -9.428632684
          0,           0,        1210,      -8.024299766,       -5.91944219,      -7.165231636,      -5.961915415,      -9.427208899
          0,           0,        1211,      -8.024194606,      -5.919471919,       -7.16592606,       -5.96188132,      -9.425784282
          0,           0,        1212,      -8.024089083,      -5.919500359,      -7.166620154,      -5.961845846,      -9.424351484
          0,           0,        1213,      -8.023983183,       -5.91952748,      -7.167313921,      -5.961808972,      -9.422918539
          0,           0,        1214,      -8.023876899,      -5.919553258,      -7.168007354,      -5.961770671,      -9.421485293
          0,           0,        1215,       -8.02377023,      -5.919577675,      -7.168700452,      -5.961730944,      -9.420051737
          0,           0,        1216,      -8.023663172,      -5.919600718,      -7.169393217,       -5.96168977,      -9.418618101
          0,           0,        1217,      -8.023555722,      -5.919622378,      -7.170085644,      -5.961647144,      -9.417184603
          0,           0,        1218,      -8.023447879,      -5.919642647,      -7.170777738,      -5.961603058,      -9.415751446
          0,           0,        1219,       -8.02333964,      -5.919661521,      -7.171469492,      -5.961557508,      -9.414318808
          0,           0,        1220,         -8.023231,      -5.919678997,      -7.172160907,       -5.96151048,      -9.412886849
          0,           0,        1221,       -8.02312196,      -5.919695072,       -7.17285198,      -5.961461975,      -9.411455731
          0,           0,        1222,      -8.023012519,      -5.919709747,       -7.17354271,      -5.961411994,      -9.410025639
          0,           0,        1223,      -8.022902676,      -5.919723021,      -7.174233094,      -5.961360532,      -9.408596814
          0,           0,        1224,      -8.022792434,      -5.919734899,      -7.174923129,      -5.961307602,      -9.407169606
          0,           0,        1225,      -8.022681797,       -5.91974542,      -7.175612812,      -5.961253236,      -9.405744595
          0,           0,        1226,      -8.022570775,      -5.919754572,      -7.176302141,      -5.961197443,      -9.404323617
          0,           0,        1227,       -8.02245937,      -5.919762346,      -7.176991106,      -5.961140208,      -9.402903831
          0,           0,        1228,      -8.022347583,      -5.919768735,      -7.177679715,      -5.961081538,      -9.401492674
          0,           0,        1229,       -8.02223541,      -5.919773739,      -7.178367965,      -5.961021433,      -9.400094676
          0,           0,        1230,      -8.022123029,      -5.919777618,      -7.179055876,      -5.960960174,      -9.398719017
          0,           0,        1231,       -8.02201048,       -5.91978044,      -7.179743464,      -5.960897844,      -9.397376627
          0,           0,        1232,      -8.021897716,      -5.919782157,      -7.180430733,       -5.96083438,      -9.396054888
          0,           0,        1233,      -8.021784687,      -5.919782732,       -7.18111768,      -5.960769716,      -9.394700679
          0,           0,        1234,      -8.021671358,      -5.919782133,      -7.181804299,      -5.960703802,       -9.39333204
          0,           0,        1235,      -8.021557706,      -5.919780333,      -7.182490581,      -5.960636612,      -9.391961129
          0,           0,        1236,      -8.021443721,      -5.919777311,       -7.18317652,      -5.960568125,      -9.390599325
          0,           0,        1237,      -8.021329397,       -5.91977305,      -7.183862103,      -5.960498337,      -9.389261675
          0,           0,        1238,      -8.021214733,      -5.919767535,      -7.184547325,      -5.960427239,      -9.387956662
          0,           0,        1239,      -8.021099734,      -5.919760755,      -7.185232178,      -5.960354838,      -9.386655827
          0,           0,        1240,      -8.020984406,        -5.9197527,      -7.185916656,      -5.960281137,      -9.385364958
          0,           0,        1241,      -8.020868757,      -5.919743364,      -7.186600758,      -5.960206138,      -9.384087474
          0,           0,        1242,      -8.020752793,      -5.919732741,      -7.187284483,      -5.960129841,      -9.382825116
          0,           0,        1243,      -8.020636527,      -5.919720845,      -7.187967829,      -5.960052272,      -9.381586217
          0,           0,        1244,       -8.02052011,      -5.919707937,      -7.188650806,      -5.959973678,      -9.380355455
          0,           0,        1245,      -8.020403576,      -5.919694016,      -7.189333431,      -5.959894107,      -9.379078525
          0,           0,        1246,      -8.020287019,      -5.919679411,      -7.190015694,      -5.959813817,      -9.377783131
          0,           0,        1247,      -8.020170464,      -5.919664122,      -7.190697598,      -5.959732865,      -9.376478208
          0,           0,        1248,      -8.020053871,      -5.919648042,      -7.191379144,      -5.959651171,      -9.375169357
          0,           0,        1249,      -8.019937183,      -5.919631087,      -7.192060329,      -5.959568649,      -9.373861935
          0,           0,        1250,      -8.019820355,       -5.91961319,      -7.192741155,      -5.959485225,      -9.372559462
          0,           0,        1251,      -8.019703357,      -5.919594299,      -7.193421618,      -5.959400855,      -9.371261687
          0,           0,        1252,       -8.01958617,      -5.919574372,      -7.194101716,      -5.959315496,        -9.3699517
          0,           0,        1253,      -8.019468777,      -5.919553377,      -7.194781456,      -5.959229121,      -9.368642143
          0,           0,        1254,       -8.01935117,      -5.919531287,      -7.195460836,      -5.959141705,      -9.367331879
          0,           0,        1255,      -8.019233337,      -5.919508081,      -7.196139857,      -5.959053225,       -9.36602008
          0,           0,        1256,      -8.019115274,      -5.919483741,       -7.19681852,      -5.958963662,       -9.36470661
          0,           0,        1257,      -8.018996975,      -5.919458256,      -7.197496814,      -5.958872999,      -9.363391743
          0,           0,        1258,      -8.018878438,      -5.919431615,      -7.198174742,      -5.958781217,      -9.362075883
          0,           0,        1259,      -8.018759664,       -5.91940381,      -7.198852294,      -5.958688322,      -9.360759511
          0,           0,        1260,      -8.018640661,      -5.919374877,      -7.199529465,      -5.958594341,      -9.359443164
          0,           0,        1261,      -8.018521456,      -5.919344899,      -7.200206243,      -5.958499354,      -9.358127752
          0,           0,        1262,      -8.018402056,      -5.919313839,      -7.200882627,      -5.958403355,      -9.356814882
          0,           0,        1263,      -8.018282457,       -5.91928167,      -7.201558614,      -5.958306324,      -9.355507643
          0,           0,        1264,      -8.018162645,      -5.919248374,      -7.202234214,      -5.958208241,      -9.354211633
          0,           0,        1265,      -8.018042607,      -5.919213937,      -7.202909428,      -5.958109089,      -9.352935774
          0,           0,        1266,      -8.017922332,      -5.919178351,      -7.203584267,      -5.958008858,      -9.351689889
          0,           0,        1267,      -8.017801813,      -5.919141611,       -7.20425874,      -5.957907541,      -9.350463026
          0,           0,        1268,      -8.017681134,      -5.919103922,      -7.204932857,      -5.957805297,      -9.349192148
          0,           0,        1269,      -8.017560314,      -5.919065298,      -7.205606629,      -5.957702176,      -9.347900174
          0,           0,        1270,      -8.017439344,      -5.919025704,      -7.206280063,      -5.957598153,      -9.346597656
          0,           0,        1271,      -8.017318211,      -5.918985108,      -7.206953161,      -5.957493201,      -9.345288025
          0,           0,        1272,      -8.017196907,      -5.918943489,      -7.207625919,      -5.957387313,       -9.34397278
          0,           0,        1273,      -8.017075423,       -5.91890083,      -7.208298327,      -5.957280464,      -9.342653351
          0,           0,        1274,      -8.016953757,      -5.918857115,      -7.208970381,       -5.95717266,      -9.341331787
          0,           0,        1275,      -8.016831906,      -5.918812336,      -7.209642073,       -5.95706389,      -9.340010839
          0,           0,        1276,      -8.016709877,      -5.918766492,      -7.210313398,      -5.956954161,      -9.338693572
          0,           0,        1277,      -8.016587703,      -5.918719616,      -7.210984352,      -5.956843523,      -9.337383321
          0,           0,        1278,      -8.016465373,      -5.918671695,      -7.211654937,      -5.956731964,      -9.336084385
          0,           0,        1279,      -8.016342863,      -5.918622721,      -7.212325151,      -5.956619451,      -9.334803853
          0,           0,        1280,      -8.016220153,      -5.918572686,       -7.21299499,      -5.956505955,      -9.333554876
          0,           0,        1281,      -8.016097226,      -5.918521585,      -7.213664455,      -5.956391459,      -9.332361949
          0,           0,        1282,       -8.01597407,      -5.918469415,      -7.214333552,      -5.956275945,      -9.331204452
          0,           0,        1283,      -8.015850676,      -5.918416172,      -7.215002281,      -5.956159408,      -9.330060897
          0,           0,        1284,      -8.015727047,      -5.918361856,      -7.215670643,      -5.956041854,      -9.328937553
          0,           0,        1285,      -8.015603183,      -5.918306465,       -7.21633864,      -5.955923294,      -9.327822292
          0,           0,        1286,      -8.015479094,      -5.918250017,      -7.217006271,       -5.95580375,      -9.326680887
          0,           0,        1287,      -8.015354794,      -5.918192545,      -7.217673537,      -5.955683277,      -9.325529519
          0,           0,        1288,      -8.015230296,      -5.918134032,      -7.218340432,      -5.955561874,      -9.324377907
          0,           0,        1289,      -8.015105669,      -5.918074618,      -7.219006958,      -5.955439665,      -9.323233893
          0,           0,        1290,      -8.014980962,      -5.918014371,       -7.21967311,      -5.955316741,      -9.322090253
          0,           0,        1291,      -8.014856175,      -5.917953246,       -7.22033889,      -5.955193092,      -9.320932328
          0,           0,        1292,      -8.014731284,      -5.917891208,      -7.221004297,      -5.955068682,      -9.319770626
          0,           0,        1293,       -8.01460627,       -5.91782823,      -7.221669334,      -5.954943485,      -9.318608034
          0,           0,        1294,      -8.014481117,      -5.917764293,      -7.222334002,      -5.954817474,      -9.317444731
          0,           0,        1295,      -8.014355815,      -5.917699381,      -7.222998307,      -5.954690633,      -9.316281367
          0,           0,        1296,      -8.014230354,      -5.917633484,      -7.223662247,      -5.954562944,      -9.315118443
          0,           0,        1297,      -8.014104782,      -5.917566768,      -7.224325818,      -5.954434552,      -9.313956864
          0,           0,        1298,      -8.013979123,      -5.917499237,      -7.224989011,      -5.954305488,      -9.312797337
          0,           0,        1299,      -8.013853367,      -5.917430846,      -7.225651814,      -5.954175722,      -9.311640694
          0,           0,        1300,      -8.013727491,       -5.91736156,      -7.226314201,      -5.954045209,      -9.310486672
          0,           0,        1301,      -8.013601547,      -5.917291529,      -7.226976133,      -5.953914047,      -9.309303989
          0,           0,        1302,      -8.013475557,       -5.91722076,      -7.227637542,      -5.953782268,       -9.30811444
          0,           0,        1303,      -8.013349504,      -5.917149191,      -7.228298284,      -5.953649846,      -9.306922832
          0,           0,        1304,      -8.013223356,      -5.917076709,      -7.228957955,       -5.95351674,      -9.305729381
          0,           0,        1305,      -8.013097067,      -5.917002934,      -7.229615088,      -5.953382887,      -9.304533727
          0,           0,        1306,      -8.012970539,      -5.916925389,      -7.230261084,      -5.953248179,      -9.303334388
          0,           0,        1307,      -8.012843401,      -5.916810435,      -7.230786656,      -5.953112285,      -9.302124085
          0,           0,        1308,      -8.012712873,      -5.910668723,      -7.212182082,      -5.952959435,      -9.300840249
          0,           0,        1309,      -8.012314409,      -5.900918725,      -7.179012448,      -5.952389057,      -9.297810125
          0,           0,        1310,      -8.011912862,      -5.854669227,      -7.066330624,      -5.951745058,      -9.298409961
          0,           0,        1311,      -8.010471353,      -5.897442184,       -7.16370406,       -5.95051678,      -9.294681255
          0,           0,        1312,      -8.011579229,       -5.76398784,      -6.907542295,      -5.950845206,      -9.295960742
          0,           0,        1313,      -7.994321161,      -5.880005087,       -7.10171941,      -5.933724899,      -9.293709458
          0,           0,        1314,      -8.006637496,      -5.875342209,      -7.118709624,      -5.947141856,      -9.293001251
          0,           0,        1315,      -8.009339967,       -5.88671125,      -7.141509166,      -5.949338115,      -9.290870036
          0,           0,        1316,      -8.009485648,      -5.546866981,      -6.631200747,       -5.94593562,      -9.290296259
          0,           0,        1317,      -7.855523722,      -5.699938473,      -6.832639801,      -5.762741631,      -9.290049359
          0,           0,        1318,      -7.960917055,      -5.847880465,      -7.000822827,       -5.89616478,      -9.286582008
          0,           0,        1319,      -7.985674917,      -5.691661686,      -6.815539437,        -5.9292804,      -9.287612475
          0,           0,        1320,      -7.978488727,      -5.887405857,      -7.108588625,      -5.926146735,      -9.283332007
          0,           0,        1321,      -7.985321981,      -4.736661967,      -5.814782489,      -5.558917922,       -9.28516793
          0,           0,        1322,      -7.604563353,      -5.605228829,      -6.633695132,      -5.557569412,      -9.284094478
          0,           0,        1323,      -7.762455495,       -5.72297176,      -6.827637483,       -5.70802379,      -9.280816708
          0,           0,        1324,      -7.893562778,      -5.763788829,      -6.877988856,      -5.838310035,      -9.281672932
          0,           0,        1325,      -7.911369728,      -5.845264255,      -7.065604347,      -5.857572097,      -9.280043428
          0,           0,        1326,      -7.943329678,       -5.85113791,      -7.091839892,      -5.889311532,      -9.278986568
          0,           0,        1327,      -7.954213518,      -5.887167224,      -7.141008474,      -5.899026996,      -9.277416767
          0,           0,        1328,      -7.965326153,      -5.871452301,      -7.123800819,       -5.90775377,      -9.276503186
          0,           0,        1329,      -7.972488542,      -5.901391934,      -7.176071195,      -5.913958037,      -9.274751383
          0,           0,        1330,      -7.979081653,      -5.844973231,       -7.05848616,      -5.919507636,      -9.273947445
          0,           0,        1331,      -7.984571417,       -5.90193869,      -7.176217671,      -5.925103579,      -9.272124108
          0,           0,        1332,      -7.988164565,      -5.578448957,       -6.65354052,      -5.924787111,      -9.271487712
          0,           0,        1333,       -7.71142136,      -5.480504899,      -6.572515607,      -5.665141591,      -9.271457773
          0,           0,        1334,      -7.830511992,       -5.73716792,      -6.851573493,      -5.783592841,      -9.268168577
          0,           0,        1335,      -7.913989219,      -4.630037179,      -5.684179221,      -5.640377867,      -9.269280516
          0,           0,        1336,      -7.661404787,      -5.784676727,      -6.765353618,      -5.605956923,      -9.267007226
          0,           0,        1337,      -7.772586509,      -5.300233452,        -6.3976368,      -5.713988796,      -9.266314271
          0,           0,        1338,      -7.812662056,      -5.835829364,      -6.979526241,      -5.755304598,      -9.265466879
          0,           0,        1339,      -7.875541916,      -5.840082842,      -7.026701425,      -5.819639636,      -9.263896634
          0,           0,        1340,      -7.916791013,      -5.873818436,      -7.021409214,      -5.859252688,      -9.263048983
          0,           0,        1341,      -7.950056901,      -5.825100907,      -7.000566305,      -5.891504877,      -9.261335934
          0,           0,        1342,      -7.961321381,      -5.834600851,      -7.013653717,      -5.901962303,      -9.260556555
          0,           0,        1343,      -7.963630042,      -4.583971005,      -5.626595942,      -5.775399581,      -9.260861709
          0,           0,        1344,      -7.659214323,      -5.708057666,      -6.623162854,      -5.610991256,       -9.25954574
          0,           0,        1345,      -7.747764297,       -5.74331293,       -6.77367645,      -5.692019556,      -9.257209413
          0,           0,        1346,      -7.881481235,      -5.753935524,      -6.819051342,      -5.823114776,      -9.257406186
          0,           0,        1347,      -7.917245393,      -5.869574938,      -7.099872914,      -5.861016373,      -9.256701388
          0,           0,        1348,      -7.942909511,      -5.856532279,      -7.101781111,      -5.888785385,      -9.255138507
          0,           0,        1349,      -7.955356818,      -5.895871714,      -7.194253083,      -5.900137293,      -9.254622928
          0,           0,        1350,      -7.969934208,       -5.87718916,      -7.150490656,      -5.914127446,      -9.253104973
          0,           0,        1351,      -7.979220819,      -5.904517681,      -7.216176663,      -5.921659136,      -9.252570786
          0,           0,        1352,      -7.985692775,      -5.886859597,      -7.176449906,      -5.927633125,      -9.251079968
          0,           0,        1353,      -7.989751877,      -5.906580942,      -7.221991021,      -5.931027174,      -9.250513573
          0,           0,        1354,      -7.993064646,      -5.890624762,      -7.184714025,      -5.934290455,      -9.249058346
          0,           0,        1355,      -7.995778218,      -5.906032964,      -7.221668502,      -5.936685749,      -9.248469627
          0,           0,        1356,      -7.998074716,      -5.891191092,      -7.185607065,      -5.938929671,      -9.247038949
          0,           0,        1357,      -7.999792145,      -5.904177455,      -7.217586898,      -5.940214086,      -9.246391464
          0,           0,        1358,      -8.001173673,      -5.892996293,      -7.191806798,       -5.94137697,       -9.24492349
          0,           0,        1359,      -8.001804896,      -5.902216019,      -7.214146708,      -5.941451149,      -9.244257487
          0,           0,        1360,      -8.002130332,      -5.894960981,      -7.198808142,      -5.941541388,      -9.242785213
          0,           0,        1361,      -8.002006544,      -5.900614558,      -7.212524738,      -5.940938784,      -9.242108154
          0,           0,        1362,      -8.001899897,      -5.895954458,      -7.202940019,      -5.940736081,      -9.240631221
          0,           0,        1363,      -8.001653188,      -5.899241762,      -7.210817356,      -5.940189444,      -9.239946048
          0,           0,        1364,      -8.001561665,      -5.896650985,       -7.20574311,      -5.940172523,      -9.238465139
          0,           0,        1365,      -8.001355617,      -5.898086206,      -7.208730442,       -5.93982658,      -9.237775364
          0,           0,        1366,      -8.001197225,      -5.897081851,      -7.207525786,      -5.939848277,       -9.23628938
          0,           0,        1367,      -8.000927472,      -5.897088334,      -7.206784757,      -5.939530423,      -9.235598812
          0,           0,        1368,      -8.000632847,       -5.89738606,      -7.209286327,      -5.939437248,      -9.234104005
          0,           0,        1369,      -8.000339138,      -5.896201137,      -7.205506964,      -5.939110483,      -9.233419236
          0,           0,        1370,      -8.000039897,      -5.897624108,      -7.211391832,      -5.938973877,      -9.231907348
          0,           0,        1371,      -7.999891352,      -5.895346295,      -7.204765971,      -5.938758713,      -9.231241913
          0,           0,        1372,      -7.999775373,      -5.897830384,      -7.213755816,      -5.938746041,      -9.229692179
          0,           0,        1373,      -7.999910093,      -5.894303501,      -7.203591978,      -5.938769815,      -9.229070567
          0,           0,        1374,      -8.000044987,      -5.897915556,      -7.215781413,      -5.938956829,      -9.227404379
          0,           0,        1375,      -8.000442822,      -5.891787256,      -7.197583676,      -5.939211793,      -9.226905032
          0,           0,        1376,      -8.000673544,      -5.897418681,      -7.215582699,      -5.939458285,      -9.225066065
          0,           0,        1377,      -8.001166701,      -5.883308231,      -7.173459741,      -5.939790689,      -9.224771486
          0,           0,        1378,      -8.001104066,      -5.895894759,      -7.210925359,      -5.939717633,      -9.222697287
          0,           0,        1379,      -8.001584464,      -5.817169989,      -7.018703534,      -5.939862892,       -9.22264956
          0,           0,        1380,      -7.999096554,      -5.889286067,      -7.180101126,      -5.937477795,      -9.220271316
          0,           0,        1381,       -8.00089228,      -5.761383438,      -6.916496165,      -5.938079535,      -9.220534348
          0,           0,        1382,      -7.986516507,      -5.869652455,      -7.109072279,      -5.924449761,      -9.219440507
          0,           0,        1383,      -7.996799315,      -5.896318596,      -7.224507351,      -5.935466276,      -9.218100652
          0,           0,        1384,      -7.999189712,      -5.880315492,      -7.170225312,      -5.937408685,      -9.217358866
          0,           0,        1385,      -7.998459536,      -5.896049969,      -7.222508397,      -5.936467906,      -9.215856319
          0,           0,        1386,      -7.998797926,      -5.876581616,      -7.168175809,      -5.936798292,      -9.215325796
          0,           0,        1387,      -7.997437557,      -5.894062483,      -7.216253156,      -5.935165836,      -9.213665952
          0,           0,        1388,      -7.998014624,      -5.830023223,      -7.057223822,       -5.93572389,      -9.213415854
          0,           0,        1389,      -7.995671225,      -5.888714306,      -7.191528399,      -5.933266978,      -9.211473884
          0,           0,        1390,      -7.997739068,       -5.66110814,      -6.777122947,      -5.933172194,      -9.211507588
          0,           0,        1391,      -7.954167367,       -5.78800724,      -6.948494342,      -5.887196194,      -9.210731512
          0,           0,        1392,      -7.985205377,      -5.886850382,      -7.184793047,      -5.924502899,      -9.209094199
          0,           0,        1393,      -7.993718516,      -5.823584833,      -7.051321162,      -5.932063891,      -9.208819295
          0,           0,        1394,      -7.993696066,      -5.897898859,      -7.229190015,      -5.932147502,      -9.206956134
          0,           0,        1395,       -7.99630984,      -5.778122082,      -6.976213497,      -5.935105373,      -9.206893062
          0,           0,        1396,      -7.990755424,      -5.895004107,      -7.216101353,      -5.928911266,      -9.204743711
          0,           0,        1397,      -7.996567708,        -5.6636634,      -6.785322398,      -5.930484503,       -9.20495667
          0,           0,        1398,       -7.96510516,      -5.784316663,      -6.953115696,      -5.897409504,       -9.20394386
          0,           0,        1399,      -7.991014523,      -5.881328761,      -7.183525475,      -5.929672657,      -9.202558549
          0,           0,        1400,      -7.997256583,      -5.822325485,      -7.059119202,      -5.935439423,      -9.202013934
          0,           0,        1401,      -7.995106672,       -5.89261203,      -7.224185542,      -5.933524083,      -9.200420209
          0,           0,        1402,      -7.997706208,      -5.791506155,      -7.006499551,      -5.936277723,      -9.200077437
          0,           0,        1403,      -7.992586686,      -5.890923655,      -7.213686883,      -5.930421215,      -9.198213634
          0,           0,        1404,      -7.996693569,      -5.477064699,      -6.568234211,      -5.924125624,      -9.198132781
          0,           0,        1405,      -7.793142688,      -5.626288474,      -6.775611736,       -5.67808695,      -9.197318461
          0,           0,        1406,      -7.931030563,      -5.800794456,      -6.939311451,      -5.857548795,      -9.195570154
          0,           0,        1407,      -7.959643506,      -5.683201596,      -6.822212548,      -5.901061279,      -9.195376431
          0,           0,        1408,      -7.953213662,      -5.869694695,       -7.11938943,      -5.903982798,      -9.193358314
          0,           0,        1409,      -7.962515183,      -5.507552504,      -6.610436224,      -5.855637636,      -9.193423611
          0,           0,        1410,      -7.234985781,      -5.050065934,      -5.767953347,      -5.104288373,      -9.192399677
          0,           0,        1411,      -6.990849361,      -5.290554881,      -6.203839178,      -4.915202667,      -9.190900287
          0,           0,        1412,      -7.361690892,      -5.213867304,      -6.238657682,      -5.211328332,      -9.190463622
          0,           0,        1413,      -7.536417953,      -5.489397484,       -6.42849782,      -5.490718416,      -9.188728045
          0,           0,        1414,      -7.490956108,       -4.69622634,      -5.843516717,      -5.055063311,      -9.188533731
          0,           0,        1415,      -7.461312521,      -5.568278844,      -6.615474909,      -5.415261761,      -9.187637676
          0,           0,        1416,      -7.519886042,      -5.666560997,      -6.746908896,       -5.48013217,      -9.186685609
          0,           0,        1417,      -7.598575244,      -5.695991324,      -6.766499722,      -5.541930764,      -9.185729713
          0,           0,        1418,      -7.665555423,      -5.742132207,      -6.796370304,      -5.616691682,       -9.18478231
          0,           0,        1419,       -7.73131517,      -5.766090528,      -6.825537304,      -5.677095141,      -9.183832402
          0,           0,        1420,      -7.766709868,      -5.787196637,      -6.859755681,      -5.718641926,      -9.182889189
          0,           0,        1421,      -7.791522688,      -5.807746999,      -6.906714493,      -5.741782222,       -9.18193573
          0,           0,        1422,      -7.820235589,      -5.817611806,      -6.938192971,      -5.768785058,      -9.181000148
          0,           0,        1423,      -7.840391448,      -5.833344461,      -6.969769132,      -5.789569925,      -9.180057839
          0,           0,        1424,      -7.869093609,      -5.838718902,      -7.005801455,      -5.812293228,       -9.17911985
          0,           0,        1425,      -7.881905848,      -5.849503614,      -7.021103379,      -5.827643473,      -9.178175881
          0,           0,        1426,      -7.896534042,      -5.853295475,      -7.059736028,       -5.83606323,      -9.177235979
          0,           0,        1427,      -7.903587566,      -5.859874852,      -7.062996459,       -5.84585818,       -9.17629066
          0,           0,        1428,       -7.91236749,      -5.863249357,      -7.092641301,      -5.850071851,      -9.175349282
          0,           0,        1429,      -7.921474815,      -5.866614589,      -7.088101193,      -5.861420453,      -9.174403133
          0,           0,        1430,      -7.931024569,      -5.870006989,      -7.108177282,      -5.867932823,      -9.173461556
          0,           0,        1431,       -7.94032275,      -5.871075558,      -7.100526317,      -5.879513906,      -9.172517285
          0,           0,        1432,      -7.948032659,      -5.874610171,      -7.118657108,      -5.885281574,      -9.171579724
          0,           0,        1433,      -7.952798502,      -5.874092107,      -7.110524511,      -5.892727712,      -9.170641093
          0,           0,        1434,      -7.956432155,      -5.877757979,      -7.132305898,      -5.894891941,      -9.169704882
          0,           0,        1435,      -7.957424532,      -5.876153546,      -7.122810383,      -5.898370454,      -9.168766108
          0,           0,        1436,      -7.959414515,      -5.879889284,      -7.146879164,      -5.898588415,      -9.167826878
          0,           0,        1437,      -7.960028741,      -5.877539636,      -7.133103029,      -5.900802681,      -9.166882401
          0,           0,        1438,      -7.962066982,      -5.881280784,      -7.154953537,      -5.900537112,      -9.165940741
          0,           0,        1439,      -7.962923908,      -5.878427645,      -7.136366082,      -5.902163937,      -9.164996162
          0,           0,        1440,      -7.964677156,      -5.882131139,      -7.154012053,      -5.901487004,      -9.164054766
          0,           0,        1441,      -7.965464676,       -5.87895624,      -7.133119992,      -5.902779054,       -9.16311089
          0,           0,        1442,        -7.9670532,      -5.882602736,      -7.148253633,      -5.902328605,      -9.162170226
          0,           0,        1443,      -7.967849258,      -5.879246206,      -7.128600612,      -5.903868761,      -9.161227584
          0,           0,        1444,      -7.969187007,      -5.882831913,      -7.144804269,      -5.903823659,      -9.160288505
          0,           0,        1445,      -7.969397268,      -5.879398827,      -7.128997393,      -5.905206339,      -9.159339278
          0,           0,        1446,      -7.969800736,      -5.882921715,       -7.14876262,      -5.904842542,      -9.158393189
          0,           0,        1447,      -7.969081998,      -5.879483746,      -7.136677965,      -5.905553036,       -9.15744911
          0,           0,        1448,      -7.968871427,      -5.882927883,      -7.159179537,      -5.904872406,      -9.156515985
          0,           0,        1449,       -7.96824976,      -5.879536181,      -7.147890809,      -5.905558385,      -9.155597005
          0,           0,        1450,      -7.968748858,      -5.882869156,      -7.169483985,      -5.905512286,      -9.154711932
          0,           0,        1451,      -7.969384736,      -5.879522409,      -7.155671336,      -5.907064429,      -9.153836298
          0,           0,        1452,      -7.971182759,      -5.882744321,      -7.173389846,      -5.908066426,      -9.152960944
          0,           0,        1453,      -7.972881593,      -5.879441572,       -7.15677451,      -5.910283702,      -9.152083119
          0,           0,        1454,      -7.975123433,      -5.882540756,      -7.171213894,      -5.911544632,       -9.15121032
          0,           0,        1455,      -7.976577659,      -5.879295706,      -7.154548809,      -5.913305228,       -9.15034027
          0,           0,        1456,      -7.977936857,      -5.882281078,      -7.168758722,      -5.913692553,      -9.149478076
          0,           0,        1457,      -7.978106914,      -5.879108557,      -7.154584025,      -5.914167556,      -9.148615177
          0,           0,        1458,      -7.978103677,      -5.881991101,      -7.170726923,      -5.913349628,      -9.147756116
          0,           0,        1459,      -7.977129591,      -5.878903192,      -7.159205758,      -5.912769064,      -9.146892545
          0,           0,        1460,      -7.976420009,      -5.881690342,      -7.176936956,      -5.911411661,      -9.146030253
          0,           0,        1461,      -7.975282313,      -5.878689199,      -7.166076477,        -5.9107168,      -9.145163869
          0,           0,        1462,      -7.974897351,      -5.881380064,      -7.183118995,       -5.90977214,      -9.144299081
          0,           0,        1463,      -7.974482179,      -5.878460892,      -7.170620198,      -5.909772993,      -9.143430581
          0,           0,        1464,      -7.974985055,      -5.881051938,      -7.184897824,      -5.909731589,      -9.142563957
          0,           0,        1465,      -7.975481151,      -5.878210688,      -7.170335854,       -5.91057606,      -9.141694023
          0,           0,        1466,      -7.976680488,      -5.880702777,      -7.181969635,      -5.911224408,      -9.140826236
          0,           0,        1467,      -7.977611107,      -5.877941562,      -7.167158426,      -5.912441089,      -9.139955537
          0,           0,        1468,       -7.97886697,       -5.88034226,      -7.178146414,      -5.913158628,      -9.139087301
          0,           0,        1469,      -7.979595052,      -5.877667857,      -7.165276473,      -5.914136864,      -9.138216842
          0,           0,        1470,      -7.980411058,      -5.879987067,      -7.177443139,      -5.914455984,      -9.137349793
          0,           0,        1471,      -7.980683634,      -5.877404396,      -7.167255032,      -5.914962911,       -9.13648251
          0,           0,        1472,      -7.981079745,      -5.879647591,      -7.180823421,      -5.914917831,      -9.135622161
          0,           0,        1473,      -7.981140263,      -5.877154814,      -7.172328708,      -5.915203813,      -9.134768936
          0,           0,        1474,       -7.98149746,       -5.87932083,      -7.186061731,      -5.915175157,      -9.133934628
          0,           0,        1475,      -7.981727461,      -5.876910489,      -7.177608349,       -5.91562556,      -9.133113954
          0,           0,        1476,      -7.982342171,      -5.878995179,      -7.190112744,      -5.915905287,      -9.132295118
          0,           0,        1477,      -7.982860006,      -5.876659703,       -7.18084569,      -5.916644412,      -9.131473907
          0,           0,        1478,      -7.983677282,      -5.878661254,      -7.191862698,      -5.917170592,      -9.130654904
          0,           0,        1479,      -7.984261327,      -5.876396909,      -7.182258224,      -5.917977041,      -9.129832737
          0,           0,        1480,      -7.984974521,      -5.878318104,       -7.19266941,      -5.918427243,      -9.129012857
          0,           0,        1481,      -7.985299934,      -5.876125056,      -7.183697014,      -5.918963054,      -9.128191115
          0,           0,        1482,      -7.985648578,      -5.877971246,       -7.19441329,      -5.919052667,      -9.127371378
          0,           0,        1483,      -7.985572718,      -5.875850184,      -7.186418514,      -5.919154809,      -9.126549982
          0,           0,        1484,       -7.98555111,      -5.877625713,      -7.197471133,      -5.918857846,      -9.125730622
          0,           0,        1485,      -7.985203605,      -5.875575139,      -7.189888617,      -5.918643563,      -9.124909831
          0,           0,        1486,      -7.985029523,       -5.87728195,      -7.200489595,      -5.918173653,      -9.124091141
          0,           0,        1487,      -7.984676673,      -5.875298526,      -7.192462065,      -5.917913415,      -9.123271324
          0,           0,        1488,      -7.984600044,      -5.876937959,      -7.201814084,      -5.917532738,        -9.1224543
          0,           0,        1489,      -7.984442034,      -5.875019295,      -7.193046505,      -5.917442961,      -9.121637017
          0,           0,        1490,      -7.984577699,      -5.876594335,      -7.201092203,      -5.917285052,      -9.120822905
          0,           0,        1491,       -7.98464313,      -5.874739954,      -7.192112288,      -5.917411419,       -9.12000948
          0,           0,        1492,      -7.984940329,      -5.876255762,      -7.199514184,      -5.917440092,      -9.119199235
          0,           0,        1493,      -7.985125568,      -5.874467052,      -7.191153867,      -5.917689091,      -9.118373393
          0,           0,        1494,      -7.985458476,      -5.875929824,      -7.198649631,      -5.917783778,      -9.117546165
          0,           0,        1495,      -7.985644139,      -5.874208037,      -7.191368853,      -5.918036762,      -9.116718325
          0,           0,        1496,      -7.985925289,      -5.875622854,      -7.199217219,      -5.918105747,      -9.115892661
          0,           0,        1497,      -7.986063292,      -5.873967392,      -7.192870756,      -5.918307982,      -9.115066373
          0,           0,        1498,      -7.986287667,      -5.875337098,      -7.200806484,      -5.918336072,      -9.114238527
          0,           0,        1499,      -7.986399178,       -5.87374442,      -7.194905275,      -5.918499302,      -9.113408203
          0,           0,        1500,      -7.986602633,       -5.87506562,      -7.202491445,      -5.918510602,      -9.112578538
          0,           0,        1501,      -7.986713434,      -5.873513303,      -7.196626319,      -5.918650651,      -9.111747582
          0,           0,        1502,      -7.986900228,      -5.874706649,      -7.203598793,      -5.918632422,      -9.110917713
          0,           0,        1503,      -7.986958348,      -5.872765341,      -7.197509411,      -5.918658198,      -9.110086642
          0,           0,        1504,       -7.98687124,      -5.868572213,      -7.201560701,        -5.9180818,      -9.109255525
          0,           0,        1505,       -7.98391359,      -5.797390347,      -7.126413881,       -5.91642709,      -9.108427528
          0,           0,        1506,      -7.939426428,      -5.829041528,      -7.131439324,      -5.876062834,      -9.095047409
          0,           0,        1507,      -7.955798281,      -5.858518164,      -7.172110161,      -5.889364923,      -9.098924103
          0,           0,        1508,      -7.975093944,      -5.852377869,      -7.158696591,      -5.908408614,      -9.100714749
          0,           0,        1509,      -7.964781578,      -5.871388881,      -7.188276031,        -5.8982756,      -9.095586612
          0,           0,        1510,      -7.979485788,      -5.872783249,       -7.19840714,      -5.911310862,      -9.095180595
          0,           0,        1511,       -7.98267918,      -5.787841114,      -7.114559396,      -5.914268271,      -9.094748738
          0,           0,        1512,      -7.920172972,      -5.862613136,      -7.115697838,      -5.857222782,      -9.094295304
          0,           0,        1513,      -7.971207768,       -5.86813889,      -7.173896792,      -5.904392844,      -9.093488379
          0,           0,        1514,      -7.973296303,      -5.870352736,      -7.197548497,       -5.90596061,      -9.092979764
          0,           0,        1515,      -7.978258792,      -5.869516487,      -7.194688198,       -5.91038522,      -9.092482671
          0,           0,        1516,      -7.980812833,      -5.862389818,      -7.197475241,      -5.912099434,      -9.091972718
          0,           0,        1517,      -7.978472393,      -5.849823515,      -7.172690901,      -5.911453561,      -9.091450556
          0,           0,        1518,       -7.97368941,      -5.870442693,      -7.199485057,      -5.905686404,      -9.087307635
          0,           0,        1519,      -7.979446079,      -5.869870265,      -7.195379232,       -5.91107182,      -9.088001464
          0,           0,        1520,      -7.982352262,      -5.870880339,      -7.201835179,      -5.913473789,      -9.087573566
          0,           0,        1521,      -7.982683775,      -5.869598553,      -7.197722167,      -5.913728103,      -9.087123353
          0,           0,        1522,      -7.982424152,      -5.869184305,      -7.201226789,      -5.913272873,       -9.08666103
          0,           0,        1523,      -7.981611899,      -5.869446618,      -7.197974022,      -5.912546097,      -9.083923025
          0,           0,        1524,      -7.981930235,      -5.870140092,      -7.202262238,      -5.912680856,      -9.083698618
          0,           0,        1525,       -7.98188139,      -5.868852937,      -7.197164958,      -5.912671487,      -9.083351829
          0,           0,        1526,      -7.982248498,      -5.869870458,      -7.202236098,      -5.912850795,      -9.083173359
          0,           0,        1527,      -7.982138787,      -5.868746009,      -7.198445222,      -5.912758248,      -9.082902736
          0,           0,        1528,      -7.982370712,      -5.868412204,      -7.202112026,      -5.912802636,      -9.082573962
          0,           0,        1529,      -7.981803996,      -5.804423059,      -7.151995364,      -5.911471792,      -9.082192615
          0,           0,        1530,      -7.937879447,      -5.841424103,      -7.092976697,      -5.873307761,      -9.081777641
          0,           0,        1531,      -7.958255517,        -5.8397385,      -7.134215092,      -5.891508311,      -9.081183444
          0,           0,        1532,      -7.946610613,      -5.867454029,      -7.180859504,      -5.880558137,      -9.080705889
          0,           0,        1533,      -7.976809585,      -5.857379145,      -7.183022521,      -5.907302965,      -9.080236882
          0,           0,        1534,      -7.976104145,      -5.814102717,      -7.110599836,      -5.907915565,      -9.079764526
          0,           0,        1535,      -7.925572643,      -5.865836381,      -7.155325156,      -5.861181718,       -9.07938171
          0,           0,        1536,      -7.974265573,      -5.867143525,      -7.184413548,      -5.904931679,      -9.078866238
          0,           0,        1537,      -7.976575972,      -5.866509952,      -7.194664391,      -5.907155699,      -9.078340998
          0,           0,        1538,      -7.977198346,      -5.867241871,      -7.199696017,      -5.907779588,      -9.077784143
          0,           0,        1539,      -7.977866341,      -5.866444496,      -7.196485354,      -5.908357277,      -9.077198826
          0,           0,        1540,       -7.97857619,      -5.867078284,      -7.199392323,      -5.908929565,      -9.076599065
          0,           0,        1541,      -7.979067935,      -5.866250613,      -7.196115104,      -5.909390978,      -9.075988336
          0,           0,        1542,      -7.979339574,      -5.866832503,      -7.198948817,      -5.909592517,        -9.0753678
          0,           0,        1543,      -7.979444112,      -5.866013734,      -7.195786262,      -5.909656216,      -9.074737383
          0,           0,        1544,      -7.979487801,      -5.866573697,      -7.198513683,      -5.909583531,      -9.074099201
          0,           0,        1545,      -7.979495917,      -5.865722036,      -7.195289365,      -5.909507841,      -9.073453323
          0,           0,        1546,      -7.979505321,      -5.830144112,       -7.17967357,      -5.908544167,      -9.072808821
          0,           0,        1547,      -7.961692712,      -5.863789351,      -7.177797721,      -5.893988516,      -9.064682023
          0,           0,        1548,       -7.97548655,      -5.865109231,      -7.192424753,      -5.905858375,      -9.069745443
          0,           0,        1549,      -7.977422968,      -5.864652531,       -7.19282304,       -5.90725528,      -9.069656216
          0,           0,        1550,      -7.978077683,      -5.865305649,      -7.195676415,       -5.90773693,      -9.069115891
          0,           0,        1551,      -7.978425075,      -5.864653759,      -7.193212612,      -5.907976297,      -9.068591455
          0,           0,        1552,      -7.978547714,      -5.865178069,       -7.19579551,      -5.908010612,      -9.068036398
          0,           0,        1553,      -7.978483579,      -5.864475196,      -7.193267116,      -5.907914074,      -9.067459189
          0,           0,        1554,      -7.978295781,      -5.864945048,      -7.195726559,      -5.907665854,      -9.066869918
          0,           0,        1555,      -7.978075107,      -5.864245206,      -7.193216465,      -5.907411814,      -9.066270276
          0,           0,        1556,      -7.977893391,      -5.862978083,      -7.194123308,      -5.907149195,      -9.065660765
          0,           0,        1557,      -7.977016021,      -5.863064996,      -7.191116093,      -5.906205321,      -9.065043932
          0,           0,        1558,      -7.976696629,      -5.864241216,      -7.195230381,      -5.905934851,      -9.063529528
          0,           0,        1559,      -7.976828536,      -5.863550311,      -7.192710552,      -5.905997045,      -9.063019761
          0,           0,        1560,      -7.976988726,      -5.863946702,      -7.194854383,      -5.906066289,      -9.062506967
          0,           0,        1561,      -7.976997402,      -5.863280759,      -7.192258831,      -5.906019629,      -9.061943227
          0,           0,        1562,      -7.976898072,       -5.86366361,      -7.194176103,      -5.905850077,      -9.061363013
          0,           0,        1563,      -7.976759715,      -5.863007262,      -7.191553022,      -5.905685493,        -9.0607785
          0,           0,        1564,       -7.97668789,      -5.863378543,      -7.193410457,      -5.905559548,      -9.060184467
          0,           0,        1565,      -7.976660481,      -5.862744277,      -7.190840257,      -5.905507997,       -9.05957781
          0,           0,        1566,      -7.976685153,      -5.863044161,      -7.192601803,      -5.905474509,      -9.058960802
          0,           0,        1567,      -7.976706257,      -5.834356084,      -7.176605417,      -5.904973638,      -9.058340259
          0,           0,        1568,      -7.962383379,      -5.861501275,      -7.179031883,      -5.893180043,       -9.04974192
          0,           0,        1569,      -7.973524058,      -5.861273501,       -7.18589822,      -5.902764817,       -9.04954333
          0,           0,        1570,      -7.975133645,       -5.86044894,      -7.188893273,      -5.903898432,      -9.049510218
          0,           0,        1571,      -7.973339815,       -5.77150836,      -7.013284304,      -5.902112229,       -9.04943374
          0,           0,        1572,      -7.852249157,      -5.858116539,      -7.077350351,      -5.791667942,      -9.049216337
          0,           0,        1573,       -7.96170519,      -5.859569891,       -7.13591052,      -5.891112805,      -9.049017098
          0,           0,        1574,      -7.958664563,      -5.859969167,       -7.17937078,      -5.888452654,      -9.049029145
          0,           0,        1575,      -7.963179878,      -5.860391897,      -7.183105173,      -5.892785093,       -9.05250635
          0,           0,        1576,      -7.968818787,      -5.860913807,      -7.185973077,      -5.897747351,       -9.05183584
          0,           0,        1577,      -7.972046783,      -5.860434251,      -7.185072695,      -5.900619278,       -9.05115077
          0,           0,        1578,      -7.973757044,      -5.860468579,      -7.187467516,      -5.902237715,      -9.050460549
          0,           0,        1579,      -7.974317402,      -5.855579008,      -7.180791126,      -5.902893012,      -9.049766742
          0,           0,        1580,      -7.969005126,      -5.832648486,      -7.103592823,      -5.898170773,      -9.049073662
          0,           0,        1581,      -7.937244812,      -5.859923161,      -7.169553549,      -5.869673136,      -9.048359123
          0,           0,        1582,      -7.972554874,      -5.860242601,      -7.177833691,      -5.901093869,      -9.047659905
          0,           0,        1583,      -7.974007486,      -5.859723001,      -7.183962808,      -5.902309446,      -9.046963997
          0,           0,        1584,      -7.974016298,      -5.859962983,      -7.187847566,      -5.902193753,      -9.046267476
          0,           0,        1585,      -7.974119147,      -5.859439747,      -7.186427024,      -5.902120425,      -9.045568878
          0,           0,        1586,      -7.974128124,      -5.859665776,      -7.188479646,      -5.901961733,      -9.044869349
          0,           0,        1587,      -7.974014831,      -5.859149358,      -7.186903265,      -5.901784133,      -9.044169022
          0,           0,        1588,       -7.97385026,      -5.859363514,      -7.188919825,      -5.901570717,       -9.04346845
          0,           0,        1589,      -7.973589994,      -5.858854452,      -7.187295353,      -5.901301912,      -9.042767349
          0,           0,        1590,      -7.973300993,      -5.859057722,      -7.189160501,      -5.900963619,      -9.042066216
          0,           0,        1591,      -7.972953448,      -5.858556368,      -7.187436789,      -5.900583922,      -9.041364781
          0,           0,        1592,      -7.972627849,      -5.858750069,       -7.18916354,      -5.900189119,      -9.040663509
          0,           0,        1593,      -7.972297225,      -5.858257241,      -7.187406291,      -5.899817277,      -9.039962115
          0,           0,        1594,      -7.972033755,      -5.858442716,      -7.189076997,      -5.899484598,      -9.039261081
          0,           0,        1595,      -7.971792462,      -5.857958954,      -7.187349666,       -5.89920527,      -9.038560119
          0,           0,        1596,      -7.971632874,      -5.858137041,      -7.189015988,      -5.898978935,      -9.037859571
          0,           0,        1597,      -7.971493307,      -5.857662266,      -7.187335848,      -5.898802053,      -9.037159195
          0,           0,        1598,       -7.97142566,      -5.857833225,      -7.189006107,      -5.898666405,      -9.036459521
          0,           0,        1599,      -7.971359321,      -5.857367073,      -7.187366981,      -5.898561049,      -9.035760504
          0,           0,        1600,       -7.97134431,      -5.857531005,      -7.189033476,      -5.898476322,      -9.035063046
          0,           0,        1601,       -7.97130906,      -5.857073056,      -7.187431071,       -5.89840133,      -9.034367882
          0,           0,        1602,      -7.971306079,      -5.857230027,      -7.189090043,      -5.898329109,      -9.033677441
          0,           0,        1603,       -7.97126709,      -5.856779863,      -7.187527773,      -5.898252036,      -9.032995399
          0,           0,        1604,      -7.971222519,       -5.85693295,      -7.189159182,      -5.898125288,      -9.032330039
          0,           0,        1605,      -7.971126639,      -5.856491929,      -7.187611224,      -5.897967619,      -9.031677546
          0,           0,        1606,       -7.97098817,      -5.856635876,      -7.189253235,      -5.897752744,      -9.031032594
          0,           0,        1607,      -7.970791958,      -5.856200436,      -7.187781046,      -5.897520565,       -9.03039212
          0,           0,        1608,      -7.970645622,      -5.856337273,      -7.189435722,      -5.897314209,      -9.029752042
          0,           0,        1609,      -7.970499433,       -5.85590889,      -7.187996632,      -5.897143659,      -9.029112069
          0,           0,        1610,      -7.970415272,      -5.856039783,      -7.189638471,      -5.897010708,      -9.028472828
          0,           0,        1611,      -7.970319309,      -5.855618721,      -7.188232962,      -5.896898869,      -9.027834041
          0,           0,        1612,      -7.970305954,      -5.855746387,      -7.189848391,      -5.896808702,      -9.027196039
          0,           0,        1613,      -7.970194449,      -5.855333293,      -7.188418738,      -5.896657726,      -9.026558323
          0,           0,        1614,      -7.970071045,      -5.855453011,      -7.189984888,      -5.896469783,      -9.025921209
          0,           0,        1615,      -7.969905374,      -5.855045396,      -7.188588188,      -5.896268091,      -9.025284441
          0,           0,        1616,      -7.969795123,      -5.855159229,       -7.19018345,      -5.896090018,      -9.024648293
          0,           0,        1617,      -7.969684072,      -5.854758242,      -7.188867934,      -5.895942876,      -9.024012491
          0,           0,        1618,      -7.969638477,      -5.854867013,      -7.190502739,      -5.895834323,      -9.023377328
          0,           0,        1619,      -7.969580239,       -5.85447263,      -7.189248125,      -5.895745528,      -9.022742576
          0,           0,        1620,      -7.969566067,      -5.854576367,      -7.190886673,      -5.895671006,      -9.022108599
          0,           0,        1621,      -7.969518529,      -5.854188267,      -7.189660476,      -5.895591334,      -9.021475616
          0,           0,        1622,      -7.969496915,      -5.854287091,      -7.191273314,      -5.895505541,      -9.020843945
          0,           0,        1623,       -7.96943018,       -5.85390511,      -7.190060651,      -5.895401474,      -9.020213134
          0,           0,        1624,      -7.969379957,      -5.853999028,      -7.191636151,      -5.895282884,      -9.019582664
          0,           0,        1625,      -7.969280354,      -5.853622855,      -7.190435846,      -5.895142325,      -9.018952496
          0,           0,        1626,      -7.969194326,       -5.85371193,      -7.191974157,      -5.894986322,        -9.0183232
          0,           0,        1627,      -7.969059773,      -5.853341417,      -7.190788939,      -5.894809917,      -9.017694719
          0,           0,        1628,      -7.968940872,      -5.853425876,      -7.192293833,      -5.894621836,      -9.017066649
          0,           0,        1629,      -7.968777824,      -5.853061002,      -7.191124567,      -5.894418084,      -9.016438556
          0,           0,        1630,      -7.968635527,      -5.853141093,      -7.192598799,      -5.894208853,       -9.01581095
          0,           0,        1631,      -7.968455103,      -5.852781826,       -7.19144418,      -5.893989914,      -9.015183789
          0,           0,        1632,      -7.968301292,       -5.85285778,      -7.192888617,      -5.893771927,      -9.014557157
          0,           0,        1633,      -7.968115382,      -5.852504036,      -7.191746769,      -5.893549858,      -9.013939137
          0,           0,        1634,      -7.967961093,      -5.852575908,      -7.193160327,       -5.89333403,      -9.013321585
          0,           0,        1635,       -7.96777964,      -5.852227191,       -7.19202891,      -5.893118498,      -9.012703654
          0,           0,        1636,       -7.96763276,      -5.852294023,      -7.193407783,       -5.89291257,      -9.012085605
          0,           0,        1637,      -7.967460892,      -5.851947342,      -7.192281572,      -5.892708933,      -9.011467276
          0,           0,        1638,      -7.967321036,      -5.852001281,      -7.193613648,       -5.89251385,      -9.010849015
          0,           0,        1639,      -7.967146136,      -5.851631744,      -7.192463897,      -5.892313215,      -9.010230529
          0,           0,        1640,      -7.966964301,       -5.85157652,      -7.193631234,      -5.892090591,      -9.009612038
          0,           0,        1641,      -7.966591313,      -5.850575987,      -7.191548628,      -5.891734244,      -9.008993314
          0,           0,        1642,      -7.965164964,      -5.826425701,      -7.136558895,      -5.890514716,      -9.008374055
          0,           0,        1643,      -7.921799743,      -5.833143576,      -7.048618264,      -5.851932937,      -9.007755827
          0,           0,        1644,      -7.931515138,      -5.782470759,      -7.033411941,      -5.860622626,      -9.007134091
          0,           0,        1645,      -7.847102012,      -5.831536681,      -6.980801986,      -5.783926415,      -9.006514832
          0,           0,        1646,      -7.928170281,      -5.848256604,      -7.146444001,      -5.857494644,      -9.005895202
          0,           0,        1647,      -7.937247253,      -5.849051207,      -7.178606048,      -5.865627448,      -9.005277132
          0,           0,        1648,      -7.954327197,      -5.849716247,      -7.181977081,      -5.880773354,      -9.004665813
          0,           0,        1649,      -7.961732812,      -5.849748867,         -7.184696,      -5.887126925,      -9.004054111
          0,           0,        1650,      -7.964026258,      -5.849970772,      -7.189335661,      -5.888832496,      -9.003441591
          0,           0,        1651,      -7.964324666,      -5.849753926,      -7.190383533,      -5.888790381,      -9.002828091
          0,           0,        1652,      -7.963964742,       -5.84984387,       -7.19242059,       -5.88823437,      -9.002213922
          0,           0,        1653,      -7.963546921,      -5.849566668,      -7.191928001,      -5.887757563,      -9.001599018
          0,           0,        1654,      -7.963314915,      -5.849620785,      -7.193325663,      -5.887522166,      -9.000983659
          0,           0,        1655,      -7.963199187,      -5.849330372,       -7.19265466,        -5.8874587,      -9.000367772
          0,           0,        1656,      -7.963317882,      -5.849374011,      -7.194035628,      -5.887582221,      -8.999751738
          0,           0,        1657,      -7.963147756,      -5.849080629,      -7.193252527,       -5.88750207,      -8.999126568
          0,           0,        1658,      -7.963332906,      -5.849117092,       -7.19447972,      -5.887647349,      -8.998500349
          0,           0,        1659,      -7.963372262,      -5.848827096,      -7.193605447,      -5.887686442,      -8.997873868
          0,           0,        1660,      -7.963461412,      -5.848858213,      -7.194637667,      -5.887737216,      -8.997247553
          0,           0,        1661,      -7.963596604,      -5.848571457,      -7.193664635,       -5.88782713,      -8.996621521
          0,           0,        1662,      -7.963802066,      -5.848599974,      -7.194548115,      -5.887952822,      -8.996000187
          0,           0,        1663,      -7.964000248,      -5.848319336,      -7.193503314,      -5.888098233,      -8.995390701
          0,           0,        1664,       -7.96426366,      -5.848347215,      -7.194243636,      -5.888264144,      -8.994784663
          0,           0,        1665,      -7.964466379,      -5.848069851,      -7.193132047,      -5.888380431,      -8.994175432
          0,           0,        1666,      -7.964632925,      -5.848094734,      -7.193781351,      -5.888446501,      -8.993563195
          0,           0,        1667,      -7.964737298,      -5.847821089,      -7.192644367,      -5.888466765,      -8.992948171
          0,           0,        1668,      -7.964807114,       -5.84784411,      -7.193231654,      -5.888440774,      -8.992331527
          0,           0,        1669,      -7.964803321,       -5.84757507,      -7.192091998,      -5.888361716,      -8.991711945
          0,           0,        1670,      -7.964755512,      -5.847597113,      -7.192647798,       -5.88823363,      -8.991089551
          0,           0,        1671,      -7.964640705,      -5.847333601,      -7.191535606,      -5.888062886,      -8.990467079
          0,           0,        1672,      -7.964500211,      -5.847356195,      -7.192085691,      -5.887863518,      -8.989852782
          0,           0,        1673,      -7.964320773,      -5.847100029,      -7.191021073,      -5.887647113,      -8.989236181
          0,           0,        1674,      -7.964142417,      -5.847125376,      -7.191574699,      -5.887425678,       -8.98861657
          0,           0,        1675,      -7.963951687,      -5.846878121,      -7.190558228,      -5.887207315,      -8.987993826
          0,           0,        1676,      -7.963782592,      -5.846905022,       -7.19110554,      -5.886998114,      -8.987369716
          0,           0,        1677,      -7.963620176,      -5.846652197,      -7.190113155,      -5.886800191,      -8.986745755
          0,           0,        1678,      -7.963493123,       -5.84659795,      -7.190604721,      -5.886605544,      -8.986124081
          0,           0,        1679,      -7.963374792,      -5.845660783,      -7.189446933,       -5.88633414,      -8.985504112
          0,           0,        1680,      -7.963144172,      -5.763568529,      -7.165708829,      -5.879444499,      -8.984874534
          0,           0,        1681,      -7.936219393,       -5.81869327,      -7.138700226,      -5.866844402,      -8.984249335
          0,           0,        1682,      -7.949580975,      -5.821923288,      -7.152907368,      -5.876624224,      -8.983558778
          0,           0,        1683,      -7.951819847,      -5.843878393,      -7.179343799,      -5.875517951,      -8.982145827
          0,           0,        1684,      -7.958886914,      -5.844292847,      -7.184917526,      -5.881708557,      -8.981545652
          0,           0,        1685,      -7.960127639,      -5.844195854,      -7.185294579,       -5.88288367,      -8.980973536
          0,           0,        1686,      -7.960353089,       -5.81777276,      -7.178146556,      -5.880794585,      -8.980415511
          0,           0,        1687,      -7.954198086,      -5.840429727,      -7.174101684,      -5.878694342,      -8.979901662
          0,           0,        1688,      -7.961312507,       -5.84349758,      -7.181529243,      -5.884038124,      -8.978968504
          0,           0,        1689,      -7.960853875,      -5.838133124,      -7.180017985,      -5.883033614,      -8.978396485
          0,           0,        1690,      -7.958413614,      -5.657429398,      -7.096738367,      -5.876135908,      -8.977837241
          0,           0,        1691,       -7.86510068,      -5.834228456,      -7.104807783,      -5.801351568,      -8.962163007
          0,           0,        1692,      -7.935920448,      -5.838185908,      -7.155661374,      -5.863945666,      -8.969316385
          0,           0,        1693,      -7.952175142,      -5.840126739,      -7.171295051,      -5.876060419,      -8.970733535
          0,           0,        1694,       -7.95373935,      -5.841363381,      -7.178100583,      -5.876532179,      -8.970974309
          0,           0,        1695,      -7.954354679,      -5.841876784,      -7.180175229,      -5.876999636,       -8.97089017
          0,           0,        1696,      -7.955641303,      -5.842322242,       -7.18176844,      -5.878250502,      -8.970681048
          0,           0,        1697,       -7.95669732,      -5.842372889,      -7.181475891,      -5.879257534,        -8.9704156
          0,           0,        1698,      -7.957233252,       -5.84253649,      -7.181922503,      -5.879731305,      -8.970121487
          0,           0,        1699,      -7.957425078,      -5.842420092,      -7.181023451,      -5.879873822,      -8.969817091
          0,           0,        1700,      -7.957509326,      -5.842481861,       -7.18109981,      -5.879917496,      -8.969493116
          0,           0,        1701,      -7.957601269,      -5.842309539,      -7.180041426,      -5.879984399,      -8.969163455
          0,           0,        1702,      -7.957735717,      -5.842213288,      -7.179996607,      -5.880081899,      -8.968827081
          0,           0,        1703,      -7.957884728,      -5.838032231,      -7.178029894,      -5.879707927,      -8.968494536
          0,           0,        1704,       -7.95774626,      -5.841925792,       -7.17751884,      -5.879969444,      -8.963840732
          0,           0,        1705,      -7.957709897,      -5.841816434,      -7.176725477,      -5.879957968,      -8.967125235
          0,           0,        1706,      -7.957702866,      -5.841817805,       -7.17675548,      -5.880100884,      -8.967261844
          0,           0,        1707,      -7.957746948,      -5.841728573,      -7.176530583,      -5.880122721,      -8.966859103
          0,           0,        1708,      -7.957854989,      -5.841740136,      -7.177097847,      -5.880174865,      -8.966461806
          0,           0,        1709,      -7.957661466,      -5.841529557,      -7.176637459,      -5.879988658,      -8.966036034
          0,           0,        1710,      -7.957394787,      -5.841504892,      -7.177039729,      -5.879722418,      -8.965589422
          0,           0,        1711,      -7.957185202,      -5.841275374,      -7.176387227,      -5.879486172,      -8.965134575
          0,           0,        1712,      -7.957087568,      -5.841206303,      -7.176584914,      -5.879324889,      -8.964670066
          0,           0,        1713,      -7.957080214,       -5.84080205,      -7.175715776,      -5.879221026,      -8.964196153
          0,           0,        1714,      -7.957073671,      -5.839545357,      -7.175445012,      -5.879063893,      -8.963713356
          0,           0,        1715,      -7.956582074,      -5.794088157,      -7.159679312,      -5.877709754,      -8.963219681
          0,           0,        1716,      -7.935370932,      -5.807828951,      -7.118810766,      -5.861321394,      -8.962725246
          0,           0,        1717,      -7.944640661,      -5.839697404,      -7.167051523,      -5.868167354,      -8.962192779
          0,           0,        1718,      -7.953746704,      -5.839610595,      -7.170512262,       -5.87583001,      -8.961656291
          0,           0,        1719,      -7.956280636,       -5.83771037,      -7.171005084,      -5.877899821,      -8.961129745
          0,           0,        1720,      -7.956210139,      -5.839973278,      -7.171317573,       -5.87789282,      -8.958207025
          0,           0,        1721,      -7.956302839,      -5.839674922,      -7.170647269,       -5.87793037,      -8.957914535
          0,           0,        1722,       -7.95663426,      -5.835017125,      -7.169308932,      -5.877609918,      -8.957473842
          0,           0,        1723,       -7.95604853,      -5.839396872,      -7.167942847,      -5.877468851,      -8.955039911
          0,           0,        1724,      -7.956107879,      -5.839194224,       -7.16788322,       -5.87742741,       -8.95595471
          0,           0,        1725,      -7.956169763,      -5.839198497,       -7.16606518,      -5.877449126,      -8.955416505
          0,           0,        1726,      -7.956128806,      -5.839136694,      -7.165599385,      -5.877406085,      -8.954790821
          0,           0,        1727,      -7.956011443,      -5.838897064,      -7.164569863,      -5.877294614,       -8.95417513
          0,           0,        1728,      -7.955788556,      -5.838755502,      -7.164511478,      -5.877081229,       -8.95356669
          0,           0,        1729,       -7.95547733,      -5.837777104,      -7.163674495,      -5.876765924,      -8.952946371
          0,           0,        1730,      -7.954910176,      -5.392189868,      -6.893822791,      -5.867370018,      -8.952298017
          0,           0,        1731,       -7.67381039,      -5.762412045,      -6.836733466,      -5.620089173,      -8.951662138
          0,           0,        1732,      -7.866864474,      -5.782293893,      -7.057862111,      -5.799312143,       -8.95097781
          0,           0,        1733,      -7.900351963,      -5.818552039,      -7.108852247,      -5.828470704,      -8.944877799
          0,           0,        1734,      -7.917248186,      -5.826311756,      -7.134314379,      -5.842952278,      -8.942094018
          0,           0,        1735,      -7.930726051,      -5.831366159,      -7.143917728,      -5.854692741,      -8.941639507
          0,           0,        1736,      -7.939638098,       -5.82173752,      -7.148549894,      -5.860602513,      -8.941759732
          0,           0,        1737,       -7.94342895,      -5.833909918,      -7.151840953,      -5.866126554,      -8.941617246
          0,           0,        1738,      -7.946673541,      -5.834612398,       -7.15461857,      -5.869034691,      -8.941461769
          0,           0,        1739,      -7.947861355,      -5.834392026,      -7.153008883,      -5.869970185,      -8.941388127
          0,           0,        1740,      -7.945542564,      -5.832694981,      -7.146730333,      -5.867901976,      -8.941264325
          0,           0,        1741,      -7.936277877,       -5.82296747,      -7.110173063,      -5.859826909,      -8.941062093
          0,           0,        1742,      -7.895915841,      -5.664603678,       -6.69342588,      -5.824235754,       -8.94079645
          0,           0,        1743,      -7.548608306,      -5.516792724,      -6.305733686,      -5.498756839,      -8.940484764
          0,           0,        1744,      -7.318555322,      -5.772542024,        -6.6759463,      -5.269908714,      -8.939925169
          0,           0,        1745,      -7.539502174,      -5.828595622,      -6.693059397,      -5.488971468,      -8.939570777
          0,           0,        1746,      -7.747089349,      -5.828333491,      -6.816475273,      -5.687436363,      -8.939169394
          0,           0,        1747,      -7.770280569,      -5.820195842,      -6.926615753,      -5.707828139,      -8.938731823
          0,           0,        1748,      -7.789253241,      -5.834542599,      -7.076598359,      -5.725410304,      -8.938264517
          0,           0,        1749,      -7.876597327,       -5.83482068,      -7.097775747,      -5.805544797,       -8.93777863
          0,           0,        1750,      -7.915397683,      -5.834941532,      -7.119664678,      -5.840305551,       -8.93728791
          0,           0,        1751,      -7.931211416,      -5.831367295,      -7.128663208,      -5.854449176,      -8.936812403
          0,           0,        1752,      -7.933920908,      -5.820452163,      -7.118871703,      -5.857165365,      -8.936326985
          0,           0,        1753,      -7.935721507,      -5.811167961,      -7.107237207,       -5.85868861,      -8.935819823
          0,           0,        1754,      -7.935846432,      -5.830525607,      -7.142402646,      -5.859097007,      -8.935310432
          0,           0,        1755,      -7.944911709,      -5.834524277,      -7.145422849,      -5.867132062,      -8.934443132
          0,           0,        1756,       -7.94882024,      -5.834700015,      -7.147621871,      -5.870434832,      -8.933987115
          0,           0,        1757,      -7.950377559,      -5.834545916,      -7.148777035,      -5.871657379,      -8.933778776
          0,           0,        1758,      -7.950780949,      -5.834507755,      -7.149055154,      -5.871838351,      -8.933515487
          0,           0,        1759,      -7.951225754,       -5.83423613,      -7.148243337,      -5.872024771,      -8.933162052
          0,           0,        1760,       -7.95192363,      -5.833169885,      -7.147574445,      -5.872460341,      -8.932789999
          0,           0,        1761,       -7.95196232,      -5.431765773,      -6.873262351,      -5.871628384,      -8.932405765
          0,           0,        1762,      -7.665832351,      -5.763649598,      -6.815841826,      -5.610029266,      -8.932027718
          0,           0,        1763,      -7.865578855,      -5.807705696,      -7.020186071,      -5.795855239,      -8.931590028
          0,           0,        1764,      -7.889384399,      -5.819854849,      -7.101653902,      -5.817114686,      -8.931163971
          0,           0,        1765,       -7.91678154,      -5.825485907,      -7.114792995,      -5.841585136,      -8.930768433
          0,           0,        1766,       -7.93128251,      -5.828703419,      -7.123961626,      -5.854412328,      -8.930373957
          0,           0,        1767,      -7.940287951,      -5.830313136,      -7.129345971,       -5.86220507,      -8.929969957
          0,           0,        1768,      -7.945212293,      -5.830856019,      -7.132561867,      -5.866332961,      -8.929558092
          0,           0,        1769,      -7.947180064,      -5.825392019,      -7.132083193,      -5.867902334,      -8.929140234
          0,           0,        1770,      -7.944491305,      -5.736259584,      -7.065525005,      -5.865426316,      -8.928721871
          0,           0,        1771,      -7.888970645,      -5.829412864,        -7.0906934,      -5.817576265,      -8.928103084
          0,           0,        1772,      -7.935863594,      -5.831392912,       -7.11890096,       -5.85811129,      -8.925561668
          0,           0,        1773,      -7.941972139,      -5.831743932,      -7.131206209,      -5.863142021,      -8.925490458
          0,           0,        1774,      -7.943340494,       -5.68832738,      -7.097046162,      -5.833781682,      -8.925363951
          0,           0,        1775,      -7.906144038,      -5.821233759,      -7.105039113,      -5.836547815,      -8.923241917
          0,           0,        1776,      -7.934259165,      -5.825810979,      -7.127452652,      -5.858096745,      -8.922947439
          0,           0,        1777,      -7.940555042,      -5.828177342,      -7.132613825,      -5.860624947,      -8.922666753
          0,           0,        1778,      -7.941298835,      -5.829561013,      -7.135287826,      -5.860443998,      -8.922376007
          0,           0,        1779,      -7.941796045,      -5.830203404,      -7.135838724,      -5.861005681,       -8.92206933
          0,           0,        1780,      -7.942567399,      -5.830553724,      -7.136255381,      -5.861932802,      -8.921751093
          0,           0,        1781,      -7.943348763,      -5.830003759,      -7.135668935,      -5.862566666,      -8.921424709
          0,           0,        1782,      -7.943944893,      -5.827319622,       -7.13363856,       -5.86412584,      -8.921096875
          0,           0,        1783,      -7.943708452,      -5.830725357,      -7.133515624,      -5.863774107,       -8.91131907
          0,           0,        1784,      -7.944983829,      -5.830954116,      -7.133662988,        -5.8648807,      -8.909038172
          0,           0,        1785,      -7.945639028,      -5.830932756,      -7.132723321,      -5.865392751,      -8.908747683
          0,           0,        1786,      -7.946007945,      -5.830901557,      -7.132390651,      -5.865738828,      -8.908868561
          0,           0,        1787,      -7.946297929,      -5.752903033,      -7.093521464,      -5.866015134,      -8.908962927
          0,           0,        1788,      -7.900488182,      -5.304311646,      -6.830719513,      -5.813289467,      -8.908981394
          0,           0,        1789,      -7.615803216,      -5.757938364,      -6.785590484,        -5.5619498,      -8.908915954
          0,           0,        1790,      -7.837687613,      -5.789419398,      -6.991279099,       -5.77102985,      -8.908872213
          0,           0,        1791,      -7.888977543,      -5.805729792,      -7.077214457,      -5.816183628,      -8.908579289
          0,           0,        1792,      -7.906023678,      -5.814876267,      -7.099668051,      -5.830762521,       -8.90630361
          0,           0,        1793,      -7.913647993,      -5.820104788,      -7.112277979,      -5.837661653,      -8.906352764
          0,           0,        1794,      -7.924743709,      -5.823520463,      -7.118549738,      -5.847608494,      -8.906460305
          0,           0,        1795,      -7.933475752,      -5.825495173,      -7.121595585,      -5.855334607,       -8.90643493
          0,           0,        1796,      -7.938659602,      -5.826815943,       -7.12401758,      -5.859845115,      -8.906344784
          0,           0,        1797,      -7.941343651,      -5.827539687,       -7.12499285,      -5.862109243,      -8.906243108
          0,           0,        1798,      -7.942544321,      -5.828097028,      -7.126080693,       -5.86305263,      -8.906076173
          0,           0,        1799,      -7.943057569,      -5.828313519,      -7.126276659,      -5.863335637,      -8.905907407
          0,           0,        1800,      -7.943026064,      -5.828509032,      -7.127109016,      -5.863142887,      -8.905738574
          0,           0,        1801,      -7.942655847,      -5.828422552,      -7.127334558,      -5.862660238,       -8.90555875
          0,           0,        1802,      -7.942018084,      -5.828667458,      -7.128007021,      -5.861957158,       -8.90501535
          0,           0,        1803,      -7.942156902,      -5.828696607,       -7.12843579,      -5.861865731,      -8.904820062
          0,           0,        1804,      -7.941754924,      -5.828734084,      -7.128802822,      -5.861363512,      -8.904603825
          0,           0,        1805,      -7.941129024,      -5.826326436,       -7.12685073,      -5.860636944,       -8.90436766
          0,           0,        1806,      -7.939196819,      -5.826493811,      -7.119015979,      -5.859010949,      -8.904115643
          0,           0,        1807,      -7.931254468,      -5.803609195,      -6.956586619,      -5.851957711,      -8.897003958
          0,           0,        1808,      -7.808684326,      -5.708361262,      -6.545570532,      -5.743890616,      -8.897205903
          0,           0,        1809,       -7.52752786,      -5.824341941,      -6.871451908,      -5.475522021,      -8.897216062
          0,           0,        1810,      -7.839566791,      -5.826725941,      -6.911188686,      -5.771797696,      -8.897083346
          0,           0,        1811,      -7.863997982,      -5.827311466,      -7.025824663,      -5.792864407,      -8.896920545
          0,           0,        1812,      -7.874362732,      -5.827686419,       -7.09244704,      -5.802259287,      -8.896752794
          0,           0,        1813,      -7.904962327,      -5.827777992,      -7.109086878,       -5.82954463,        -8.8965695
          0,           0,        1814,      -7.925017422,      -5.827885121,      -7.115776181,      -5.847128547,      -8.896366509
          0,           0,        1815,       -7.93366184,      -5.827794731,       -7.12079144,       -5.85467309,      -8.896145197
          0,           0,        1816,      -7.937951666,      -5.827808083,      -7.124746291,      -5.858443702,      -8.895907574
          0,           0,        1817,      -7.940586003,      -5.827668809,      -7.126576658,      -5.860769807,      -8.895654522
          0,           0,        1818,      -7.942144563,      -5.827659816,      -7.128191335,      -5.862129907,      -8.895387778
          0,           0,        1819,       -7.94301297,      -5.827502684,      -7.128830091,       -5.86285273,      -8.895109589
          0,           0,        1820,      -7.943496404,      -5.827485018,       -7.12980338,      -5.863205027,      -8.894824438
          0,           0,        1821,      -7.943791738,      -5.827320792,      -7.130055445,      -5.863367318,      -8.894539918
          0,           0,        1822,      -7.944036646,      -5.827297218,      -7.130797977,      -5.863469394,      -8.894271103
          0,           0,        1823,       -7.94427779,      -5.827130654,      -7.130829234,      -5.863566805,      -8.894024448
          0,           0,        1824,      -7.944553562,      -5.827102731,      -7.131441025,        -5.8636969,      -8.893768973
          0,           0,        1825,      -7.944847422,      -5.826933729,      -7.131330599,       -5.86385318,      -8.893507547
          0,           0,        1826,      -7.945097343,      -5.826892405,      -7.131859365,       -5.86398531,      -8.893238817
          0,           0,        1827,      -7.945246137,      -5.826690115,      -7.131712478,      -5.864052086,      -8.892962141
          0,           0,        1828,      -7.945288151,       -5.82650784,      -7.132223892,      -5.864042773,      -8.892587619
          0,           0,        1829,      -7.945137568,       -5.82534342,       -7.13190295,      -5.863900368,      -8.892184451
          0,           0,        1830,      -7.944216331,      -5.737015847,      -7.077831117,       -5.86336058,      -8.891768319
          0,           0,        1831,       -7.87765109,      -5.802330469,      -7.022914793,      -5.804113878,      -8.891344667
          0,           0,        1832,      -7.926496642,      -5.823551418,      -7.115900952,      -5.848025044,      -8.890907186
          0,           0,        1833,      -7.933515366,      -5.824571255,      -7.127470825,      -5.854212604,      -8.890471309
          0,           0,        1834,      -7.939531401,      -5.825103417,        -7.1297802,      -5.859380969,      -8.890023031
          0,           0,        1835,      -7.941778713,      -5.825018825,      -7.131674286,      -5.861282342,      -8.889564278
          0,           0,        1836,      -7.942202596,       -5.82207538,      -7.132562914,      -5.861594626,      -8.889097036
          0,           0,        1837,      -7.939664104,      -5.775277525,      -7.080888423,      -5.858756266,      -8.888572527
          0,           0,        1838,       -7.90293444,      -5.824409606,      -7.107541108,      -5.827570448,      -8.887958333
          0,           0,        1839,      -7.936798919,      -5.824799345,      -7.124227391,      -5.856419057,      -8.887424393
          0,           0,        1840,      -7.938131494,      -5.824990716,      -7.133815048,      -5.857554274,       -8.88692037
          0,           0,        1841,      -7.938454528,      -5.824863658,      -7.135392757,      -5.857889417,       -8.88644327
          0,           0,        1842,      -7.938737423,      -5.824738975,       -7.13632926,      -5.858113484,      -8.885955311
          0,           0,        1843,      -7.938927137,      -5.824416725,      -7.136467596,      -5.858247175,       -8.88545696
          0,           0,        1844,      -7.938894651,       -5.82403742,      -7.136755829,      -5.858219368,      -8.884951309
          0,           0,        1845,      -7.938353731,       -5.82324086,      -7.135976658,      -5.857787329,      -8.884437921
          0,           0,        1846,      -7.936901949,      -5.821774573,      -7.134494766,      -5.856594089,      -8.883916519
          0,           0,        1847,      -7.933426181,      -5.818046029,      -7.129015098,      -5.853706841,      -8.883387633
          0,           0,        1848,       -7.92393521,      -5.810838021,      -7.118603016,      -5.845714315,      -8.882852215
          0,           0,        1849,      -7.904864722,      -5.800662238,      -7.103541955,      -5.829462624,       -8.88232592
          0,           0,        1850,      -7.879501835,      -5.790677412,      -7.086456038,      -5.807548256,      -8.881780518
          0,           0,        1851,       -7.85690059,       -5.78318703,      -7.066552928,      -5.787836049,      -8.881223179
          0,           0,        1852,      -7.843287207,      -5.776730472,      -7.047398563,      -5.776009958,      -8.880660787
          0,           0,        1853,      -7.835221189,      -5.764343889,       -7.03244766,      -5.769134375,      -8.880095091
          0,           0,        1854,      -7.818932859,      -5.729574709,      -7.007425205,      -5.754790459,      -8.879526363
          0,           0,        1855,      -7.764284912,      -5.624240683,       -6.87712807,      -5.704870169,       -8.87895593
          0,           0,        1856,      -7.606353182,      -5.371830736,      -6.523893831,      -5.554506988,      -8.878386423
          0,           0,        1857,      -7.298708395,      -5.316360384,      -6.434095725,      -5.251218353,      -8.877826316
          0,           0,        1858,      -7.213439304,      -5.503175772,      -6.440318194,      -5.166338258,      -8.877293021
          0,           0,        1859,      -7.366742432,      -5.152589199,      -6.256255159,      -5.315972861,      -8.876811333
          0,           0,        1860,      -7.118767541,      -5.066877092,      -5.995520167,      -5.071334201,      -8.876443801
          0,           0,        1861,      -7.008954145,      -5.003716058,      -5.731490138,       -4.96350927,      -8.876136252
          0,           0,        1862,      -6.701114856,      -4.805960183,      -5.598519823,      -4.654053482,      -8.875839301
          0,           0,        1863,      -6.405909635,      -5.216881166,      -5.737870631,      -4.358341444,      -8.875523351
          0,           0,        1864,      -6.878892349,      -5.310627147,      -5.848692008,      -4.830410581,      -8.875229103
          0,           0,        1865,      -6.950969665,      -5.490505311,      -6.126438152,      -4.901893129,      -8.875378619
          0,           0,        1866,      -7.028139744,      -5.599787501,      -6.382280885,      -4.979129997,      -8.875049194
          0,           0,        1867,      -7.172549239,      -5.680070589,      -6.474559651,      -5.123203134,      -8.874717933
          0,           0,        1868,      -7.307461458,      -5.720669762,      -6.556087815,      -5.257923773,       -8.87438172
          0,           0,        1869,      -7.413242297,      -5.633467066,      -6.634620658,      -5.361069943,      -8.874036439
          0,           0,        1870,      -7.493842644,      -5.775013811,      -6.695511723,      -5.446750433,      -8.873696656
          0,           0,        1871,       -7.57432615,      -5.794569208,      -6.748127696,       -5.52680206,      -8.860500558
          0,           0,        1872,      -7.642891657,      -5.803017128,       -6.78215386,      -5.595577808,      -8.860524817
          0,           0,        1873,      -7.704859824,        -5.8083792,      -6.806528575,      -5.657218025,      -8.860537221
          0,           0,        1874,      -7.757787977,       -5.81189519,      -6.825294776,      -5.709125602,      -8.860535972
          0,           0,        1875,      -7.797154592,      -5.814146391,      -6.840933484,      -5.746602822,      -8.860520865
          0,           0,        1876,      -7.820004614,       -5.81569339,      -6.853520688,       -5.76691943,      -8.860492628
          0,           0,        1877,      -7.827758241,      -5.816701248,      -6.864035402,        -5.7719866,      -8.860451759
          0,           0,        1878,      -7.825088886,      -5.817452673,      -6.871667252,      -5.767004164,      -8.860398795
          0,           0,        1879,      -7.817374185,      -5.817930011,      -6.876516002,      -5.757463872,      -8.860334244
          0,           0,        1880,      -7.808873458,      -5.818303305,      -6.877930423,      -5.747535149,      -8.860258649
          0,           0,        1881,      -7.802014092,      -5.818491049,      -6.875763298,      -5.739484523,      -8.860172392
          0,           0,        1882,      -7.797927306,        -5.8186293,      -6.870600549,      -5.734340317,      -8.860075826
          0,           0,        1883,      -7.796401368,      -5.818622953,      -6.862888448,      -5.731908991,      -8.859967812
          0,           0,        1884,      -7.796434826,      -5.818601209,      -6.854186888,      -5.731272803,      -8.859820434
          0,           0,        1885,      -7.796360497,      -5.818470886,      -6.845106841,      -5.730933073,      -8.859653776
          0,           0,        1886,      -7.794494633,      -5.818358011,      -6.836971271,      -5.729323902,       -8.85947556
          0,           0,        1887,      -7.789585202,      -5.818174296,      -6.829950156,      -5.725229708,      -8.859286068
          0,           0,        1888,      -7.781276655,      -5.818040629,      -6.824627726,      -5.718156628,      -8.859085666
          0,           0,        1889,      -7.770089983,      -5.817869262,      -6.820742703,      -5.708391764,      -8.858874654
          0,           0,        1890,      -7.757241801,      -5.817774934,      -6.818336085,      -5.696877264,      -8.858653551
          0,           0,        1891,      -7.744198688,      -5.817663829,      -6.816902738,       -5.68487601,       -8.85842301
          0,           0,        1892,      -7.732323739,      -5.817637479,      -6.816175936,       -5.67364692,      -8.858184081
          0,           0,        1893,      -7.722731332,      -5.817589534,      -6.815565878,      -5.664282185,      -8.857938496
          0,           0,        1894,      -7.715986835,       -5.81760566,      -6.814597655,      -5.657444137,      -8.857688392
          0,           0,        1895,      -7.712356225,      -5.817566417,      -6.812636987,      -5.653496097,      -8.857430361
          0,           0,        1896,      -7.711714551,      -5.817547112,      -6.809495044,      -5.652437027,      -8.857164349
          0,           0,        1897,      -7.713535437,      -5.817606486,      -6.804871067,      -5.653896604,       -8.85422505
          0,           0,        1898,      -7.717080449,      -5.817539981,      -6.799044097,      -5.657220472,      -8.853994556
          0,           0,        1899,      -7.720977396,         -5.817358,        -6.7922376,       -5.66116942,      -8.853754081
          0,           0,        1900,      -7.724089897,      -5.817174909,      -6.785258216,      -5.664602301,      -8.853503158
          0,           0,        1901,      -7.725379651,      -5.816917385,       -6.77873571,      -5.666404335,      -8.853242119
          0,           0,        1902,      -7.724237511,      -5.816715107,      -6.773546567,      -5.665810711,      -8.852971279
          0,           0,        1903,      -7.720737165,      -5.816502637,       -6.77021057,      -5.662708157,      -8.852691036
          0,           0,        1904,       -7.71561937,      -5.816404802,      -6.769212462,      -5.657687324,      -8.852401604
          0,           0,        1905,      -7.710107734,      -5.816339488,      -6.770585701,        -5.6519042,      -8.852103212
          0,           0,        1906,       -7.70556104,      -5.816404712,      -6.774150725,      -5.646741158,       -8.85179612
          0,           0,        1907,      -7.703225676,       -5.81648729,      -6.779271373,      -5.643524408,      -8.851480654
          0,           0,        1908,      -7.704019258,       -5.81665649,      -6.785097473,      -5.643283393,      -8.851157347
          0,           0,        1909,      -7.708451498,      -5.816778696,      -6.790501942,      -5.646640034,      -8.850826953
          0,           0,        1910,      -7.716589068,      -5.816916309,      -6.794506418,      -5.653768103,      -8.850491008
          0,           0,        1911,      -7.727950825,      -5.816942213,       -6.79633197,      -5.664290885,      -8.850152313
          0,           0,        1912,       -7.74161597,      -5.816939646,      -6.795861798,      -5.677372902,      -8.849815136
          0,           0,        1913,      -7.756205645,        -5.8168078,      -6.793438824,       -5.69169053,      -8.849483958
          0,           0,        1914,      -7.770088407,      -5.816653403,      -6.790080783,      -5.705613027,      -8.849172162
          0,           0,        1915,      -7.781682065,      -5.816379328,      -6.786817716,      -5.717483169,      -8.848906393
          0,           0,        1916,      -7.789899547,      -5.816020593,      -6.784828399,      -5.726063037,       -8.84866155
          0,           0,        1917,      -7.794344126,      -5.814873233,      -6.784333131,      -5.730789738,      -8.848375772
          0,           0,        1918,      -7.794372918,      -5.788907026,      -6.755529034,      -5.731007872,      -8.848034967
          0,           0,        1919,      -7.744090425,      -4.945760429,      -5.818284207,      -5.682098721,      -8.847683875
          0,           0,        1920,      -6.826355394,      -5.544306226,      -5.972371823,      -4.779677991,      -8.847331068
          0,           0,        1921,      -7.318371573,      -5.692081728,      -6.193600148,       -5.26771075,      -8.846971069
          0,           0,        1922,      -7.191584695,      -5.741085726,      -6.506902465,      -5.142160954,      -8.846605494
          0,           0,        1923,       -7.31143062,      -5.771841774,      -6.613807993,      -5.261844895,      -8.846234465
          0,           0,        1924,      -7.489314851,       -5.78984454,      -6.636651503,      -5.437673526,      -8.845857358
          0,           0,        1925,      -7.618044653,      -5.799998495,      -6.698070522,      -5.562912295,      -8.845473764
          0,           0,        1926,      -7.699638502,       -5.80590972,      -6.761473948,      -5.640825476,      -8.845084715
          0,           0,        1927,      -7.760444393,      -5.809356771,      -6.803843328,      -5.697580377,       -8.84469119
          0,           0,        1928,      -7.801241475,      -5.811470098,      -6.827820973,       -5.73462507,      -8.844294213
          0,           0,        1929,      -7.825096641,      -5.812720714,      -6.841883768,       -5.75584278,      -8.843893032
          0,           0,        1930,      -7.839853564,      -5.813540752,      -6.851453852,      -5.769001522,      -8.843486071
          0,           0,        1931,       -7.85053291,      -5.814014338,      -6.858771178,      -5.778674224,      -8.843073633
          0,           0,        1932,      -7.858818653,      -5.814355622,      -6.865460185,      -5.786176101,      -8.842655709
          0,           0,        1933,       -7.86515216,      -5.814528848,      -6.872048674,      -5.791740376,      -8.842232533
          0,           0,        1934,      -7.869711564,      -5.814681529,        -6.8794341,      -5.795465328,      -8.841804222
          0,           0,        1935,       -7.87268499,      -5.814739055,      -6.887589875,      -5.797581816,      -8.841371094
          0,           0,        1936,       -7.87437873,      -5.814821835,      -6.896644799,         -5.798471,      -8.840933471
          0,           0,        1937,      -7.875300311,      -5.814838842,      -6.905989038,      -5.798694009,      -8.840492112
          0,           0,        1938,       -7.87600089,      -5.814895728,      -6.915180006,      -5.798814184,      -8.840048079
          0,           0,        1939,      -7.877019746,       -5.81489368,       -6.92348723,      -5.799341027,      -8.839600328
          0,           0,        1940,      -7.878734046,      -5.814930129,      -6.930578176,       -5.80061571,      -8.839147701
          0,           0,        1941,      -7.881363606,      -5.814903802,      -6.936130999,      -5.802820845,      -8.838690498
          0,           0,        1942,      -7.884939818,      -5.814906839,      -6.940327228,      -5.805973737,      -8.838228992
          0,           0,        1943,      -7.889340865,       -5.81483321,      -6.943328457,      -5.809953253,      -8.837763755
          0,           0,        1944,      -7.894408478,       -5.81476158,      -6.945709077,      -5.814610515,      -8.837295753
          0,           0,        1945,      -7.899560364,      -5.814470433,      -6.947793993,      -5.819446182,      -8.836827825
          0,           0,        1946,      -7.904390269,      -5.813263947,      -6.950025248,      -5.824100696,      -8.836364424
          0,           0,        1947,      -7.907818976,      -5.782644432,      -6.942308712,       -5.82785458,       -8.83591439
          0,           0,        1948,      -7.885142075,      -5.782338875,      -6.906171189,      -5.807327855,      -8.835497726
          0,           0,        1949,      -7.888339869,       -5.81349187,      -6.957685848,      -5.811675329,      -8.835145211
          0,           0,        1950,      -7.911495751,      -5.809741894,       -6.96258688,      -5.832349792,      -8.834879117
          0,           0,        1951,      -7.912971491,      -5.513037194,      -6.744293672,      -5.829390093,         -8.834617
          0,           0,        1952,      -7.616700101,       -5.78439148,      -6.775979047,      -5.560387928,      -8.834352053
          0,           0,        1953,      -7.839316722,      -5.797329031,      -6.893454532,      -5.767308742,      -8.834087418
          0,           0,        1954,      -7.855253513,      -5.803958086,      -6.963099099,      -5.782660397,      -8.833822074
          0,           0,        1955,      -7.873279591,      -5.807170623,      -6.980971773,      -5.799374247,      -8.833554963
          0,           0,        1956,      -7.885384147,      -5.807689674,      -6.992284864,      -5.810272755,      -8.833286104
          0,           0,        1957,      -7.895603324,      -5.679186892,      -6.946875337,      -5.821499206,       -8.83301484
          0,           0,        1958,      -7.800715229,      -5.804626941,      -6.898917502,      -5.733022869,      -8.832743843
          0,           0,        1959,      -7.885813535,      -5.812453115,      -6.985101396,      -5.810099008,      -8.832466778
          0,           0,        1960,      -7.904729395,      -5.813180572,      -7.014105868,      -5.826756287,      -8.832192679
          0,           0,        1961,      -7.918896927,       -5.81347122,      -7.024052412,      -5.838999104,      -8.831919722
          0,           0,        1962,      -7.926194588,      -5.813616183,      -7.030001315,      -5.845127608,      -8.831646333
          0,           0,        1963,      -7.929761874,       -5.81361675,      -7.034407991,       -5.84790327,      -8.831372248
          0,           0,        1964,      -7.930801673,      -5.813598406,      -7.038400721,      -5.848428433,      -8.831097228
          0,           0,        1965,       -7.93027308,      -5.813515006,      -7.042013483,      -5.847616928,      -8.830821636
          0,           0,        1966,      -7.929026956,      -5.813456853,      -7.045810767,      -5.846258664,      -8.830545172
          0,           0,        1967,      -7.927580934,      -5.813358663,       -7.04945336,      -5.844820669,      -8.830268164
          0,           0,        1968,      -7.926206678,      -5.813296148,       -7.05325323,      -5.843520548,      -8.829990306
          0,           0,        1969,      -7.925020393,      -5.813200074,      -7.056784323,      -5.842433776,      -8.829711985
          0,           0,        1970,      -7.924059226,       -5.81313992,      -7.060313656,      -5.841567899,      -8.829432856
          0,           0,        1971,       -7.92334926,      -5.813047613,      -7.063560861,      -5.840930253,      -8.829153355
          0,           0,        1972,      -7.922875202,        -5.8129888,      -7.066783564,      -5.840501588,      -8.828873149
          0,           0,        1973,      -7.922626952,      -5.812898045,       -7.06981424,      -5.840268153,      -8.828592684
          0,           0,        1974,      -7.922548441,      -5.812837287,      -7.072857657,      -5.840182501,      -8.828311515
          0,           0,        1975,      -7.922588701,      -5.812744073,      -7.075777287,      -5.840196271,      -8.828029914
          0,           0,        1976,      -7.922671315,       -5.81267548,      -7.078721539,       -5.84024515,      -8.827746197
          0,           0,        1977,      -7.922727793,      -5.812569574,      -7.081501307,      -5.840266495,      -8.827462256
          0,           0,        1978,      -7.922663829,      -5.812467985,      -7.084128691,      -5.840182753,      -8.827177547
          0,           0,        1979,      -7.922293303,      -5.812270239,      -7.085870179,      -5.839835735,      -8.826892689
          0,           0,        1980,      -7.921044662,      -5.811774924,      -7.083596062,      -5.838744072,      -8.826607054
          0,           0,        1981,      -7.915775367,      -5.807210087,      -7.024915746,      -5.834205598,      -8.826321298
          0,           0,        1982,      -7.868146849,       -5.67914297,      -6.409628103,      -5.794229047,      -8.826035272
          0,           0,        1983,      -7.386232191,      -5.805701541,      -6.739114295,      -5.336453217,      -8.825748642
          0,           0,        1984,      -7.794801701,      -5.809270292,      -6.790562472,      -5.728642389,      -8.825461422
          0,           0,        1985,       -7.79828976,      -5.810468438,      -6.940587599,      -5.729583252,      -8.825174416
          0,           0,        1986,      -7.793583383,       -5.81103916,      -7.047246272,       -5.72536776,      -8.824886549
          0,           0,        1987,      -7.838640206,        -5.8113422,      -7.076037406,       -5.76628889,      -8.824598828
          0,           0,        1988,      -7.879000393,      -5.811475626,      -7.085123688,      -5.802127467,      -8.824310007
          0,           0,        1989,      -7.900639221,       -5.81152871,      -7.094862933,      -5.821098557,       -8.82402136
          0,           0,        1990,      -7.911755703,      -5.811525613,      -7.103445483,      -5.830877019,      -8.823731771
          0,           0,        1991,      -7.918559355,      -5.811523978,      -7.109614404,      -5.836853147,        -8.8234433
          0,           0,        1992,       -7.92291774,      -5.811474434,      -7.114044467,      -5.840646902,      -8.823154047
          0,           0,        1993,      -7.925713435,      -5.811473315,      -7.117569446,      -5.843053712,        -8.8228656
          0,           0,        1994,      -7.927623848,      -5.811385052,      -7.120228425,      -5.844686331,      -8.822527897
          0,           0,        1995,      -7.929083631,      -5.811419115,      -7.122805304,      -5.845925622,      -8.822184566
          0,           0,        1996,       -7.93036257,       -5.81126188,      -7.124499403,      -5.847006262,      -8.821840096
          0,           0,        1997,      -7.931536568,      -5.811409571,      -7.126891404,      -5.847988493,       -8.82149483
          0,           0,        1998,      -7.932666657,       -5.81102223,      -7.127288813,      -5.848927837,      -8.821145596
          0,           0,        1999,      -7.933638314,      -5.811632409,      -7.130930079,      -5.849721436,      -8.820796081
          0,           0,        2000,      -7.934495032,      -5.802747513,      -7.094475152,      -5.850404487,      -8.820441953
          0,           0,        2001,      -7.934038973,      -5.805807558,      -7.096472628,      -5.849876598,      -8.820088144
          0,           0,        2002,      -7.934424113,      -5.808154212,      -7.122894956,      -5.850266641,      -8.819732525
          0,           0,        2003,      -7.935232112,      -5.809783946,      -7.130919804,      -5.850921001,      -8.819371583
          0,           0,        2004,      -7.934903183,      -5.812161308,      -7.138308707,      -5.850565665,      -8.819009584
          0,           0,        2005,      -7.934342777,      -5.810580692,      -7.135367869,      -5.850068556,      -8.818648552
          0,           0,        2006,      -7.933548187,      -5.810468679,      -7.135379222,      -5.849328595,      -8.818282932
          0,           0,        2007,      -7.932491389,      -5.810638866,      -7.137213194,      -5.848399851,      -8.817915952
          0,           0,        2008,      -7.931485763,       -5.80935277,      -7.133028608,      -5.847498502,      -8.817543313
          0,           0,        2009,      -7.930206838,      -5.805773573,      -7.113613486,      -5.846335786,      -8.817170507
          0,           0,        2010,      -7.928578319,      -5.807302918,      -7.126626026,      -5.844917067,      -8.816797062
          0,           0,        2011,      -7.928123384,      -5.809815441,      -7.139865774,      -5.844522616,      -8.816417604
          0,           0,        2012,      -7.927248874,      -5.791076038,      -7.056594222,      -5.843675076,      -8.816034298
          0,           0,        2013,      -7.923863822,      -5.806824304,       -7.11062773,       -5.84065095,      -8.815652982
          0,           0,        2014,      -7.924949547,      -5.807277336,      -7.136062991,       -5.84164516,      -8.815271802
          0,           0,        2015,      -7.924884888,      -5.808710702,      -7.140573144,      -5.841468857,      -8.814883222
          0,           0,        2016,      -7.924365761,      -5.811108805,      -7.148049109,      -5.840906578,      -8.814491516
          0,           0,        2017,      -7.924087306,      -5.779535135,      -7.016332279,      -5.840535318,      -8.814101881
          0,           0,        2018,      -7.918023299,      -5.805843052,      -7.103445191,      -5.834940367,       -8.81370841
          0,           0,        2019,      -7.922340771,      -5.795362054,      -7.094308673,      -5.838994882,      -8.813317456
          0,           0,        2020,      -7.922094879,      -5.804197071,      -7.109444489,      -5.838353479,      -8.812924204
          0,           0,        2021,      -7.922206688,      -5.791739704,      -7.067678208,      -5.838662556,      -8.812534135
          0,           0,        2022,       -7.91989771,      -5.809891786,      -7.148827665,      -5.836697391,       -8.81214548
          0,           0,        2023,      -7.922701758,      -5.810698145,      -7.148039422,      -5.838838548,      -8.811775583
          0,           0,        2024,      -7.923394019,      -5.808117289,      -7.144592579,      -5.839509687,      -8.811426379
          0,           0,        2025,      -7.924121855,      -5.810360559,       -7.15168763,       -5.84012391,      -8.811130418
          0,           0,        2026,      -7.924595055,      -5.577680462,      -6.619581175,      -5.839732291,      -8.810850051
          0,           0,        2027,      -7.805484859,      -5.278256567,      -6.540256906,      -5.746954443,      -8.810564261
          0,           0,        2028,      -7.840907706,      -5.562960054,      -6.840506856,       -5.76922053,      -8.810204032
          0,           0,        2029,      -7.892430525,      -5.599166237,      -6.845768916,      -5.811000995,      -8.809844659
          0,           0,        2030,      -7.909344348,      -5.680958565,       -6.94163214,      -5.824803852,       -8.80948139
          0,           0,        2031,      -7.912860404,      -5.710380774,      -6.962892631,      -5.828974633,      -8.809102129
          0,           0,        2032,      -7.913762177,      -5.792566301,      -7.020246386,      -5.832850154,      -8.808697327
          0,           0,        2033,      -7.822916109,      -5.714963472,      -6.948449366,       -5.74902371,      -8.808314893
          0,           0,        2034,      -7.866897297,      -5.781142408,      -7.023132911,      -5.790515819,      -8.807941238
          0,           0,        2035,      -7.896594098,      -5.774636287,      -7.024509762,      -5.816486549,      -8.807571871
          0,           0,        2036,      -7.905944063,      -5.792364643,       -7.07357611,       -5.82479617,      -8.807199928
          0,           0,        2037,      -7.902510771,      -5.791471024,      -7.084192545,      -5.821718552,      -8.806824115
          0,           0,        2038,      -7.902468524,      -5.803956514,      -7.125172413,      -5.821604515,      -8.806440794
          0,           0,        2039,       -7.90079181,      -5.801294969,      -7.118018421,      -5.819917831,        -8.8060578
          0,           0,        2040,      -7.908706977,       -5.38718168,      -6.376851483,      -5.826016939,      -8.805669082
          0,           0,        2041,      -7.843208591,      -5.767882573,      -6.872648492,      -5.770089788,      -8.805277046
          0,           0,        2042,      -7.899615707,       -5.80585109,      -7.126369039,      -5.804216832,       -8.80487745
          0,           0,        2043,      -7.914065225,      -5.806061771,      -7.124057777,      -5.833640385,      -8.804478188
          0,           0,        2044,      -7.918624895,      -5.806472866,       -7.14398274,      -5.836774784,      -8.804076848
          0,           0,        2045,      -7.920019811,      -5.794945208,      -7.067474128,      -5.838545668,      -8.803669149
          0,           0,        2046,      -7.919337052,        -5.8072425,      -7.123429157,      -5.838343607,       -8.80325564
          0,           0,        2047,      -7.924482946,      -5.807964206,      -7.142197447,      -5.842601719,      -8.802845239
          0,           0,        2048,      -7.928033171,      -5.807326601,      -7.136960275,      -5.844182011,      -8.802435862
          0,           0,        2049,      -7.929073214,      -5.807703696,      -7.147449455,      -5.845164098,      -8.802023915
          0,           0,        2050,      -7.929011858,      -5.673101652,      -6.742346096,      -5.844713422,      -8.801611306
          0,           0,        2051,       -7.46092504,       -3.79161049,      -4.909508684,       -4.07631928,      -8.801196685
          0,           0,        2052,      -7.281470915,      -5.565916242,      -6.406628613,      -5.233277604,      -8.800782359
          0,           0,        2053,      -7.379126153,      -5.700314604,      -6.682002649,      -5.354879327,      -8.800362599
          0,           0,        2054,      -7.563293095,      -5.776538305,      -6.879303867,      -5.529536201,      -8.799946302
          0,           0,        2055,      -7.725090147,      -5.776727423,       -6.89812468,      -5.689868307,      -8.799532766
          0,           0,        2056,       -7.80719026,      -5.796630192,       -7.01525395,      -5.749654924,      -8.799126327
          0,           0,        2057,      -7.861395188,      -5.784990105,      -7.021386014,      -5.795676335,      -8.798736986
          0,           0,        2058,      -7.886680917,      -5.802166054,      -7.088427282,      -5.811352728,      -8.798374129
          0,           0,        2059,      -7.899884644,       -5.80046497,      -7.121792015,      -5.820247512,      -8.798065426
          0,           0,        2060,      -7.906860406,      -5.803008313,      -7.117380877,      -5.825550449,      -8.797797092
          0,           0,        2061,       -7.90983686,      -5.795716371,      -7.097857564,      -5.827313218,      -8.797532217
          0,           0,        2062,       -7.91371272,      -5.803018792,      -7.133298505,      -5.831401182,      -8.797262763
          0,           0,        2063,      -7.915643167,      -5.805413059,      -7.135739532,      -5.832378672,      -8.795686664
          0,           0,        2064,      -7.917347253,      -5.800798588,      -7.115895333,      -5.833946985,      -8.795476833
          0,           0,        2065,      -7.917895912,      -5.798653315,      -7.106083663,      -5.834289445,      -8.795258939
          0,           0,        2066,      -7.918126927,      -5.803311039,      -7.131702125,      -5.834821181,      -8.795035718
          0,           0,        2067,      -7.920112093,      -5.792668358,      -7.082529986,       -5.83635769,      -8.794807853
          0,           0,        2068,      -7.919297162,      -5.803862436,      -7.116044908,      -5.835872661,       -8.79458901
          0,           0,        2069,      -7.921576956,      -5.798384404,      -7.109975527,       -5.83782237,      -8.794373485
          0,           0,        2070,      -7.922327558,       -5.80218479,      -7.122049099,      -5.838723654,      -8.794149526
          0,           0,        2071,      -7.923569564,      -5.806622075,      -7.142470959,      -5.839459421,      -8.793916476
          0,           0,        2072,      -7.923759352,      -5.775273377,      -7.012839782,      -5.839569385,      -8.792581471
          0,           0,        2073,      -7.919544957,      -5.800371976,      -7.090070351,      -5.835550597,      -8.792395823
          0,           0,        2074,      -7.922716276,      -5.699592044,      -6.842041405,      -5.838420431,      -8.792206728
          0,           0,        2075,      -7.882570488,      -5.751873904,      -6.885848444,      -5.748539912,      -8.792004428
          0,           0,        2076,      -7.901930462,      -5.799287619,      -7.093594671,      -5.805725487,      -8.791796405
          0,           0,        2077,      -7.903763303,      -5.769427895,      -7.015362677,      -5.813866212,      -8.791587902
          0,           0,        2078,      -7.905355989,      -5.798691156,      -7.101291372,      -5.827362816,      -8.791367483
          0,           0,        2079,      -7.906115148,      -5.770329512,      -7.012554647,      -5.829521069,      -8.791142147
          0,           0,        2080,      -7.906693544,      -5.807121268,      -7.126774557,      -5.830328076,      -8.790911323
          0,           0,        2081,      -7.909898752,      -5.798968817,      -7.112581716,      -5.833252662,      -8.790683262
          0,           0,        2082,      -7.916685824,      -5.805909323,      -7.140790051,      -5.835002593,       -8.79044194
          0,           0,        2083,      -7.919193248,      -5.788043402,      -7.079886282,      -5.835956277,      -8.790195326
          0,           0,        2084,      -7.920994041,      -5.491955659,      -6.505544525,       -5.83759748,       -8.78994679
          0,           0,        2085,       -7.57869227,      -5.315097539,      -6.558172799,      -5.523330321,      -8.789701229
          0,           0,        2086,      -7.704617668,       -5.58218557,       -6.85936204,      -5.635065544,      -8.789445637
          0,           0,        2087,      -7.810572087,      -5.632406633,      -6.912853729,      -5.730910892,      -8.789188031
          0,           0,        2088,      -7.855376853,      -5.689302031,      -6.930547643,      -5.775868031,        -8.7889267
          0,           0,        2089,      -7.857478655,        -5.7285756,      -6.966255137,      -5.783075373,      -8.788662188
          0,           0,        2090,      -7.858741087,       -5.59336473,      -6.633942192,      -5.775141018,      -8.788394221
          0,           0,        2091,      -7.282324308,       -5.39430298,      -6.650782999,      -5.055315723,       -8.78812485
          0,           0,        2092,      -7.690675292,      -5.647976986,      -6.684648376,      -5.488618323,      -8.787858652
          0,           0,        2093,      -7.720697413,      -5.668287453,      -6.765106052,      -5.629447124,      -8.787595708
          0,           0,        2094,      -7.702839383,      -5.696682147,      -6.849700801,      -5.693567689,      -8.787341466
          0,           0,        2095,      -7.731636963,      -5.738827911,      -6.939946078,      -5.740184054,      -8.787098202
          0,           0,        2096,      -7.772647827,      -5.803918915,      -7.088854638,      -5.717030928,       -8.78687452
          0,           0,        2097,      -7.854273331,      -5.765440335,      -7.027721231,      -5.792251267,      -8.786649698
          0,           0,        2098,      -7.866390695,      -5.732160069,      -6.960382119,      -5.801472204,      -8.786420484
          0,           0,        2099,       -7.86370661,      -5.803356077,      -7.130498557,      -5.806570052,      -8.786186747
          0,           0,        2100,      -7.886486939,       -5.78390578,      -7.081849198,      -5.820129405,      -8.785960293
          0,           0,        2101,      -7.894234953,      -5.798451303,      -7.122749276,      -5.824408086,      -8.785724677
          0,           0,        2102,      -7.900654084,      -5.789674202,      -7.101344023,      -5.827600143,       -8.78548697
          0,           0,        2103,      -7.903424679,      -5.788426173,      -7.068272142,      -5.821089163,       -8.78524768
          0,           0,        2104,      -7.913591612,       -5.79440948,      -7.107241997,      -5.829200162,      -8.785010332
          0,           0,        2105,      -7.914823882,      -5.795991179,       -7.11391246,      -5.833623224,      -8.784769239
          0,           0,        2106,      -7.914809388,       -5.80149639,       -7.13684867,      -5.833653612,      -8.784523509
          0,           0,        2107,      -7.919543386,      -5.801301399,      -7.138159952,      -5.836970266,      -8.784283512
          0,           0,        2108,      -7.921174022,      -5.797575144,      -7.133166876,      -5.838552978,      -8.784035917
          0,           0,        2109,      -7.921152686,      -5.799528116,      -7.134496055,      -5.839470621,      -8.783786121
          0,           0,        2110,      -7.921355753,      -5.801497514,      -7.140099829,      -5.838532206,      -8.783535853
          0,           0,        2111,      -7.923409479,      -5.800817547,      -7.140997259,      -5.839780446,      -8.783291699
          0,           0,        2112,        -7.9241866,      -5.800182937,      -7.142671009,      -5.840244571,      -8.783038814
          0,           0,        2113,      -7.923300393,      -5.803141463,      -7.150991809,      -5.839760303,      -8.782784245
          0,           0,        2114,      -7.922656447,      -5.796576209,      -7.115462962,      -5.837876753,      -8.782531219
          0,           0,        2115,      -7.921176926,      -5.800171216,      -7.139579149,      -5.836399481,      -8.782283477
          0,           0,        2116,      -7.920891366,      -5.796473995,      -7.125606831,      -5.836125142,      -8.782028356
          0,           0,        2117,      -7.918709477,      -5.796219394,      -7.118826388,      -5.834349875,      -8.781771016
          0,           0,        2118,      -7.918853884,      -5.800208212,      -7.137478179,      -5.834233964,      -8.781516771
          0,           0,        2119,      -7.918139182,      -5.800605716,      -7.148028386,      -5.834089169,      -8.781265082
          0,           0,        2120,      -7.918307242,      -5.771286108,      -7.040403714,      -5.833490908,      -8.781002051
          0,           0,        2121,      -7.914412426,      -5.799907516,      -7.125131132,      -5.830463684,      -8.780720434
          0,           0,        2122,      -7.918171823,      -5.795193134,      -7.125229493,      -5.834012147,      -8.780443636
          0,           0,        2123,      -7.918669674,      -5.798453068,      -7.138827541,      -5.834357615,      -8.780161714
          0,           0,        2124,      -7.920128531,       -5.80244652,       -7.16127643,      -5.835533378,      -8.779873679
          0,           0,        2125,      -7.920711829,      -4.848578818,      -5.826073196,      -5.802168387,      -8.779562789
          0,           0,        2126,      -7.725424951,      -5.718242875,      -6.718158417,      -5.660468863,      -8.779234662
          0,           0,        2127,      -7.854988521,      -5.732571343,      -6.934384081,      -5.783732307,       -8.77890341
          0,           0,        2128,       -7.91230622,       -5.78843023,      -7.112906526,      -5.828338479,      -8.778566972
          0,           0,        2129,      -7.916275024,      -5.785872063,      -7.101792992,      -5.832555627,      -8.778232842
          0,           0,        2130,      -7.914788491,      -5.694771048,      -6.991451186,      -5.830836227,       -8.77789106
          0,           0,        2131,       -7.80524276,      -5.744058965,      -6.888670453,      -5.732637691,      -8.777550693
          0,           0,        2132,      -7.851849796,      -5.334908801,      -6.557656165,      -5.773917301,      -8.777204922
          0,           0,        2133,      -7.439359528,      -5.689530624,      -6.553326723,      -5.386484189,       -8.77685929
          0,           0,        2134,      -7.718132104,      -5.765486836,      -6.859240249,      -5.652703033,      -8.776515785
          0,           0,        2135,       -7.74282277,      -5.782899164,      -7.049937893,      -5.677662982,      -8.776163599
          0,           0,        2136,      -7.813557121,      -5.790632335,      -7.080235425,      -5.743685008,      -8.775813712
          0,           0,        2137,      -7.859488119,      -5.744644647,      -6.935695412,      -5.783835254,      -8.775460424
          0,           0,        2138,      -7.877381324,      -5.785995791,      -7.052523043,      -5.797988558,      -8.775103955
          0,           0,        2139,      -7.898610649,      -5.796416823,       -7.13605459,      -5.817870377,      -8.774744432
          0,           0,        2140,      -7.905781018,      -5.795330436,      -7.130523042,      -5.822782345,      -8.774386795
          0,           0,        2141,      -7.906587243,      -5.798158965,      -7.144742458,      -5.823332779,      -8.774024687
          0,           0,        2142,      -7.907208805,      -5.799632488,      -7.154327099,      -5.823169224,      -8.773657721
          0,           0,        2143,      -7.907886045,      -5.800727914,      -7.158425231,      -5.823641163,      -8.773290105
          0,           0,        2144,      -7.908710832,      -5.793605171,      -7.137176314,      -5.824564486,      -8.772922689
          0,           0,        2145,      -7.909227973,      -5.798477154,      -7.148719977,      -5.824970714,       -8.77255001
          0,           0,        2146,      -7.911011341,      -5.797195016,      -7.156340964,       -5.82675199,      -8.772164762
          0,           0,        2147,      -7.912448481,       -5.80166195,      -7.173222097,      -5.828171749,      -8.771758644
          0,           0,        2148,      -7.913714989,      -5.796473573,      -7.156539792,      -5.829448388,      -8.771355667
          0,           0,        2149,      -7.914373783,      -5.798586478,      -7.154382426,      -5.829844355,      -8.770952733
          0,           0,        2150,      -7.915682776,       -5.79780302,      -7.163394796,      -5.831141083,      -8.770557956
          0,           0,        2151,       -7.91685013,      -5.799771314,      -7.165424286,      -5.832207391,      -8.770173866
          0,           0,        2152,      -7.917453025,      -5.800947441,      -7.179538837,      -5.832781084,      -8.769821389
          0,           0,        2153,      -7.918301627,      -5.791025702,      -7.119714967,      -5.833274123,      -8.769471772
          0,           0,        2154,      -7.917987597,      -5.734128963,      -6.915648414,      -5.833005925,      -8.769126597
          0,           0,        2155,      -7.904005319,         -5.777878,      -7.033468093,      -5.818814237,      -8.768796614
          0,           0,        2156,      -7.916660537,      -5.799472797,      -7.167858123,      -5.832749167,      -8.768497116
          0,           0,        2157,      -7.919921942,      -5.791356868,      -7.132784571,      -5.835257712,      -8.768209674
          0,           0,        2158,      -7.919775235,      -5.796353944,      -7.152144096,      -5.835202587,      -8.767913844
          0,           0,        2159,      -7.921169987,      -5.760301178,      -7.007212967,      -5.835952547,      -8.767615269
          0,           0,        2160,      -7.915998394,      -5.792247457,      -7.103030779,      -5.831048423,      -8.767317789
          0,           0,        2161,      -7.921461615,      -5.784261726,      -7.110753224,      -5.836618593,      -8.767021433
          0,           0,        2162,      -7.922343369,      -5.792671864,      -7.128486112,      -5.836904714,       -8.76668717
          0,           0,        2163,      -7.922335386,      -5.787219846,      -7.113173152,      -5.837481179,      -8.766325411
          0,           0,        2164,      -7.920623301,      -5.798847518,      -7.164405382,      -5.835966847,      -8.765960752
          0,           0,        2165,       -7.92177681,      -5.797591125,      -7.159346892,       -5.83667344,      -8.765599627
          0,           0,        2166,      -7.921943697,      -5.798165526,      -7.170903414,      -5.836908539,      -8.765227056
          0,           0,        2167,      -7.921634336,      -5.798237491,      -7.164929729,      -5.836527502,      -8.764850877
          0,           0,        2168,      -7.920538985,       -5.69990645,      -6.841554282,      -5.834233856,      -8.764473713
          0,           0,        2169,      -7.854745304,      -5.718153923,      -6.907650487,      -5.770435661,      -8.764098175
          0,           0,        2170,      -7.900543398,       -5.78384443,      -7.082291091,      -5.817627845,        -8.7637136
          0,           0,        2171,       -7.90901478,      -5.785456513,      -7.108148325,       -5.82606567,      -8.763328185
          0,           0,        2172,      -7.910872242,      -5.776156837,      -7.083523889,      -5.827838153,      -8.762941338
          0,           0,        2173,      -7.908842619,       -5.79320416,      -7.140843041,      -5.825770077,      -8.762553098
          0,           0,        2174,      -7.908461355,      -5.799985217,      -7.167564364,      -5.824578354,      -8.762164391
          0,           0,        2175,      -7.910817311,      -5.797065772,      -7.161344995,      -5.826514376,       -8.76177964
          0,           0,        2176,      -7.911181292,      -5.789864766,      -7.131038071,      -5.826946015,      -8.761407337
          0,           0,        2177,      -7.912418795,       -5.79066215,      -7.121981047,      -5.827633823,       -8.76105656
          0,           0,        2178,      -7.913371951,       -5.79255408,      -7.130152387,      -5.828631255,       -8.76073411
          0,           0,        2179,      -7.913695313,      -5.798491294,      -7.165605982,      -5.829094377,      -8.760409962
          0,           0,        2180,      -7.914004529,      -5.799704205,       -7.16688992,      -5.829120392,      -8.760087796
          0,           0,        2181,      -7.913849621,      -5.798887632,      -7.163962804,      -5.828947556,      -8.759764803
          0,           0,        2182,       -7.91407769,      -5.795281241,      -7.151788385,      -5.829054422,      -8.759438281
          0,           0,        2183,      -7.913204355,      -5.745128118,      -6.945242341,      -5.828391679,      -8.759109169
          0,           0,        2184,      -7.879595705,      -5.784896063,      -7.066866476,      -5.782179961,      -8.758779956
          0,           0,        2185,      -7.889769453,      -5.798258454,      -7.124917329,      -5.813789889,      -8.758453101
          0,           0,        2186,      -7.901727243,      -5.796028752,      -7.129271014,      -5.821188283,      -8.758123844
          0,           0,        2187,      -7.904520632,      -5.794581571,      -7.136750838,      -5.825359071,      -8.757791896
          0,           0,        2188,      -7.905622603,        -5.3953413,      -6.408686047,      -5.821252502,      -8.757454438
          0,           0,        2189,      -6.789841646,       -4.40963727,      -5.398797191,      -4.551106821,      -8.757125031
          0,           0,        2190,      -7.103942624,      -5.246600694,      -6.019487978,      -5.040376605,      -8.756801551
          0,           0,        2191,      -7.252374988,      -4.814306733,      -5.816236976,      -5.021242128,      -8.756481365
          0,           0,        2192,      -7.264621679,      -4.557798439,      -5.692374152,       -4.82233937,      -8.756156416
          0,           0,        2193,      -5.751901436,      -4.072225322,      -4.822752982,      -3.665872196,      -8.755883773
          0,           0,        2194,      -6.082119673,      -4.305535976,      -5.179008949,      -4.052639279,      -8.755640011
          0,           0,        2195,       -6.27743387,      -4.401932085,      -5.476028433,      -4.295121598,      -8.755395036
          0,           0,        2196,      -6.383508832,      -4.520630857,      -5.577488149,      -4.364369295,      -8.755148655
          0,           0,        2197,      -6.447465537,      -4.634645366,       -5.65592482,      -4.394171538,      -8.754905899
          0,           0,        2198,      -6.505388718,      -4.742926595,      -5.753988836,      -4.438156395,      -8.754674099
          0,           0,        2199,      -6.567394225,      -4.843831103,      -5.824609036,      -4.501762367,      -8.754443509
          0,           0,        2200,      -6.643853716,       -4.93538965,      -5.883321151,      -4.582067002,      -8.754212473
          0,           0,        2201,       -6.73626317,      -5.022432522,      -5.920619144,      -4.679921178,      -8.753981118
          0,           0,        2202,      -6.828846106,      -5.099001333,      -5.971660521,      -4.780424217,      -8.753750095
          0,           0,        2203,      -6.908725431,      -5.175474629,      -6.023878387,      -4.865296353,      -8.753517546
          0,           0,        2204,      -6.962311659,      -5.238195066,      -6.092207008,      -4.923302692,      -8.753280601
          0,           0,        2205,      -7.000012828,      -5.306338057,      -6.151916631,      -4.963298894,       -8.75304409
          0,           0,        2206,      -7.034545439,      -5.356758884,      -6.210125516,      -4.999482645,      -8.752803799
          0,           0,        2207,      -7.079715548,      -5.415644431,      -6.264362138,      -5.048608064,      -8.752563874
          0,           0,        2208,      -7.133647935,       -5.45475174,        -6.2979177,      -5.105688298,      -8.752322173
          0,           0,        2209,      -7.197159738,      -5.505148256,      -6.347027319,      -5.172551248,      -8.752085534
          0,           0,        2210,      -7.253423265,      -5.530151415,       -6.36862744,      -5.229018226,      -8.751848649
          0,           0,        2211,      -7.289527385,      -5.506882587,      -6.397578506,      -5.256736995,      -8.751615171
          0,           0,        2212,      -7.295743254,      -5.625565035,      -6.437111651,       -5.26468259,      -8.751380135
          0,           0,        2213,      -7.302971522,       -5.63393384,      -6.475911665,      -5.262307562,      -8.751154647
          0,           0,        2214,      -7.314016542,      -5.649931546,      -6.484200921,      -5.270816014,      -8.750925214
          0,           0,        2215,      -7.337206327,      -5.669764493,       -6.49422301,      -5.295711848,      -8.750694024
          0,           0,        2216,      -7.373246947,      -5.677976297,      -6.484488228,      -5.330920229,      -8.750460014
          0,           0,        2217,      -7.410418609,      -5.697442267,      -6.489926685,       -5.37092506,      -8.750224893
          0,           0,        2218,      -7.437531019,      -5.705749799,      -6.490377798,      -5.398097407,      -8.749987305
          0,           0,        2219,      -7.445312768,      -5.706719212,       -6.49567375,      -5.407467629,      -8.749746221
          0,           0,        2220,      -7.435594592,      -5.722353295,      -6.516299228,      -5.397585614,      -8.749504647
          0,           0,        2221,      -7.424819481,      -5.710978921,      -6.530061078,      -5.386653156,      -8.749262525
          0,           0,        2222,      -7.413868199,      -5.724206208,      -6.545210049,      -5.374617474,      -8.749019772
          0,           0,        2223,       -7.41539739,      -5.734471717,       -6.57842924,      -5.359105947,      -8.748777443
          0,           0,        2224,      -7.426892629,      -5.741744679,      -6.572021123,      -5.378994665,      -8.748537876
          0,           0,        2225,      -7.444688082,      -5.658547221,      -6.545864835,      -5.364622191,      -8.748297515
          0,           0,        2226,      -7.458286855,      -5.728328824,      -6.524885817,       -5.41769297,      -8.748054293
          0,           0,        2227,      -7.494454475,      -5.747481049,      -6.526666761,      -5.448982161,      -8.747818651
          0,           0,        2228,      -7.526447867,      -5.761852387,      -6.519615792,      -5.481821701,      -8.747580621
          0,           0,        2229,      -7.548866757,      -5.757859911,      -6.509729025,      -5.502631769,      -8.747342828
          0,           0,        2230,      -7.559177823,      -5.764199457,      -6.504949575,      -5.511521847,       -8.74710141
          0,           0,        2231,      -7.560535485,      -5.771523812,      -6.517062045,      -5.513569638,      -8.746825099
          0,           0,        2232,      -7.553760476,      -5.773373963,      -6.524457697,      -5.504679475,      -8.746548454
          0,           0,        2233,      -7.544282616,      -5.770143851,      -6.542693525,      -5.496992106,      -8.746269445
          0,           0,        2234,      -7.534306155,      -5.597665893,      -6.358268814,      -5.484208964,      -8.745985777
          0,           0,        2235,      -7.346465595,      -5.756897545,      -6.454301728,      -5.298453809,      -8.745704079
          0,           0,        2236,      -7.508056234,      -5.760785999,      -6.519594072,      -5.447878606,      -8.745421154
          0,           0,        2237,      -7.487321366,      -5.769381572,      -6.563157787,      -5.428235316,       -8.74513535
          0,           0,        2238,      -7.515866976,      -5.777518923,      -6.566479503,      -5.465149987,      -8.744846874
          0,           0,        2239,      -7.549370237,      -5.783833028,      -6.562203906,      -5.500418864,      -8.744552593
          0,           0,        2240,      -7.576549922,        -5.7863115,      -6.550681615,      -5.528109549,      -8.744258848
          0,           0,        2241,      -7.599415185,      -5.720385686,      -6.508184421,      -5.548014477,      -8.743966955
          0,           0,        2242,      -6.777696153,       -5.00951677,      -5.426135892,      -4.720165467,      -8.743663264
          0,           0,        2243,      -6.600113237,      -3.316832473,      -4.589269182,      -3.550584214,      -8.743364704
          0,           0,        2244,      -6.641232906,      -4.086552051,      -5.226335847,      -4.338521031,      -8.743054852
          0,           0,        2245,      -6.603574024,      -4.701283103,      -5.667622665,      -4.569181653,      -8.742767018
          0,           0,        2246,      -6.743191901,      -4.903224287,      -5.778327547,      -4.735092327,      -8.742434249
          0,           0,        2247,      -6.752791696,      -5.051753084,      -5.883267363,       -4.71271263,      -8.742155409
          0,           0,        2248,      -6.736756393,      -5.173214554,      -6.003041027,      -4.686082017,      -8.741825721
          0,           0,        2249,      -6.751259705,      -5.209086116,       -6.06741771,      -4.698028608,      -8.741556196
          0,           0,        2250,      -6.785382345,      -5.323305297,      -6.086343545,      -4.730777017,      -8.741221484
          0,           0,        2251,       -6.86608611,      -5.384928899,      -6.088216508,      -4.812927642,      -8.740955189
          0,           0,        2252,      -6.957574611,      -5.358502032,      -6.089536498,      -4.906361389,       -8.74059655
          0,           0,        2253,      -7.019411131,      -5.497385284,      -6.133393349,      -4.969628342,      -8.740329252
          0,           0,        2254,      -7.061775007,      -5.368295594,      -6.149891191,      -5.005862889,      -8.739889519
          0,           0,        2255,      -7.068329304,      -5.502199216,      -6.220237516,      -5.025992687,       -8.73957664
          0,           0,        2256,      -7.085652168,      -5.571662235,      -6.287743218,      -5.044849418,      -8.739043757
          0,           0,        2257,        -7.1147496,      -5.612524926,      -6.337458685,      -5.075457647,      -8.738757274
          0,           0,        2258,      -7.159388637,      -5.628789903,      -6.383919819,      -5.121868077,      -8.738071359
          0,           0,        2259,      -7.217219814,      -5.625100596,      -6.390856768,      -5.181075097,      -8.737846662
          0,           0,        2260,      -7.279393739,       -5.66779463,      -6.414346366,      -5.243501816,      -8.737330175
          0,           0,        2261,      -7.336680113,      -5.685528788,      -6.448647589,       -5.30010464,      -8.736614367
          0,           0,        2262,      -7.359759966,      -5.695885827,      -6.449662729,      -5.319102131,      -8.736222678
          0,           0,        2263,      -7.370479679,       -5.70833214,      -6.480504857,       -5.32522274,      -8.734912883
          0,           0,        2264,       -7.38283752,      -5.713651636,      -6.491186172,      -5.334612264,      -8.734418067
          0,           0,        2265,      -7.401499506,      -5.715170863,      -6.498008658,      -5.351417467,      -8.732771183
          0,           0,        2266,      -7.425522416,      -5.729024168,      -6.510853473,      -5.374744734,      -8.730376856
          0,           0,        2267,      -7.453460276,      -5.730627721,      -6.512582712,      -5.402821142,      -8.727328975
          0,           0,        2268,      -7.472080482,      -5.735864137,      -6.535997087,      -5.422264815,      -8.720616895
          0,           0,        2269,      -7.477094003,      -5.739067668,      -6.557521973,      -5.428049484,      -8.714082529
          0,           0,        2270,      -7.473212369,      -5.747948588,      -6.580733201,      -5.425669542,      -8.700069552
          0,           0,        2271,      -7.469778501,      -5.433113765,      -6.339803692,      -5.393800132,      -8.684090287
          0,           0,        2272,      -7.055810845,      -5.469530403,      -5.917304837,      -4.977260481,      -8.664205426
          0,           0,        2273,      -7.336981109,      -5.542219579,      -6.156137446,      -5.295645116,      -8.658540784
          0,           0,        2274,      -7.353176963,       -5.67193185,      -6.328380328,      -5.307780718,      -8.700716138
          0,           0,        2275,      -7.371135548,       -5.66728334,      -6.438346794,      -5.320333531,      -8.730012507
          0,           0,        2276,      -7.439031447,      -5.650727048,      -6.470227356,      -5.395439272,      -8.728887167
          0,           0,        2277,      -7.111149797,      -5.032683469,      -5.830470465,      -5.065309139,      -8.727995832
          0,           0,        2278,      -7.207462774,       -4.97354769,      -6.048775129,      -5.005348866,      -8.727230605
          0,           0,        2279,      -6.916383444,      -5.236232568,      -5.834688844,      -4.841003504,      -8.725931082
          0,           0,        2280,      -6.607688803,      -5.114545836,      -5.641476959,      -4.609276962,      -8.725106021
          0,           0,        2281,       -6.54885511,      -4.733317462,      -5.635785228,      -4.478184867,      -8.724384138
          0,           0,        2282,      -6.668896147,      -4.545492671,      -5.612765996,      -4.391703103,      -8.723681443
          0,           0,        2283,      -6.788959319,      -4.461000302,      -5.598698632,      -4.340293023,      -8.722752539
          0,           0,        2284,      -6.568077523,      -4.449891155,      -5.582731387,        -4.3130792,      -8.720371706
          0,           0,        2285,      -6.299376639,      -4.496146379,      -5.353263758,      -4.268120474,      -8.715909303
          0,           0,        2286,      -6.105976284,      -4.577568801,      -5.183396391,      -4.207385846,      -8.713167249
          0,           0,        2287,      -5.999105571,      -4.597526733,      -5.089630511,      -4.151727833,      -8.712073486
          0,           0,        2288,      -5.949720179,      -4.442040856,      -5.018301879,       -4.04679251,      -8.712315373
          0,           0,        2289,      -5.837723457,      -4.237512161,      -4.915238622,      -3.844286911,        -8.7081242
          0,           0,        2290,      -5.552177315,      -4.033086498,      -4.666876521,      -3.592343687,       -8.54776811
          0,           0,        2291,      -5.153903384,      -3.659984457,      -4.141639152,      -2.870643628,      -8.277459389
          0,           0,        2292,      -4.252519646,      -3.730080871,      -3.308300872,      -2.180525915,      -8.718973765
          0,           0,        2293,      -4.588216706,      -3.852616596,      -3.477866761,      -2.546009345,      -8.720289301
          0,           0,        2294,      -4.809407492,      -3.878018034,       -3.64417536,      -2.825204594,      -8.719521422
          0,           0,        2295,      -4.933211261,      -3.978295649,      -3.891254585,      -2.913037168,      -8.719039479
          0,           0,        2296,       -4.97471551,      -3.890987167,      -4.134255212,      -2.958636262,      -8.718345677
          0,           0,        2297,      -5.038994701,        -3.9378649,      -4.373593477,      -3.020085198,      -8.719129033
          0,           0,        2298,      -5.138226488,      -4.034689505,      -4.573238812,      -3.119638561,      -8.722052768
          0,           0,        2299,      -5.250355554,      -4.140253023,      -4.729118123,      -3.235701476,       -8.72334087
          0,           0,        2300,      -5.366335149,       -4.24811987,      -4.836100971,      -3.357909115,      -8.723762254
          0,           0,        2301,       -5.48508475,      -4.349559781,      -4.901830309,      -3.485124497,      -8.723840832
          0,           0,        2302,      -5.603832594,      -4.443592139,      -4.949717897,      -3.614586587,      -8.723804248
          0,           0,        2303,      -5.712534168,      -4.530731455,       -4.99924539,      -3.733242947,      -8.723749181
          0,           0,        2304,      -5.798184871,      -4.611405146,      -5.057730471,      -3.821962861,      -8.723716299
          0,           0,        2305,      -5.858459152,      -4.686265321,      -5.121575274,      -3.877019616,      -8.723706752
          0,           0,        2306,      -5.905206133,      -4.755407433,      -5.182736695,      -3.916727257,      -8.723701151
          0,           0,        2307,      -5.950968177,      -4.818868373,       -5.23443396,      -3.958145228,       -8.72367044
          0,           0,        2308,      -6.000800439,      -4.876685719,      -5.275087093,      -4.006789831,      -8.723591086
          0,           0,        2309,      -6.052978263,      -4.928907905,      -5.306999457,      -4.059617447,      -8.723451976
          0,           0,        2310,      -6.102453737,      -4.975508877,      -5.332238976,       -4.10977382,       -8.72325203
          0,           0,        2311,      -6.144757976,      -5.016581894,      -5.351020207,       -4.15137221,      -8.722998964
          0,           0,        2312,      -6.178731452,      -5.052441152,      -5.363206165,      -4.183022999,      -8.722704465
          0,           0,        2313,      -6.206161414,      -5.083833833,      -5.370209813,      -4.207256909,      -8.722384218
          0,           0,        2314,      -6.229166163,      -5.111901737,       -5.37503843,      -4.226873446,      -8.722055628
          0,           0,        2315,      -6.248017815,      -5.137952211,      -5.381014816,      -4.242231594,       -8.72173607
          0,           0,        2316,      -6.261174418,      -5.163242729,      -5.390529385,      -4.251487939,      -8.721434689
          0,           0,        2317,      -6.267208923,      -5.188425968,      -5.404046433,      -4.253068863,      -8.721130258
          0,           0,        2318,      -6.266673393,      -5.213522067,       -5.42008069,         -4.247814,      -8.720845425
          0,           0,        2319,       -6.26257501,      -5.237755611,      -5.435107837,      -4.239283033,      -8.720584357
          0,           0,        2320,      -6.258899561,      -5.259616217,      -5.444375954,      -4.231880295,      -8.720337329
          0,           0,        2321,      -6.259060463,      -5.277267548,      -5.443961461,      -4.229162128,      -8.720103188
          0,           0,        2322,       -6.26504575,      -5.289208855,      -5.433163509,      -4.233070141,      -8.719876526
          0,           0,        2323,      -6.277276652,      -5.294994323,      -5.415025158,       -4.24390896,      -8.719650137
          0,           0,        2324,      -6.294674714,      -5.295518171,      -5.394435467,      -4.260472014,      -8.719419216
          0,           0,        2325,      -6.314771848,      -5.292216484,      -5.375867519,      -4.280153173,      -8.719179047
          0,           0,        2326,       -6.33401283,       -5.28896402,        -5.3623244,       -4.29922411,      -8.718859064
          0,           0,        2327,      -6.348623251,      -5.286947595,      -5.355276085,      -4.313686613,      -8.718544415
          0,           0,        2328,      -6.355980747,       -5.28802289,      -5.354873371,      -4.320700835,      -8.718221529
          0,           0,        2329,      -6.355867614,      -5.293190677,      -5.360208455,      -4.319940547,      -8.717934046
          0,           0,        2330,      -6.350453209,      -5.302671634,      -5.369385134,      -4.313614331,      -8.717637217
          0,           0,        2331,      -6.343066681,      -5.315994953,        -5.3796856,      -4.305174216,      -8.717334536
          0,           0,        2332,      -6.336845224,       -5.33202659,       -5.38801803,      -4.297871231,      -8.717010671
          0,           0,        2333,      -6.334059811,       -5.34907754,      -5.391808278,      -4.294057357,      -8.716694487
          0,           0,        2334,      -6.335909978,      -5.365167452,      -5.390000385,      -4.294965165,      -8.716386348
          0,           0,        2335,      -6.342733377,      -5.378526374,      -5.383472224,      -4.300953814,      -8.716079669
          0,           0,        2336,       -6.35412734,      -5.388186808,      -5.374517065,      -4.311639648,      -8.715767662
          0,           0,        2337,      -6.369062498,      -5.394351928,      -5.365816405,      -4.326013416,      -8.715425142
          0,           0,        2338,      -6.385999971,      -5.398270322,      -5.359622128,      -4.342557709,      -8.715085865
          0,           0,        2339,      -6.403048867,      -5.401697074,       -5.35736698,      -4.359393717,      -8.714762464
          0,           0,        2340,      -6.418308975,      -5.406237341,      -5.359613734,      -4.374612774,      -8.714440605
          0,           0,        2341,      -6.430348757,      -5.412915564,      -5.366151983,      -4.386742914,      -8.714119805
          0,           0,        2342,      -6.438618212,      -5.422060696,      -5.376024483,      -4.395170441,      -8.713779785
          0,           0,        2343,      -6.443667822,      -5.432798771,      -5.387776252,      -4.400367039,      -8.713471548
          0,           0,        2344,      -6.446790285,       -5.44367759,      -5.399594809,      -4.403575113,      -8.713175144
          0,           0,        2345,      -6.449622578,      -5.452727438,      -5.409728082,      -4.406408004,      -8.712898284
          0,           0,        2346,      -6.453675359,      -5.458143404,       -5.41697306,      -4.410378088,      -8.712648525
          0,           0,        2347,      -6.460060093,      -5.459039233,      -5.421058682,      -4.416611901,      -8.712377333
          0,           0,        2348,      -6.469370669,      -5.455882679,      -5.422686193,      -4.425721798,      -8.712068867
          0,           0,        2349,       -6.48172335,      -5.448662385,      -5.423199929,      -4.437839538,      -8.711739207
          0,           0,        2350,      -6.496795965,      -5.444944347,      -5.424111302,      -4.452656214,      -8.711037835
          0,           0,        2351,      -6.514056958,      -5.441834322,      -5.426693429,      -4.469636792,      -8.710712409
          0,           0,        2352,      -6.532553494,      -5.442713187,      -5.431636882,      -4.487798653,      -8.710413528
          0,           0,        2353,      -6.551401906,      -5.448623529,      -5.439058915,      -4.506342294,      -8.710049064
          0,           0,        2354,      -6.569985757,      -5.459606847,      -5.448406564,      -4.524302517,      -8.709734051
          0,           0,        2355,      -6.587537897,      -5.476317641,      -5.458801914,      -4.542000741,       -8.70924941
          0,           0,        2356,      -6.604378442,      -5.496220896,      -5.468801952,      -4.556407537,       -8.70896998
          0,           0,        2357,      -6.620060165,      -5.518571368,      -5.477338389,      -4.573748902,      -8.708565549
          0,           0,        2358,      -6.636730388,      -5.539186198,      -5.483466091,      -4.589153598,      -8.708260812
          0,           0,        2359,      -6.653123587,        -5.5565097,      -5.487108002,      -4.606912125,       -8.70782188
          0,           0,        2360,      -6.670911008,      -5.342222257,      -5.484696757,      -4.342010563,      -8.707551074
          0,           0,        2361,      -6.679788441,      -5.569334798,       -5.48783415,      -4.623469657,        -8.7072051
          0,           0,        2362,      -6.706598125,       -5.57246551,      -5.491612147,      -4.659757577,      -8.706862282
          0,           0,        2363,      -6.729032192,      -5.570133029,      -5.495175755,      -4.682956237,      -8.706488847
          0,           0,        2364,       -6.74833408,      -5.569442725,      -5.501607906,      -4.703915423,       -8.70615434
          0,           0,        2365,      -6.765990459,      -5.567161162,       -5.51114225,      -4.721698659,      -8.705755537
          0,           0,        2366,      -6.780859304,      -5.571334647,      -5.523695838,      -4.736295063,      -8.705317655
          0,           0,        2367,       -6.79279905,      -5.560227542,      -5.538491099,      -4.744798717,      -8.705005318
          0,           0,        2368,      -6.801148924,      -5.588325148,      -5.555176926,      -4.756538733,      -8.704596002
          0,           0,        2369,       -6.80772347,      -5.371111821,      -5.569269815,      -4.714633342,      -8.704394063
          0,           0,        2370,      -6.775063518,      -5.483831407,      -5.583922878,      -4.672816668,      -8.704110879
          0,           0,        2371,      -6.814306121,      -5.602026667,      -5.599625879,      -4.763506178,      -8.703704048
          0,           0,        2372,      -6.825261579,       -5.52727669,       -5.60984187,      -4.764701698,      -8.703429179
          0,           0,        2373,      -6.835124084,      -5.620868164,      -5.618362798,      -4.794760331,       -8.70290051
          0,           0,        2374,      -6.854119943,      -5.144907174,      -5.612524771,      -4.636083159,      -8.702624099
          0,           0,        2375,      -6.860120852,       -5.58985744,      -5.626166192,      -4.808358383,      -8.702202607
          0,           0,        2376,      -6.896223164,      -5.599697251,      -5.631842918,      -4.856474501,      -8.701850435
          0,           0,        2377,      -6.928892131,      -5.588607851,      -5.636488422,      -4.886600674,      -8.701420989
          0,           0,        2378,      -6.959105667,      -5.592943682,      -5.642247819,      -4.919803561,      -8.701054986
          0,           0,        2379,      -6.988323677,      -5.590274932,      -5.649175953,      -4.949564845,      -8.700589484
          0,           0,        2380,       -7.01500384,      -5.596930496,      -5.656587676,      -4.973742811,      -8.700198015
          0,           0,        2381,      -7.038319661,      -5.601278344,      -5.664032035,      -4.996391269,      -8.699717137
          0,           0,        2382,      -7.057233759,      -5.609684983,      -5.670726971,      -5.011486058,      -8.699305637
          0,           0,        2383,      -7.073100915,      -5.616892913,      -5.676161771,      -5.026213643,      -8.698811547
          0,           0,        2384,      -7.087947521,      -5.623644159,      -5.680007216,      -5.037906021,      -8.698399579
          0,           0,        2385,      -7.104111047,      -5.629557727,      -5.682326197,      -5.053864845,      -8.697889117
          0,           0,        2386,      -7.123607969,       -5.63046925,      -5.683441332,      -5.071261039,      -8.697472886
          0,           0,        2387,       -7.14675054,      -5.633299967,      -5.684148508,       -5.09571838,      -8.696926854
          0,           0,        2388,      -7.173507701,      -5.631291411,      -5.684765858,      -5.120988526,      -8.696347807
          0,           0,        2389,      -7.201839039,      -5.635257394,      -5.686094107,      -5.152828925,        -8.6952999
          0,           0,        2390,       -7.22829041,      -5.627923584,       -5.68848174,        -5.1767212,      -8.694996677
          0,           0,        2391,      -7.245721019,      -5.634024165,      -5.692279723,      -5.201886729,      -8.694509779
          0,           0,        2392,      -7.252058216,      -5.594202266,      -5.696981109,       -5.18157264,      -8.694114909
          0,           0,        2393,      -7.242693279,      -5.631085411,      -5.703361909,      -5.200664691,      -8.693471196
          0,           0,        2394,      -7.229283881,      -5.565724123,       -5.70971716,      -5.144807795,      -8.693139397
          0,           0,        2395,      -7.198263218,      -5.621450079,      -5.717044936,      -5.145705332,       -8.69275008
          0,           0,        2396,      -7.187870975,      -5.633351722,      -5.724126646,      -5.157864314,      -8.691277987
          0,           0,        2397,      -7.175586346,      -5.625875405,      -5.730277844,      -5.140746156,      -8.690960989
          0,           0,        2398,      -7.168105765,      -5.619743022,      -5.735385504,      -5.137714086,      -8.690294463
          0,           0,        2399,      -7.168779191,      -5.582310947,       -5.73928187,      -5.135245171,      -8.689763555
          0,           0,        2400,      -7.174144078,      -5.621311906,      -5.742526472,      -5.142736937,      -8.688504326
          0,           0,        2401,      -7.192816569,      -5.606573667,      -5.745024693,      -5.156301094,      -8.688206549
          0,           0,        2402,      -7.214836914,      -5.612574464,      -5.747001579,      -5.182421267,      -8.687462673
          0,           0,        2403,       -7.24448142,      -5.505632428,      -5.747074998,      -5.131316577,      -8.687004821
          0,           0,        2404,      -7.270443894,      -5.605491333,      -5.749016011,       -5.22463697,      -8.686617369
          0,           0,        2405,      -7.314569297,      -5.583800191,      -5.749573881,      -5.244852595,      -8.686452446
          0,           0,        2406,       -7.34752421,      -5.609290769,      -5.749867719,       -5.30451809,      -8.686144551
          0,           0,        2407,      -7.385495836,      -5.607027269,      -5.749772147,      -5.348867833,      -8.685769263
          0,           0,        2408,      -7.415547861,       -5.60937338,       -5.74907509,      -5.368791752,      -8.685197979
          0,           0,        2409,      -7.442980074,       -5.60868151,      -5.747915231,      -5.393408721,      -8.684601015
          0,           0,        2410,      -7.466026192,      -5.609833453,      -5.746559762,      -5.411438942,      -8.681458328
          0,           0,        2411,      -7.487589801,      -5.608460642,      -5.744987423,       -5.42734907,      -8.680886292
          0,           0,        2412,      -7.506876197,      -5.609724316,      -5.743443597,      -5.447530525,      -8.680593522
          0,           0,        2413,      -7.526749751,      -5.607024349,      -5.741971308,      -5.462300956,      -8.680312891
          0,           0,        2414,      -7.543704771,      -5.608599085,      -5.740864251,      -5.483930631,      -8.679997328
          0,           0,        2415,       -7.55894203,      -5.607427134,      -5.740134446,      -5.504001174,      -8.679638549
          0,           0,        2416,      -7.564468593,      -5.607270308,      -5.739976835,      -5.515428483,       -8.67929374
          0,           0,        2417,      -7.560714409,      -5.606509353,      -5.740350838,      -5.519975631,      -8.678929197
          0,           0,        2418,      -7.544437673,      -5.605550532,       -5.74132615,      -5.510815405,      -8.678595569
          0,           0,        2419,       -7.52055215,      -5.604030017,      -5.742750393,      -5.494234297,      -8.678279386
          0,           0,        2420,      -7.491586611,       -5.60304699,      -5.744567409,       -5.46820812,      -8.677975501
          0,           0,        2421,      -7.462581627,      -5.603446093,       -5.74652399,      -5.442651763,      -8.677590588
          0,           0,        2422,      -7.437740705,      -5.601216902,      -5.748576079,      -5.417992129,      -8.677279242
          0,           0,        2423,      -7.417296638,      -5.600988246,      -5.750515661,      -5.398778698,      -8.676954129
          0,           0,        2424,      -7.402345047,      -5.598192519,      -5.752249846,      -5.382832363,      -8.676653958
          0,           0,        2425,      -7.393112376,      -5.596497192,      -5.753660147,      -5.374084437,      -8.676279622
          0,           0,        2426,      -7.389060991,      -5.594868444,      -5.754675019,      -5.368535491,      -8.676004606
          0,           0,        2427,      -7.391532311,      -5.594472756,       -5.75525997,      -5.371166038,      -8.675639794
          0,           0,        2428,      -7.398926512,      -5.591237938,      -5.755484751,      -5.376701518,       -8.67525155
          0,           0,        2429,      -7.409861332,      -5.591166968,      -5.755425358,      -5.386956161,      -8.674807071
          0,           0,        2430,      -7.423941796,      -5.588197378,       -5.75505404,      -5.398367383,       -8.67431804
          0,           0,        2431,      -7.439471671,      -5.588027734,      -5.754390173,      -5.412268039,      -8.673742815
          0,           0,        2432,      -7.454577994,      -5.585767072,      -5.753607099,      -5.423579554,      -8.673299262
          0,           0,        2433,      -7.472020265,      -5.586043586,      -5.752498378,      -5.438283792,      -8.672825238
          0,           0,        2434,      -7.489100857,      -5.581191784,      -5.751233121,      -5.452349713,      -8.672379415
          0,           0,        2435,      -7.502397105,      -5.584299972,      -5.749811942,      -5.461313346,      -8.668004394
          0,           0,        2436,       -7.51668713,      -5.582273574,        -5.7484433,      -5.471997155,      -8.667549469
          0,           0,        2437,      -7.528420542,      -5.582764201,      -5.747108718,      -5.479416584,      -8.667267843
          0,           0,        2438,      -7.538813611,      -5.581050814,      -5.745924296,      -5.488809024,      -8.667030341
          0,           0,        2439,       -7.54598946,      -5.509347746,      -5.743083657,      -5.338501511,      -8.666772352
          0,           0,        2440,      -7.217969612,       -5.45171129,      -5.736969621,      -4.952427988,       -8.66652592
          0,           0,        2441,       -7.47672458,       -5.54612972,      -5.740534348,      -5.278635642,      -8.666250818
          0,           0,        2442,      -7.503373959,      -5.552435181,      -5.741153162,      -5.404868758,      -8.665968473
          0,           0,        2443,      -7.487216273,      -5.556829572,       -5.74137223,      -5.456442985,      -8.665658443
          0,           0,        2444,      -7.480355099,      -5.568160598,      -5.741517763,      -5.468391411,      -8.665380388
          0,           0,        2445,       -7.48624123,      -5.573807362,      -5.741204084,      -5.417647854,      -8.664940608
          0,           0,        2446,      -7.493636478,      -5.566626634,      -5.741111305,      -5.449044149,      -8.664369403
          0,           0,        2447,      -7.484473716,       -5.48880185,       -5.73943893,      -5.268421163,      -8.664006896
          0,           0,        2448,       -7.44919821,      -5.574035726,      -5.740528173,       -5.41680364,      -8.663205439
          0,           0,        2449,      -7.456316046,      -5.524445739,      -5.724383508,      -5.443939406,      -8.662861424
          0,           0,        2450,      -7.242905729,      -5.568156704,      -5.736000157,      -5.206454469,      -8.662554394
          0,           0,        2451,      -7.428909429,      -5.568928108,      -5.736286678,       -5.40866127,      -8.662228611
          0,           0,        2452,      -7.398295664,      -5.565893809,      -5.736524914,       -5.35874531,       -8.66192362
          0,           0,        2453,      -7.409199627,      -5.569880573,      -5.735694546,      -5.379805825,      -8.661626221
          0,           0,        2454,      -7.428584962,      -5.569219328,      -5.734699032,       -5.40642666,      -8.661397592
          0,           0,        2455,      -7.441912961,      -5.568985026,      -5.733742665,      -5.418344257,      -8.661213527
          0,           0,        2456,      -7.452153807,      -5.565366925,      -5.732670932,      -5.422517755,      -8.661014943
          0,           0,        2457,      -7.458983996,      -5.565323856,      -5.730563019,      -5.431254746,      -8.660761343
          0,           0,        2458,      -7.454805549,      -5.564743707,      -5.730384546,       -5.42560487,      -8.660496976
          0,           0,        2459,      -7.472823866,      -5.566280686,      -5.729172432,      -5.445162498,      -8.660167087
          0,           0,        2460,      -7.488426939,      -5.563055987,      -5.727884592,      -5.456490811,      -8.659854137
          0,           0,        2461,      -7.498343976,      -5.563648194,      -5.726498074,      -5.461307351,      -8.659540039
          0,           0,        2462,       -7.50817627,      -5.562836658,      -5.725054983,      -5.470970155,      -8.659233743
          0,           0,        2463,      -7.517429157,      -5.560522867,      -5.723406465,      -5.469813862,      -8.658918512
          0,           0,        2464,      -7.524016572,      -5.561294478,      -5.721828651,      -5.483294126,      -8.658640282
          0,           0,        2465,      -7.529991836,      -5.554435878,      -5.719642079,      -5.467620277,      -8.658336584
          0,           0,        2466,      -7.517343491,      -5.558298848,      -5.718214644,      -5.464718392,      -8.657773873
          0,           0,        2467,      -7.531940908,      -5.559492545,      -5.716482655,      -5.488050605,      -8.656858721
          0,           0,        2468,       -7.52854718,       -5.55889688,      -5.714804878,      -5.487253983,      -8.656488587
          0,           0,        2469,      -7.525423391,      -5.559092158,      -5.713138893,      -5.486093283,      -8.656146239
          0,           0,        2470,       -7.52090655,      -5.551971162,       -5.71139078,        -5.4595211,      -8.655781135
          0,           0,        2471,      -7.510602287,      -5.557712594,      -5.709839257,      -5.467849239,      -8.655379278
          0,           0,        2472,      -7.506364515,      -5.555934358,      -5.708192738,      -5.471683607,      -8.654989713
          0,           0,        2473,      -7.491502859,      -5.556960478,      -5.706350915,      -5.459275922,      -8.654571607
          0,           0,        2474,      -7.488499705,      -5.555706326,      -5.704255091,      -5.457400979,       -8.65416933
          0,           0,        2475,      -7.483502967,      -5.555385897,      -5.702031567,      -5.452605644,      -8.653747681
          0,           0,        2476,      -7.478017722,      -5.554463887,      -5.699801711,      -5.448478855,      -8.653355854
          0,           0,        2477,      -7.474675744,      -5.554148707,      -5.697584376,      -5.443074376,       -8.65294827
          0,           0,        2478,      -7.473040977,      -5.553539117,      -5.695491638,      -5.444760558,      -8.652555604
          0,           0,        2479,      -7.472603029,      -5.552008287,        -5.6934192,      -5.437063469,      -8.652153105
          0,           0,        2480,      -7.473628229,      -5.551103494,      -5.691453422,      -5.437093622,      -8.651800373
          0,           0,        2481,      -7.475251735,      -4.962768222,      -5.580877376,      -4.588526987,      -8.651059839
          0,           0,        2482,      -7.398349714,      -5.540612751,      -5.684538554,      -5.325026665,      -8.650150002
          0,           0,        2483,      -7.454822181,      -5.539423763,      -5.685015104,      -5.353683819,      -8.649778964
          0,           0,        2484,      -7.476514233,      -5.547226173,      -5.683818134,      -5.421247515,      -8.649408582
          0,           0,        2485,      -7.485482981,      -5.548089271,       -5.68182883,      -5.439288581,      -8.649015291
          0,           0,        2486,      -7.491662161,      -5.547523648,      -5.679275089,      -5.450283944,      -8.648634883
          0,           0,        2487,      -7.486174055,      -5.548598737,      -5.677372273,      -5.446046173,      -8.648231537
          0,           0,        2488,      -7.499433113,      -5.544811734,      -5.675078254,      -5.449257424,      -8.647844628
          0,           0,        2489,       -7.50285639,      -5.548078604,      -5.672647393,      -5.460024199,      -8.647460751
          0,           0,        2490,      -7.508272069,       -5.54654594,      -5.670173056,      -5.465619611,      -8.647112176
          0,           0,        2491,       -7.50766164,       -5.54546785,      -5.667857017,      -5.458582808,      -8.646760764
          0,           0,        2492,      -7.515764434,      -5.545766395,      -5.665966814,      -5.469499423,      -8.646430545
          0,           0,        2493,      -7.520648858,      -5.542351207,      -5.664323023,      -5.462961293,      -8.646077483
          0,           0,        2494,      -7.517007506,       -5.54355765,      -5.662857264,      -5.461384584,       -8.64572355
          0,           0,        2495,      -7.520314105,      -5.544362893,       -5.66143679,      -5.469572747,      -8.645351012
          0,           0,        2496,      -7.522224682,       -5.54339692,      -5.659852763,      -5.471298417,      -8.644985513
          0,           0,        2497,      -7.522472629,       -5.53999995,      -5.657962817,      -5.456463089,      -8.644578969
          0,           0,        2498,      -7.518276375,      -5.538896175,      -5.656008879,      -5.448139468,      -8.644214651
          0,           0,        2499,      -7.520552558,        -5.5095969,      -5.652903505,      -5.350223169,      -8.643839095
          0,           0,        2500,      -7.506041302,       -5.54076969,      -5.651767146,      -5.446461769,      -8.643470961
          0,           0,        2501,      -7.516826524,      -5.541736859,      -5.649856038,      -5.469640964,      -8.643091798
          0,           0,        2502,      -7.519249736,      -5.540644806,      -5.647744791,      -5.471019221,      -8.642730409
          0,           0,        2503,      -7.518966576,      -5.539811769,      -5.645613094,      -5.468710627,      -8.642355645
          0,           0,        2504,      -7.518067874,      -5.538803499,      -5.643399014,      -5.468656832,      -8.641997343
          0,           0,        2505,       -7.51344779,      -5.538821221,      -5.640945991,      -5.466239225,      -8.641616622
          0,           0,        2506,      -7.505064935,      -5.538274162,      -5.639233572,      -5.454503421,       -8.64117793
          0,           0,        2507,      -7.510208989,      -5.538327628,       -5.63696583,      -5.460330551,      -8.640816094
          0,           0,        2508,      -7.516185856,      -5.537168641,      -5.634604317,      -5.464493556,      -8.640458862
          0,           0,        2509,      -7.519881609,      -5.535599153,      -5.632248793,      -5.462946146,      -8.640076509
          0,           0,        2510,      -7.521391596,      -5.535975985,      -5.630151137,       -5.46700691,      -8.639719716
          0,           0,        2511,       -7.52294993,      -5.533514317,      -5.628088885,      -5.457511871,      -8.638860151
          0,           0,        2512,      -7.525234954,      -5.533895413,      -5.626189214,      -5.461854005,      -8.638519476
          0,           0,        2513,      -7.529023883,      -5.534476915,      -5.624389776,      -5.469185829,        -8.6381558
          0,           0,        2514,      -7.532229532,      -5.533186758,      -5.622606593,      -5.469859932,      -8.637786567
          0,           0,        2515,      -7.534239832,      -5.532721292,      -5.620869963,      -5.470507502,      -8.637395159
          0,           0,        2516,      -7.536460565,      -5.529112576,      -5.619088837,      -5.462011245,      -8.637019195
          0,           0,        2517,       -7.53715012,      -5.531537042,       -5.61750247,      -5.468657188,      -8.636621688
          0,           0,        2518,      -7.541193789,      -5.530278022,      -5.615885559,       -5.47397319,      -8.636231843
          0,           0,        2519,      -7.543382086,      -5.529021606,      -5.614291331,      -5.471920738,      -8.635824017
          0,           0,        2520,      -7.544943017,      -5.528681585,      -5.612779889,      -5.473949546,       -8.63542528
          0,           0,        2521,       -7.54619406,      -5.526426813,      -5.611244906,       -5.46735984,      -8.634916547
          0,           0,        2522,      -7.544707411,      -5.526604949,      -5.609715036,      -5.467567131,      -8.634525069
          0,           0,        2523,      -7.545994034,      -5.493969286,      -5.606889766,      -5.356199299,      -8.634119021
          0,           0,        2524,      -5.445099274,      -5.015135815,      -4.718897767,      -3.105724947,       -8.63371337
          0,           0,        2525,      -5.997141324,       -5.39392637,      -4.870922923,      -3.775156296,      -8.633291941
          0,           0,        2526,      -5.943361574,      -5.410291136,      -5.112258043,      -3.912764685,        -8.6328751
          0,           0,        2527,      -5.994260756,      -5.465815638,        -5.2634853,      -4.056791625,      -8.632409993
          0,           0,        2528,       -6.08915993,      -5.463735808,      -5.401907563,      -4.201517861,      -8.631998475
          0,           0,        2529,       -6.20715311,      -5.490519341,      -5.482872035,       -4.37515845,      -8.631366939
          0,           0,        2530,      -6.326084188,      -5.498307372,      -5.534379826,      -4.520449244,      -8.630916103
          0,           0,        2531,      -6.441032188,      -5.502054951,      -5.560513774,      -4.637450205,       -8.63036953
          0,           0,        2532,        -6.5613672,      -5.503190703,      -5.572712715,       -4.78339824,      -8.629925141
          0,           0,        2533,      -6.653713942,      -5.512168257,      -5.578536927,       -4.86785378,      -8.628747461
          0,           0,        2534,      -6.745237266,       -5.43913807,      -5.579521048,      -4.601713703,       -8.62843147
          0,           0,        2535,      -6.832633389,      -5.504453771,      -5.578970021,      -4.928783486,      -8.627893718
          0,           0,        2536,      -6.920700283,      -5.345639795,      -5.577996436,      -4.553496329,       -8.62746611
          0,           0,        2537,      -6.360698429,      -5.014446615,      -5.233665494,      -4.199181524,      -8.627005129
          0,           0,        2538,      -6.666515702,      -5.249110887,      -5.404549671,      -4.589008723,      -8.626514626
          0,           0,        2539,      -6.667377385,      -5.097748883,      -5.448070615,      -4.567708576,      -8.625235698
          0,           0,        2540,      -6.734869711,      -5.416698082,      -5.547314992,      -4.776270529,      -8.624717463
          0,           0,        2541,      -6.886951909,      -5.481541782,      -5.565074046,      -4.957535766,      -8.624353306
          0,           0,        2542,      -7.041303411,      -5.452030049,      -5.572220682,      -5.050602058,      -8.623960113
          0,           0,        2543,      -7.160666842,       -5.31539621,      -5.567331391,      -4.658391794,      -8.623537542
          0,           0,        2544,      -7.194187923,      -5.477599188,      -5.575065976,      -5.000214853,      -8.623140324
          0,           0,        2545,      -7.234047516,      -5.490230026,      -5.578432048,      -5.187268994,      -8.622714057
          0,           0,        2546,      -7.286401258,      -5.495082391,      -5.578277606,      -5.305468336,      -8.622368128
          0,           0,        2547,      -7.325697843,      -5.494070637,      -5.577924273,      -5.324583425,      -8.622013193
          0,           0,        2548,      -7.357601185,       -5.49657493,      -5.577108875,      -5.369731063,      -8.621690099
          0,           0,        2549,      -7.386674027,      -5.493974372,      -5.576064347,      -5.390606931,      -8.621277977
          0,           0,        2550,      -7.409554813,      -5.493473209,       -5.57479096,      -5.395274887,      -8.618587704
          0,           0,        2551,      -7.426494988,      -5.484809066,      -5.573338007,      -5.306945312,      -8.618166625
          0,           0,        2552,       -7.42478036,      -5.491018125,      -5.572002166,       -5.35025937,      -8.617852745
          0,           0,        2553,      -7.453319962,      -5.489074082,       -5.57085252,      -5.404248842,      -8.617477072
          0,           0,        2554,      -7.469498856,      -4.159533631,      -5.071142919,      -3.814382538,      -8.616933785
          0,           0,        2555,      -7.295030334,      -5.481546349,      -5.562699006,      -5.248729684,      -8.616753911
          0,           0,        2556,      -7.310881524,      -5.457338574,      -5.565072568,      -5.207724674,      -8.616557692
          0,           0,        2557,      -7.426516055,      -5.479140892,       -5.56677746,      -5.317042372,       -8.61634216
          0,           0,        2558,      -7.499756211,      -5.476213256,      -5.565948112,      -5.400570429,      -8.616093817
          0,           0,        2559,      -7.496002212,      -5.479595517,      -5.565372192,      -5.426761856,      -8.615838406
          0,           0,        2560,      -7.497827495,      -5.475483257,      -5.564618972,      -5.431194839,      -8.615566903
          0,           0,        2561,      -7.503728383,      -5.414370006,      -5.562231491,      -5.223550053,      -8.615300638
          0,           0,        2562,      -7.063576944,      -4.284731265,      -5.192806741,      -4.927941598,      -8.614994315
          0,           0,        2563,      -6.772582852,       -4.71876356,      -5.474343326,      -4.726372848,      -8.614691117
          0,           0,        2564,      -7.032353405,      -4.690045965,      -5.503346994,      -4.980322365,      -8.614353055
          0,           0,        2565,      -7.245885598,      -4.795227256,      -5.524047008,      -5.160576058,      -8.614017037
          0,           0,        2566,      -7.226797343,      -4.902388975,      -5.538692703,      -5.156840009,      -8.613648225
          0,           0,        2567,      -7.238130602,      -4.968565084,      -5.544463044,      -5.162624477,      -8.613285921
          0,           0,        2568,      -7.258747295,      -5.062451976,      -5.549231711,      -5.190224576,      -8.612901987
          0,           0,        2569,      -7.323419023,      -5.128529815,      -5.552827145,      -5.243012871,      -8.612503229
          0,           0,        2570,      -7.360946633,      -5.340477306,      -5.557852046,      -5.287848201,      -8.612091695
          0,           0,        2571,      -7.388860873,       -4.91752571,      -5.541816116,      -5.224108185,      -8.611711629
          0,           0,        2572,      -6.642203834,      -4.454013001,       -5.30919997,      -4.299701364,      -8.611303224
          0,           0,        2573,       -7.06480582,      -4.874981363,      -5.491599114,      -4.882471362,      -8.610704197
          0,           0,        2574,      -7.058347576,      -4.840485896,      -5.517863615,      -4.977281611,      -8.610275225
          0,           0,        2575,      -7.172922458,      -4.930521709,      -5.536392351,      -5.094598598,      -8.609637866
          0,           0,        2576,      -7.273432292,      -5.028653578,      -5.547068628,      -5.165778381,      -8.609238219
          0,           0,        2577,      -7.355816879,      -5.073852574,       -5.55042559,       -5.18606017,      -8.608851271
          0,           0,        2578,      -7.410695679,      -5.148484428,      -5.553171555,      -5.238558205,      -8.608445657
          0,           0,        2579,       -7.44424011,      -5.181650921,      -5.554020565,      -5.258860497,      -8.608043138
          0,           0,        2580,      -7.463080054,      -5.248970335,      -5.555121418,      -5.304333321,      -8.607616115
          0,           0,        2581,      -7.474397691,      -5.362869315,      -5.556318525,      -5.360122904,      -8.607205871
          0,           0,        2582,      -7.492555251,      -5.384161988,      -5.556057765,      -5.371250589,       -8.60681119
          0,           0,        2583,      -7.496556394,      -5.369268063,      -5.555407036,      -5.363019121,      -8.606268538
          0,           0,        2584,       -7.49100105,      -5.403795894,      -5.555058636,      -5.374113302,      -8.601479871
          0,           0,        2585,      -7.495791949,      -5.389125649,      -5.554256862,       -5.37236778,      -8.601545423
          0,           0,        2586,      -7.496124949,      -5.409178202,      -5.553858633,      -5.379544739,      -8.601664006
          0,           0,        2587,      -7.495117533,      -5.406931003,      -5.553177935,      -5.374699936,      -8.601728307
          0,           0,        2588,      -7.494114118,      -5.415572522,      -5.552845012,      -5.376232292,      -8.601714384
          0,           0,        2589,      -7.490486723,      -5.400821447,      -5.552069848,      -5.369819115,      -8.600222344
          0,           0,        2590,      -7.461990073,      -5.409986107,      -5.552285454,      -5.325965531,      -8.600161546
          0,           0,        2591,      -7.467905827,      -5.401141276,       -5.55197799,      -5.326666243,      -8.599247033
          0,           0,        2592,      -7.476061023,      -5.415253484,      -5.551926785,      -5.363489105,      -8.599265988
          0,           0,        2593,      -7.474559898,      -5.404209702,      -5.551735654,      -5.355301958,      -8.599232882
          0,           0,        2594,      -7.465135584,      -5.410673992,      -5.551844976,      -5.352736499,      -8.599153918
          0,           0,        2595,      -7.464023805,       -5.40089661,      -5.551710057,      -5.346791623,      -8.597596573
          0,           0,        2596,      -7.456488137,      -5.409295465,      -5.551894327,      -5.346150634,      -8.597283349
          0,           0,        2597,      -7.456376544,      -5.403009612,      -5.551865253,      -5.343059706,      -8.597006967
          0,           0,        2598,      -7.454073906,      -5.404099393,      -5.551080672,      -5.341551645,      -8.596702419
          0,           0,        2599,      -7.415059705,      -5.399961927,       -5.55188809,      -5.310273335,      -8.596401658
          0,           0,        2600,      -7.442809945,      -5.388538255,      -5.551825417,       -5.27153232,      -8.596084354
          0,           0,        2601,      -7.435877334,      -5.397245859,      -5.551620054,       -5.32201248,      -8.595777606
          0,           0,        2602,      -7.439622414,      -5.397202006,      -5.551609752,      -5.327535624,      -8.595459551
          0,           0,        2603,      -7.440974045,      -5.393533388,      -5.551416742,      -5.326972234,        -8.5951639
          0,           0,        2604,      -7.442247865,       -5.36675522,      -5.550316276,      -5.156578984,      -8.594873259
          0,           0,        2605,       -7.43050741,      -5.389533135,      -5.550856567,      -5.310945061,      -8.593103809
          0,           0,        2606,      -7.441001082,      -5.389495428,      -5.551062003,      -5.325593516,      -8.592938172
          0,           0,        2607,      -7.443286081,      -5.386067855,       -5.55101968,       -5.32481849,      -8.592837371
          0,           0,        2608,      -7.442989077,      -5.386410301,      -5.550963427,      -5.327121514,       -8.59267561
          0,           0,        2609,      -7.444444029,        -5.3832271,      -5.550825282,      -5.326006053,       -8.59247596
          0,           0,        2610,      -7.444793891,      -5.382441234,      -5.550655639,       -5.32682751,      -8.592230102
          0,           0,        2611,      -7.443392589,      -5.379514339,      -5.550423694,      -5.324803646,        -8.5919886
          0,           0,        2612,      -7.442216591,      -5.378576698,      -5.550218023,      -5.323669421,       -8.59170069
          0,           0,        2613,      -7.440943879,      -5.375979718,      -5.550072445,      -5.321601681,      -8.591396427
          0,           0,        2614,      -7.436173923,      -5.369428024,      -5.549697015,       -5.31237117,       -8.59007293
          0,           0,        2615,      -7.433953086,      -5.371951694,      -5.549767678,       -5.31568432,      -8.589757385
          0,           0,        2616,      -7.431831363,      -5.289382049,      -5.549192067,       -5.31286722,      -8.589497038
          0,           0,        2617,      -7.365772617,      -5.346867914,      -5.548705147,      -5.261883876,      -8.585349199
          0,           0,        2618,      -7.398639557,      -5.366677083,      -5.549906957,      -5.288739518,      -8.585589208
          0,           0,        2619,      -7.415270023,      -5.364333064,      -5.550066334,      -5.300359497,      -8.585714118
          0,           0,        2620,      -7.415747112,      -5.362843168,      -5.550150825,      -5.301202905,      -8.585768361
          0,           0,        2621,      -7.413573131,      -5.358927552,        -5.5500189,      -5.299038286,      -8.585789433
          0,           0,        2622,      -7.408380729,      -5.359528687,      -5.549973306,      -5.295208194,      -8.585742593
          0,           0,        2623,      -7.406300098,      -5.349433934,      -5.549577047,      -5.290770549,      -8.585661344
          0,           0,        2624,      -7.395755641,      -5.343011745,      -5.549533893,      -5.282710349,      -8.585527701
          0,           0,        2625,      -7.397824048,      -5.351808661,      -5.549748397,      -5.284820038,      -8.585371039
          0,           0,        2626,      -7.394264606,        -5.3492489,      -5.549896422,      -5.282449095,      -8.585240869
          0,           0,        2627,      -7.391460424,      -5.349299319,      -5.549992291,      -5.280142339,      -8.585084635
          0,           0,        2628,      -7.392075391,      -5.347571223,      -5.550062735,      -5.279649096,      -8.584879448
          0,           0,        2629,      -7.390650363,      -5.209411962,      -5.548356648,      -5.275649803,      -8.584675619
          0,           0,        2630,      -7.287328907,      -5.342643254,      -5.549202318,      -5.196741104,      -8.584441869
          0,           0,        2631,      -7.369424557,      -5.339266944,      -5.549418224,      -5.259434469,      -8.584193073
          0,           0,        2632,       -7.37406382,      -5.339154223,      -5.549977096,      -5.262905259,      -8.583907649
          0,           0,        2633,      -7.378478156,      -5.338111953,      -5.549962823,      -5.266350825,      -8.583573631
          0,           0,        2634,      -7.380866032,      -5.336845697,      -5.549615011,      -5.267884209,      -8.583177704
          0,           0,        2635,      -7.383911101,      -5.335574936,      -5.549173783,      -5.269324849,      -8.582859065
          0,           0,        2636,      -7.384027585,      -5.249337432,      -5.545692448,      -5.262054391,      -8.582524973
          0,           0,        2637,      -7.378353406,      -5.330933296,      -5.548117877,      -5.265261705,      -8.582187181
          0,           0,        2638,      -7.378597256,      -5.331217893,      -5.547932009,      -5.264887174,      -8.581489211
          0,           0,        2639,      -7.379529759,      -5.329822415,      -5.547639416,      -5.265074213,      -8.581133114
          0,           0,        2640,      -7.377380281,      -5.328689536,      -5.547365371,      -5.263512936,       -8.58072431
          0,           0,        2641,      -7.376218266,      -5.326690379,      -5.547111353,      -5.261928792,      -8.580377643
          0,           0,        2642,      -7.374815026,       -5.32564168,      -5.546885342,      -5.260668691,      -8.580008754
          0,           0,        2643,      -7.373062291,      -5.323834091,        -5.5466507,      -5.258824502,      -8.579620996
          0,           0,        2644,      -7.371159837,      -5.311945064,      -5.546006846,      -5.256434673,      -8.579207738
          0,           0,        2645,      -7.368245813,      -5.320123382,      -5.546065754,      -5.254866895,      -8.578802272
          0,           0,        2646,      -7.366948732,      -5.319461359,      -5.545850778,      -5.253279943,      -8.578374397
          0,           0,        2647,      -7.365272483,      -5.317708445,      -5.545523842,      -5.251624787,      -8.577950124
          0,           0,        2648,      -7.363551131,      -5.316454904,      -5.545159338,      -5.250243552,       -8.57751297
          0,           0,        2649,      -7.361800357,      -5.314446657,       -5.54475657,      -5.248450035,        -8.5770834
          0,           0,        2650,      -7.359879431,      -5.313233383,      -5.544435914,      -5.246569118,      -8.576653426
          0,           0,        2651,      -7.358597614,      -5.308017768,      -5.543977701,      -5.245147827,      -8.576242003
          0,           0,        2652,      -7.351735162,      -5.311438075,      -5.543680503,      -5.240354344,      -8.575837635
          0,           0,        2653,      -7.356406365,      -5.304301946,      -5.543043231,      -5.242605029,      -8.575438116
          0,           0,        2654,      -7.355853495,      -5.307230142,       -5.54267989,      -5.242221134,      -8.575007855
          0,           0,        2655,      -7.355648367,      -5.307110055,      -5.542254671,      -5.241450716,      -8.574584266
          0,           0,        2656,      -7.355729412,      -5.305355448,       -5.54173678,      -5.240949433,      -8.574150067
          0,           0,        2657,      -7.355659582,      -5.304635534,       -5.54126538,      -5.240622676,      -8.573735256
          0,           0,        2658,      -7.355909598,      -5.303543365,      -5.540792636,      -5.240262169,      -8.573303122
          0,           0,        2659,      -7.356073493,       -5.30217831,       -5.54030525,      -5.239966701,      -8.572922768
          0,           0,        2660,      -7.356006032,      -5.300934617,      -5.539816388,      -5.239429892,       -8.57258789
          0,           0,        2661,      -7.355863282,      -5.300010797,      -5.539323588,      -5.238924715,      -8.572260447
          0,           0,        2662,      -7.355342388,      -5.298832774,      -5.538809859,      -5.238274555,      -8.571896863
          0,           0,        2663,      -7.354615685,      -5.297772418,      -5.538306282,      -5.237505109,      -8.571545174
          0,           0,        2664,      -7.353631925,      -5.294364266,      -5.537746545,       -5.23629505,      -8.571194631
          0,           0,        2665,       -7.34663329,      -5.295474328,      -5.537245964,      -5.231376474,      -8.570805196
          0,           0,        2666,      -7.351497571,      -5.294920741,      -5.536782612,      -5.234394842,      -8.570468722
          0,           0,        2667,      -7.349936493,      -5.292581165,       -5.53624875,      -5.232932952,      -8.570143786
          0,           0,        2668,      -7.347662441,      -5.292710851,      -5.535699115,      -5.231627943,      -8.568915592
          0,           0,        2669,       -7.34768373,        -5.2914443,      -5.535115727,       -5.23117084,      -8.568616532
          0,           0,        2670,      -7.346596896,      -5.290418924,      -5.534550402,      -5.230164486,      -8.568375859
          0,           0,        2671,      -7.342653102,      -5.288988003,      -5.533945932,      -5.227216506,       -8.56780263
          0,           0,        2672,      -7.339376008,      -5.264807871,      -5.533217414,      -5.224756058,      -8.567481032
          0,           0,        2673,      -7.327408093,       -5.28675961,      -5.532730811,      -5.214900136,      -8.566837429
          0,           0,        2674,      -7.338544024,      -3.417445372,      -4.379315444,      -3.879754314,      -8.566396951
          0,           0,        2675,      -6.827545878,      -4.889618574,      -5.448952849,      -4.759313023,      -8.566167864
          0,           0,        2676,      -7.073939031,      -5.278664373,      -5.519706048,      -5.003907088,      -8.565951088
          0,           0,        2677,      -7.132495513,       -5.27850365,      -5.527951832,      -5.056008829,      -8.565874493
          0,           0,        2678,       -7.23439587,      -5.281909146,      -5.529160461,      -5.142939266,      -8.565543656
          0,           0,        2679,      -7.281749991,      -5.281361331,      -5.529160796,      -5.179738963,      -8.565263981
          0,           0,        2680,      -7.305155026,       -5.28193986,      -5.528727504,      -5.197520918,      -8.565007733
          0,           0,        2681,      -7.317886919,      -5.280999952,        -5.5280674,      -5.206752817,      -8.564803447
          0,           0,        2682,      -7.324984183,       -5.27785479,      -5.527129963,      -5.211186174,      -8.564568453
          0,           0,        2683,      -7.327522363,      -5.279325198,       -5.52671197,      -5.213180062,      -8.564329571
          0,           0,        2684,      -7.330770061,      -5.277736994,       -5.52627921,      -5.214741717,      -8.564066163
          0,           0,        2685,      -7.329517124,      -5.278430625,      -5.525797204,      -5.212899945,      -8.562875065
          0,           0,        2686,       -7.33215207,      -5.278351619,      -5.525295045,      -5.213935028,      -8.560948231
          0,           0,        2687,      -7.334520154,      -5.277724815,      -5.524875355,      -5.215404003,      -8.560816047
          0,           0,        2688,      -7.336785225,      -5.277414641,       -5.52442997,      -5.215943269,      -8.560911143
          0,           0,        2689,      -7.338386165,      -5.276370467,        -5.5239339,      -5.216717539,      -8.560647105
          0,           0,        2690,      -7.339235748,      -5.276388799,      -5.523389553,      -5.217040482,      -8.560265861
          0,           0,        2691,      -7.340584706,      -5.275652922,      -5.522797471,       -5.21793201,      -8.559934311
          0,           0,        2692,      -7.341971788,      -5.275527581,       -5.52218748,      -5.218592277,      -8.559614958
          0,           0,        2693,       -7.34294399,      -5.274660707,      -5.521560566,      -5.219148873,      -8.559305488
          0,           0,        2694,      -7.343678258,      -5.274478039,      -5.520957114,      -5.219469409,      -8.558979127
          0,           0,        2695,      -7.344151805,       -5.27396923,      -5.520368385,      -5.219723394,      -8.558665288
          0,           0,        2696,      -7.344245441,       -5.27405555,      -5.519809581,        -5.2197189,       -8.55835557
          0,           0,        2697,      -7.344038365,      -5.273251337,      -5.519257602,      -5.219537262,      -8.558069451
          0,           0,        2698,      -7.343532272,      -5.273017401,      -5.518741192,      -5.219120466,      -8.557768698
          0,           0,        2699,      -7.342923814,      -5.272764729,      -5.518253644,       -5.21883158,      -8.557479849
          0,           0,        2700,      -7.341995191,      -5.272830783,      -5.517782322,      -5.218342896,      -8.557028118
          0,           0,        2701,      -7.341332692,      -5.271902936,      -5.517289081,       -5.21785846,      -8.556577955
          0,           0,        2702,      -7.340794827,       -5.27197015,       -5.51682368,      -5.217451528,      -8.556309771
          0,           0,        2703,      -7.340397845,      -5.271724748,      -5.516351714,      -5.217212439,      -8.556074467
          0,           0,        2704,      -7.340051097,      -5.261580855,       -5.51545044,      -5.215293738,      -8.555811719
          0,           0,        2705,      -7.338900645,      -5.270766996,      -5.515352078,      -5.215928817,      -8.555561737
          0,           0,        2706,      -7.339917469,      -5.271122648,      -5.514974803,      -5.216249833,      -8.555303883
          0,           0,        2707,      -7.340816493,      -5.270729973,      -5.514549653,      -5.216530493,      -8.555064621
          0,           0,        2708,      -7.341853139,      -5.270878378,      -5.514140848,      -5.216840944,      -8.554838152
          0,           0,        2709,      -7.343152667,      -5.270290739,      -5.513731162,      -5.217106787,      -8.554667468
          0,           0,        2710,      -7.344632154,      -5.270310388,       -5.51333725,      -5.217483433,      -8.554517699
          0,           0,        2711,      -7.346105959,      -5.270135891,      -5.512951941,       -5.21762657,      -8.554464411
          0,           0,        2712,       -7.34804515,       -5.27037475,       -5.51256811,       -5.21837535,      -8.554400418
          0,           0,        2713,       -7.35011821,      -5.267416676,      -5.512081258,      -5.218738942,      -8.554349841
          0,           0,        2714,      -7.351240123,       -5.26963738,      -5.511776529,      -5.219323033,      -8.552849785
          0,           0,        2715,      -7.353127788,      -5.269318285,      -5.511458962,      -5.219938417,      -8.552764704
          0,           0,        2716,       -7.35189815,      -5.269596678,      -5.511154653,       -5.21859307,       -8.55279836
          0,           0,        2717,      -7.355178844,      -5.261507242,      -5.507610944,       -5.22031251,       -8.55283006
          0,           0,        2718,      -7.249060408,      -5.255907143,      -5.502469292,      -5.144071161,      -8.552798748
          0,           0,        2719,      -7.216527911,      -5.269573757,      -5.509999491,      -5.118430273,      -8.552747779
          0,           0,        2720,       -7.31163472,       -5.26125822,      -5.499398203,      -5.190392976,      -8.552641146
          0,           0,        2721,      -7.149675173,      -5.264595194,      -5.507383584,      -5.065002968,      -8.552555595
          0,           0,        2722,      -7.294807857,      -5.268746311,      -5.507606631,      -5.178418057,      -8.552459213
          0,           0,        2723,      -7.317066811,      -5.269393289,      -5.508556168,      -5.193748297,      -8.551864199
          0,           0,        2724,      -7.306067699,      -5.269595688,      -5.509026141,      -5.185656065,      -8.551875628
          0,           0,        2725,      -7.323165288,      -5.265001659,      -5.509040212,      -5.197593298,      -8.551850418
          0,           0,        2726,       -7.33009015,      -5.269350867,      -5.508794912,      -5.201957316,      -8.550883702
          0,           0,        2727,      -7.350022479,      -5.269582413,      -5.508673924,      -5.214909479,      -8.550763812
          0,           0,        2728,      -7.356094607,      -5.269796359,      -5.508568235,       -5.21837816,      -8.550690189
          0,           0,        2729,      -7.357987841,      -5.269706091,      -5.508414205,      -5.219253468,      -8.550623885
          0,           0,        2730,       -7.35965624,      -5.269818656,      -5.508304229,       -5.21995633,      -8.550538077
          0,           0,        2731,      -7.359237665,       -5.26988392,      -5.508192931,      -5.219506801,      -8.550364723
          0,           0,        2732,      -7.359797101,       -5.27025308,      -5.508088376,      -5.219710034,      -8.550258693
          0,           0,        2733,      -7.360352831,      -5.269861338,      -5.507939511,      -5.219853377,      -8.550219834
          0,           0,        2734,      -7.362247328,       -5.26993725,       -5.50779482,      -5.220782655,      -8.550243073
          0,           0,        2735,      -7.364800866,      -5.270016645,      -5.507683593,      -5.222142168,      -8.550262596
          0,           0,        2736,      -7.364631078,      -5.270299275,      -5.507464893,      -5.222021327,      -8.550159415
          0,           0,        2737,      -7.369894133,       -5.27024977,      -5.507274157,      -5.224664847,      -8.550106767
          0,           0,        2738,      -7.373729001,      -5.270507698,      -5.507127031,      -5.226497816,      -8.550034741
          0,           0,        2739,      -7.377405388,      -5.270561839,      -5.507038992,       -5.22822322,      -8.549958256
          0,           0,        2740,      -7.380921417,      -5.270847057,      -5.507033129,      -5.229631201,       -8.54992873
          0,           0,        2741,      -7.384163182,      -5.268834186,      -5.507001769,      -5.230453742,       -8.54963371
          0,           0,        2742,      -7.385839867,      -5.250451124,      -5.478555507,      -5.230526974,      -8.549550921
          0,           0,        2743,      -6.985322119,      -5.265135018,      -5.500169389,      -4.917634433,      -8.549495963
          0,           0,        2744,      -7.329071801,      -5.268146661,      -5.502594256,      -5.194154783,      -8.549400836
          0,           0,        2745,      -7.278070932,      -5.269286648,      -5.506028993,      -5.157225317,      -8.549295006
          0,           0,        2746,      -7.254695723,      -5.270100992,      -5.507773811,      -5.140260075,      -8.547635121
          0,           0,        2747,      -7.291851882,      -5.270489522,      -5.508543176,      -5.167323599,      -8.547720358
          0,           0,        2748,      -7.336511817,      -5.271137628,       -5.50893255,      -5.197772891,       -8.54776748
          0,           0,        2749,       -7.36497396,      -5.270312496,      -5.509187388,       -5.21604762,      -8.547814727
          0,           0,        2750,      -7.377985855,      -5.271067807,      -5.509377561,      -5.224185574,      -8.545270224
          0,           0,        2751,      -7.386230936,      -5.271188742,      -5.509511465,      -5.228760739,      -8.545087748
          0,           0,        2752,      -7.392110642,      -5.270104554,      -5.509567453,      -5.231326384,      -8.545137675
          0,           0,        2753,      -7.397041057,      -5.271035933,      -5.509721972,      -5.233628813,      -8.545130124
          0,           0,        2754,      -7.401652122,      -5.269502868,      -5.509808703,      -5.235278492,       -8.54512226
          0,           0,        2755,      -7.405053634,      -5.270331835,      -5.509990038,      -5.236305017,      -8.545176903
          0,           0,        2756,      -7.407887641,      -5.271301851,      -5.510251995,      -5.237395501,      -8.545204063
          0,           0,        2757,      -7.410058335,      -5.270784261,      -5.510491629,      -5.237747413,      -8.545222607
          0,           0,        2758,      -7.411252028,      -5.270179311,      -5.510778292,      -5.237612409,      -8.545226477
          0,           0,        2759,      -7.410912531,      -5.270633389,      -5.511073578,      -5.236983782,      -8.545234815
          0,           0,        2760,      -7.404274365,      -5.267011659,      -5.510267219,      -5.232898239,      -8.545215971
          0,           0,        2761,       -7.33158089,      -5.242473734,      -5.500642506,       -5.19012698,      -8.545195153
          0,           0,        2762,      -7.166567956,       -5.26893238,      -5.511423152,      -5.067630945,      -8.545156706
          0,           0,        2763,      -7.340479491,      -5.269847819,      -5.511655388,      -5.193153425,      -8.545125404
          0,           0,        2764,       -7.39352867,      -5.269871675,      -5.512142853,      -5.224569789,      -8.545079602
          0,           0,        2765,      -7.403678966,      -5.270107387,      -5.512643886,      -5.229243142,      -8.545049513
          0,           0,        2766,      -7.412677853,      -5.270095609,      -5.513129293,      -5.233061319,      -8.544294713
          0,           0,        2767,      -7.419494432,      -5.268076594,      -5.513539051,       -5.23548947,      -8.544290931
          0,           0,        2768,      -7.421885105,      -5.269511481,      -5.514035146,      -5.236305688,      -8.544298864
          0,           0,        2769,      -7.424261828,      -5.240414291,      -5.513217286,      -5.230605076,      -8.544418478
          0,           0,        2770,      -7.422459164,      -5.268760061,      -5.514789529,       -5.23533064,      -8.544534397
          0,           0,        2771,      -7.427528992,      -5.268901002,      -5.515199111,      -5.237591975,      -8.544622845
          0,           0,        2772,       -7.42963078,      -5.268716137,       -5.51553968,      -5.238104795,      -8.544670269
          0,           0,        2773,      -7.431966544,      -5.265405181,      -5.515726562,      -5.237948095,      -8.544706906
          0,           0,        2774,      -7.433277744,       -5.26791682,      -5.516133557,      -5.238495162,      -8.544707654
          0,           0,        2775,      -7.436168703,      -5.267295739,      -5.516463491,      -5.239245441,      -8.544682361
          0,           0,        2776,      -7.437803839,      -5.267254463,      -5.516757137,       -5.23936611,      -8.544605245
          0,           0,        2777,      -7.439542879,      -5.267016493,      -5.517057258,      -5.239506434,      -8.544529649
          0,           0,        2778,      -7.441279817,        -5.2667317,      -5.517357221,       -5.23953712,      -8.544435624
          0,           0,        2779,      -7.442580604,      -5.266200466,      -5.517644811,      -5.239401127,      -8.544362305
          0,           0,        2780,      -7.442669789,      -5.265756664,      -5.517927105,      -5.238105185,      -8.542944928
          0,           0,        2781,      -7.443793484,       -5.26528673,      -5.518255654,      -5.238535218,      -8.543020913
          0,           0,        2782,      -7.444855574,      -5.264935394,      -5.518603464,      -5.238248965,      -8.543084103
          0,           0,        2783,      -7.443701504,      -5.264418605,      -5.518868856,      -5.236611036,      -8.543194388
          0,           0,        2784,      -7.446170144,      -5.263875479,       -5.51916152,      -5.237278097,      -8.543259393
          0,           0,        2785,      -7.445987063,      -5.263275103,      -5.519420652,      -5.236501588,      -8.543235586
          0,           0,        2786,      -7.448798542,      -5.262528273,      -5.519711764,      -5.236796152,        -8.5432444
          0,           0,        2787,      -7.449093952,      -5.262180502,      -5.520065378,      -5.236358719,      -8.543246575
          0,           0,        2788,      -7.450294546,      -5.261076603,      -5.520351577,      -5.235804299,      -8.542993599
          0,           0,        2789,      -7.446223874,      -5.260964209,      -5.520831492,      -5.234673347,      -8.542963888
          0,           0,        2790,      -7.449921702,      -5.260456962,      -5.521209269,      -5.234999118,      -8.542914388
          0,           0,        2791,       -7.45201503,       -5.25975697,      -5.521534808,      -5.234674513,      -8.542852627
          0,           0,        2792,       -7.45252032,      -5.259291863,      -5.521836409,      -5.234024517,      -8.542799375
          0,           0,        2793,      -7.451509405,      -5.257255998,      -5.521979931,      -5.232583862,      -8.542590105
          0,           0,        2794,        -7.4520805,      -5.257725712,      -5.522173106,      -5.232158236,       -8.54249557
          0,           0,        2795,      -7.453188323,       -5.25621846,      -5.522247007,      -5.231613329,      -8.542433678
          0,           0,        2796,      -7.453506205,       -5.25653785,       -5.52238917,      -5.231214597,      -8.542342391
          0,           0,        2797,      -7.453639534,      -5.255641047,      -5.522538483,      -5.230398933,      -8.542254336
          0,           0,        2798,      -7.453923935,      -5.255020444,       -5.52270061,      -5.229775903,      -8.542158489
          0,           0,        2799,      -7.454333509,      -5.254183542,      -5.522860179,      -5.229163566,      -8.542077276
          0,           0,        2800,       -7.45448022,      -5.232388359,      -5.521998606,      -5.224108079,      -8.542000186
          0,           0,        2801,      -7.450969657,      -5.251657977,      -5.523035707,       -5.22590977,      -8.541973497
          0,           0,        2802,      -7.453543247,      -5.251758397,      -5.523243256,      -5.226460381,      -8.541969909
          0,           0,        2803,      -7.453874102,      -5.250770647,      -5.523301071,      -5.225771922,      -8.541990601
          0,           0,        2804,       -7.45401735,      -5.249730189,      -5.523309673,      -5.225074453,      -8.541994091
          0,           0,        2805,      -7.453742251,      -5.249235027,      -5.523320834,      -5.224110497,      -8.541989174
          0,           0,        2806,      -7.453483972,       -5.24775693,      -5.523209273,      -5.222930035,      -8.541497871
          0,           0,        2807,      -7.450490366,      -5.247354876,      -5.523229902,      -5.221782952,      -8.541593506
          0,           0,        2808,      -7.452219118,      -5.246724265,      -5.523151804,      -5.221612944,      -8.541654797
          0,           0,        2809,      -7.452871626,      -5.245656457,       -5.52301068,      -5.220922486,      -8.541702392
          0,           0,        2810,      -7.452446365,       -5.24503494,      -5.522864927,      -5.220069611,      -8.541721239
          0,           0,        2811,      -7.451115582,      -5.241130789,      -5.522571173,      -5.218309822,       -8.54173429
          0,           0,        2812,      -7.450030183,       -5.24260859,      -5.522532538,      -5.217351012,      -8.541717598
          0,           0,        2813,      -7.448528892,      -5.241980854,      -5.522370959,      -5.216468207,      -8.540915686
          0,           0,        2814,      -7.450021768,      -5.241108749,      -5.522191257,      -5.216192492,      -8.540907103
          0,           0,        2815,      -7.449423496,      -5.240088985,      -5.521994643,       -5.21522987,      -8.540963207
          0,           0,        2816,      -7.447664204,      -5.238392659,      -5.521728834,      -5.213714954,      -8.540973169
          0,           0,        2817,      -7.447361044,      -5.238008215,      -5.521503437,      -5.213015562,      -8.540986288
          0,           0,        2818,      -7.446156365,      -5.237003611,       -5.52125038,      -5.211992971,      -8.540978938
          0,           0,        2819,      -7.444904117,      -5.236152833,      -5.520959369,      -5.210780436,      -8.540996047
          0,           0,        2820,      -7.444093765,      -5.231077433,      -5.520508709,      -5.209068457,      -8.540992291
          0,           0,        2821,      -7.442491614,      -5.233920464,      -5.520346721,      -5.208621095,      -8.541001769
          0,           0,        2822,      -7.436704609,      -5.233464948,      -5.519943418,      -5.204877548,       -8.54077117
          0,           0,        2823,      -7.438479542,      -5.232566884,       -5.51954734,       -5.20550463,      -8.540832794
          0,           0,        2824,      -7.437894505,       -5.23159853,      -5.519144771,      -5.204685208,      -8.540861984
          0,           0,        2825,      -7.436820073,      -5.226863952,       -5.51852324,      -5.202892186,       -8.54089525
          0,           0,        2826,      -7.435074331,        -5.2287202,      -5.518209374,      -5.201818356,      -8.540976217
          0,           0,        2827,      -7.434684243,      -5.228632604,      -5.517827578,      -5.201519193,       -8.54104666
          0,           0,        2828,      -7.434116421,      -5.227276573,       -5.51733287,      -5.200732814,      -8.541081609
          0,           0,        2829,      -7.432971314,      -5.226680802,      -5.516837588,      -5.199833193,      -8.541100678
          0,           0,        2830,      -7.431771486,      -5.223535678,      -5.516273351,      -5.198763132,      -8.541123421
          0,           0,        2831,      -7.428560586,      -5.205111068,       -5.51565413,      -5.197024298,      -8.541161515
          0,           0,        2832,      -7.398087769,      -5.222588673,      -5.514835614,      -5.182181543,      -8.540755589
          0,           0,        2833,      -7.413802677,      -5.222317539,      -5.514174921,      -5.190613341,      -8.540691852
          0,           0,        2834,      -7.416832835,      -5.221802462,      -5.513373647,      -5.191245219,       -8.54063629
          0,           0,        2835,      -7.418032506,      -5.219600494,      -5.512536171,      -5.190820745,      -8.540719308
          0,           0,        2836,      -7.413122383,      -5.219892564,      -5.511806701,      -5.188251971,      -8.540451349
          0,           0,        2837,       -7.41403291,      -5.188767731,      -5.509640207,      -5.182548616,       -8.54049639
          0,           0,        2838,      -7.408300673,      -5.217346972,      -5.509336526,      -5.185627947,      -8.541558769
          0,           0,        2839,      -7.382636063,      -5.217055199,      -5.509079498,      -5.173530592,      -8.541540531
          0,           0,        2840,      -7.403164808,      -5.216584812,      -5.508936652,      -5.182827956,      -8.541457669
          0,           0,        2841,      -7.394978194,      -5.215214243,      -5.508175752,      -5.178139522,      -8.536832936
          0,           0,        2842,      -7.400259863,      -5.214976892,      -5.507440033,      -5.180792451,      -8.536835421
          0,           0,        2843,      -7.403284656,      -5.214063281,      -5.506661596,      -5.181725488,      -8.537205887
          0,           0,        2844,      -7.403673417,      -5.212960985,       -5.50584995,      -5.181598931,      -8.537366381
          0,           0,        2845,      -7.402487288,      -5.179351763,      -5.504825346,      -5.180773332,      -8.537472267
          0,           0,        2846,      -7.375443933,      -5.209025554,      -5.504071469,      -5.168107936,      -8.537592759
          0,           0,        2847,      -7.394561771,      -5.209754283,      -5.503276772,      -5.177060214,      -8.537604693
          0,           0,        2848,      -7.393583746,      -5.209389097,      -5.502350865,      -5.176463818,      -8.537551694
          0,           0,        2849,      -7.393645846,       -5.20888311,      -5.501433939,      -5.176242783,      -8.537586661
          0,           0,        2850,      -7.393068658,        -5.2083094,      -5.500554873,      -5.175783427,      -8.537618642
          0,           0,        2851,      -7.391011879,      -5.206966361,      -5.499635279,      -5.174676511,       -8.53757704
          0,           0,        2852,      -7.389973963,      -5.206920959,      -5.498766238,       -5.17407274,       -8.53758151
          0,           0,        2853,      -7.388506929,      -5.206085784,      -5.497861488,       -5.17318089,      -8.537593782
          0,           0,        2854,      -7.384588714,      -5.204512715,      -5.496654961,      -5.171277654,       -8.53757639
          0,           0,        2855,      -7.354595675,      -5.197325881,      -5.490470773,      -5.157070213,      -8.537561913
          0,           0,        2856,      -7.235655241,      -5.204119465,      -5.495055765,      -5.088986431,      -8.537527518
          0,           0,        2857,      -7.354130846,      -5.203497829,      -5.493955873,      -5.156270345,      -8.537497546
          0,           0,        2858,      -7.374196698,      -5.203074427,      -5.493059158,      -5.165908206,      -8.537514083
          0,           0,        2859,      -7.374291869,      -5.202403377,      -5.492094175,      -5.165880827,      -8.537536424
          0,           0,        2860,      -7.375360635,      -5.201789887,      -5.491135604,      -5.166354467,      -8.537534471
          0,           0,        2861,      -7.375491885,      -5.201286789,      -5.490228025,      -5.166369662,      -8.537534665
          0,           0,        2862,      -7.374544413,      -5.200848833,      -5.489384572,      -5.165956556,      -8.537515474
          0,           0,        2863,      -7.373049088,      -5.200189174,       -5.48857334,      -5.165287964,      -8.537503996
          0,           0,        2864,      -7.370011422,      -5.199800844,      -5.487764814,      -5.164203496,      -8.535951301
          0,           0,        2865,      -7.369217061,      -5.199275565,      -5.486972046,      -5.163747884,      -8.535916732
          0,           0,        2866,      -7.367852525,       -5.19872542,      -5.486176491,      -5.163173636,      -8.535990723
          0,           0,        2867,      -7.366435543,      -5.198409633,      -5.485386769,      -5.162644605,      -8.536072368
          0,           0,        2868,      -7.365175233,      -5.197885614,      -5.484573538,      -5.162196455,      -8.536108501
          0,           0,        2869,      -7.363946669,      -5.197312913,      -5.483745623,       -5.16171551,      -8.536135458
          0,           0,        2870,      -7.362363888,      -5.197348497,      -5.482918569,      -5.161231521,      -8.535963178
          0,           0,        2871,      -7.361699653,      -5.196897186,      -5.482085364,      -5.160902805,      -8.536102044
          0,           0,        2872,      -7.360769788,      -5.195931843,      -5.481225397,      -5.160474184,      -8.536168592
          0,           0,        2873,      -7.359769373,      -5.196158069,      -5.480412786,      -5.160213864,      -8.536210892
          0,           0,        2874,       -7.35887376,       -5.19592049,      -5.479605647,      -5.159938166,      -8.536223425
          0,           0,        2875,      -7.357950644,      -5.195637298,      -5.478805653,      -5.159616148,      -8.536194703
          0,           0,        2876,        -7.3569912,      -5.195615996,      -5.478035758,      -5.159341818,      -8.536160227
          0,           0,        2877,      -7.355955041,      -5.193742707,      -5.477214107,      -5.158766074,      -8.536137959
          0,           0,        2878,      -7.354525197,        -5.1949279,      -5.476532186,       -5.15847234,       -8.53537773
          0,           0,        2879,      -7.353643754,      -4.599802513,      -5.465921165,      -5.146720963,      -8.535590914
          0,           0,        2880,       -6.66389179,      -4.966688396,      -5.456374376,      -4.601615072,      -8.535798517
          0,           0,        2881,      -7.063647975,      -5.037360031,       -5.46716746,      -4.954529445,      -8.530379649
          0,           0,        2882,      -7.130200594,      -5.093177654,      -5.471469094,      -5.019094172,      -8.530637783
          0,           0,        2883,      -7.125228057,      -5.128340546,      -5.472658796,      -5.019928329,      -8.530878323
          0,           0,        2884,      -7.159254853,      -5.151289957,      -5.472776804,      -5.044750909,      -8.531190121
          0,           0,        2885,      -7.206923841,      -5.166754411,      -5.472195824,      -5.077438118,       -8.53133725
          0,           0,        2886,       -7.25213776,      -5.175725058,      -5.471312981,      -5.106848402,       -8.53157591
          0,           0,        2887,      -7.280589342,      -5.181517377,       -5.47034289,      -5.124453543,      -8.531774575
          0,           0,        2888,      -7.297592691,      -5.185485693,      -5.469445206,      -5.134456294,      -8.531932584
          0,           0,        2889,      -7.309784691,      -5.187957336,      -5.468689863,      -5.141055807,      -8.532080772
          0,           0,        2890,      -7.319739388,      -5.190103418,      -5.468105942,      -5.146186643,      -8.532206827
          0,           0,        2891,      -7.327992325,      -5.191441408,      -5.467631896,      -5.150227668,      -8.532323733
          0,           0,        2892,      -7.334404684,      -5.192525709,      -5.467238665,      -5.153306441,      -8.532405869
          0,           0,        2893,      -7.338937228,      -5.193217274,      -5.466893695,      -5.155447676,      -8.532477752
          0,           0,        2894,      -7.341507074,      -5.176135665,      -5.465802772,      -5.154036294,       -8.53252305
          0,           0,        2895,      -7.325542079,      -5.124549573,      -5.465701818,      -5.135330827,      -8.532559155
          0,           0,        2896,      -7.335416521,      -5.178835629,      -5.465887793,      -5.153003853,      -8.532571489
          0,           0,        2897,      -7.335193383,      -5.182810943,      -5.465664863,      -5.153924515,      -8.532586715
          0,           0,        2898,      -7.334779208,      -5.189725619,      -5.465485883,      -5.154880378,      -8.532576839
          0,           0,        2899,      -7.333788196,      -5.191633726,      -5.465242511,      -5.155281914,      -8.532566945
          0,           0,        2900,      -7.332815202,       -5.19521012,      -5.465007584,      -5.154936912,      -8.532543003
          0,           0,        2901,      -7.331237808,      -5.194598642,      -5.464853565,      -5.154651748,      -8.532523792
          0,           0,        2902,      -7.332217756,      -5.196719451,      -5.464679243,      -5.155974868,      -8.532527261
          0,           0,        2903,      -7.333181318,      -5.196894758,      -5.464483429,      -5.156835649,        -8.5325372
          0,           0,        2904,      -7.334359687,      -5.198192005,      -5.464313262,      -5.157616015,       -8.53253063
          0,           0,        2905,      -7.335060096,      -5.198235432,      -5.464092307,      -5.158190248,       -8.53228038
          0,           0,        2906,      -7.336938642,      -5.199203152,      -5.463922466,       -5.15935472,      -8.532283809
          0,           0,        2907,      -7.338377507,      -5.199448533,      -5.463769218,      -5.160399447,      -8.532313692
          0,           0,        2908,       -7.33959703,      -5.200230109,      -5.463647845,      -5.161379489,      -8.532352702
          0,           0,        2909,      -7.340439574,      -5.197502298,      -5.463547148,      -5.162092263,       -8.53244387
          0,           0,        2910,      -7.339914161,      -5.201261384,      -5.463548058,       -5.16248387,      -8.532514056
          0,           0,        2911,      -7.340548474,      -5.199627858,      -5.463482884,      -5.163024042,      -8.530773179
          0,           0,        2912,      -7.340071537,      -5.202522306,      -5.463640876,       -5.16364792,      -8.530582723
          0,           0,        2913,      -7.340147703,      -5.202931434,      -5.463742309,       -5.16424261,      -8.530706894
          0,           0,        2914,      -7.339772542,      -5.203683524,      -5.463877901,      -5.164595599,      -8.530849491
          0,           0,        2915,      -7.338922476,      -5.204217891,       -5.46400966,       -5.16470142,      -8.530948035
          0,           0,        2916,      -7.338940955,      -5.204218354,       -5.46411348,      -5.165152792,       -8.53100664
          0,           0,        2917,      -7.338973406,      -5.205411679,      -5.464275896,      -5.165706663,      -8.531071086
          0,           0,        2918,      -7.339282383,      -5.205874826,      -5.464414234,      -5.166377617,      -8.531130598
          0,           0,        2919,        -7.3395364,      -5.206702988,      -5.464562903,      -5.166914379,      -8.530664428
          0,           0,        2920,      -7.339926876,      -5.200616276,      -5.464492391,      -5.166651908,      -8.530730211
          0,           0,        2921,      -7.340120244,      -5.208031648,      -5.464915494,      -5.168133292,      -8.530892719
          0,           0,        2922,      -7.341198683,      -5.208909908,      -5.465154191,      -5.169120548,      -8.530849695
          0,           0,        2923,      -7.342580912,      -5.209535354,      -5.465415864,      -5.170376582,      -8.530929648
          0,           0,        2924,      -7.343801329,       -5.21053689,      -5.465718183,      -5.171475099,      -8.530979253
          0,           0,        2925,      -7.345091209,      -5.210701464,      -5.466024397,      -5.172490085,      -8.531022189
          0,           0,        2926,      -7.345845638,      -5.211947191,      -5.466373084,      -5.173382588,       -8.53104136
          0,           0,        2927,      -7.347013678,      -5.212596471,      -5.466718768,      -5.174394627,       -8.53105464
          0,           0,        2928,       -7.34799368,       -5.21098155,      -5.467032785,       -5.17530269,      -8.531044374
          0,           0,        2929,      -7.343309759,       -5.21184561,      -5.467308678,      -5.173005676,      -8.531020009
          0,           0,        2930,       -7.34486324,       -5.21387535,      -5.467864029,      -5.173961982,       -8.53100072
          0,           0,        2931,      -7.345744126,      -5.215221139,      -5.468344002,       -5.17479388,      -8.529964578
          0,           0,        2932,      -7.348440626,      -5.216052733,      -5.468960758,      -5.176793865,      -8.528632607
          0,           0,        2933,      -7.350530163,      -5.217236291,       -5.46965579,      -5.178455075,      -8.529625514
          0,           0,        2934,      -7.351809532,      -5.218000745,      -5.470373951,      -5.179644735,      -8.529820753
          0,           0,        2935,      -7.353243777,      -5.218670979,      -5.471041089,       -5.18073351,       -8.53000555
          0,           0,        2936,      -7.354625408,      -5.219557965,      -5.471652509,      -5.181809471,      -8.530172109
          0,           0,        2937,      -7.355677947,      -5.220137197,      -5.472120449,      -5.182774873,      -8.530335159
          0,           0,        2938,      -7.349433554,      -5.219972082,      -5.472032629,      -5.179602804,      -8.523052872
          0,           0,        2939,      -7.338845971,      -5.220821202,      -5.472977665,      -5.173889405,      -8.523609993
          0,           0,        2940,      -7.328804461,      -5.221596879,      -5.473495411,      -5.168300167,      -8.524118158
          0,           0,        2941,      -7.315667101,      -5.215261943,      -5.472140398,      -5.160453914,      -8.524601499
          0,           0,        2942,      -7.208307586,      -4.898155574,      -5.282981784,      -5.085378831,      -8.525040747
          0,           0,        2943,      -6.470480223,      -5.164508452,      -5.379510618,      -4.421397967,      -8.525452695
          0,           0,        2944,      -6.981044124,      -5.209629174,       -5.43967479,      -4.905057415,      -8.525817528
          0,           0,        2945,      -6.837795298,      -5.219034326,      -5.467009571,      -4.774441708,      -8.526165521
          0,           0,        2946,      -6.880774686,       -5.22399239,      -5.476333471,      -4.815230256,      -8.526472497
          0,           0,        2947,      -6.999970828,      -5.226518361,      -5.478309929,      -4.923445156,      -8.526762444
          0,           0,        2948,      -7.128979592,      -5.228570204,       -5.47866041,       -5.03220454,      -8.527016314
          0,           0,        2949,      -7.224125881,      -5.226504351,      -5.479515874,      -5.104635994,      -8.527196926
          0,           0,        2950,      -7.250878292,      -5.229811853,      -5.479745429,      -5.124502183,       -8.52739091
          0,           0,        2951,      -7.292551705,      -5.230752654,      -5.479908966,      -5.152766559,      -8.527575334
          0,           0,        2952,      -7.318646338,      -5.231605293,      -5.480250935,      -5.169110483,      -8.527729504
          0,           0,        2953,      -7.335573455,      -5.232282544,      -5.480764286,       -5.17865577,      -8.527874351
          0,           0,        2954,      -7.348478757,       -5.23321885,      -5.481525466,       -5.18519059,      -8.528078422
          0,           0,        2955,      -7.357256423,      -5.233713255,      -5.482397655,       -5.18899595,      -8.528274727
          0,           0,        2956,      -7.363379881,      -5.234013177,      -5.483382626,      -5.191392616,       -8.52844346
          0,           0,        2957,      -7.366734329,      -5.233048193,      -5.484331899,      -5.192515291,      -8.528611878
          0,           0,        2958,      -7.363786412,      -5.235264148,       -5.48543918,      -5.190713769,      -8.528758278
          0,           0,        2959,      -7.370128998,      -5.236060619,      -5.486375566,      -5.193975175,      -8.529197107
          0,           0,        2960,      -7.371894852,      -5.235817713,      -5.487193656,      -5.195122178,      -8.529339813
          0,           0,        2961,      -7.372567997,      -5.236722467,      -5.487910056,      -5.195579685,      -8.529480616
          0,           0,        2962,      -7.367618939,      -5.233993278,      -5.487577686,      -5.192847818,      -8.529600222
          0,           0,        2963,       -7.29141239,      -5.233666452,      -5.485987087,      -5.148046621,       -8.52971984
          0,           0,        2964,      -7.337605195,      -5.233936872,       -5.48719601,       -5.17474938,      -8.529852363
          0,           0,        2965,      -7.237040786,      -5.107027441,      -5.428271349,      -5.108207524,      -8.529999581
          0,           0,        2966,      -6.731494745,      -5.218793786,      -5.461555919,      -4.676043786,      -8.530118662
          0,           0,        2967,       -7.18749996,       -5.23429882,      -5.489794134,      -5.074985738,      -8.530227618
          0,           0,        2968,      -7.257797857,      -5.063398214,      -5.374600131,      -5.123774098,      -8.530304791
          0,           0,        2969,      -6.496087789,      -5.215128345,        -5.4688926,      -4.446024958,      -8.530281369
          0,           0,        2970,      -6.939989345,      -5.210902143,      -5.461624028,      -4.871647588,      -8.530379346
          0,           0,        2971,      -6.990420966,      -5.237653475,      -5.487135347,      -4.914297057,      -8.530545311
          0,           0,        2972,      -7.044239404,      -5.091239186,      -5.421472812,      -4.962870973,      -8.530701142
          0,           0,        2973,      -6.659486768,      -5.195405678,       -5.46302383,      -4.607022096,      -8.530865303
          0,           0,        2974,      -7.221157835,       -5.21092383,      -5.472181356,      -5.101684609,      -8.531010043
          0,           0,        2975,      -6.986750051,       -5.22461179,      -5.485710846,      -4.910504454,      -8.531139907
          0,           0,        2976,      -6.978642664,      -5.234713503,      -5.490070895,        -4.9041822,      -8.531224675
          0,           0,        2977,      -7.063010177,      -5.238653152,      -5.491303627,      -4.977533298,       -8.53127992
          0,           0,        2978,      -7.162295605,      -5.240771603,      -5.492854094,       -5.05756561,      -8.531304047
          0,           0,        2979,      -7.240059521,      -5.241730521,      -5.494811828,       -5.11444794,      -8.531316685
          0,           0,        2980,      -7.291469993,      -4.738501536,      -5.429770279,      -5.020633478,       -8.53130086
          0,           0,        2981,      -7.305259361,      -5.234340274,      -5.497230158,      -5.157225532,        -8.5313082
          0,           0,        2982,      -7.078593556,      -4.343954476,      -5.315387271,      -4.601451424,      -8.531266722
          0,           0,        2983,      -6.993035905,       -4.78727342,      -5.464552336,      -4.789950733,      -8.531212457
          0,           0,        2984,      -7.074809518,        -4.7474525,      -5.454349467,       -4.84922411,      -8.530444486
          0,           0,        2985,      -7.226999153,      -4.842211509,       -5.47529354,      -5.022723081,      -8.530378416
          0,           0,        2986,       -7.19894959,      -4.923436656,      -5.485322373,        -5.0830206,      -8.530363957
          0,           0,        2987,      -7.240334247,      -4.969273711,      -5.489334733,      -5.139516475,      -8.530376776
          0,           0,        2988,      -7.287558631,      -5.013531399,       -5.49160451,      -5.169592217,      -8.530383293
          0,           0,        2989,      -7.328743348,      -5.077594198,      -5.493680354,      -5.191076456,      -8.530373163
          0,           0,        2990,      -7.357944166,      -3.903366358,      -5.009387047,       -4.31131135,      -8.530335056
          0,           0,        2991,      -7.258863114,      -5.107555214,      -5.489071196,      -5.097911084,      -8.530285447
          0,           0,        2992,      -6.870355633,      -4.473490354,      -5.351065252,      -4.479729714,      -8.530197036
          0,           0,        2993,        -7.2065521,      -5.027098018,      -5.484690007,      -4.977649931,      -8.530109098
          0,           0,        2994,      -7.299354275,      -4.874086915,      -5.472620512,      -4.997527544,      -8.529998853
          0,           0,        2995,        -7.2305663,      -4.902248742,      -5.479521035,      -5.083553421,      -8.529890505
          0,           0,        2996,      -7.203390882,      -4.818766655,      -5.474772882,      -5.073243264,       -8.52977862
          0,           0,        2997,      -7.205393084,      -4.880638401,      -5.481955335,      -5.152177373,       -8.52967313
          0,           0,        2998,      -7.245040198,      -5.219055304,      -5.495236484,      -5.128287575,      -8.529553707
          0,           0,        2999,      -7.326022181,      -5.216389236,      -5.495239457,      -5.182019988,      -8.529439651
          0,           0,        3000,      -7.368202946,      -5.224548689,       -5.49500764,      -5.196860389,      -8.529533053
          0,           0,        3001,      -7.383036469,       -5.22599039,      -5.494532378,      -5.198566517,      -8.529161313
          0,           0,        3002,      -7.394869803,      -5.230788363,      -5.494142204,      -5.201321769,      -8.529126946
          0,           0,        3003,      -7.398720789,      -5.228863873,      -5.493635341,      -5.202110952,      -8.529083872
          0,           0,        3004,      -7.402239767,      -5.111119548,      -5.489599691,      -5.173754123,      -8.528989676
          0,           0,        3005,      -7.396888808,      -5.233616464,      -5.492838874,      -5.203294182,      -8.528892993
          0,           0,        3006,      -7.404922861,      -5.235249499,      -5.492493708,      -5.207465143,      -8.528798066
          0,           0,        3007,      -7.409202125,      -5.235036134,       -5.49203735,      -5.208228546,      -8.528709356
          0,           0,        3008,      -7.410977802,      -5.234120371,      -5.491517097,      -5.208759302,      -8.528603131
          0,           0,        3009,        -7.4125266,       -5.23504452,      -5.491015915,      -5.208748353,      -8.528500484
          0,           0,        3010,      -7.411117508,      -5.234736612,      -5.490404352,       -5.20763805,        -8.5272699
          0,           0,        3011,      -7.412433871,      -5.234670073,      -5.489769309,      -5.207887898,      -8.527120875
          0,           0,        3012,      -7.412090678,      -5.233921868,      -5.489096252,      -5.207715193,      -8.527136388
          0,           0,        3013,      -7.410972089,       -5.23319977,      -5.488390157,      -5.206748683,      -8.527017465
          0,           0,        3014,      -7.409012162,      -5.233304036,      -5.487681646,      -5.206065442,      -8.526854589
          0,           0,        3015,      -7.407047754,      -5.233042492,      -5.486945114,      -5.205288255,       -8.52671342
          0,           0,        3016,      -7.404920114,      -5.232173249,      -5.486157447,      -5.204422099,      -8.526560881
          0,           0,        3017,      -7.402369765,      -5.232213921,      -5.485397743,      -5.203408261,      -8.526436753
          0,           0,        3018,      -7.400612389,      -5.231096549,      -5.484564118,      -5.202839748,      -8.526294846
          0,           0,        3019,      -7.399053298,      -5.231191519,      -5.483734862,      -5.202198305,      -8.526161992
          0,           0,        3020,      -7.397622966,      -5.230558695,       -5.48286488,      -5.201589361,      -8.526025063
          0,           0,        3021,      -7.396276424,      -5.230302492,      -5.481980979,      -5.200883392,       -8.52590281
          0,           0,        3022,       -7.39495367,      -5.203047569,      -5.480966235,      -5.199820208,      -8.525788752
          0,           0,        3023,       -7.36739333,      -5.227751884,      -5.479950303,      -5.185573349,       -8.52519133
          0,           0,        3024,      -7.386749173,      -5.227764642,        -5.4790743,      -5.195591059,      -8.523945328
          0,           0,        3025,      -7.389525863,      -5.227743482,      -5.478147055,      -5.196551854,      -8.523895369
          0,           0,        3026,      -7.389042867,      -5.227287329,      -5.477184684,      -5.196191428,      -8.523903397
          0,           0,        3027,      -7.388301796,      -5.226670177,      -5.476211454,        -5.1957303,      -8.523907318
          0,           0,        3028,      -7.387367194,      -5.226300276,      -5.475257271,      -5.195281986,      -8.523874607
          0,           0,        3029,      -7.386438537,      -5.226124627,      -5.474314865,       -5.19487394,      -8.523843221
          0,           0,        3030,      -7.385509021,      -5.009960243,      -5.461052887,      -5.152482277,      -8.523800566
          0,           0,        3031,      -7.368434013,      -5.220734641,      -5.471989271,       -5.18473063,       -8.52376459
          0,           0,        3032,       -7.38116111,      -5.222118207,      -5.471437286,       -5.19205785,      -8.523721768
          0,           0,        3033,      -7.378524317,      -5.223274589,      -5.470449348,      -5.191142907,      -8.522386275
          0,           0,        3034,      -7.380896736,      -5.223741162,      -5.469532681,      -5.192420775,      -8.522597228
          0,           0,        3035,      -7.379760564,      -5.221936753,      -5.468524686,      -5.192044042,      -8.522766983
          0,           0,        3036,      -7.373464853,      -5.222472576,      -5.467623348,      -5.189026384,      -8.522916664
          0,           0,        3037,      -7.374196185,      -5.222609173,       -5.46666093,      -5.189899932,      -8.523085668
          0,           0,        3038,      -7.372031199,      -5.222225793,      -5.465640194,      -5.189201605,       -8.52296474
          0,           0,        3039,      -7.369634169,      -5.221628617,      -5.464595126,      -5.188370088,      -8.523882086
          0,           0,        3040,      -7.367812218,      -5.221173192,      -5.463605901,      -5.187518858,      -8.524069444
          0,           0,        3041,      -7.364629383,      -5.221426268,      -5.462602673,      -5.186569277,      -8.524094843
          0,           0,        3042,        -7.3628225,      -5.212547196,      -5.461299287,      -5.184938871,       -8.52405969
          0,           0,        3043,      -7.357203978,      -5.213278461,      -5.460401563,      -5.182220112,      -8.524091934
          0,           0,        3044,      -7.356827706,      -5.219354886,      -5.459746801,      -5.183159565,      -8.524150401
          0,           0,        3045,      -7.354982278,      -5.219114975,      -5.458887667,      -5.182594533,      -8.524230185
          0,           0,        3046,      -7.352789089,       -5.21887522,      -5.458039934,      -5.181792877,      -8.524289978
          0,           0,        3047,      -7.350410566,       -5.21936571,      -5.457215549,      -5.180915723,      -8.524353901
          0,           0,        3048,      -7.348074587,      -5.219655646,      -5.456391175,      -5.179917939,      -8.524400296
          0,           0,        3049,      -7.346086948,      -5.219200035,      -5.455572686,      -5.179192193,      -8.524454217
          0,           0,        3050,       -7.34426898,      -5.218668316,       -5.45475904,      -5.178474716,      -8.524495757
          0,           0,        3051,       -7.34263518,      -5.218952231,      -5.453969631,      -5.177947449,      -8.524498589
          0,           0,        3052,      -7.341066744,      -5.218780079,      -5.453185721,       -5.17747795,      -8.524525006
          0,           0,        3053,      -7.339705283,       -5.21892975,      -5.452439765,      -5.177129662,      -8.524571533
          0,           0,        3054,      -7.338385042,        -5.2168367,      -5.451624593,      -5.176618099,      -8.524597432
          0,           0,        3055,      -7.336931032,      -5.218087085,       -5.45094896,      -5.176390195,      -8.524625451
          0,           0,        3056,      -7.335931763,      -5.218866306,      -5.450277912,      -5.176451259,      -8.524637299
          0,           0,        3057,      -7.334010109,      -5.218579715,      -5.449557887,      -5.175901116,      -8.524587126
          0,           0,        3058,       -7.33334839,      -5.218167527,      -5.448858949,      -5.176098554,      -8.524586628
          0,           0,        3059,      -7.332248008,      -5.218819039,      -5.448191554,      -5.176118922,      -8.523204707
          0,           0,        3060,      -7.331377075,      -5.218841015,      -5.447546953,      -5.176293071,      -8.523255622
          0,           0,        3061,       -7.33052331,      -5.219079776,      -5.446937576,      -5.176470353,      -8.523294776
          0,           0,        3062,      -7.329607939,      -5.213273126,      -5.446167542,      -5.175926929,      -8.523316644
          0,           0,        3063,       -7.08668364,      -5.214775806,      -5.445094971,      -4.810239703,      -8.523330923
          0,           0,        3064,      -7.099429083,      -5.218223087,      -5.445054737,      -5.061034561,      -8.523328385
          0,           0,        3065,      -7.163529024,       -5.21842801,      -5.444907949,      -5.083030475,      -8.523331564
          0,           0,        3066,      -7.143349441,       -5.21887758,      -5.444633499,      -5.131460999,      -8.523318415
          0,           0,        3067,      -7.174501165,      -5.217631277,      -5.444301455,      -5.090217646,      -8.523311749
          0,           0,        3068,      -7.165881633,      -5.220443759,      -5.443782071,      -5.136590746,      -8.523289037
          0,           0,        3069,      -7.234575836,      -5.220548106,      -5.443479295,      -5.152720167,      -8.523270813
          0,           0,        3070,      -7.248507403,      -5.220825021,      -5.443106111,      -5.166613427,      -8.523230825
          0,           0,        3071,      -7.278133572,      -5.221231158,      -5.442834562,      -5.160818953,      -8.523189648
          0,           0,        3072,      -7.274610512,      -5.219108685,       -5.44244316,      -5.098488901,      -8.521731193
          0,           0,        3073,       -7.31054144,       -5.22136425,      -5.442222941,      -5.154751088,      -8.521637961
          0,           0,        3074,      -7.306574752,       -5.22269396,      -5.442111462,       -5.17273454,      -8.521605709
          0,           0,        3075,       -7.31306051,      -5.222841663,      -5.441932215,      -5.171164581,      -8.521531356
          0,           0,        3076,       -7.30688941,      -5.223127781,      -5.441786334,      -5.172989867,       -8.52142456
          0,           0,        3077,      -7.310298819,      -5.221857958,      -5.441614598,      -5.162652674,      -8.521371799
          0,           0,        3078,       -7.30328405,      -5.224698394,      -5.441545602,       -5.17405187,      -8.521288994
          0,           0,        3079,      -7.306515056,      -5.225114892,      -5.441490079,      -5.173388569,      -8.521193441
          0,           0,        3080,      -7.303072296,        -5.2257922,      -5.441430445,      -5.174695205,      -8.520933097
          0,           0,        3081,      -7.304686344,      -5.226337424,      -5.441406802,      -5.172859089,      -8.520829271
          0,           0,        3082,      -7.300986135,       -5.20449227,      -5.440601754,      -5.105182927,      -8.520718453
          0,           0,        3083,      -7.102230311,      -4.772011219,      -5.404426823,      -4.873764251,      -8.520644467
          0,           0,        3084,      -7.252887444,      -5.057613557,       -5.43325099,      -5.133631879,      -8.520624098
          0,           0,        3085,      -7.253234797,      -5.086282443,       -5.43666094,      -5.159035337,      -8.520754065
          0,           0,        3086,        -7.2640615,       -5.13907369,      -5.439518434,      -5.162715506,      -8.520885586
          0,           0,        3087,      -7.283321235,      -5.164077825,       -5.44071518,      -5.165463845,       -8.52101983
          0,           0,        3088,      -7.291830628,      -5.216813641,      -5.441924238,      -5.172213687,      -8.521136587
          0,           0,        3089,      -7.299143408,      -5.204979561,      -5.442123588,      -5.170018695,       -8.52126011
          0,           0,        3090,      -7.301383659,      -5.215816466,      -5.442506478,      -5.176894188,      -8.521332833
          0,           0,        3091,      -7.303812034,      -4.546234084,      -5.400663546,      -4.762914358,      -8.521435514
          0,           0,        3092,      -7.248699439,      -5.229119161,       -5.44199197,      -5.140982257,      -8.521536942
          0,           0,        3093,      -7.267473044,      -5.230870767,      -5.443505758,      -5.153680061,      -8.521644868
          0,           0,        3094,      -7.295311906,      -5.234233352,      -5.444148185,      -5.172364519,      -8.521737947
          0,           0,        3095,      -7.306619423,      -5.234495227,      -5.444617548,      -5.181117082,      -8.521836792
          0,           0,        3096,      -7.309989768,      -5.236825564,      -5.445114921,      -5.185989687,      -8.521918118
          0,           0,        3097,      -7.312205198,      -5.236934046,      -5.445605683,      -5.186133492,      -8.522003511
          0,           0,        3098,      -7.313103667,      -5.238598883,       -5.44612764,      -5.188722261,      -8.522077543
          0,           0,        3099,      -7.314000887,      -5.239024303,      -5.446669613,      -5.189013813,      -8.522154169
          0,           0,        3100,      -7.314139321,      -5.240640348,      -5.447251508,      -5.190831766,      -8.522225079
          0,           0,        3101,      -7.314570462,      -5.240864201,      -5.447841537,      -5.191123535,      -8.522309525
          0,           0,        3102,      -7.314132489,      -5.242531365,      -5.448476445,      -5.191936383,      -8.522737832
          0,           0,        3103,      -7.314252704,      -5.243097358,      -5.449128329,      -5.192692255,      -8.517947503
          0,           0,        3104,      -7.313790118,      -5.244244197,      -5.449826728,      -5.193503727,      -8.518498382
          0,           0,        3105,      -7.314371419,      -5.245084785,      -5.450529655,      -5.194165062,      -8.522142325
          0,           0,        3106,      -7.314166122,      -5.246210779,      -5.451277741,      -5.194811779,      -8.522269674
          0,           0,        3107,      -7.314810086,      -5.247058256,      -5.452033992,      -5.195403533,      -8.522404269
          0,           0,        3108,      -7.315160551,      -5.248140918,      -5.452799677,      -5.196247062,      -8.522519901
          0,           0,        3109,      -7.315448756,      -5.248898054,      -5.453550935,      -5.196540927,      -8.522668589
          0,           0,        3110,       -7.31594603,       -5.25003635,      -5.454309364,      -5.197327441,       -8.52276885
          0,           0,        3111,      -7.317274353,      -5.219379078,      -5.453663101,      -5.174682651,      -8.522907643
          0,           0,        3112,      -6.774254856,       -4.41274089,      -5.406222025,      -4.710677158,      -8.523041188
          0,           0,        3113,      -7.055876154,      -5.059331669,      -5.445913594,      -4.985848651,       -8.52318373
          0,           0,        3114,      -7.028327602,      -4.760625929,      -5.435128447,      -4.926454712,      -8.523310245
          0,           0,        3115,      -7.128407986,      -5.145823797,      -5.451140585,      -5.057987102,      -8.523440396
          0,           0,        3116,       -7.13673203,      -4.867844762,      -5.444007892,      -5.004101767,      -8.523558868
          0,           0,        3117,      -7.103719693,      -4.843352514,      -5.443512317,       -4.99019862,      -8.523681713
          0,           0,        3118,      -7.077726141,      -5.212145005,       -5.45874903,      -5.003339999,      -8.523790964
          0,           0,        3119,      -7.095859538,      -5.215408082,      -5.460004428,      -5.015499486,      -8.523910037
          0,           0,        3120,      -7.147285396,      -5.226282422,      -5.460828988,      -5.063490391,      -8.524016251
          0,           0,        3121,       -7.20273299,       -4.67299266,      -5.436164482,      -4.940240661,      -8.524134006
          0,           0,        3122,      -7.166304956,      -5.233192138,      -5.461914453,      -5.088350222,      -8.524249317
          0,           0,        3123,      -7.241226335,      -5.241222886,      -5.462612861,      -5.146613862,      -8.524387688
          0,           0,        3124,      -7.239260412,      -5.254655457,      -5.463898089,      -5.145169545,      -8.524543119
          0,           0,        3125,       -7.23708384,      -5.258444547,      -5.465505162,      -5.144422839,      -8.524730785
          0,           0,        3126,      -7.231564869,      -5.261935079,      -5.467042879,      -5.140892942,      -8.525424287
          0,           0,        3127,      -7.235858759,      -5.263030885,      -5.468641712,      -5.145175623,      -8.525577217
          0,           0,        3128,      -7.249561562,      -5.265095621,      -5.470233977,      -5.155481194,      -8.525710012
          0,           0,        3129,      -7.267595871,      -5.265847239,      -5.471782099,      -5.169231662,      -8.525845973
          0,           0,        3130,      -7.286067137,      -5.266756708,      -5.473214187,       -5.18112685,      -8.525970944
          0,           0,        3131,      -7.302385691,      -5.267471179,      -5.474515698,      -5.190675131,      -8.526103861
          0,           0,        3132,       -7.31616829,      -5.268109506,      -5.475627656,       -5.19712121,      -8.526220458
          0,           0,        3133,      -7.328506881,      -5.266820255,       -5.47645846,      -5.200021756,      -8.526348167
          0,           0,        3134,      -7.340142327,      -5.269061154,      -5.477287925,      -5.208146356,      -8.526475951
          0,           0,        3135,      -7.352781406,      -5.269556283,      -5.477965941,      -5.214403255,      -8.526607953
          0,           0,        3136,      -7.365558241,      -5.270021372,      -5.478526144,      -5.221701221,      -8.526716465
          0,           0,        3137,      -7.376959105,      -5.269306354,      -5.478895794,      -5.223191944,      -8.526827407
          0,           0,        3138,      -7.239734897,      -5.268445325,      -5.479105341,      -5.017553025,      -8.526918625
          0,           0,        3139,      -7.362020669,      -5.271345673,      -5.479858425,      -5.190723431,      -8.527012185
          0,           0,        3140,      -7.374449953,      -5.272074744,      -5.480677904,      -5.220755182,      -8.527093268
          0,           0,        3141,      -7.373007969,      -5.272940766,      -5.481434029,       -5.23375262,      -8.527176379
          0,           0,        3142,      -7.371313629,      -5.273894806,      -5.482202805,      -5.237036152,       -8.52727397
          0,           0,        3143,        -7.3737845,      -5.274622989,      -5.483046868,      -5.240395561,      -8.527421942
          0,           0,        3144,      -7.371877737,      -5.275337391,      -5.483885581,      -5.240364535,      -8.527562589
          0,           0,        3145,       -7.36830532,      -5.275897119,      -5.484730541,      -5.238591095,      -8.527690249
          0,           0,        3146,      -7.364589162,      -5.276690936,      -5.485617907,      -5.236899885,      -8.527803494
          0,           0,        3147,      -7.359828577,      -5.277158347,      -5.486466941,       -5.23385234,      -8.527357604
          0,           0,        3148,       -7.35607422,      -5.277410303,      -5.487299918,      -5.229283459,      -8.527473305
          0,           0,        3149,       -7.35234255,      -5.277890378,      -5.488128342,      -5.226042792,       -8.52758854
          0,           0,        3150,      -7.348647161,       -4.55578911,      -5.379294126,      -5.149628101,      -8.527679486
          0,           0,        3151,      -6.595891059,      -5.209367416,      -5.437339542,      -4.545558539,      -8.527769159
          0,           0,        3152,       -7.05100379,       -5.22800538,      -5.460785475,      -4.976054797,      -8.527847257
          0,           0,        3153,      -6.946551486,      -5.247666736,      -5.483909256,      -4.881716132,      -8.527927975
          0,           0,        3154,      -7.031224094,       -5.25782505,      -5.488201885,      -4.957624545,       -8.52799927
          0,           0,        3155,      -7.149920027,      -5.265892908,      -5.489214596,      -5.061423088,      -8.528083706
          0,           0,        3156,      -7.230504997,      -5.259039529,      -5.490302803,      -5.124753197,      -8.528149674
          0,           0,        3157,      -7.282995166,      -5.265199094,      -5.491223649,        -5.1620257,      -8.528218053
          0,           0,        3158,      -7.324649064,       -5.27220605,      -5.491832381,      -5.188566167,      -8.528402635
          0,           0,        3159,      -7.352805427,      -5.273341769,      -5.492107289,       -5.20480785,      -8.528165532
          0,           0,        3160,      -7.375390451,      -5.273620168,      -5.492192867,      -5.217748655,       -8.52818286
          0,           0,        3161,      -7.392185874,       -5.27386269,      -5.492173141,      -5.227061896,      -8.528279135
          0,           0,        3162,      -7.405030633,      -5.273962774,        -5.4920984,      -5.234524189,      -8.528331944
          0,           0,        3163,      -7.414788815,      -5.273693784,      -5.492012611,      -5.240565179,      -8.528380892
          0,           0,        3164,      -7.421376682,      -5.273522185,      -5.491938589,      -5.245181592,      -8.528424358
          0,           0,        3165,      -7.423235673,      -4.474202385,      -5.052476062,      -5.173625853,       -8.52841396
          0,           0,        3166,      -5.375365835,      -4.666506521,       -4.64881754,      -3.288834851,      -8.528408376
          0,           0,        3167,      -5.702722012,      -4.786444259,      -4.835474542,      -3.504316704,      -8.527331606
          0,           0,        3168,      -5.987894559,      -4.924883679,      -4.987783385,      -3.675363649,      -8.527316173
          0,           0,        3169,      -6.056869528,      -5.044481999,      -5.112259033,      -3.818088943,       -8.52742355
          0,           0,        3170,      -6.052755663,      -5.125887735,      -5.218976281,      -3.948144615,      -8.527571546
          0,           0,        3171,      -6.077924713,      -5.172627712,      -5.294538153,       -4.08620732,      -8.527764018
          0,           0,        3172,       -6.12501657,      -5.202480238,      -5.351463441,      -4.211108144,      -8.527935764
          0,           0,        3173,      -6.188170878,      -5.221515231,      -5.391535723,      -4.325878954,       -8.52806398
          0,           0,        3174,       -6.25773489,       -5.23349332,      -5.419887142,      -4.428848296,      -8.528147693
          0,           0,        3175,      -6.324698813,      -5.240715387,       -5.43964755,      -4.517382844,      -8.528211822
          0,           0,        3176,      -6.383023147,      -5.245319888,      -5.452868871,      -4.591333009,      -8.528246745
          0,           0,        3177,      -6.430772655,      -5.247907652,      -5.461369812,      -4.652580975,      -8.528274875
          0,           0,        3178,      -6.469084903,      -5.249248675,      -5.466514132,      -4.703058902,      -8.528281883
          0,           0,        3179,      -6.500306938,      -5.249625076,       -5.46913354,        -4.7450379,      -8.528297282
          0,           0,        3180,      -6.526845263,       -5.24871572,      -5.469836837,      -4.781237945,      -8.528299799
          0,           0,        3181,      -6.549488179,      -5.249545261,      -5.469014758,      -4.813995374,       -8.52819059
          0,           0,        3182,      -6.569010299,      -5.245656906,      -5.465933008,       -4.84413624,      -8.528173096
          0,           0,        3183,      -6.577504698,      -5.247798203,      -5.464731908,      -4.866490249,      -8.527028322
          0,           0,        3184,      -6.601712077,       -5.24873651,      -5.462966632,      -4.897705627,      -8.527057793
          0,           0,        3185,      -6.614474574,      -5.249050835,      -5.461381429,      -4.916475283,      -8.527098045
          0,           0,        3186,      -6.624328011,      -5.249328083,      -5.460328004,      -4.928511018,      -8.527120299
          0,           0,        3187,      -6.632359615,      -5.249550726,      -5.459743199,      -4.932436538,      -8.527146392
          0,           0,        3188,      -6.638746026,      -5.250157952,      -5.459490439,      -4.929176075,      -8.527162658
          0,           0,        3189,       -6.64384262,      -5.250776227,      -5.459416179,      -4.921091989,      -8.527183935
          0,           0,        3190,      -6.648202638,      -5.251494985,      -5.459373871,      -4.910593082,      -8.526639332
          0,           0,        3191,      -6.652332051,      -5.251955649,      -5.459266527,       -4.90001727,      -8.526553994
          0,           0,        3192,      -6.656486773,      -5.252491039,      -5.458931533,      -4.890659282,      -8.526595372
          0,           0,        3193,      -6.661562125,      -5.252698263,      -5.458325753,      -4.883956723,      -8.526632494
          0,           0,        3194,      -6.667842673,      -5.252268262,      -5.457347059,      -4.880291839,      -8.526601753
          0,           0,        3195,      -6.675272633,      -5.251901286,       -5.45601331,      -4.879830949,      -8.526620328
          0,           0,        3196,      -6.683580608,       -5.25071936,       -5.45425218,        -4.8819024,      -8.526628356
          0,           0,        3197,      -6.692936006,      -5.249556443,      -5.452109183,      -4.885735562,      -8.526657422
          0,           0,        3198,      -6.701648284,      -5.247715724,      -5.449711726,      -4.889913869,      -8.526666015
          0,           0,        3199,      -6.710191904,      -5.245002477,      -5.447251651,      -4.893115694,      -8.526675629
          0,           0,        3200,      -6.717888494,      -5.243037267,      -5.444931286,      -4.893840674,      -8.526669404
          0,           0,        3201,      -6.724086589,      -5.240598173,      -5.442867482,      -4.891128094,      -8.526660644
          0,           0,        3202,      -6.728652612,      -5.238418992,      -5.441186111,       -4.88506872,      -8.526636088
          0,           0,        3203,      -6.731927272,      -5.236820081,      -5.439973795,      -4.876724509,      -8.526639307
          0,           0,        3204,      -6.734558361,      -5.235582845,      -5.439228141,       -4.86773366,      -8.526634901
          0,           0,        3205,      -6.737357684,      -5.234592435,      -5.438901471,      -4.859897379,      -8.526655299
          0,           0,        3206,      -6.741452763,      -5.235019708,      -5.438957919,      -4.854922612,      -8.526671602
          0,           0,        3207,      -6.747092541,      -5.234364649,      -5.439209183,      -4.853971864,      -8.526689457
          0,           0,        3208,      -6.754946523,      -5.235926841,      -5.439532652,      -4.857817261,      -8.526682869
          0,           0,        3209,      -6.765617915,      -5.237163483,       -5.43984303,      -4.867229061,      -8.526674755
          0,           0,        3210,      -6.778899008,      -5.238291162,      -5.440005302,      -4.881797681,      -8.526626889
          0,           0,        3211,      -6.794418446,      -5.139681268,      -5.418003752,      -4.899935734,      -8.526580751
          0,           0,        3212,      -6.685618014,       -5.12556215,      -5.408132969,      -4.713826727,      -8.526524694
          0,           0,        3213,      -6.795803975,      -5.235806872,      -5.437467438,      -4.876506477,      -8.526502683
          0,           0,        3214,      -6.819561191,      -5.239391699,      -5.438341766,      -4.911847754,      -8.526487529
          0,           0,        3215,      -6.849640946,      -5.239806669,      -5.437844176,      -4.964552151,      -8.526478336
          0,           0,        3216,      -6.868747413,      -5.240485277,      -5.437601372,      -4.994063549,      -8.526458261
          0,           0,        3217,      -6.880038413,      -5.240032547,      -5.437388709,       -5.00419962,      -8.526491053
          0,           0,        3218,      -6.886821228,       -5.23964807,      -5.437084233,       -5.00375501,      -8.526539085
          0,           0,        3219,      -6.890779056,      -5.238426883,      -5.436681767,      -4.997489754,      -8.526641146
          0,           0,        3220,      -6.893210476,      -5.237838003,      -5.436169325,      -4.988249795,      -8.526323923
          0,           0,        3221,      -6.895752707,      -5.237902215,      -5.435680191,      -4.979831832,      -8.526467547
          0,           0,        3222,      -6.899268814,      -5.233396339,      -5.435005672,      -4.973449251,       -8.52658234
          0,           0,        3223,      -6.904628203,       -5.23413328,      -5.434451281,      -4.970549608,      -8.526695286
          0,           0,        3224,      -6.912740234,      -5.236513486,      -5.433963329,      -4.972195015,      -8.526790851
          0,           0,        3225,       -6.92360518,      -5.236275198,      -5.433444162,      -4.978273511,      -8.526888293
          0,           0,        3226,      -6.937155101,      -5.236153068,      -5.433000202,      -4.988555023,      -8.526969703
          0,           0,        3227,      -6.953134831,      -5.236557173,      -5.432676101,      -5.002679236,      -8.527063949
          0,           0,        3228,      -6.971071349,      -5.236941991,      -5.432488716,      -5.019893716,      -8.527151514
          0,           0,        3229,      -6.990251516,      -5.236932136,      -5.432447022,      -5.039272872,      -8.527245846
          0,           0,        3230,      -7.009968616,      -5.237059535,      -5.432563495,      -5.059788757,        -8.5273264
          0,           0,        3231,      -7.029273851,      -5.235742541,      -5.432798846,      -5.080104298,      -8.527406596
          0,           0,        3232,      -7.047250988,      -5.237766056,      -5.433241712,      -5.098990447,      -8.527467293
          0,           0,        3233,      -7.063305219,      -5.238079801,      -5.433761061,      -5.115386628,       -8.52753616
          0,           0,        3234,      -7.076881242,      -5.238395305,      -5.434354777,      -5.128360853,      -8.527587917
          0,           0,        3235,      -7.087821989,      -5.238657812,      -5.434991426,      -5.137618463,      -8.527647374
          0,           0,        3236,       -7.09683264,      -5.237471149,      -5.435603053,      -5.143210482,      -8.527694871
          0,           0,        3237,       -7.10264934,       -5.23914037,       -5.43627747,      -5.145352619,      -8.527657654
          0,           0,        3238,      -7.106471451,      -5.239797381,      -5.436900164,      -5.145096645,      -8.527707315
          0,           0,        3239,      -7.109350762,      -5.240123298,      -5.437452873,      -5.142690786,      -8.527775029
          0,           0,        3240,      -7.111050649,      -5.240412086,      -5.437939398,      -5.138831683,      -8.527834045
          0,           0,        3241,      -7.111921677,      -5.231258281,      -5.438108299,       -5.13375763,      -8.527899664
          0,           0,        3242,      -7.112140574,      -5.241221411,      -5.438695818,      -5.128701805,      -8.527953889
          0,           0,        3243,      -7.112702782,      -5.241715625,      -5.439006972,      -5.123947372,      -8.525752663
          0,           0,        3244,      -7.113518713,       -5.24214482,       -5.43926334,      -5.119548063,      -8.525696358
          0,           0,        3245,      -7.114864661,      -5.242592992,      -5.439486434,      -5.116040681,      -8.525820652
          0,           0,        3246,      -7.116981205,      -5.243030284,      -5.439689041,      -5.113728605,      -8.525955381
          0,           0,        3247,      -7.120044867,      -5.243315569,      -5.439892265,      -5.112721087,      -8.526080694
          0,           0,        3248,      -7.124177054,      -5.243881898,      -5.440114441,       -5.11314762,       -8.52617891
          0,           0,        3249,      -7.129398572,      -5.244252922,      -5.440365893,      -5.114980469,      -8.526257954
          0,           0,        3250,      -7.135646484,      -5.244636466,      -5.440655966,       -5.11813105,      -8.526314304
          0,           0,        3251,      -7.142774793,      -5.245249065,      -5.441010027,      -5.122430199,       -8.52637541
          0,           0,        3252,      -7.150603323,       -5.24572102,      -5.441414716,      -5.127669405,      -8.526416683
          0,           0,        3253,      -7.158857421,      -5.245862345,      -5.441873901,      -5.133549076,      -8.526460166
          0,           0,        3254,      -7.167288195,      -5.247019056,      -5.442421712,      -5.139834651,       -8.52648959
          0,           0,        3255,      -7.175666127,      -5.247571382,      -5.443018286,      -5.146265489,       -8.52652141
          0,           0,        3256,      -7.183712276,      -5.248236575,      -5.443671661,      -5.152568195,      -8.526536587
          0,           0,        3257,      -7.191311711,      -5.248978501,      -5.444385663,      -5.158623018,      -8.526560121
          0,           0,        3258,      -7.198325147,      -5.249644675,      -5.445143533,      -5.164265075,      -8.526565741
          0,           0,        3259,      -7.204677792,       -5.24793387,      -5.445897289,      -5.169372811,      -8.526574725
          0,           0,        3260,      -7.210155173,       -5.25115813,      -5.446775294,      -5.173815906,      -8.526593615
          0,           0,        3261,      -7.215315991,       -5.25201162,      -5.447631572,       -5.17800459,      -8.526615853
          0,           0,        3262,      -7.219910385,      -5.252894121,      -5.448500395,      -5.181710927,      -8.526617619
          0,           0,        3263,      -7.223935205,      -5.253734798,      -5.449368429,      -5.184811823,      -8.526634606
          0,           0,        3264,      -7.227401291,      -5.250290048,      -5.450100987,      -5.187392222,      -8.526618779
          0,           0,        3265,      -7.230807928,      -5.253175416,      -5.451030515,      -5.188752041,      -8.522630872
          0,           0,        3266,      -7.233071986,      -5.256094161,      -5.451972692,      -5.191728693,      -8.522780868
          0,           0,        3267,      -7.236715711,      -5.256923507,      -5.452853784,       -5.19408102,      -8.522927631
          0,           0,        3268,      -7.240423809,      -5.257781568,      -5.453734875,      -5.196150159,      -8.523050256
          0,           0,        3269,      -7.243740593,      -5.258979206,      -5.454621157,      -5.198073417,      -8.523168828
          0,           0,        3270,      -7.246886362,      -5.259953233,      -5.455504474,      -5.199807055,      -8.523285086
          0,           0,        3271,      -7.250063994,      -5.260891151,      -5.456376393,      -5.201519858,      -8.515498469
          0,           0,        3272,       -7.25316828,      -5.261772558,      -5.457268605,      -5.203181986,      -8.516068926
          0,           0,        3273,      -7.256258342,       -5.25157292,      -5.457873763,      -5.204593235,      -8.516613906
          0,           0,        3274,      -7.259359644,      -5.263611392,      -5.459072735,      -5.205990763,      -8.517122476
          0,           0,        3275,      -7.262881465,       -5.26469705,      -5.460016417,      -5.207666348,      -8.517637107
          0,           0,        3276,      -7.265512055,       -5.26575663,      -5.460963875,      -5.208842324,       -8.51807424
          0,           0,        3277,      -7.268882124,      -5.266598704,      -5.461925011,      -5.210119241,      -8.518568883
          0,           0,        3278,      -7.271160548,      -5.267721111,      -5.462916977,      -5.211082076,       -8.51902656
          0,           0,        3279,      -7.273309948,      -5.268513336,      -5.463947454,      -5.211867227,      -8.519465168
          0,           0,        3280,      -7.275437461,      -5.269521025,      -5.465022806,       -5.21256194,      -8.519862935
          0,           0,        3281,      -7.277401165,      -5.270456029,      -5.466141507,      -5.213085251,      -8.520243522
          0,           0,        3282,      -7.279190961,      -5.271183293,      -5.467285714,      -5.213511197,       -8.52057498
          0,           0,        3283,      -7.280809114,      -5.272270314,      -5.468476651,       -5.21382993,      -8.520891187
          0,           0,        3284,      -7.282423252,      -5.273066285,      -5.469674621,      -5.214173771,       -8.52117653
          0,           0,        3285,      -7.283972499,      -5.274059583,      -5.470914873,       -5.21435136,      -8.522037094
          0,           0,        3286,      -7.285584429,      -5.275085402,        -5.4721677,      -5.214915793,      -8.522295965
          0,           0,        3287,      -7.287482855,      -5.276064236,      -5.473415486,      -5.215532029,      -8.522546151
          0,           0,        3288,      -7.289474406,      -5.277087386,      -5.474655684,      -5.216178627,      -8.522766416
          0,           0,        3289,      -7.291489407,      -5.277320129,      -5.475861054,      -5.216886706,      -8.522979197
          0,           0,        3290,      -7.293374742,      -5.278897024,      -5.477073581,      -5.217501083,      -8.523209336
          0,           0,        3291,      -7.295134976,       -5.27973173,      -5.478301747,      -5.218271833,       -8.52338151
          0,           0,        3292,       -7.29768145,      -5.280664532,      -5.479502291,      -5.219520651,      -8.523529947
          0,           0,        3293,        -7.3001121,      -5.281595282,      -5.480699432,      -5.220657914,      -8.523680174
          0,           0,        3294,      -7.302462028,      -5.282426088,      -5.481877387,      -5.221756929,      -8.523808001
          0,           0,        3295,      -7.304881578,      -5.282558476,      -5.483018429,      -5.222923765,      -8.523936804
          0,           0,        3296,      -7.307659587,      -5.283869048,      -5.484208143,      -5.224105915,      -8.524048137
          0,           0,        3297,        -7.3095477,        -5.2834398,      -5.485278784,      -5.224840135,      -8.524161257
          0,           0,        3298,       -7.31003182,      -5.285935635,      -5.486528141,      -5.224516604,      -8.524250939
          0,           0,        3299,      -7.315927747,       -5.28677277,      -5.487692314,      -5.228592374,      -8.524355511
          0,           0,        3300,      -7.319265982,      -5.272639607,      -5.488326773,      -5.230127068,      -8.524449009
          0,           0,        3301,      -7.284196308,      -4.154797544,      -5.223731497,      -4.697159644,      -8.524556734
          0,           0,        3302,      -7.289121183,      -5.260609656,      -5.490409871,      -5.200877804,      -8.524651377
          0,           0,        3303,      -7.323301433,      -5.189796364,      -5.490558784,      -5.224487232,      -8.524752982
          0,           0,        3304,       -7.32963367,       -5.20111678,      -5.491938885,      -5.230455412,      -8.524850573
          0,           0,        3305,      -7.333320492,      -5.273820494,      -5.494285354,      -5.236487233,       -8.52496081
          0,           0,        3306,      -7.336719156,      -5.263894662,      -5.495227908,      -5.237697721,      -8.525088576
          0,           0,        3307,      -7.341575324,      -5.277190431,      -5.496491789,      -5.240886032,      -8.525214361
          0,           0,        3308,      -7.345984838,      -5.275958381,      -5.497499993,      -5.243084592,      -8.525318521
          0,           0,        3309,      -7.350375471,      -5.291667032,      -5.498741038,      -5.245982374,      -8.525418863
          0,           0,        3310,      -7.354163091,      -5.287906249,      -5.499667359,       -5.24773822,      -8.525501369
          0,           0,        3311,      -7.357782592,      -5.291960806,      -5.500705297,      -5.249574556,      -8.525591069
          0,           0,        3312,      -7.361003213,      -5.290521938,       -5.50162978,      -5.250966357,      -8.525659041
          0,           0,        3313,      -7.364002562,      -5.295246892,      -5.502631339,      -5.252393183,      -8.525727757
          0,           0,        3314,      -7.366860911,      -5.294380921,      -5.503531838,      -5.253541948,      -8.525781294
          0,           0,        3315,      -7.369744406,      -5.296028047,      -5.504470787,      -5.254644747,      -8.525833757
          0,           0,        3316,      -7.372607302,      -5.295396776,      -5.505343663,      -5.255770806,      -8.525867058
          0,           0,        3317,       -7.37492586,      -5.297088795,      -5.506201409,      -5.256666101,      -8.525559933
          0,           0,        3318,      -7.378697989,      -5.296851602,      -5.507000947,      -5.258178465,      -8.525600194
          0,           0,        3319,      -7.381845551,      -5.297252118,      -5.507772941,      -5.259427486,      -8.525638815
          0,           0,        3320,      -7.383147902,      -5.297096133,      -5.508444872,      -5.258611345,      -8.525722402
          0,           0,        3321,      -7.382550336,      -5.298087894,      -5.509022738,      -5.258999346,      -8.525722608
          0,           0,        3322,      -7.387909597,      -5.298065234,      -5.509506201,      -5.259390824,      -8.525490298
          0,           0,        3323,      -7.390521279,      -5.298579543,      -5.510045186,      -5.261152556,      -8.525495952
          0,           0,        3324,      -7.392809376,      -5.297615133,        -5.5104804,      -5.261844309,      -8.525527395
          0,           0,        3325,      -7.388534375,      -5.295582546,      -5.510541156,      -5.257479353,      -8.525512447
          0,           0,        3326,      -7.376517478,       -5.29852989,      -5.511716381,       -5.24853816,      -8.525479488
          0,           0,        3327,      -7.395873328,      -5.298809142,      -5.512207528,      -5.260808972,      -8.525457178
          0,           0,        3328,      -7.402603916,      -5.297214504,      -5.512602754,      -5.264362105,      -8.525421041
          0,           0,        3329,      -7.405445026,      -5.298605765,      -5.512997447,      -5.265406608,      -8.525393672
          0,           0,        3330,      -7.407963812,      -5.298664311,        -5.5132492,      -5.263738418,      -8.520949715
          0,           0,        3331,       -7.40721047,      -5.298564452,      -5.513476802,      -5.264647345,       -8.52103918
          0,           0,        3332,      -7.408078969,      -5.298687244,      -5.513694077,      -5.264402871,      -8.521338605
          0,           0,        3333,      -7.409226725,       -5.29462844,      -5.513774635,      -5.263918243,      -8.521494731
          0,           0,        3334,      -7.409407949,      -5.297608596,      -5.514039319,      -5.263267507,       -8.52156887
          0,           0,        3335,      -7.409892659,       -5.29721062,      -5.514229947,      -5.262746613,      -8.521639613
          0,           0,        3336,      -7.410193669,      -5.297261391,      -5.514375291,      -5.262177195,      -8.521686656
          0,           0,        3337,      -7.410086782,      -5.295754323,      -5.514456356,      -5.261237543,      -8.521728148
          0,           0,        3338,      -7.407939263,      -5.296970655,      -5.514624351,      -5.259198877,      -8.521749113
          0,           0,        3339,      -7.407487743,      -5.296880366,      -5.514658499,      -5.258396791,      -8.521414316
          0,           0,        3340,       -7.41056708,      -5.296428706,      -5.514685239,      -5.258927845,      -8.521433211
          0,           0,        3341,      -7.411604138,      -5.296260911,      -5.514673362,      -5.258590767,      -8.521441261
          0,           0,        3342,       -7.41211525,      -5.295180189,      -5.514577574,      -5.258115496,      -8.521421591
          0,           0,        3343,      -7.412564903,       -5.28759132,      -5.514454476,      -5.257569725,      -8.521406846
          0,           0,        3344,      -7.403124698,      -5.293013448,      -5.514155722,      -5.252636725,      -8.520579274
          0,           0,        3345,      -7.411617698,      -5.294209224,      -5.513918587,      -5.255627278,      -8.521093559
          0,           0,        3346,      -7.413325649,      -5.293731283,      -5.513601511,      -5.255721335,      -8.521163415
          0,           0,        3347,       -7.41344208,      -5.293398756,      -5.513236827,      -5.255380701,      -8.521149756
          0,           0,        3348,      -7.413788634,      -5.292912815,      -5.512841162,      -5.255167008,      -8.521097904
          0,           0,        3349,      -7.414417513,      -5.289777873,      -5.512340596,      -5.255035328,      -8.521051078
          0,           0,        3350,      -7.414852739,      -5.291498775,      -5.511976245,      -5.254917003,      -8.520993118
          0,           0,        3351,      -7.415900455,      -5.288214805,      -5.511481192,      -5.255056111,      -8.520939141
          0,           0,        3352,      -7.416648012,      -5.289507063,      -5.511062306,      -5.255172128,      -8.520870287
          0,           0,        3353,      -7.417488361,      -5.289826884,       -5.51064253,       -5.25527566,      -8.520815797
          0,           0,        3354,        -7.4172828,      -5.288982193,      -5.510121674,      -5.254933972,       -8.51978108
          0,           0,        3355,       -7.41865769,      -5.288567838,      -5.509600017,      -5.255263765,      -8.519781344
          0,           0,        3356,      -7.419127319,      -5.288646134,      -5.509069557,      -5.255186292,      -8.519786407
          0,           0,        3357,      -7.419265698,      -5.287949693,      -5.508502726,      -5.254999178,      -8.519807038
          0,           0,        3358,      -7.418057651,      -5.287115583,      -5.507914351,      -5.254338368,      -8.519482057
          0,           0,        3359,      -7.418463385,      -5.286684118,      -5.507334963,      -5.253931881,      -8.519487849
          0,           0,        3360,      -7.417248911,      -5.285104218,      -5.506734669,      -5.253068446,      -8.519465399
          0,           0,        3361,      -7.413070946,      -5.285545535,       -5.50612131,      -5.250469672,      -8.519466323
          0,           0,        3362,      -7.414081243,      -5.284845962,      -5.505474662,      -5.251035051,      -8.519491866
          0,           0,        3363,      -7.412610334,      -5.269595719,      -5.504336253,      -5.249822992,      -8.519521185
          0,           0,        3364,      -7.408358131,      -5.269887164,      -5.503696536,      -5.247527284,       -8.51954075
          0,           0,        3365,      -7.407789386,      -5.281542935,      -5.503383995,      -5.246726595,      -8.519584412
          0,           0,        3366,      -7.406299019,       -5.27953832,      -5.502665662,      -5.245800105,      -8.519624827
          0,           0,        3367,      -7.404351102,      -5.280846152,      -5.502005219,       -5.24470019,      -8.519717611
          0,           0,        3368,      -7.402296269,      -5.280042972,      -5.501315798,      -5.243384221,      -8.519798228
          0,           0,        3369,      -7.400194018,      -5.280700936,      -5.500634496,       -5.24220208,      -8.519871689
          0,           0,        3370,      -7.397940264,      -5.279494519,      -5.499952115,      -5.240825271,      -8.519923439
          0,           0,        3371,      -7.396081457,      -5.279436923,      -5.499293983,      -5.239691105,      -8.519978218
          0,           0,        3372,      -7.394079398,      -5.279308036,      -5.498634507,      -5.238557217,      -8.520045747
          0,           0,        3373,      -7.391986685,      -5.278610386,       -5.49796028,      -5.237442182,      -8.520105333
          0,           0,        3374,      -7.390191597,      -5.277864479,      -5.497282387,       -5.23641148,      -8.520118561
          0,           0,        3375,      -7.388331857,      -5.277391767,      -5.496604773,      -5.235412826,      -8.520120084
          0,           0,        3376,      -7.386447361,      -5.277200489,      -5.495933427,      -5.234461213,      -8.520099656
          0,           0,        3377,      -7.384571958,      -5.276765058,      -5.495262066,      -5.233525778,      -8.520084117
          0,           0,        3378,      -7.382784805,      -5.276162353,      -5.494605455,       -5.23263567,      -8.520050793
          0,           0,        3379,      -7.381043621,      -5.275761937,      -5.493966788,      -5.231803867,      -8.520018871
          0,           0,        3380,      -7.379205539,      -5.274447551,      -5.493309478,      -5.230946581,      -8.519971479
          0,           0,        3381,      -7.377405797,      -5.274859049,      -5.492722205,      -5.230113501,      -8.519957709
          0,           0,        3382,      -7.375843301,      -5.095428571,       -5.48443539,      -5.224681285,      -8.519937678
          0,           0,        3383,      -7.365205293,      -5.270785884,      -5.491294651,      -5.223217319,      -8.519925551
          0,           0,        3384,      -7.370521697,      -5.273532865,      -5.490955184,      -5.226758786,      -8.519898269
          0,           0,        3385,      -7.370263684,      -5.271415663,      -5.490345957,      -5.226768699,       -8.51989117
          0,           0,        3386,      -7.368065166,      -5.273213765,      -5.489884906,      -5.225871523,      -8.519898845
          0,           0,        3387,      -7.366564754,      -5.224739947,      -5.487733304,      -5.224511645,      -8.519912832
          0,           0,        3388,      -7.338554602,      -5.157949148,      -5.486682984,      -5.206619673,      -8.519915744
          0,           0,        3389,      -7.346555194,      -5.239792812,      -5.487924793,      -5.213286944,      -8.519926952
          0,           0,        3390,      -7.354746998,      -5.252979902,      -5.487706956,      -5.219207719,      -8.519924788
          0,           0,        3391,      -7.355470456,      -5.259887456,      -5.487388889,      -5.220142743,      -8.519929202
          0,           0,        3392,      -7.352765099,      -5.265800117,      -5.487104187,      -5.218685179,      -8.519901014
          0,           0,        3393,      -7.350707824,      -5.268566611,      -5.486730261,      -5.217708533,      -8.519920313
          0,           0,        3394,      -7.348814489,      -5.269077446,      -5.486447853,      -5.216839919,      -8.519949943
          0,           0,        3395,        -7.3488691,      -5.269278736,      -5.486148537,      -5.217376322,       -8.52003365
          0,           0,        3396,      -7.348657167,      -5.270278194,      -5.485892606,      -5.217792152,      -8.520117005
          0,           0,        3397,      -7.348854878,      -5.189587842,      -5.482874149,      -5.217796398,      -8.520173258
          0,           0,        3398,      -6.129563045,      -4.096688717,      -4.623321495,      -4.002219352,      -8.520164159
          0,           0,        3399,      -5.944752728,      -4.338927377,      -5.119708058,      -3.846457192,      -8.520209975
          0,           0,        3400,      -6.244991747,      -4.414894479,      -5.335124461,      -4.093034913,      -8.520236692
          0,           0,        3401,      -6.483103975,      -4.519478182,      -5.332748922,      -4.369166198,       -8.51884568
          0,           0,        3402,      -6.401363729,      -4.623786563,      -5.378021765,      -4.395036098,      -8.518870047
          0,           0,        3403,      -6.401120464,      -4.720561433,      -5.418627423,      -4.412750161,      -8.518790947
          0,           0,        3404,      -6.459844143,      -4.807711473,      -5.443258302,       -4.47449802,      -8.518843154
          0,           0,        3405,      -6.545744989,       -4.88745555,      -5.455742535,      -4.559391614,      -8.518909066
          0,           0,        3406,       -6.64079416,       -4.95164807,      -5.462328172,      -4.654653641,      -8.518939088
          0,           0,        3407,      -6.737418013,      -5.011500854,      -5.468969969,      -4.751481162,      -8.518968932
          0,           0,        3408,      -6.825023458,      -5.047161913,      -5.472632338,      -4.837184314,      -8.518979384
          0,           0,        3409,      -6.887396814,      -5.077166772,       -5.47639323,      -4.893644483,      -8.518989784
          0,           0,        3410,      -6.927040199,      -4.897610466,      -5.468579389,      -4.931029602,      -8.518988486
          0,           0,        3411,      -6.916196415,      -4.813604615,      -5.448335758,      -4.755989018,      -8.518987924
          0,           0,        3412,      -5.433448457,      -3.743564721,      -3.907293123,      -3.115859898,      -8.518982641
          0,           0,        3413,      -5.192279161,      -4.141248889,      -4.546591763,       -3.09150042,      -8.518971602
          0,           0,        3414,       -5.74883866,      -3.953845695,      -4.800513728,      -3.439543056,      -8.518962674
          0,           0,        3415,      -5.650917635,       -4.01604693,      -4.820877428,      -3.713706956,      -8.518946277
          0,           0,        3416,      -5.594806539,      -4.108482079,      -4.946653557,      -3.779702698,      -8.518929172
          0,           0,        3417,      -5.642221272,      -4.294160375,      -5.096520399,      -3.810710724,      -8.518907052
          0,           0,        3418,      -5.757185596,       -4.32177992,       -5.20298484,      -4.006881504,      -8.518889554
          0,           0,        3419,      -5.861870136,      -4.422306162,        -5.2994505,      -4.096313884,      -8.518854057
          0,           0,        3420,      -5.967943525,      -4.510214651,      -5.358529122,      -4.234441539,      -8.518862527
          0,           0,        3421,      -6.068720342,      -4.594109276,      -5.399535678,       -4.30719136,      -8.518826471
          0,           0,        3422,      -6.175308639,      -4.568592674,      -5.412442312,       -4.39144488,      -8.518848876
          0,           0,        3423,       -6.23735593,      -4.852989223,      -5.441730108,      -4.364107587,       -8.51879767
          0,           0,        3424,      -6.385973768,      -4.784453356,      -5.441863453,      -4.462546079,      -8.518831268
          0,           0,        3425,      -6.530923135,      -4.891835093,       -5.45133387,      -4.772485663,      -8.518828438
          0,           0,        3426,      -6.614189423,       -4.94570111,      -5.460441135,      -4.851691251,      -8.518815474
          0,           0,        3427,      -6.676460015,      -4.989376721,      -5.469523937,      -4.928710968,      -8.518814225
          0,           0,        3428,      -6.727152652,      -5.025313047,      -5.474811678,      -4.930934156,      -8.518801983
          0,           0,        3429,      -6.790748618,      -5.048864845,       -5.47963913,      -5.009678916,      -8.518794953
          0,           0,        3430,      -6.828309392,      -4.973561083,      -5.479142139,      -4.891793924,      -8.518774407
          0,           0,        3431,      -6.841453174,      -5.158874829,      -5.488338314,       -4.82503494,      -8.518759961
          0,           0,        3432,      -6.991490588,      -5.143298384,      -5.489907399,      -5.035641175,      -8.518732762
          0,           0,        3433,      -7.038024308,      -5.160750877,      -5.493065382,      -5.064158421,      -8.518700412
          0,           0,        3434,      -7.040149445,      -5.165650102,      -5.494819327,      -5.097067205,      -8.518660993
          0,           0,        3435,      -7.071546371,      -5.155919752,      -5.495931581,      -5.126637779,         -8.518627
          0,           0,        3436,      -7.067898472,      -4.479435195,      -5.395257402,      -4.177532319,      -8.518582849
          0,           0,        3437,      -5.761718747,      -4.347625751,      -4.617874001,       -3.66950431,      -8.517909696
          0,           0,        3438,      -6.096034215,      -4.684211738,      -4.918300511,      -3.950569197,       -8.51293064
          0,           0,        3439,      -6.154122652,      -4.692403644,      -5.075772395,      -3.998708255,      -8.510807079
          0,           0,        3440,      -6.240711017,      -4.808149422,      -5.245613243,      -4.115518062,      -8.510101268
          0,           0,        3441,      -6.361885951,      -4.903769308,      -5.348319685,      -4.272935809,      -8.510556976
          0,           0,        3442,      -6.485632342,      -4.996212257,      -5.418095702,      -4.422802584,      -8.510965897
          0,           0,        3443,      -6.600136694,      -5.062041495,      -5.454034021,      -4.572184771,      -8.511358594
          0,           0,        3444,      -6.692670548,      -5.121933142,      -5.475605274,       -4.67423361,      -8.511709444
          0,           0,        3445,        -6.7657491,       -5.16146004,      -5.488555756,      -4.750796289,      -8.512043588
          0,           0,        3446,      -6.840186394,      -5.191434293,      -5.493980991,       -4.82506029,      -8.512353641
          0,           0,        3447,      -6.904853681,      -5.211595981,      -5.496839723,      -4.890930421,      -8.512654991
          0,           0,        3448,      -6.969409307,      -5.213260847,      -5.498228339,      -4.947314346,       -8.51292796
          0,           0,        3449,      -7.007345028,      -5.229909312,      -5.499250953,      -4.998082973,      -8.513195876
          0,           0,        3450,      -7.040260983,      -5.237169946,      -5.500605029,      -5.027157081,      -8.513782938
          0,           0,        3451,      -7.064983793,      -5.247414375,      -5.501464038,      -5.049484508,      -8.514062102
          0,           0,        3452,      -7.092170589,      -5.252955859,      -5.502471148,      -4.959913648,      -8.514269471
          0,           0,        3453,      -7.158780018,      -5.237227931,      -5.502957813,      -5.038219182,      -8.514533798
          0,           0,        3454,      -7.147448952,      -5.257404809,      -5.505002782,      -5.105800274,      -8.514767728
          0,           0,        3455,      -7.136409136,      -5.006679643,      -5.494633954,      -4.808761942,      -8.514997392
          0,           0,        3456,      -6.631871687,      -4.791203198,      -5.417202718,      -4.233349485,      -8.515200309
          0,           0,        3457,       -7.04302948,      -5.279231031,      -5.500147836,      -4.944828332,      -8.515397067
          0,           0,        3458,      -7.132921986,       -5.02653951,      -5.497034651,      -4.748837886,      -8.515575665
          0,           0,        3459,      -7.009784801,       -4.39657762,      -5.346967302,      -4.079219013,      -8.515751282
          0,           0,        3460,      -6.757840738,      -5.130141587,      -5.488675273,      -4.530167007,      -8.515909543
          0,           0,        3461,      -7.104844035,      -4.551961725,      -5.426643615,      -4.202202545,      -8.516072485
          0,           0,        3462,      -5.944295597,      -4.386072125,      -4.769191366,      -3.734856818,      -8.516218477
          0,           0,        3463,      -6.291030034,      -4.930562922,      -5.172272347,      -4.168750447,       -8.51637894
          0,           0,        3464,      -6.395581674,      -4.753022227,      -5.240951664,      -4.113604042,      -8.516502571
          0,           0,        3465,      -6.479869758,      -4.788014308,      -5.355951059,      -4.216936043,      -8.516637137
          0,           0,        3466,      -6.549824793,      -4.842876663,      -5.433111843,      -4.341629906,      -8.516755696
          0,           0,        3467,      -6.602962317,      -5.157228812,      -5.494736503,       -4.48929039,      -8.516878337
          0,           0,        3468,       -6.74582625,      -5.196555853,      -5.495661817,      -4.644890045,      -8.516983431
          0,           0,        3469,      -6.813608429,      -4.902812153,      -5.492287411,      -4.248909508,       -8.51708934
          0,           0,        3470,       -6.88182203,      -5.250709685,      -5.519469499,      -4.886165437,      -8.517181342
          0,           0,        3471,      -6.955935067,      -5.258428373,       -5.53009416,      -4.967421981,      -8.517275329
          0,           0,        3472,      -7.044343228,      -5.282973505,      -5.531992691,      -5.070627394,      -8.517353992
          0,           0,        3473,      -7.110398177,       -5.28009164,      -5.532811346,      -5.090055078,      -8.517440346
          0,           0,        3474,      -7.150406508,      -5.301798705,       -5.53437046,      -5.133817629,      -8.517516215
          0,           0,        3475,      -7.202135568,      -5.300101633,      -5.534219731,      -5.150848407,      -8.517609604
          0,           0,        3476,       -7.23485037,      -5.310660862,      -5.534926497,      -5.172849966,      -8.517711093
          0,           0,        3477,       -7.25868823,      -5.308518788,      -5.534969893,      -5.189347925,        -8.5178223
          0,           0,        3478,      -7.279989039,      -5.298612421,      -5.535186724,      -5.144382115,      -8.517916393
          0,           0,        3479,      -7.295962992,      -5.313169547,       -5.53603335,      -5.151779579,      -8.518020161
          0,           0,        3480,      -7.312379957,       -5.28033535,      -5.536337912,      -5.117815458,      -8.518111047
          0,           0,        3481,      -7.250923699,      -5.291126198,      -5.537232727,      -4.991547017,      -8.518200457
          0,           0,        3482,      -7.308877522,      -5.322632532,      -5.539766105,      -5.212618393,      -8.518273349
          0,           0,        3483,      -7.305067127,      -5.323084038,      -5.541631851,      -5.225721465,      -8.518345225
          0,           0,        3484,      -7.314950926,      -5.325360275,      -5.543534696,      -5.226438062,      -8.518400735
          0,           0,        3485,      -7.319018712,      -5.322979061,      -5.545023735,      -5.215519979,      -8.518126636
          0,           0,        3486,      -7.322004818,       -5.32209354,      -5.546538912,      -5.215360815,      -8.518219892
          0,           0,        3487,      -7.319968301,       -5.32479342,      -5.547807145,      -5.218116686,      -8.518805148
          0,           0,        3488,      -7.326705642,       -5.32596387,      -5.549010223,      -5.199769077,      -8.518858716
          0,           0,        3489,      -7.345638832,      -5.325386226,      -5.549954926,      -5.212853916,      -8.518955795
          0,           0,        3490,      -7.349161023,      -5.320366836,      -5.550936091,      -5.208685067,       -8.51898408
          0,           0,        3491,      -7.347525607,      -5.324620806,      -5.551820052,      -5.217442656,      -8.519014524
          0,           0,        3492,      -7.365249659,      -5.324251658,      -5.552601457,      -5.228937636,      -8.519040571
          0,           0,        3493,       -7.37100525,      -5.325042828,      -5.553246997,      -5.237461083,      -8.519071417
          0,           0,        3494,      -7.378717368,      -5.320968265,       -5.55378185,      -5.233942369,      -8.519087685
          0,           0,        3495,      -7.382766686,      -5.323363622,      -5.554267278,      -5.235028028,      -8.519105915
          0,           0,        3496,      -7.400878087,      -5.323525412,       -5.55467031,      -5.250832963,       -8.51911156
          0,           0,        3497,      -7.410163687,      -5.324168271,      -5.554940719,      -5.258504025,      -8.519124215
          0,           0,        3498,      -7.420084891,      -5.323661317,      -5.555169583,      -5.263835205,      -8.518303862
          0,           0,        3499,      -7.430636147,      -5.319145494,      -5.555233064,      -5.253851141,      -8.518290317
          0,           0,        3500,       -7.44202586,      -5.324191175,      -5.555374757,       -5.27219395,      -8.518330256
          0,           0,        3501,      -7.454076093,      -5.324149719,       -5.55538418,      -5.287036385,      -8.518379548
          0,           0,        3502,      -7.460517326,      -5.322521129,      -5.555392406,      -5.282363956,      -8.518263675
          0,           0,        3503,      -7.470437488,      -5.324222022,      -5.555458738,      -5.292254493,      -8.518304178
          0,           0,        3504,      -7.474539288,      -5.320845575,      -5.555531734,      -5.286565984,      -8.518335294
          0,           0,        3505,      -7.471152449,      -5.323808873,      -5.555748756,      -5.296438503,      -8.518368087
          0,           0,        3506,      -7.476390342,      -5.324259411,      -5.556027701,      -5.303747898,      -8.518390835
          0,           0,        3507,      -7.473603721,      -5.324400235,      -5.556340513,      -5.302666492,      -8.518413842
          0,           0,        3508,      -7.469535217,      -5.323866746,      -5.556727398,      -5.299892348,      -8.518420819
          0,           0,        3509,      -7.463773894,      -5.319805729,      -5.557016989,      -5.278794409,       -8.51843463
          0,           0,        3510,      -7.458623166,      -5.323331268,      -5.557478606,      -5.285444513,      -8.518432994
          0,           0,        3511,      -7.453450277,      -5.322778166,      -5.557818464,        -5.2861707,      -8.518437672
          0,           0,        3512,      -7.445375452,       -5.32305463,      -5.558178584,      -5.281714367,       -8.51843795
          0,           0,        3513,      -7.441023137,      -5.321777958,        -5.5583927,      -5.276018269,       -8.51844799
          0,           0,        3514,      -7.434129234,      -5.320613174,      -5.558552988,      -5.270035696,       -8.51845113
          0,           0,        3515,      -7.427875184,      -5.319570863,      -5.558582738,      -5.265361451,      -8.518467965
          0,           0,        3516,      -7.422001454,      -5.319703786,      -5.558566851,      -5.261963567,      -8.518469929
          0,           0,        3517,      -7.420072728,      -5.318052931,      -5.558388239,      -5.257968364,      -8.518478936
          0,           0,        3518,      -7.417194828,      -5.317219524,      -5.558149115,      -5.255521364,      -8.518476856
          0,           0,        3519,      -7.416182231,       -5.31602466,      -5.557786901,      -5.253997872,      -8.518479787
          0,           0,        3520,      -7.416178734,       -5.31094493,      -5.557257302,      -5.242393592,      -8.518470209
          0,           0,        3521,      -7.414630138,      -5.313544461,      -5.556837432,      -5.247112976,      -8.518471272
          0,           0,        3522,      -7.417854051,      -4.938023449,      -5.531613737,       -4.70782645,       -8.51845852
          0,           0,        3523,      -7.345572828,      -5.287334418,      -5.549745464,      -5.160159798,      -8.518453426
          0,           0,        3524,      -7.200555543,      -5.306093111,      -5.550544374,      -5.103712877,       -8.51843984
          0,           0,        3525,      -7.396237811,      -5.277813017,      -5.551116124,      -5.175051425,       -8.51843195
          0,           0,        3526,      -7.253865006,      -5.294357597,       -5.55163118,      -5.111493675,      -8.518411817
          0,           0,        3527,      -7.264285114,      -4.754256072,      -5.175751316,      -5.151461324,      -8.516890614
          0,           0,        3528,      -4.513903228,      -3.939836567,      -3.611106443,      -2.430426858,      -8.515412523
          0,           0,        3529,      -5.032114159,      -4.046708596,       -3.71713016,      -2.871152038,      -8.515725115
          0,           0,        3530,      -4.972324339,      -4.219180354,      -3.917240487,      -2.907698468,      -8.515859481
          0,           0,        3531,      -4.947200021,      -4.377415116,      -4.136408654,      -2.915466917,      -8.515368187
          0,           0,        3532,       -5.03048613,      -4.490547032,      -4.338398497,      -3.013081407,      -8.515228318
          0,           0,        3533,      -5.156961925,      -4.577495043,      -4.503991123,      -3.150217108,      -8.515611545
          0,           0,        3534,      -5.297875991,      -4.658001447,      -4.640096816,      -3.298966236,      -8.515995101
          0,           0,        3535,      -5.436136049,      -4.741159508,      -4.759719134,      -3.441688306,      -8.516033373
          0,           0,        3536,       -5.56052034,      -4.822029565,      -4.865949221,      -3.569388715,      -8.515983781
          0,           0,        3537,      -5.668451697,      -4.900866341,      -4.958292287,      -3.680668301,      -8.515709569
          0,           0,        3538,      -5.762617147,      -4.969801962,      -5.032108304,      -3.779891646,      -8.515313502
          0,           0,        3539,      -5.845960275,      -5.015199371,      -5.093044331,       -3.86856692,      -8.515433244
          0,           0,        3540,      -5.918751834,       -5.05293641,      -5.146096022,      -3.943953503,      -8.515454099
          0,           0,        3541,      -5.982634048,      -5.098152928,      -5.195067926,      -4.010119816,      -8.515737517
          0,           0,        3542,      -6.038540019,      -5.119402802,      -5.238434321,      -4.066243844,      -8.516218594
          0,           0,        3543,      -6.089661572,      -5.137745706,      -5.273971752,      -4.117580249,      -8.516126769
          0,           0,        3544,      -6.137907442,      -5.149248808,      -5.299195075,      -4.167250164,      -8.516287673
          0,           0,        3545,      -6.183589314,      -5.159835534,       -5.31547019,      -4.217493084,      -8.516733648
          0,           0,        3546,      -6.227623869,      -5.164689071,      -5.325541844,      -4.268727093,      -8.516877513
          0,           0,        3547,      -6.268927206,      -5.169731961,       -5.33208684,      -4.318266018,      -8.516570849
          0,           0,        3548,      -6.305247789,      -5.171641969,      -5.334237686,       -4.36076841,      -8.516752463
          0,           0,        3549,      -6.328617211,      -5.175836111,      -5.341986525,      -4.390379776,      -8.516978428
          0,           0,        3550,      -6.354661833,      -5.178954178,      -5.346736381,      -4.412714936,      -8.517155812
          0,           0,        3551,      -6.366293099,       -5.18312642,      -5.352029957,      -4.418141373,      -8.517245237
          0,           0,        3552,      -6.368817461,       -5.18693071,      -5.357643776,       -4.41255911,        -8.5172999
          0,           0,        3553,      -6.366552948,      -5.190709056,      -5.363141405,      -4.401275093,      -8.517351461
          0,           0,        3554,      -6.362504896,      -5.194805794,      -5.368011509,      -4.388536715,      -8.517380306
          0,           0,        3555,       -6.35896427,      -5.193749188,      -5.371646722,      -4.377247674,      -8.517382908
          0,           0,        3556,      -6.357503184,      -5.203420812,      -5.373905906,      -4.370162354,      -8.517353893
          0,           0,        3557,      -6.359328223,      -5.206396406,      -5.374072353,      -4.367657975,      -8.517335344
          0,           0,        3558,      -6.364539359,      -5.207573777,      -5.371877547,      -4.370264605,      -8.517298359
          0,           0,        3559,      -6.373030406,      -5.206377609,      -5.367240153,      -4.377716116,      -8.517262266
          0,           0,        3560,      -6.384232691,      -5.188344008,      -5.360055767,      -4.388217852,      -8.517213861
          0,           0,        3561,      -6.396643757,      -5.196548231,      -5.352062864,      -4.402084212,      -8.517169587
          0,           0,        3562,      -6.408439503,       -5.19042414,       -5.34341326,      -4.414936999,       -8.51711262
          0,           0,        3563,      -6.417217973,      -5.182895914,      -5.335199951,      -4.424080648,      -8.517073767
          0,           0,        3564,      -6.421925195,      -5.176181852,      -5.328423622,      -4.427229736,      -8.517017031
          0,           0,        3565,       -6.42081744,      -5.170192709,      -5.323626472,      -4.423204428,      -8.516976218
          0,           0,        3566,      -6.414883972,      -5.167204628,      -5.321190626,      -4.413082611,      -8.516942932
          0,           0,        3567,      -6.406119496,      -5.166454334,      -5.321109979,       -4.39934818,      -8.516942517
          0,           0,        3568,      -6.396891555,      -5.168752501,      -5.323094973,       -4.38509226,       -8.51696797
          0,           0,        3569,      -6.389410818,      -5.172658001,      -5.326536296,      -4.373022515,      -8.517060238
          0,           0,        3570,      -6.385448661,      -5.180324559,      -5.330684518,      -4.365309403,      -8.517175944
          0,           0,        3571,      -6.386271969,      -5.188399816,      -5.334601709,      -4.363259904,      -8.517318008
          0,           0,        3572,      -6.392637976,      -5.196782832,      -5.337432483,      -4.367665711,       -8.51745138
          0,           0,        3573,       -6.40497874,      -5.204417492,      -5.338451172,      -4.378769088,      -8.517591387
          0,           0,        3574,      -6.421787415,      -5.210672469,      -5.337834469,      -4.396490903,      -8.517716819
          0,           0,        3575,      -6.444744562,      -5.213764548,      -5.335292065,       -4.42012452,      -8.517847158
          0,           0,        3576,      -6.470817402,      -5.214649171,       -5.33150878,      -4.448079903,      -8.517962985
          0,           0,        3577,      -6.497506124,      -5.212261976,      -5.327187954,       -4.47772288,      -8.518085109
          0,           0,        3578,      -6.521749655,       -5.20827935,      -5.323096861,      -4.505350735,       -8.51819215
          0,           0,        3579,      -6.540099271,      -5.203060131,      -5.319892561,      -4.526511262,      -8.518296415
          0,           0,        3580,      -6.549884282,      -5.176030152,         -5.317629,      -4.535898241,      -8.518371366
          0,           0,        3581,      -6.550453472,      -5.192451679,      -5.317773307,      -4.537073302,      -8.518443303
          0,           0,        3582,      -6.543932289,      -5.190508391,      -5.319237355,      -4.528088515,      -8.518500903
          0,           0,        3583,      -6.533425308,      -5.189129809,      -5.322110031,      -4.513978761,      -8.518561803
          0,           0,        3584,      -6.522465927,      -5.188689341,      -5.326075204,      -4.499150165,      -8.518610419
          0,           0,        3585,      -6.513821724,      -5.192371524,      -5.330767327,      -4.486976083,       -8.51865269
          0,           0,        3586,      -6.509484263,      -5.196247267,      -5.335658524,      -4.479527869,      -8.518676174
          0,           0,        3587,      -6.510528506,      -5.201579851,      -5.340329914,       -4.47791521,      -8.518704958
          0,           0,        3588,      -6.517554357,      -5.207188364,      -5.344478589,      -4.482741845,      -8.518715438
          0,           0,        3589,      -6.530733985,      -5.213451706,       -5.34797227,      -4.494173126,      -8.518727271
          0,           0,        3590,      -6.549940036,      -5.219297204,      -5.350835886,      -4.512019315,      -8.518725616
          0,           0,        3591,      -6.574715209,      -5.222226637,       -5.35325037,      -4.535825917,      -8.518723247
          0,           0,        3592,      -6.604271961,      -5.228698178,       -5.35550005,      -4.564786861,      -8.518607327
          0,           0,        3593,      -6.637346524,      -5.231135509,      -5.357890632,      -4.597799405,      -8.518629347
          0,           0,        3594,      -6.672176374,      -5.234065425,      -5.360745519,      -4.633221177,      -8.518678922
          0,           0,        3595,      -6.706505456,      -5.235319559,       -5.36424373,       -4.66875381,      -8.518734771
          0,           0,        3596,      -6.737708569,      -5.236327045,      -5.368516677,      -4.701754938,      -8.518773468
          0,           0,        3597,       -6.76347799,      -5.236808534,      -5.373575802,      -4.729717376,       -8.51882009
          0,           0,        3598,      -6.782417792,      -5.237379611,      -5.379336517,       -4.75085391,      -8.518852012
          0,           0,        3599,      -6.794623902,      -5.238398215,      -5.385648776,      -4.764905961,      -8.518892715
          0,           0,        3600,      -6.801462005,      -5.240016218,      -5.392300559,      -4.772908439,      -8.518920269
          0,           0,        3601,      -6.804965701,      -5.241836322,      -5.399069906,      -4.776830307,      -8.518958214
          0,           0,        3602,      -6.807100967,      -5.244524722,      -5.405761234,      -4.778738232,      -8.518993449
          0,           0,        3603,      -6.809491026,      -5.247581136,      -5.412217027,      -4.780390856,      -8.519039979
          0,           0,        3604,      -6.813186686,      -5.250527415,      -5.418329603,      -4.782868351,      -8.519073309
          0,           0,        3605,      -6.818781243,      -5.254917451,      -5.424135534,      -4.787154626,      -8.519118188
          0,           0,        3606,      -6.826596265,      -5.257348703,      -5.429586754,      -4.793197774,      -8.519150517
          0,           0,        3607,      -6.836686744,      -5.262597765,       -5.43488384,      -4.801820346,      -8.519190956
          0,           0,        3608,      -6.849154624,      -5.266664383,      -5.440048817,      -4.812635727,      -8.519225166
          0,           0,        3609,       -6.86392012,      -5.270194863,      -5.445195885,      -4.825681123,      -8.519266845
          0,           0,        3610,        -6.8809538,      -5.273622995,      -5.450419701,      -4.841028091,      -8.519299774
          0,           0,        3611,      -6.900195187,      -5.266550379,      -5.455502671,      -4.857129965,      -8.519348307
          0,           0,        3612,      -6.920719478,      -5.275633789,      -5.461106955,      -4.876107572,      -8.519387399
          0,           0,        3613,      -6.944418387,      -5.281381812,      -5.466862825,      -4.899932364,      -8.519434523
          0,           0,        3614,      -6.969087293,      -5.282769825,      -5.472551346,      -4.923240991,      -8.519473982
          0,           0,        3615,      -6.994558759,       -5.28546689,      -5.478311863,      -4.947581687,       -8.51951327
          0,           0,        3616,      -7.020003942,      -5.286949521,      -5.484006637,       -4.97203896,      -8.519537534
          0,           0,        3617,         -7.044379,      -5.289050519,      -5.489612866,      -4.995571948,      -8.519573544
          0,           0,        3618,      -7.066805564,       -5.29018799,      -5.495076683,      -5.017426842,      -8.519598046
          0,           0,        3619,      -7.086005882,      -5.292123303,        -5.5003879,      -5.036467175,      -8.519629378
          0,           0,        3620,      -7.101460191,      -5.289959353,      -5.505427322,      -5.050947885,      -8.519652574
          0,           0,        3621,      -7.112657484,      -5.295166467,      -5.510477112,      -5.062984447,      -8.519684085
          0,           0,        3622,      -7.120496774,      -5.296620868,      -5.515299366,      -5.071027176,      -8.519705475
          0,           0,        3623,      -7.124924573,      -5.298121158,      -5.519986924,      -5.075709595,      -8.519736361
          0,           0,        3624,       -7.12680601,       -5.30062133,      -5.524554966,      -5.077902554,      -8.519680412
          0,           0,        3625,      -7.128346239,      -5.280666421,      -5.528252446,      -5.072573205,       -8.51971461
          0,           0,        3626,      -7.107517056,      -5.261345944,      -5.531123561,      -5.021226008,      -8.519733776
          0,           0,        3627,      -7.125544931,      -5.298662227,      -5.537119638,      -5.071265679,       -8.51972907
          0,           0,        3628,      -7.126221427,      -5.299325199,      -5.541419821,      -5.074670152,      -8.519740611
          0,           0,        3629,      -7.126946891,      -5.306218253,      -5.545667393,      -5.076674306,      -8.519771486
          0,           0,        3630,      -7.129111231,      -3.741977668,      -5.160444824,      -4.349381837,      -8.519422563
          0,           0,        3631,      -5.983916767,      -4.496448355,      -4.885481188,      -3.936855235,      -8.519537837
          0,           0,        3632,      -5.992358134,      -4.616366864,      -5.257687654,      -3.942645542,       -8.51958207
          0,           0,        3633,      -6.152312146,      -4.724781799,      -5.384564198,      -4.103947651,      -8.519633257
          0,           0,        3634,      -6.375736787,      -4.826410368,      -5.402384616,      -4.327567232,      -8.519681399
          0,           0,        3635,      -6.525633481,      -4.915726679,      -5.445533973,      -4.476813132,      -8.519746232
          0,           0,        3636,      -6.617993393,      -4.991362788,      -5.484209678,       -4.57096552,      -8.519788293
          0,           0,        3637,      -6.677716059,      -5.054710295,      -5.512472365,      -4.635921378,      -8.519824601
          0,           0,        3638,      -6.713644804,      -5.090546433,      -5.530471413,      -4.674986135,      -8.519572987
          0,           0,        3639,      -6.737179383,      -5.149936522,      -5.544447821,       -4.70087022,      -8.519586311
          0,           0,        3640,      -6.754151843,       -5.18570281,      -5.554841659,       -4.71424211,      -8.519605325
          0,           0,        3641,      -6.765963532,      -5.214213469,       -5.56489468,      -4.720474192,       -8.51963924
          0,           0,        3642,      -6.775140102,      -5.233792291,      -5.574606667,      -4.724809224,      -8.519278549
          0,           0,        3643,      -6.785416904,      -5.254359734,       -5.58319789,      -4.732871946,      -8.519324475
          0,           0,        3644,      -6.801180723,       -5.26955531,      -5.588804483,      -4.748419529,      -8.519369726
          0,           0,        3645,      -6.825551733,      -5.281331267,      -5.590976866,      -4.773890648,      -8.519228414
          0,           0,        3646,      -6.861025106,      -5.291178757,       -5.59055417,      -4.810992624,      -8.519272191
          0,           0,        3647,      -6.907828374,      -5.295144834,       -5.58874679,      -4.858695768,      -8.519329585
          0,           0,        3648,      -6.964456244,      -5.304980312,      -5.587413714,       -4.91533547,      -8.519368629
          0,           0,        3649,       -7.02729166,      -5.310102701,      -5.587067736,       -4.97585806,      -8.519412602
          0,           0,        3650,      -7.088406449,      -5.315242658,       -5.58811166,      -5.031483918,       -8.51944538
          0,           0,        3651,      -7.136666732,      -5.319209698,      -5.590474863,      -5.072179104,      -8.519482421
          0,           0,        3652,       -7.16258884,      -5.322728595,      -5.593796473,      -5.090888783,      -8.519505972
          0,           0,        3653,       -7.16554938,       -5.32561241,      -5.597677625,      -5.089767702,      -8.519541891
          0,           0,        3654,      -7.154599728,      -5.327972651,      -5.601720033,      -5.077703824,      -8.519565208
          0,           0,        3655,      -7.139662601,      -5.330200866,      -5.605640705,      -5.063497146,      -8.519597116
          0,           0,        3656,      -7.127439592,      -5.332669211,      -5.609248718,      -5.052633938,      -8.519621655
          0,           0,        3657,      -7.121328913,      -5.334431429,      -5.612377365,      -5.047947683,      -8.519656382
          0,           0,        3658,      -7.122600051,      -5.336190789,      -5.614962121,      -5.050450282,      -8.519674689
          0,           0,        3659,      -7.131385487,       -5.33806661,      -5.617021824,       -5.06034255,      -8.519694265
          0,           0,        3660,      -7.147209097,      -5.338721351,       -5.61852581,      -5.076671076,      -8.519697733
          0,           0,        3661,      -7.168787688,      -5.341104904,       -5.61972402,      -5.098515481,      -8.519710924
          0,           0,        3662,      -7.194256387,      -5.333337957,      -5.620201328,      -5.121370599,      -8.519716077
          0,           0,        3663,      -7.220167982,      -5.343534303,      -5.621269979,      -5.147466637,      -8.519730226
          0,           0,        3664,      -7.244372599,      -5.345001067,      -5.621966116,      -5.168981635,       -8.51973673
          0,           0,        3665,      -7.262512177,       -5.34590188,      -5.622656212,      -5.183340989,      -8.519752664
          0,           0,        3666,      -7.272971893,      -5.346894827,      -5.623445162,      -5.189671707,      -8.519755904
          0,           0,        3667,      -7.276107567,      -5.343502374,       -5.62418133,      -5.187874756,       -8.51976652
          0,           0,        3668,      -7.274289907,      -5.347496541,        -5.6253197,      -5.183107152,      -8.519767785
          0,           0,        3669,       -7.27124548,      -5.346899489,      -5.626402476,      -5.177041384,      -8.519775398
          0,           0,        3670,      -7.268704721,      -5.348074556,      -5.627505928,      -5.171710587,      -8.519770667
          0,           0,        3671,      -7.268664964,      -5.348021272,      -5.628578048,      -5.169171809,      -8.519776313
          0,           0,        3672,      -7.271968787,      -5.349274287,       -5.62963122,      -5.170087875,      -8.519763147
          0,           0,        3673,      -7.279502655,       -5.34926308,      -5.630560238,      -5.174920051,      -8.519764502
          0,           0,        3674,      -7.290306127,      -5.349469178,      -5.631416378,      -5.182833466,      -8.519756336
          0,           0,        3675,      -7.303687745,      -5.349647571,      -5.632174546,       -5.19324403,      -8.519755288
          0,           0,        3676,      -7.318387138,      -5.285152311,      -5.629340827,      -5.188451026,      -8.519743175
          0,           0,        3677,      -7.239544382,       -5.22655345,       -5.61336593,      -5.131880617,      -8.519743092
          0,           0,        3678,      -7.318586686,      -5.317688315,      -5.628907071,      -5.198508249,      -8.519732805
          0,           0,        3679,      -7.329594394,      -5.327018497,        -5.6318747,      -5.210446034,      -8.519723446
          0,           0,        3680,      -7.344599134,      -5.338670725,      -5.633740217,      -5.223869376,      -8.519723908
          0,           0,        3681,      -7.356904058,       -5.34225048,      -5.634579161,      -5.233908123,      -8.519734845
          0,           0,        3682,      -7.363565757,      -5.284535927,      -5.632650231,      -5.218660854,      -8.519730846
          0,           0,        3683,       -7.36130529,      -5.347650741,      -5.635358423,      -5.236163816,      -8.519738761
          0,           0,        3684,      -7.368432189,      -5.349997295,      -5.635857458,      -5.239823394,      -8.519734033
          0,           0,        3685,      -7.372564839,      -5.349692818,      -5.636188871,      -5.240814991,      -8.519735174
          0,           0,        3686,      -7.377494336,      -5.350791976,      -5.636485764,      -5.243188949,      -8.519729309
          0,           0,        3687,      -7.383423994,      -5.349285285,      -5.636775595,      -5.245790027,      -8.519742005
          0,           0,        3688,      -7.389581676,      -5.350953901,      -5.637044422,      -5.249052484,      -8.519744612
          0,           0,        3689,      -7.397838479,      -5.350775889,      -5.637379884,      -5.252951978,      -8.519766752
          0,           0,        3690,      -7.406694101,      -5.351216038,      -5.637709943,      -5.258146362,      -8.519785296
          0,           0,        3691,      -7.413173047,      -5.350611675,      -5.637986388,      -5.261714637,      -8.519827972
          0,           0,        3692,      -7.418580652,       -5.35093909,      -5.638295237,      -5.264477449,      -8.519875635
          0,           0,        3693,       -7.42257238,      -5.350406637,       -5.63854502,      -5.266077602,      -8.519927832
          0,           0,        3694,       -7.42524048,      -5.332780176,      -5.637798478,      -5.262950535,      -8.519967165
          0,           0,        3695,      -7.388372536,      -5.282653704,       -5.63538012,      -5.188497539,      -8.520018851
          0,           0,        3696,       -7.42166342,      -5.335711618,      -5.638375755,      -5.253109761,      -8.520060721
          0,           0,        3697,       -7.42657162,      -5.337727565,      -5.638785496,      -5.261991559,      -8.520106678
          0,           0,        3698,      -7.430651836,      -5.340527982,      -5.639092068,      -5.267338918,      -8.520139808
          0,           0,        3699,      -7.436332758,      -5.344551851,      -5.639293446,      -5.271619808,      -8.520176872
          0,           0,        3700,      -7.443980881,      -5.345142976,      -5.639229286,      -5.272222563,      -8.520199212
          0,           0,        3701,      -7.453253467,      -5.343049268,      -5.639201686,       -5.27860442,      -8.520230835
          0,           0,        3702,      -7.464025972,      -5.347721834,      -5.639297042,      -5.286188583,      -8.520248173
          0,           0,        3703,      -7.475047102,      -5.344305688,      -5.639099393,      -5.291194508,      -8.520272397
          0,           0,        3704,      -7.485982362,       -5.33795998,      -5.638824721,      -5.295267518,      -8.520286898
          0,           0,        3705,      -7.495733811,      -5.346906452,      -5.638948138,      -5.303767979,      -8.520307598
          0,           0,        3706,      -7.505738666,      -5.345244945,      -5.638785468,       -5.30902951,      -8.520317093
          0,           0,        3707,      -7.514144686,      -5.346083433,       -5.63867243,      -5.313435063,      -8.520335413
          0,           0,        3708,      -7.520965115,       -5.34526132,      -5.638534712,      -5.316864868,      -8.520340391
          0,           0,        3709,      -7.525172439,      -5.338116571,      -5.638087023,       -5.31580306,      -8.519911975
          0,           0,        3710,      -7.527984899,      -5.342685857,      -5.638152736,      -5.318527069,      -8.519963823
          0,           0,        3711,      -7.531366041,       -5.34467419,      -5.638189294,      -5.322047083,       -8.52002266
          0,           0,        3712,      -7.532450357,        -5.3433493,      -5.638066194,      -5.322315283,      -8.520066366
          0,           0,        3713,      -7.532081059,      -5.343832176,      -5.638027942,       -5.32278067,      -8.520116919
          0,           0,        3714,      -7.531059233,      -5.344108764,      -5.637983814,       -5.32256315,      -8.520150278
          0,           0,        3715,      -7.529364711,      -5.343354491,      -5.637906451,      -5.321825783,      -8.520188826
          0,           0,        3716,      -7.526760677,      -5.123657344,      -5.637330316,      -5.318942953,       -8.52021736
          0,           0,        3717,      -7.387472009,      -4.797582938,      -5.556533673,      -4.961589929,      -8.520251893
          0,           0,        3718,      -7.398138952,      -5.324527498,      -5.637023307,      -5.248380212,       -8.52018977
          0,           0,        3719,      -7.475679196,      -5.332410902,        -5.6367047,      -5.296228349,       -8.52024689
          0,           0,        3720,      -7.488850508,      -5.337471766,      -5.637174443,      -5.302342417,      -8.520287621
          0,           0,        3721,      -7.490373983,      -5.337922745,      -5.637142955,      -5.302511083,      -8.520315477
          0,           0,        3722,      -7.489770595,      -5.339889761,       -5.63710313,      -5.303156886,      -8.519876016
          0,           0,        3723,      -7.488593294,      -5.338632518,      -5.636987011,      -5.301251333,      -8.519944434
          0,           0,        3724,      -7.485449182,      -5.339527594,      -5.636943752,      -5.300299883,       -8.51999696
          0,           0,        3725,      -7.481237156,       -5.33908556,      -5.636869512,       -5.29779915,        -8.5200545
          0,           0,        3726,      -7.477211564,      -5.339657298,      -5.636846467,      -5.295980832,      -8.520095966
          0,           0,        3727,      -7.473108574,      -5.337667244,      -5.636727183,      -5.293780596,       -8.51991062
          0,           0,        3728,      -7.469994345,      -5.339154162,      -5.636763926,      -5.292341373,      -8.519874166
          0,           0,        3729,       -7.46765853,      -5.338504073,      -5.636748928,      -5.291024021,      -8.519894533
          0,           0,        3730,      -7.465386039,      -5.338182315,      -5.636754082,      -5.289949486,      -8.519914088
          0,           0,        3731,      -7.461838042,      -5.337293509,      -5.636732135,      -5.287913943,       -8.52011435
          0,           0,        3732,      -7.460928322,      -5.337649137,       -5.63676569,        -5.2876228,      -8.520106561
          0,           0,        3733,      -7.460523045,      -5.337417845,      -5.636869984,      -5.287181481,      -8.520164264
          0,           0,        3734,      -7.459427534,      -5.337672953,      -5.637004117,      -5.287180616,      -8.520206846
          0,           0,        3735,       -7.45800911,      -5.337325595,       -5.63716588,      -5.286853498,      -8.520249335
          0,           0,        3736,      -7.456987745,      -5.337296915,      -5.637360925,      -5.286682412,      -8.520271515
          0,           0,        3737,      -7.456040855,      -5.337194897,      -5.637571867,      -5.286488189,      -8.520300928
          0,           0,        3738,       -7.45485036,      -5.337235474,      -5.637791435,      -5.286264851,      -8.520315017
          0,           0,        3739,      -7.452924274,      -5.336517048,      -5.637948032,      -5.285572418,      -8.520336147
          0,           0,        3740,      -7.447489279,      -5.005798665,      -5.508769032,      -5.279238496,      -8.520347193
          0,           0,        3741,      -6.442572506,      -5.141527948,      -5.549245787,      -4.393256063,      -8.520363795
          0,           0,        3742,      -6.984807117,      -5.237848048,      -5.579532336,      -4.916489016,      -8.520367684
          0,           0,        3743,      -6.914115022,      -5.267284957,      -5.616436651,      -4.852512317,      -8.520381307
          0,           0,        3744,      -6.903502508,      -5.298588524,      -5.630416767,       -4.84449961,      -8.520380585
          0,           0,        3745,      -7.003015034,      -5.315578904,        -5.6318518,      -4.938685947,      -8.520386512
          0,           0,        3746,      -7.121911754,      -5.324822142,      -5.633262634,      -5.045671869,      -8.520382616
          0,           0,        3747,      -7.218343503,      -5.329656543,      -5.635695422,      -5.126181978,      -8.520386069
          0,           0,        3748,      -7.289214245,      -5.332335093,      -5.638045858,      -5.180896679,      -8.520377134
          0,           0,        3749,      -7.339585774,      -5.327349425,      -5.639635242,      -5.216759077,       -8.52037718
          0,           0,        3750,      -7.371694213,      -5.334011916,       -5.64116549,      -5.239591051,      -8.519734076
          0,           0,        3751,      -7.392127943,       -5.33582016,      -5.642297061,      -5.254037943,      -8.519762393
          0,           0,        3752,      -7.404158707,      -5.335958255,       -5.64308812,      -5.262517388,      -8.519781647
          0,           0,        3753,      -7.411406695,      -5.336984582,      -5.643816569,       -5.26804004,      -8.519807756
          0,           0,        3754,      -7.416398581,      -5.336385924,      -5.644445222,       -5.27181283,      -8.519817941
          0,           0,        3755,      -7.419863092,       -5.33798666,      -5.645127288,      -5.274940141,      -8.519836535
          0,           0,        3756,      -7.422582428,      -5.338199293,      -5.645791887,      -5.277439538,       -8.51984103
          0,           0,        3757,      -7.424685393,      -5.338639229,       -5.64646235,      -5.279569573,      -8.519849713
          0,           0,        3758,      -7.426161056,      -5.338630553,      -5.647168901,      -5.281332052,       -8.51970561
          0,           0,        3759,      -7.426655386,      -5.333790461,      -5.647733056,      -5.281700147,      -8.519719266
          0,           0,        3760,      -7.423986838,      -5.262787211,      -5.645454034,       -5.28151143,      -8.517287559
          0,           0,        3761,      -7.276789959,        -5.3144951,      -5.643605791,      -5.175336354,      -8.517447834
          0,           0,        3762,       -7.36985322,      -5.337781944,       -5.64949645,      -5.245528106,      -8.517614752
          0,           0,        3763,      -7.384701517,       -5.33961429,      -5.650878157,      -5.256163171,      -8.517793618
          0,           0,        3764,      -7.409346147,      -5.340447003,      -5.651818972,      -5.273085026,      -8.517958722
          0,           0,        3765,      -7.418981086,      -5.341256765,      -5.652945202,      -5.279846092,      -8.518121521
          0,           0,        3766,      -7.422224952,      -5.342652068,      -5.654181989,      -5.282261029,       -8.51826218
          0,           0,        3767,      -7.423931802,      -5.343284127,      -5.655406638,      -5.283478957,       -8.51840472
          0,           0,        3768,      -7.424930915,      -5.343626097,      -5.656629585,      -5.284171687,      -8.518524135
          0,           0,        3769,      -7.425616068,      -5.344375297,      -5.657850415,      -5.284709422,      -8.518642165
          0,           0,        3770,      -7.426354336,      -5.344673107,      -5.659041972,      -5.285211377,       -8.51874339
          0,           0,        3771,      -7.427024463,      -5.345645264,      -5.660281237,      -5.285786958,      -8.518844966
          0,           0,        3772,      -7.427750155,       -5.34516714,       -5.66146108,      -5.286291334,      -8.518927547
          0,           0,        3773,      -7.428068838,      -5.346959417,      -5.662754176,      -5.286850583,      -8.519014096
          0,           0,        3774,      -7.428254694,      -5.347613041,      -5.664035768,      -5.287293331,      -8.519084319
          0,           0,        3775,      -7.427914134,      -5.348402458,      -5.665339116,      -5.287499942,      -8.519157682
          0,           0,        3776,        -7.4270592,      -5.349349791,      -5.666688507,      -5.287491775,      -8.519218141
          0,           0,        3777,      -7.425699395,      -5.348478856,      -5.667976544,      -5.287004434,      -8.519281736
          0,           0,        3778,      -7.423744573,      -5.350718999,      -5.669446783,      -5.286605665,      -8.519329843
          0,           0,        3779,      -7.421722265,      -5.351279404,      -5.670880908,      -5.285978947,      -8.519386108
          0,           0,        3780,       -7.41940649,      -5.352794607,      -5.672388411,      -5.285388521,       -8.51942639
          0,           0,        3781,      -7.417151789,      -5.353453801,      -5.673876939,      -5.284728223,      -8.519479641
          0,           0,        3782,       -7.41519006,      -5.354452642,      -5.675407465,      -5.284163881,      -8.519517272
          0,           0,        3783,      -7.413596904,      -5.355332601,      -5.676949507,      -5.283831592,      -8.519559558
          0,           0,        3784,      -7.412558993,      -5.343941435,      -5.677832775,      -5.282421532,      -8.519588072
          0,           0,        3785,      -7.409052592,      -5.346122434,      -5.679504535,      -5.280393238,      -8.519626142
          0,           0,        3786,      -7.411302651,      -5.356299789,      -5.681589636,      -5.283630468,      -8.519649812
          0,           0,        3787,      -7.413078558,      -5.357252042,      -5.683236947,      -5.285335736,      -8.519560169
          0,           0,        3788,      -7.415367759,      -5.358405681,      -5.684905016,      -5.287196297,       -8.51954708
          0,           0,        3789,      -7.418163497,      -5.360377633,       -5.68660008,      -5.289365656,      -8.519566936
          0,           0,        3790,      -7.421507186,      -5.362081622,      -5.688300214,      -5.291596353,      -8.519581356
          0,           0,        3791,       -7.42564191,      -5.362825432,      -5.690030561,      -5.294339325,      -8.519609113
          0,           0,        3792,      -7.430347733,      -5.362876084,      -5.691757159,      -5.297196262,      -8.519624126
          0,           0,        3793,      -7.435363972,       -5.36416917,      -5.693583805,      -5.300486736,      -8.519646567
          0,           0,        3794,      -7.440259096,      -5.363576033,      -5.695394606,      -5.303312746,      -8.519662178
          0,           0,        3795,       -7.44550527,      -5.366002432,      -5.697274194,      -5.307140817,      -8.519687713
          0,           0,        3796,      -7.449442011,      -5.367136756,      -5.699143844,      -5.309888925,      -8.519701334
          0,           0,        3797,      -7.454075219,      -5.369165421,      -5.701073883,      -5.313035938,      -8.519726245
          0,           0,        3798,      -7.458697095,      -5.370404095,      -5.703021267,      -5.316217492,      -8.519739539
          0,           0,        3799,      -7.462591386,      -5.371903074,       -5.70498525,      -5.319034743,      -8.519759272
          0,           0,        3800,      -7.465464211,      -5.373449423,       -5.70696864,      -5.321404352,      -8.519770516
          0,           0,        3801,      -7.467355356,       -5.37373437,      -5.708893477,      -5.323094669,      -8.519789538
          0,           0,        3802,      -7.468302293,      -5.375869124,      -5.710912961,      -5.324498298,      -8.519796968
          0,           0,        3803,       -7.46870693,      -5.377187378,      -5.712906892,      -5.325456094,       -8.51981682
          0,           0,        3804,      -7.468559856,      -5.378203565,      -5.714878221,      -5.326093038,       -8.51982495
          0,           0,        3805,      -7.468090758,      -5.379558534,      -5.716883429,      -5.326470034,      -8.519842245
          0,           0,        3806,       -7.46765697,       -5.38049146,      -5.718872126,      -5.326740312,      -8.519841256
          0,           0,        3807,      -7.467324254,      -5.381908549,      -5.720889569,      -5.327000052,      -8.519843844
          0,           0,        3808,      -7.467425656,      -5.383206194,      -5.722919021,      -5.327411004,      -8.519836192
          0,           0,        3809,      -7.468047275,      -5.384775846,      -5.724964808,      -5.328006554,      -8.519838714
          0,           0,        3810,      -7.469270569,      -5.385960147,      -5.727003917,      -5.328828944,      -8.519829253
          0,           0,        3811,      -7.471125951,      -5.386944794,      -5.729034855,      -5.329916872,      -8.519828772
          0,           0,        3812,      -7.473627098,      -5.388460226,      -5.731113691,      -5.331329178,      -8.519821243
          0,           0,        3813,      -7.476826327,       -5.38985119,      -5.733188892,       -5.33307243,      -8.519820193
          0,           0,        3814,      -7.480519322,      -5.391278543,      -5.735267087,      -5.335100767,      -8.519808797
          0,           0,        3815,       -7.48465971,      -5.392047964,      -5.737328138,      -5.337259776,      -8.519809934
          0,           0,        3816,      -7.489039535,      -5.393505018,      -5.739434789,      -5.339681081,      -8.519799712
          0,           0,        3817,      -7.493613255,      -5.394760123,      -5.741535213,      -5.342212951,      -8.519796706
          0,           0,        3818,      -7.498069089,      -5.395818606,      -5.743623589,      -5.344709751,      -8.519785982
          0,           0,        3819,      -7.502088236,      -5.396260726,      -5.745697947,       -5.34702153,      -8.519783771
          0,           0,        3820,      -7.504679118,       -5.39389628,      -5.747722243,      -5.348616136,      -8.519771284
          0,           0,        3821,      -7.500280868,      -5.338527341,      -5.747846224,      -5.346652495,      -8.519768564
          0,           0,        3822,      -7.397310952,      -4.883397894,       -5.65624282,      -5.259017217,       -8.51975615
          0,           0,        3823,      -6.663660538,      -5.187495143,       -5.68573205,      -4.612138353,      -8.519750614
          0,           0,        3824,      -7.154939737,      -5.341855133,      -5.726030836,      -5.078696098,      -8.519737305
          0,           0,        3825,      -7.181428822,      -5.315185048,      -5.745217504,      -5.102021185,      -8.519713607
          0,           0,        3826,      -7.183952901,      -5.357872307,      -5.753161192,       -5.10745214,      -8.519699475
          0,           0,        3827,      -7.272172742,      -5.380588455,      -5.755554747,      -5.183488889,      -8.519753128
          0,           0,        3828,      -7.355009791,      -5.392524948,      -5.758782627,       -5.24915327,      -8.519053785
          0,           0,        3829,      -7.414903923,      -5.400147765,      -5.762516693,      -5.292427544,      -8.519079927
          0,           0,        3830,      -7.455729513,      -5.377979125,      -5.764301635,       -5.31749795,      -8.519094519
          0,           0,        3831,        -7.3657215,      -5.157272544,      -5.749681744,      -5.093402241,      -8.519114812
          0,           0,        3832,      -7.471808398,       -5.33355577,      -5.767716117,      -5.280624982,      -8.519122417
          0,           0,        3833,      -7.493901088,      -5.347681339,      -5.771546335,       -5.31974887,      -8.519142869
          0,           0,        3834,      -7.503139176,      -5.368821487,      -5.774686016,      -5.344659272,      -8.519154055
          0,           0,        3835,      -7.507715255,      -5.385602059,      -5.776594442,      -5.353732904,       -8.51918116
          0,           0,        3836,      -7.485475211,      -5.413063307,      -5.778910649,      -5.340358014,      -8.519198785
          0,           0,        3837,      -7.482758583,      -5.404261372,       -5.77997361,      -5.337042845,      -8.519224018
          0,           0,        3838,       -7.49625092,      -5.405625164,      -5.781001874,      -5.344162947,       -8.51923695
          0,           0,        3839,      -7.534767418,      -5.410121482,      -5.781664372,      -5.368640358,      -8.519260455
          0,           0,        3840,      -7.467234302,      -5.411036837,      -5.777783948,      -5.326165123,      -8.519271893
          0,           0,        3841,      -7.498274919,       -5.32896262,      -5.750220154,      -5.344119036,      -8.519291558
          0,           0,        3842,      -7.129527182,      -5.397096711,      -5.783789318,      -5.057883847,      -8.519302201
          0,           0,        3843,      -7.314205783,      -5.425971683,      -5.784012531,      -5.216200519,      -8.519320242
          0,           0,        3844,      -7.463564724,      -5.427168827,      -5.787519247,      -5.324544147,      -8.519328074
          0,           0,        3845,      -7.504928794,      -5.429771079,      -5.791940607,      -5.350011364,      -8.519288122
          0,           0,        3846,      -7.531496635,      -5.430537083,      -5.795285592,      -5.365757279,      -8.519301557
          0,           0,        3847,      -7.560498254,      -5.421027458,      -5.797164068,      -5.379683685,      -8.519323193
          0,           0,        3848,      -7.580699232,      -5.430279242,      -5.799483358,      -5.392117709,      -8.519335662
          0,           0,        3849,      -7.593992536,      -5.433757628,      -5.801341594,      -5.399688995,      -8.519308477
          0,           0,        3850,        -7.6024981,      -5.433505488,      -5.802719368,      -5.403460874,      -8.519311198
          0,           0,        3851,      -7.608200483,      -5.422447352,      -5.804077862,      -5.406189848,      -8.519330576
          0,           0,        3852,        -7.6045528,      -5.433035166,      -5.805195032,      -5.403146649,       -8.51933883
          0,           0,        3853,      -7.615566572,      -5.437846645,      -5.806424141,      -5.408766533,      -8.519267224
          0,           0,        3854,      -7.618858524,      -5.438233901,      -5.807605945,       -5.40985508,      -8.519288559
          0,           0,        3855,      -7.622986775,      -5.434787854,      -5.808558371,      -5.410597209,      -8.519315243
          0,           0,        3856,      -7.625880017,      -5.392075567,      -5.809687769,      -5.412295712,      -8.519327163
          0,           0,        3857,      -7.594839327,      -5.434512536,      -5.810718512,      -5.396644568,      -8.519352935
          0,           0,        3858,      -7.625579934,      -5.441273472,      -5.812165503,      -5.410893137,      -8.519344364
          0,           0,        3859,      -7.628784019,      -5.442518297,      -5.813243814,      -5.412634294,       -8.51936304
          0,           0,        3860,       -7.63136788,      -4.913272444,      -5.710621839,      -5.212408848,      -8.519373034
          0,           0,        3861,      -7.582907454,      -5.429783343,      -5.813075042,      -5.389871966,      -8.519390526
          0,           0,        3862,      -7.528351954,      -5.432583239,      -5.814789457,      -5.230371368,       -8.51939619
          0,           0,        3863,      -7.557017257,       -5.44129717,      -5.816389178,      -5.374997554,      -8.519411619
          0,           0,        3864,      -7.568004186,      -5.443853065,      -5.817750383,      -5.381241066,      -8.519415499
          0,           0,        3865,      -7.581387939,      -5.445155493,      -5.818920866,      -5.402051655,      -8.519426407
          0,           0,        3866,        -7.5820939,      -5.447157907,      -5.820042849,      -5.404664138,      -8.519428463
          0,           0,        3867,      -7.593282272,      -5.448367536,      -5.820969544,      -5.404059657,      -8.519438055
          0,           0,        3868,      -7.603649685,      -5.449377734,      -5.821819892,      -5.410727982,      -8.519437296
          0,           0,        3869,      -7.620078143,      -5.450506955,      -5.822653434,      -5.413324124,      -8.519446101
          0,           0,        3870,      -7.628716598,      -5.450887028,      -5.823378302,      -5.418214348,      -8.519442333
          0,           0,        3871,      -7.638960967,      -5.451851901,      -5.824130887,      -5.421730058,      -8.519447362
          0,           0,        3872,      -7.643415441,      -5.452701762,      -5.824892036,      -5.424785181,      -8.519444715
          0,           0,        3873,      -7.651002409,      -5.453526059,      -5.825630465,      -5.426376667,      -8.519447752
          0,           0,        3874,      -7.652170352,      -5.454144141,      -5.826316626,        -5.4281932,       -8.51943934
          0,           0,        3875,      -7.656237953,        -5.4531191,      -5.826864508,       -5.42676928,      -8.519443149
          0,           0,        3876,      -7.658132648,      -5.455289236,      -5.827569694,      -5.430097331,      -8.519434992
          0,           0,        3877,      -7.663247754,      -5.455529963,      -5.828164165,      -5.431312891,      -8.519436937
          0,           0,        3878,      -7.665176331,        -5.4564831,      -5.828727243,      -5.432995084,      -8.519429901
          0,           0,        3879,      -7.668295383,      -5.456912355,      -5.829229077,      -5.434335289,      -8.519431852
          0,           0,        3880,      -7.670056011,      -5.457056411,      -5.829653543,      -5.434999202,       -8.51942172
          0,           0,        3881,      -7.672498724,      -5.457786928,      -5.830078791,      -5.435757623,      -8.519422918
          0,           0,        3882,      -7.673124351,      -5.456564948,      -5.830306229,      -5.435397856,      -8.519411888
          0,           0,        3883,      -7.674164229,      -5.458215517,      -5.830723395,      -5.436570525,      -8.519410221
          0,           0,        3884,      -7.675131971,       -5.45118296,      -5.830539207,      -5.432583895,      -8.519399907
          0,           0,        3885,      -7.675454567,      -5.458772799,      -5.831233228,      -5.436872581,      -8.519396838
          0,           0,        3886,      -7.675301098,      -5.459175275,      -5.831543604,      -5.437568382,         -8.519384
          0,           0,        3887,      -7.676833098,      -5.459753845,      -5.831792976,      -5.438385004,      -8.519381137
          0,           0,        3888,      -7.677302035,      -5.460221765,      -5.832022188,      -5.439371299,      -8.519366117
          0,           0,        3889,      -7.678420051,      -5.457218245,       -5.83202446,      -5.439016608,      -8.519359911
          0,           0,        3890,      -7.678483624,      -5.460678828,      -5.832426208,      -5.441030938,      -8.519345633
          0,           0,        3891,      -7.680202872,      -5.449133888,      -5.831861535,      -5.438317509,      -8.519339497
          0,           0,        3892,      -7.679366929,        -5.4612989,      -5.832884762,      -5.442965555,      -8.519321741
          0,           0,        3893,      -7.681494616,      -5.461922115,      -5.833220494,      -5.444816155,      -8.519316965
          0,           0,        3894,      -7.682128656,      -5.462375515,      -5.833506801,      -5.445865342,      -8.519299656
          0,           0,        3895,      -7.682874683,      -5.462562763,      -5.833779763,      -5.446774717,      -8.519291182
          0,           0,        3896,        -7.6824788,      -5.462832269,      -5.834038715,      -5.447412063,      -8.519274894
          0,           0,        3897,      -7.681478635,      -5.463469242,      -5.834357479,      -5.447704552,      -8.519268049
          0,           0,        3898,       -7.67985494,      -5.463528804,      -5.834607127,      -5.447536617,      -8.519250698
          0,           0,        3899,      -7.677415776,      -5.463235871,      -5.834841651,      -5.446863868,      -8.519244743
          0,           0,        3900,      -7.674139975,      -5.464724694,      -5.835167014,      -5.446210674,      -8.519227154
          0,           0,        3901,      -7.670735218,      -5.464753127,      -5.835408326,      -5.445102109,      -8.519218305
          0,           0,        3902,      -7.666587431,       -5.46437143,      -5.835568412,      -5.443544274,      -8.519200687
          0,           0,        3903,      -7.662237409,       -5.46539659,      -5.835843885,      -5.442128319,      -8.519191375
          0,           0,        3904,      -7.658006352,      -5.463783508,      -5.835915916,      -5.440123433,      -8.519170429
          0,           0,        3905,      -7.653575999,      -5.465851888,      -5.836198852,      -5.438858313,      -8.519160745
          0,           0,        3906,      -7.649912353,      -5.466155976,      -5.836383207,      -5.437563712,      -8.519140573
          0,           0,        3907,      -7.646758392,      -5.466363487,      -5.836526491,      -5.436544849,      -8.519127708
          0,           0,        3908,      -7.643868985,      -5.467031581,      -5.836686044,      -5.435681384,      -8.519106973
          0,           0,        3909,      -7.641740734,      -5.464499571,      -5.836636081,      -5.434718831,      -8.519094336
          0,           0,        3910,       -7.63965011,      -5.467159779,      -5.836913276,      -5.434674563,      -8.519070682
          0,           0,        3911,      -7.638918225,      -5.466410811,      -5.837022996,      -5.434647689,      -8.519058798
          0,           0,        3912,      -7.638112834,      -5.468298833,      -5.837305785,      -5.435159569,      -8.519034418
          0,           0,        3913,      -7.638258868,      -5.468311794,      -5.837496897,      -5.435929325,      -8.519020198
          0,           0,        3914,      -7.638406448,      -5.468894799,      -5.837740795,      -5.436636134,      -8.518997202
          0,           0,        3915,      -7.638907766,      -5.469178339,        -5.8379999,      -5.437606719,      -8.518982008
          0,           0,        3916,      -7.639377222,      -5.450249345,      -5.836839119,      -5.436163208,      -8.518955884
          0,           0,        3917,       -7.63243725,      -5.449743516,      -5.837225725,       -5.43236493,      -8.518942267
          0,           0,        3918,      -7.636595353,      -5.466888616,      -5.838719336,      -5.437638332,      -8.518916554
          0,           0,        3919,      -7.638722407,      -5.467464456,      -5.839171977,      -5.439956411,      -8.518900307
          0,           0,        3920,      -7.639529811,      -5.468342959,      -5.839637489,      -5.441422776,      -8.518875846
          0,           0,        3921,      -7.639262004,      -5.470497665,      -5.840127671,      -5.442667018,      -8.518859452
          0,           0,        3922,      -7.638077736,      -5.472128217,       -5.84057048,      -5.442935011,       -8.51883186
          0,           0,        3923,      -7.637061718,      -5.472151008,      -5.841049036,       -5.44346937,      -8.518816748
          0,           0,        3924,      -7.635815833,      -5.471001945,      -5.841447856,      -5.443372607,      -8.518789457
          0,           0,        3925,       -7.63417196,      -5.473518128,      -5.842005974,      -5.443629429,      -8.518770611
          0,           0,        3926,      -7.632189828,      -5.473549632,      -5.842494139,      -5.443449927,      -8.518745124
          0,           0,        3927,      -7.630274682,      -5.474717117,      -5.843027763,      -5.443376049,      -8.518726284
          0,           0,        3928,      -7.628024837,      -5.474538938,      -5.843506837,      -5.442966139,      -8.518696675
          0,           0,        3929,      -7.625798541,      -5.475539439,      -5.844038057,       -5.44261396,      -8.518679343
          0,           0,        3930,      -7.623528259,      -5.475788746,       -5.84457938,      -5.442200909,      -8.518651298
          0,           0,        3931,       -7.62156504,      -5.476569928,      -5.845148119,      -5.441920298,      -8.518630767
          0,           0,        3932,      -7.619560379,      -5.477022138,      -5.845728481,      -5.441631316,      -8.518602925
          0,           0,        3933,      -7.617356954,      -5.476358452,      -5.846274884,      -5.441157724,      -8.518583705
          0,           0,        3934,      -7.613264102,      -5.470993551,      -5.846755071,      -5.439759329,      -8.518554506
          0,           0,        3935,      -7.592695677,      -5.338500052,      -5.833052349,      -5.425780848,      -8.518535454
          0,           0,        3936,       -7.33775646,      -5.425106681,      -5.846075118,      -5.249324323,      -8.518505293
          0,           0,        3937,      -7.388920185,      -5.448244009,      -5.844969192,      -5.291867309,      -8.518484895
          0,           0,        3938,      -7.480434641,      -5.447876659,      -5.846517921,      -5.361121927,      -8.518457831
          0,           0,        3939,      -7.519126119,      -5.398788113,      -5.848988473,      -5.389692783,      -8.518437197
          0,           0,        3940,      -7.465141556,      -4.828680717,      -5.714462493,      -5.366171601,      -8.518404728
          0,           0,        3941,       -6.77461426,      -5.439067499,      -5.739221362,      -4.725778473,      -8.518387252
          0,           0,        3942,      -7.210411517,      -4.509690074,      -5.488813769,      -5.171806629,      -8.518354631
          0,           0,        3943,      -6.519228319,      -5.214629378,      -5.490505681,      -4.472433341,      -8.518334689
          0,           0,        3944,      -6.894662535,      -4.947959283,      -5.503561574,      -4.838248468,      -8.518308023
          0,           0,        3945,      -6.519111712,      -5.357971753,      -5.783621598,      -4.470307881,      -8.518284383
          0,           0,        3946,      -6.777270749,      -5.364649389,      -5.775470661,       -4.72786718,      -8.518248329
          0,           0,        3947,      -6.972286902,      -5.426315617,      -5.794579438,      -4.920095625,      -8.518220432
          0,           0,        3948,      -7.105359705,      -5.444499899,      -5.824103361,       -5.04802242,      -8.518181678
          0,           0,        3949,      -7.222034208,      -5.456695607,      -5.840061641,      -5.156946306,      -8.518152769
          0,           0,        3950,      -7.325369655,      -5.466683377,      -5.846899584,      -5.249850315,      -8.518118198
          0,           0,        3951,      -7.395780285,      -5.473701858,      -5.850225422,      -5.310145874,      -8.518091766
          0,           0,        3952,      -7.442482283,       -5.47895982,      -5.852572953,      -5.347466104,      -8.518056162
          0,           0,        3953,      -7.475155271,      -5.480686205,       -5.85450027,      -5.371130993,      -8.518034267
          0,           0,        3954,       -7.48649223,      -5.258367039,      -5.747468398,      -5.376593736,      -8.518002297
          0,           0,        3955,      -6.985323262,      -5.428610531,      -5.844467703,      -4.931125396,      -8.517978116
          0,           0,        3956,      -7.096483059,      -5.481766931,      -5.813473656,      -5.037486184,      -8.517946714
          0,           0,        3957,      -7.320271915,      -5.486976379,      -5.837138804,      -5.239353325,      -8.517923974
          0,           0,        3958,      -7.263954539,      -5.493331019,      -5.861584098,      -5.189916903,      -8.517890842
          0,           0,        3959,       -7.34130039,        -5.4547825,         -5.851272,      -5.257399926,      -8.517867408
          0,           0,        3960,      -7.362441115,      -5.495450176,      -5.869062767,      -5.276719194,      -8.517832127
          0,           0,        3961,       -7.43722662,      -5.494727133,      -5.870356525,      -5.337667213,      -8.517805875
          0,           0,        3962,      -7.459717139,      -5.497467654,      -5.871659423,      -5.355589301,      -8.517772196
          0,           0,        3963,      -7.474701767,      -5.489594095,      -5.871442447,      -5.367570242,      -8.517744522
          0,           0,        3964,      -7.450416946,      -5.439366505,      -5.850873413,      -5.349565063,      -8.517705703
          0,           0,        3965,      -7.261299865,       -5.49653585,      -5.857898145,      -5.190757479,      -8.517679323
          0,           0,        3966,      -7.466013336,      -5.295236731,      -5.704442507,      -5.362051706,      -8.517642161
          0,           0,        3967,      -6.838130569,      -5.111562577,      -5.817509827,      -4.786620546,      -8.517611691
          0,           0,        3968,      -6.886911215,        -5.3970629,      -5.792597628,      -4.835479405,      -8.517572329
          0,           0,        3969,      -7.233236995,      -5.395277646,      -5.839336214,       -5.16377039,       -8.51754173
          0,           0,        3970,      -7.182735045,      -5.444291984,      -5.867482103,       -5.11961036,      -8.517501014
          0,           0,        3971,      -7.408679771,      -5.470134098,      -5.873400073,      -5.323725765,      -8.517420093
          0,           0,        3972,      -7.426937671,      -5.489076143,      -5.878102076,      -5.340298514,      -8.517380956
          0,           0,        3973,      -7.432710293,      -5.500107946,      -5.880384743,      -5.346255777,      -8.517366226
          0,           0,        3974,      -7.461552379,      -5.507773257,      -5.882410307,       -5.37041455,      -8.517342447
          0,           0,        3975,      -7.483237931,      -5.512597207,       -5.88504716,      -5.387671226,      -8.517323869
          0,           0,        3976,      -7.495338872,      -5.511823361,      -5.887587596,      -5.396649221,       -8.51729336
          0,           0,        3977,      -7.502456982,      -5.518462843,       -5.89062294,      -5.401872909,      -8.517274338
          0,           0,        3978,      -7.509013366,      -5.521244051,       -5.89324041,      -5.406696018,      -8.517242484
          0,           0,        3979,      -7.516353249,      -5.522756296,      -5.895451164,      -5.411876849,       -8.51721897
          0,           0,        3980,      -7.525718093,      -5.524007488,      -5.897446262,      -5.418452919,      -8.517187142
          0,           0,        3981,        -7.5375395,      -5.526238003,      -5.899298008,      -5.426736245,      -8.517163058
          0,           0,        3982,      -7.551794864,      -5.484999515,      -5.899153072,      -5.436681023,      -8.517129276
          0,           0,        3983,      -7.499337442,      -5.527937587,        -5.9000798,      -5.397021398,      -8.517106114
          0,           0,        3984,      -7.575421265,      -5.530911107,      -5.903610094,      -5.451241787,      -8.517070713
          0,           0,        3985,      -7.589461194,      -5.532397976,      -5.906133477,      -5.460421635,      -8.517045619
          0,           0,        3986,      -7.612539144,      -5.534123754,      -5.908147986,      -5.476254069,      -8.517013769
          0,           0,        3987,       -7.63130404,      -5.532533002,      -5.909992898,      -5.489313438,      -8.516988174
          0,           0,        3988,      -7.635474405,      -5.536724699,      -5.911744107,      -5.492629501,      -8.516951861
          0,           0,        3989,      -7.649610031,      -5.537659814,      -5.913987742,      -5.503468916,      -8.516921115
          0,           0,        3990,      -7.650926618,      -5.537830019,      -5.916197767,      -5.505995968,      -8.516878096
          0,           0,        3991,       -7.65164613,       -5.52923353,      -5.918304652,      -5.507715416,      -8.516842224
          0,           0,        3992,      -7.646233801,       -5.53579407,      -5.920556604,      -5.506471986,      -8.516799337
          0,           0,        3993,      -7.636096935,      -5.541762396,      -5.922818867,      -5.501796645,      -8.516764777
          0,           0,        3994,       -7.62888053,      -5.545236763,      -5.925144051,      -5.498480437,      -8.516720104
          0,           0,        3995,      -7.623220582,      -5.547753399,      -5.927418293,      -5.496034059,      -8.516685168
          0,           0,        3996,      -7.617681412,      -5.550047415,      -5.929612855,      -5.493459105,      -8.516638492
          0,           0,        3997,      -7.612776312,      -5.545377825,      -5.931233783,      -5.490703509,      -8.516600782
          0,           0,        3998,      -7.608725149,      -5.552133393,       -5.93352556,      -5.488588361,      -8.516554906
          0,           0,        3999,      -7.607299113,      -5.128477023,      -5.859120583,       -5.44523012,      -8.516516669
          0,           0,        4000,       -7.57144773,      -5.539116563,      -5.935378655,      -5.461397931,      -8.516467474
          0,           0,        4001,      -7.602461438,      -5.556850246,      -5.939092486,       -5.48318863,      -8.516404757
          0,           0,        4002,       -7.60956865,      -5.555807477,      -5.940915773,      -5.487872713,      -8.516362007
          0,           0,        4003,      -7.613400211,      -5.557324673,      -5.942763668,      -5.489543856,      -8.516325587
          0,           0,        4004,      -7.619298323,      -5.561630328,      -5.944665812,      -5.493221562,      -8.516304614
          0,           0,        4005,      -7.625302197,      -5.562506263,      -5.946486003,      -5.496519659,      -8.516272126
          0,           0,        4006,      -7.631660599,      -5.564050947,      -5.948357031,      -5.500296481,      -8.516225786
          0,           0,        4007,      -7.638195609,      -5.565254651,      -5.950215022,      -5.504272235,      -8.516188457
          0,           0,        4008,      -7.644868976,      -5.566929046,      -5.952096777,      -5.508649349,      -8.516137823
          0,           0,        4009,      -7.651277513,       -5.56771753,      -5.953917657,      -5.513079319,      -8.516095671
          0,           0,        4010,      -7.657325794,      -5.565581857,      -5.955432207,      -5.517392914,       -8.51604582
          0,           0,        4011,       -7.66230956,      -5.570305414,      -5.957503859,       -5.52148684,      -8.516004696
          0,           0,        4012,       -7.66777707,      -5.569564875,      -5.959183225,      -5.526146911,       -8.51595299
          0,           0,        4013,      -7.672504902,      -5.572565304,      -5.960973226,      -5.530382706,      -8.515913014
          0,           0,        4014,      -7.676801667,      -5.397421075,      -5.945717455,      -5.524456652,      -8.515861415
          0,           0,        4015,      -7.664673858,      -5.571218904,      -5.963401496,      -5.528258055,       -8.51581921
          0,           0,        4016,      -7.682957392,      -5.577391627,      -5.966008105,        -5.5409232,      -8.515771366
          0,           0,        4017,      -7.688874744,      -5.578450371,      -5.967582584,      -5.546124204,      -8.515733579
          0,           0,        4018,      -7.693901939,      -5.579991673,      -5.969098985,      -5.550528445,      -8.515688661
          0,           0,        4019,      -7.698721873,      -5.581078075,      -5.970614988,      -5.554333225,      -8.515664576
          0,           0,        4020,      -7.704149205,      -5.582678346,      -5.972076277,      -5.558606535,      -8.515620399
          0,           0,        4021,      -7.709616072,      -5.583339638,       -5.97348714,      -5.562418578,      -8.515584547
          0,           0,        4022,      -7.715547199,      -5.585131559,      -5.974897595,      -5.566383739,      -8.515548824
          0,           0,        4023,      -7.721481027,      -5.585961224,       -5.97626223,      -5.570146939,      -8.515517701
          0,           0,        4024,       -7.72755777,      -5.587031338,      -5.977578336,      -5.573948423,      -8.515471539
          0,           0,        4025,      -7.733752755,       -5.58665108,       -5.97873008,      -5.577525422,      -8.515440944
          0,           0,        4026,      -7.739229358,      -5.589808141,      -5.980146274,      -5.580860512,      -8.515394998
          0,           0,        4027,      -7.745110374,      -5.589976711,      -5.981344996,      -5.584317829,      -8.515359336
          0,           0,        4028,       -7.75005144,      -5.591854436,      -5.982577196,      -5.587246328,      -8.515319684
          0,           0,        4029,       -7.75433987,      -5.592307377,      -5.983697746,       -5.58982807,      -8.515285156
          0,           0,        4030,      -7.757655004,      -5.509225014,      -5.976505904,      -5.588198644,      -8.515239328
          0,           0,        4031,      -7.618917311,      -5.370544123,      -5.982637725,      -5.491525055,      -8.515205625
          0,           0,        4032,      -7.703445259,      -5.526842404,      -5.985833493,      -5.559774276,      -8.515160102
          0,           0,        4033,      -7.715915867,      -5.530961685,      -5.987259749,      -5.566730174,      -8.515124154
          0,           0,        4034,      -7.724142523,      -5.568176105,      -5.988361754,      -5.572412664,      -8.515078151
          0,           0,        4035,      -7.743463935,      -5.157374481,      -5.985528144,      -5.572815948,      -8.515037667
          0,           0,        4036,      -7.464480562,      -5.576281874,      -5.984561294,      -5.382495438,      -8.514959266
          0,           0,        4037,      -7.557525137,      -5.583870944,      -5.989544855,      -5.455440715,      -8.514923394
          0,           0,        4038,      -7.682024275,      -5.588314775,      -5.991192206,      -5.546045057,      -8.514875828
          0,           0,        4039,      -7.727795397,      -5.587489416,      -5.992060411,      -5.577486956,      -8.514837384
          0,           0,        4040,      -7.728666278,      -5.593778988,      -5.993120971,      -5.579151814,      -8.514790835
          0,           0,        4041,      -7.727592613,      -5.593747806,      -5.993800396,      -5.579360908,      -8.514752018
          0,           0,        4042,      -7.729334588,      -5.597784942,      -5.994565883,      -5.580432583,      -8.514702058
          0,           0,        4043,      -7.732281449,      -5.598459757,       -5.99529825,      -5.582543444,      -8.514664381
          0,           0,        4044,      -7.734545533,       -5.60171814,      -5.996014405,      -5.584016858,      -8.514614469
          0,           0,        4045,      -7.735792381,       -5.60130433,      -5.996590207,       -5.58494109,      -8.514572695
          0,           0,        4046,      -7.735811163,      -5.604681611,      -5.997301258,      -5.584976709,      -8.514522816
          0,           0,        4047,       -7.73555496,      -5.603967661,      -5.997788956,      -5.584882987,      -8.514482129
          0,           0,        4048,      -7.735058335,      -5.606036754,      -5.998281497,      -5.584639293,      -8.514429815
          0,           0,        4049,      -7.734421417,      -5.606020639,      -5.998628839,      -5.584177485,      -8.514388872
          0,           0,        4050,      -7.734281466,      -5.552687555,      -5.993651075,      -5.583147934,      -8.514335312
          0,           0,        4051,      -7.145061954,      -4.245017076,      -5.362675668,      -4.737150501,      -8.514292245
          0,           0,        4052,      -6.901289454,      -4.631799521,      -5.709776103,      -4.756709761,      -8.514240697
          0,           0,        4053,      -7.223932218,      -4.627928071,      -5.705708923,      -4.917000498,      -8.514197667
          0,           0,        4054,      -7.370221546,      -4.742573201,      -5.778991361,      -5.117491962,      -8.514143772
          0,           0,        4055,      -7.384214884,      -4.862490815,      -5.856098929,      -5.282213368,      -8.514100726
          0,           0,        4056,      -7.424947527,      -4.947915933,      -5.902035008,      -5.359696927,      -8.514046526
          0,           0,        4057,      -7.471988322,      -5.048974652,      -5.937382409,      -5.429325492,      -8.514000571
          0,           0,        4058,      -7.520071908,      -5.102922699,      -5.950051883,      -5.440240116,       -8.51394693
          0,           0,        4059,      -7.573016741,      -5.167730337,      -5.961938628,      -5.471318284,      -8.513900946
          0,           0,        4060,      -7.616573551,      -5.191528402,      -5.964345275,      -5.489447352,      -8.513844987
          0,           0,        4061,      -7.662037985,      -5.277637418,      -5.976576676,      -5.529469002,        -8.5137996
          0,           0,        4062,      -7.692038637,      -5.320683352,      -5.980650613,      -5.550195239,      -8.513743419
          0,           0,        4063,      -7.712962339,      -5.405505839,      -5.985818205,      -5.550388211,       -8.51369645
          0,           0,        4064,      -7.706142335,      -5.281194711,       -5.97286982,      -5.522430418,      -8.513639244
          0,           0,        4065,       -6.56965046,      -4.764940616,      -5.029376133,      -4.478036095,      -8.513593006
          0,           0,        4066,      -6.288395505,       -5.17478066,      -5.527890334,      -4.235337802,      -8.513534989
          0,           0,        4067,      -6.781994527,      -5.029005123,      -5.709991674,      -4.651852855,      -8.513490265
          0,           0,        4068,      -6.849565439,        -4.7820596,      -5.691605311,      -4.723250775,      -8.513431935
          0,           0,        4069,      -6.790399192,       -4.82066068,      -5.765185976,      -4.786922659,      -8.513387451
          0,           0,        4070,      -6.795094034,      -5.257111294,      -5.919512345,      -4.775980951,      -8.513332563
          0,           0,        4071,      -6.865781385,      -5.330494195,       -5.93864973,      -4.830214515,      -8.513288689
          0,           0,        4072,      -6.956688442,      -5.384220024,      -5.939175211,      -4.910347968,      -8.513231781
          0,           0,        4073,      -7.054286109,      -4.798902143,      -5.771404961,       -4.84585428,      -8.513186715
          0,           0,        4074,      -5.798576691,      -4.344406696,      -4.700690862,      -3.737928811,      -8.512982805
          0,           0,        4075,      -6.150046112,      -4.646801083,      -4.972536436,      -4.019844523,      -8.512944805
          0,           0,        4076,      -6.244673862,      -4.701132616,      -5.154489915,      -4.104135562,       -8.51289977
          0,           0,        4077,      -6.308636703,      -4.812049274,      -5.334064703,      -4.198815377,      -8.512858634
          0,           0,        4078,       -6.41420593,      -4.918688013,      -5.511422499,      -4.331378124,      -8.512805477
          0,           0,        4079,      -6.523472319,       -5.01305377,      -5.628834027,      -4.471418564,      -8.512765146
          0,           0,        4080,      -6.620021827,      -5.101057758,      -5.741833395,      -4.585671629,      -8.512708122
          0,           0,        4081,      -6.704662309,      -5.172454726,        -5.8130205,      -4.683779653,      -8.512658721
          0,           0,        4082,      -6.783110127,      -5.230714712,      -5.869851078,      -4.764747877,      -8.512598117
          0,           0,        4083,      -6.860943743,      -4.630326139,      -5.561093059,      -4.843391943,      -8.512538055
          0,           0,        4084,      -6.296196287,      -4.880918128,      -5.515330348,      -4.249303023,      -8.512470264
          0,           0,        4085,      -6.749589788,      -5.093609151,      -5.670508521,      -4.710595248,       -8.51241384
          0,           0,        4086,      -6.726707739,      -5.101645462,      -5.828429468,      -4.686456176,      -8.512350776
          0,           0,        4087,      -6.759932083,      -5.146132966,      -5.880173156,      -4.719769937,      -8.512302755
          0,           0,        4088,      -6.851942437,      -5.323806244,        -5.9018506,       -4.81224616,      -8.512254898
          0,           0,        4089,      -6.949978403,      -5.390899329,      -5.920374099,      -4.910168861,      -8.512219208
          0,           0,        4090,      -7.025676103,      -5.447484437,      -5.939406307,      -4.985811387,      -8.512177072
          0,           0,        4091,      -7.084986601,      -5.474078104,      -5.951875807,      -5.047918995,      -8.512144931
          0,           0,        4092,      -7.128194026,      -5.269936553,      -5.953170914,      -5.090288995,      -8.512105603
          0,           0,        4093,      -7.129297929,      -5.519871715,      -5.953993759,      -5.093398483,      -8.512046944
          0,           0,        4094,      -7.167837214,      -5.545180985,      -5.955783188,      -5.131651447,      -8.511992334
          0,           0,        4095,      -7.182983087,      -5.558578155,      -5.954543298,      -5.144609899,      -8.511941375
          0,           0,        4096,      -7.195179347,       -5.56696054,      -5.952798308,      -5.153592239,      -8.511877671
          0,           0,        4097,      -7.210729106,      -5.556697339,      -5.951348356,       -5.16640753,       -8.51182318
          0,           0,        4098,      -7.228697428,      -4.927050216,      -5.929254976,      -5.161623014,      -8.511774821
          0,           0,        4099,      -7.020643114,      -5.358329298,      -5.920473664,      -4.966153234,      -8.511713791
          0,           0,        4100,      -7.208743796,      -5.396585303,      -5.942535334,      -5.149845283,      -8.511650259
          0,           0,        4101,      -7.244078176,      -4.786337508,      -5.915767146,      -5.157154312,      -8.511621396
          0,           0,        4102,      -6.912820107,      -5.124082288,      -5.900850193,      -4.850607572,      -8.511556657
          0,           0,        4103,      -7.192184478,      -5.151807593,      -5.937326132,      -5.116314313,      -8.511435183
          0,           0,        4104,      -7.173258221,      -5.454284092,      -5.949237032,      -5.122408856,      -8.511377675
          0,           0,        4105,       -7.20245311,      -5.423135662,      -5.960457091,      -5.155607812,      -8.511279772
          0,           0,        4106,      -7.231901135,      -5.477910383,       -5.96301348,      -5.181908358,      -8.511237007
          0,           0,        4107,      -7.271968714,      -5.518412812,      -5.963937666,      -5.217656735,       -8.51119597
          0,           0,        4108,      -7.312030775,      -5.547001972,      -5.964073254,      -5.253738571,      -8.511181746
          0,           0,        4109,      -7.345922016,      -5.567722454,      -5.964171153,      -5.284797285,      -8.511138398
          0,           0,        4110,      -7.372523707,      -5.577221709,       -5.96467823,      -5.310268376,       -8.51107713
          0,           0,        4111,       -7.38885276,      -5.491146478,      -5.962269133,      -5.327702792,      -8.511022271
          0,           0,        4112,      -7.331469023,      -5.214635353,      -5.946023696,      -5.271249418,      -8.510958474
          0,           0,        4113,      -7.264097463,      -5.560248339,      -5.966020642,      -5.208458917,       -8.51089311
          0,           0,        4114,      -7.360707869,      -5.583092901,      -5.971750552,       -5.30529358,      -8.510828448
          0,           0,        4115,      -7.377186156,      -5.597258361,      -5.975541095,      -5.324869044,      -8.510775354
          0,           0,        4116,      -7.368095175,      -5.602308592,      -5.978684576,      -5.318363117,      -8.510712145
          0,           0,        4117,      -7.361080586,      -5.568571324,      -5.980520041,      -5.313321232,      -8.510658449
          0,           0,        4118,      -7.353413787,      -5.606742839,      -5.980502703,      -5.304224224,      -8.510599291
          0,           0,        4119,      -7.358751145,      -5.627375941,      -5.979962983,      -5.311141588,      -8.507592161
          0,           0,        4120,      -7.362323808,      -5.628181569,      -5.978220963,      -5.314856361,      -8.507200699
          0,           0,        4121,      -7.367582921,      -5.628758925,       -5.97593496,      -5.319629154,      -8.507190886
          0,           0,        4122,      -7.374705448,      -5.520207113,       -5.97310118,      -5.325165298,      -8.507348748
          0,           0,        4123,      -7.367655668,      -5.611654865,      -5.970900379,      -5.315690665,      -8.507567235
          0,           0,        4124,      -7.390030643,      -5.615668503,      -5.970877375,      -5.335746577,      -8.507770311
          0,           0,        4125,      -7.398889876,      -5.620178264,      -5.971271328,      -5.341708599,      -8.507957868
          0,           0,        4126,      -7.407918878,      -5.622708311,      -5.972711481,      -5.346895652,        -8.5081112
          0,           0,        4127,      -7.418804589,      -5.625593827,      -5.975143289,      -5.353154881,      -8.508252814
          0,           0,        4128,      -7.431320241,      -5.627326194,      -5.978178517,       -5.36118473,      -8.508362804
          0,           0,        4129,      -7.446110268,      -5.629010394,      -5.981523341,      -5.371596048,      -8.508492005
          0,           0,        4130,        -7.4637751,      -5.631118431,      -5.984923533,      -5.385540879,      -8.508576484
          0,           0,        4131,      -7.485294217,      -5.632740184,      -5.988126759,      -5.403576849,      -8.508629854
          0,           0,        4132,      -7.510536632,      -5.633971485,      -5.991040531,      -5.426144247,        -8.5086601
          0,           0,        4133,       -7.53931387,       -5.63596266,      -5.993724667,      -5.452595362,      -8.508695835
          0,           0,        4134,      -7.569725415,      -5.637205569,      -5.996204105,      -5.481982015,      -8.508714956
          0,           0,        4135,       -7.59947956,      -5.638284778,       -5.99860329,      -5.511773405,      -8.508736383
          0,           0,        4136,      -7.624421697,      -5.640065148,      -6.001066358,      -5.539157448,      -8.508745871
          0,           0,        4137,      -7.641198087,      -5.641219375,      -6.003562289,       -5.56018175,      -8.508757894
          0,           0,        4138,      -7.646844944,      -5.642252065,      -6.006073199,      -5.572431116,      -8.508754986
          0,           0,        4139,      -7.642343895,      -5.643947744,      -6.008539382,      -5.574710026,      -8.508758892
          0,           0,        4140,      -7.630033081,       -5.64500783,      -6.010769883,      -5.569066628,      -8.508752529
          0,           0,        4141,      -7.614449114,      -5.645824375,      -6.012644396,       -5.55829834,      -8.508747054
          0,           0,        4142,       -7.59848786,      -5.647445786,      -6.014139795,      -5.545876006,      -8.508732136
          0,           0,        4143,      -7.585068003,      -5.648146235,      -6.015166311,      -5.534058352,      -8.508721526
          0,           0,        4144,      -7.575115269,      -5.648770927,      -6.015815745,       -5.52464771,      -8.508698091
          0,           0,        4145,      -7.569636929,      -5.649829765,      -6.016252046,      -5.518164827,      -8.508682964
          0,           0,        4146,      -7.568401954,       -5.65045099,      -6.016587653,      -5.515112641,      -8.508654668
          0,           0,        4147,      -7.571551107,      -5.650590886,      -6.016984027,      -5.515163866,      -8.508632201
          0,           0,        4148,      -7.578428999,      -5.651801323,       -6.01765311,      -5.518274508,       -8.50860064
          0,           0,        4149,      -7.588909323,      -5.652089794,      -6.018601353,      -5.523904754,      -8.508574449
          0,           0,        4150,      -7.602113106,      -5.652606313,      -6.019905514,      -5.531883049,      -8.508536593
          0,           0,        4151,      -7.617843067,      -5.653584892,      -6.021586378,      -5.541636084,      -8.508508149
          0,           0,        4152,      -7.635141777,      -5.654380765,      -6.023552407,      -5.553066315,      -8.508467593
          0,           0,        4153,      -7.653685101,      -5.654646255,      -6.025716922,      -5.565563085,       -8.50843391
          0,           0,        4154,      -7.672387785,      -5.656156112,      -6.028083215,      -5.579004734,      -8.508392233
          0,           0,        4155,      -7.690848605,      -5.656607667,      -6.030473772,      -5.592700625,      -8.508357076
          0,           0,        4156,      -7.707690044,      -5.657374411,      -6.032872948,      -5.606390341,       -8.50831152
          0,           0,        4157,      -7.722450841,      -5.658445339,      -6.035257962,      -5.619130611,      -8.508276811
          0,           0,        4158,      -7.733761019,      -5.659393689,      -6.037565613,      -5.630592217,      -8.508231792
          0,           0,        4159,      -7.741324494,      -5.659647937,      -6.039756706,      -5.639673631,      -8.508196083
          0,           0,        4160,      -7.744326328,      -5.661244493,        -6.0419254,      -5.646159523,      -8.508156189
          0,           0,        4161,      -7.743348244,      -5.661638461,      -6.043953579,      -5.649324781,      -8.508129082
          0,           0,        4162,      -7.738389086,      -5.662425097,      -6.045893912,      -5.649511684,      -8.508093867
          0,           0,        4163,      -7.730998627,      -5.662474639,      -6.047765297,      -5.646746911,      -8.508069248
          0,           0,        4164,      -7.721408389,      -5.663854154,      -6.049531622,       -5.64165982,      -8.508033281
          0,           0,        4165,      -7.711887894,      -5.664680585,      -6.051196389,      -5.635483808,      -8.507801197
          0,           0,        4166,      -7.702645927,      -5.666336604,      -6.052842284,      -5.629023994,      -8.507770495
          0,           0,        4167,      -7.694637887,      -5.666090762,      -6.054353328,        -5.6225637,      -8.507758285
          0,           0,        4168,      -7.687938964,      -5.667468487,      -6.055807114,      -5.616955901,      -8.507739206
          0,           0,        4169,      -7.684073385,       -5.66847351,      -6.057225896,       -5.61301524,      -8.507730199
          0,           0,        4170,      -7.682294152,      -5.669467313,      -6.058609228,      -5.610837465,      -8.507708345
          0,           0,        4171,      -7.682769902,      -5.669546763,      -6.059939904,      -5.610161601,      -8.507690488
          0,           0,        4172,      -7.685194034,      -5.671181369,      -6.061347843,      -5.611264704,       -8.50765638
          0,           0,        4173,      -7.689634626,      -5.670599255,      -6.062698932,      -5.613767341,      -8.507535483
          0,           0,        4174,      -7.695211737,      -5.671766451,      -6.064116101,      -5.617541861,      -8.507498043
          0,           0,        4175,      -7.701877554,      -5.672797793,      -6.065578731,      -5.622000021,      -8.507470051
          0,           0,        4176,      -7.709152567,      -5.673878089,      -6.067075768,       -5.62722524,      -8.507430036
          0,           0,        4177,      -7.716845933,      -5.673907332,      -6.068561824,      -5.632706232,      -8.507396828
          0,           0,        4178,      -7.724192787,      -5.675566646,      -6.070163799,      -5.638233565,      -8.507355592
          0,           0,        4179,       -7.73113143,       -5.67567705,      -6.071732487,      -5.643384737,      -8.507320688
          0,           0,        4180,      -7.737055913,      -5.676426941,      -6.073343265,      -5.648109909,      -8.507275108
          0,           0,        4181,      -7.742085449,      -5.677070892,        -6.0749906,      -5.652071602,      -8.507274946
          0,           0,        4182,      -7.745992694,      -5.677597382,       -6.07664327,      -5.655506422,      -8.507229162
          0,           0,        4183,      -7.748885521,      -5.674736447,      -6.078234462,      -5.658137251,      -8.507184322
          0,           0,        4184,      -7.749533247,      -5.013670053,      -6.057803618,      -5.612812664,      -8.507141116
          0,           0,        4185,      -7.196719235,       -5.48093813,       -6.04637137,      -5.139727884,      -8.507100173
          0,           0,        4186,      -7.507388781,      -5.540070905,      -6.071696733,      -5.433218528,      -8.507050995
          0,           0,        4187,      -7.605751939,      -5.614023589,      -6.078949242,      -5.532737438,      -8.507012942
          0,           0,        4188,      -7.710062789,      -5.578925196,      -6.083513914,      -5.626106116,      -8.506941324
          0,           0,        4189,      -7.693710734,      -5.614180692,      -6.085110008,      -5.616068468,      -8.506903059
          0,           0,        4190,      -7.678275658,      -5.639781143,      -6.086594971,      -5.604209886,      -8.506868503
          0,           0,        4191,      -7.684750254,      -5.653715123,       -6.08815722,      -5.609759213,      -8.506824221
          0,           0,        4192,      -7.701507462,      -5.663346993,      -6.089866081,      -5.623787016,      -8.506769458
          0,           0,        4193,      -7.718546004,      -5.669659233,      -6.091641795,      -5.637770233,      -8.506725573
          0,           0,        4194,      -7.732213889,      -5.674207673,      -6.093394908,       -5.64899138,      -8.506671106
          0,           0,        4195,       -7.74302062,      -5.676140348,      -6.094997215,      -5.657564537,       -8.50662481
          0,           0,        4196,      -7.751650276,      -5.678703734,      -6.096556818,      -5.664310063,      -8.506572071
          0,           0,        4197,      -7.758391034,      -5.677916356,      -6.097849894,        -5.6692863,      -8.506527595
          0,           0,        4198,      -7.761331946,      -5.672611359,      -6.098897658,      -5.671546165,      -8.506475345
          0,           0,        4199,      -7.752027281,      -5.281627957,      -6.091025072,      -5.643110183,      -8.506441796
          0,           0,        4200,      -7.437774239,      -5.570871876,       -6.07648937,      -5.374392228,      -8.506399766
          0,           0,        4201,      -7.610277887,      -5.609741149,      -6.094828548,      -5.534362226,      -8.506364554
          0,           0,        4202,      -7.590745397,      -5.634890629,      -6.099347286,      -5.522602446,      -8.506322995
          0,           0,        4203,      -7.633203623,      -5.648569192,      -6.099586415,      -5.563087523,      -8.506288674
          0,           0,        4204,      -7.678961276,      -5.646696226,      -6.100529393,      -5.604331194,      -8.506244399
          0,           0,        4205,      -7.706429088,      -5.674625285,      -6.101661979,      -5.624599819,      -8.506211312
          0,           0,        4206,       -7.73815156,      -5.673847903,      -6.103088988,      -5.650904883,      -8.506143458
          0,           0,        4207,      -7.749379325,      -5.674714805,      -6.104100334,      -5.659629799,      -8.506104874
          0,           0,        4208,      -7.752306411,       -5.67558298,      -6.105146394,      -5.662093776,      -8.506063048
          0,           0,        4209,        -7.7512935,      -5.671701756,      -6.106085653,      -5.661528788,      -8.506029611
          0,           0,        4210,      -7.744835497,      -5.661465124,      -6.106949782,      -5.656988738,      -8.505985608
          0,           0,        4211,      -7.724315205,      -5.624955338,      -6.107075377,      -5.641565307,      -8.505952087
          0,           0,        4212,      -7.655642575,      -5.455923134,      -6.096578369,      -5.587649148,      -8.505908063
          0,           0,        4213,       -7.40772422,      -4.541825865,      -5.531837184,       -5.36595647,      -8.505870496
          0,           0,        4214,       -6.50033476,      -5.339072041,      -5.597707187,      -4.454051131,       -8.50583013
          0,           0,        4215,       -6.98508515,      -5.392285727,      -5.731065242,      -4.933775854,      -8.505797175
          0,           0,        4216,      -6.838377038,      -5.225133046,      -6.032745229,      -4.789957101,      -8.505752985
          0,           0,        4217,      -7.299750951,      -5.255085525,       -5.90847622,         -5.246057,      -8.505720286
          0,           0,        4218,      -6.999269038,      -5.419213176,      -6.045397093,      -4.949989187,      -8.505674997
          0,           0,        4219,      -7.065713392,      -5.489706212,      -6.046067327,      -5.017713987,       -8.50563631
          0,           0,        4220,       -7.19837945,      -5.543878938,       -6.04548118,       -5.15109757,      -8.505589873
          0,           0,        4221,      -7.316502711,      -5.582991933,      -6.060006283,      -5.268977375,      -8.505550499
          0,           0,        4222,      -7.411789398,      -5.611765964,      -6.075553448,      -5.363046323,       -8.50550202
          0,           0,        4223,      -7.490042106,      -5.632209675,       -6.08636653,      -5.439189751,        -8.5054656
          0,           0,        4224,      -7.551726752,      -5.647234852,      -6.092857003,      -5.497437993,      -8.505420163
          0,           0,        4225,      -7.599833487,      -5.656866737,      -6.096578252,      -5.540195694,      -8.505384187
          0,           0,        4226,      -7.637006563,      -5.665381526,      -6.098836417,      -5.570184591,      -8.505342619
          0,           0,        4227,      -7.663415907,      -5.670074775,      -6.100053394,      -5.588947855,       -8.50530916
          0,           0,        4228,      -7.678648163,      -5.674287299,      -6.100619154,      -5.597780004,      -8.505266576
          0,           0,        4229,      -7.684356841,      -5.677125618,      -6.100740844,      -5.599449896,      -8.505235143
          0,           0,        4230,      -7.683155934,      -5.679807095,      -6.100559476,      -5.596597414,      -8.505160317
          0,           0,        4231,      -7.677909783,      -5.680580729,       -6.10018943,      -5.591495804,      -8.505128851
          0,           0,        4232,      -7.670510709,      -5.683093888,      -6.099952986,      -5.585467471,      -8.505090286
          0,           0,        4233,      -7.662391407,      -5.683434662,      -6.099753537,      -5.579341833,      -8.505058554
          0,           0,        4234,      -7.654194915,      -5.684669838,      -6.099785368,      -5.573538647,       -8.50501672
          0,           0,        4235,      -7.646538083,      -5.685365372,      -6.100046111,      -5.568339651,      -8.504985631
          0,           0,        4236,      -7.640217242,      -5.686488114,       -6.10050548,      -5.564304019,      -8.504943824
          0,           0,        4237,      -7.634630269,      -5.685986789,      -6.101049516,      -5.560978688,      -8.504909529
          0,           0,        4238,      -7.630480739,      -5.687666606,      -6.101808029,      -5.558889905,      -8.504868019
          0,           0,        4239,      -7.628452373,      -5.687316404,      -6.102470182,      -5.558463357,      -8.504816385
          0,           0,        4240,      -7.628695564,      -5.687971355,      -6.103077281,      -5.559841547,      -8.504766709
          0,           0,        4241,      -7.631319821,      -5.688044592,      -6.103539084,      -5.563020292,      -8.504734132
          0,           0,        4242,      -7.636314284,      -5.688565796,      -6.103800657,      -5.568052043,      -8.504690797
          0,           0,        4243,      -7.643577315,       -5.68727348,      -6.103753307,      -5.574760035,      -8.504651583
          0,           0,        4244,      -7.652625515,      -5.687411608,      -6.103635579,       -5.58270344,      -8.504607486
          0,           0,        4245,      -7.662334214,      -5.681404384,      -6.103256243,      -5.590882407,      -8.504571076
          0,           0,        4246,      -7.665959891,      -5.402959728,      -6.074184871,      -5.594257813,      -8.504525138
          0,           0,        4247,      -7.286644459,      -5.631910431,      -6.063295735,      -5.234593108,      -8.504488513
          0,           0,        4248,      -7.580980752,      -5.655950505,      -6.086301328,       -5.51325524,      -8.504443166
          0,           0,        4249,      -7.527124273,      -5.668194413,      -6.097306585,      -5.463956322,      -8.504406165
          0,           0,        4250,       -7.58536703,      -5.676277956,      -6.097281245,      -5.517686768,      -8.504362864
          0,           0,        4251,      -7.650243107,      -5.678813713,      -6.097189231,      -5.574934552,      -8.504327305
          0,           0,        4252,      -7.690673739,      -5.679528984,      -6.098183436,      -5.608767779,      -8.504282682
          0,           0,        4253,      -7.717238572,      -5.671870126,      -6.099164274,      -5.630525867,      -8.504249398
          0,           0,        4254,      -7.726508193,      -5.516183699,      -6.089616878,      -5.641014254,      -8.504206124
          0,           0,        4255,      -7.497835072,      -5.301515141,      -5.994065851,      -5.426255025,      -8.504171408
          0,           0,        4256,      -7.170486456,       -5.65683629,      -6.077030444,       -5.11916141,      -8.504123872
          0,           0,        4257,      -7.628446251,      -5.669728413,      -6.086418386,        -5.5539962,       -8.50409092
          0,           0,        4258,      -7.619270228,      -5.677486682,      -6.098924722,      -5.547478128,      -8.504048295
          0,           0,        4259,       -7.65557577,      -5.681106516,      -6.101335699,      -5.580549681,      -8.504016487
          0,           0,        4260,      -7.719622738,      -5.683151424,      -6.101953247,      -5.636069949,      -8.503974309
          0,           0,        4261,      -7.751758266,      -5.681773549,      -6.103028329,      -5.663238954,      -8.503940025
          0,           0,        4262,       -7.75810524,      -5.681104852,      -6.104309857,      -5.669151481,      -8.503899072
          0,           0,        4263,      -7.749562115,      -5.681853656,      -6.105307276,      -5.662668732,      -8.503865295
          0,           0,        4264,      -7.737424081,      -5.686411993,      -6.106162201,      -5.652620944,      -8.503821812
          0,           0,        4265,      -7.726929999,      -5.687957081,      -6.107185309,      -5.643506973,      -8.503788922
          0,           0,        4266,      -7.713291149,      -5.688931665,      -6.108284116,      -5.631765942,      -8.503745389
          0,           0,        4267,      -7.700552828,      -5.687989497,       -6.10904429,      -5.620848505,      -8.503709502
          0,           0,        4268,      -7.691014782,      -5.689259027,      -6.109639993,      -5.612689788,      -8.503666628
          0,           0,        4269,      -7.684663142,      -5.688383617,      -6.109920788,      -5.607170903,      -8.503630774
          0,           0,        4270,      -7.681299296,      -5.688709376,       -6.11011742,      -5.604190339,       -8.50358514
          0,           0,        4271,      -7.680879314,      -5.688475853,      -6.110248412,      -5.603646863,      -8.503550158
          0,           0,        4272,      -7.682990985,      -5.688971301,      -6.110391426,      -5.605239366,      -8.503504748
          0,           0,        4273,      -7.687164814,      -5.687861672,      -6.110487389,      -5.608518638,      -8.503467234
          0,           0,        4274,      -7.692854217,      -5.689077115,      -6.110809049,      -5.613047378,       -8.50342301
          0,           0,        4275,      -7.699684443,      -5.688204827,      -6.111142122,      -5.618465848,      -8.503386002
          0,           0,        4276,      -7.707072452,      -5.688614722,      -6.111660772,      -5.624361544,      -8.503339524
          0,           0,        4277,      -7.714780245,      -5.688506988,      -6.112327049,      -5.630505511,      -8.503303953
          0,           0,        4278,      -7.722454972,      -5.689188921,      -6.113153757,      -5.636686608,      -8.503258329
          0,           0,        4279,      -7.729861066,      -5.688274088,      -6.114007159,      -5.642714668,      -8.503220861
          0,           0,        4280,      -7.736731983,       -5.68971094,      -6.115096983,      -5.648435369,      -8.503176848
          0,           0,        4281,      -7.742983091,      -5.689028661,      -6.116144219,      -5.653754668,      -8.503140128
          0,           0,        4282,      -7.748226375,      -5.689623055,      -6.117287567,      -5.658437107,      -8.503094002
          0,           0,        4283,      -7.752413299,      -5.689648323,      -6.118462886,      -5.662378637,      -8.503058819
          0,           0,        4284,      -7.755336648,      -5.690445076,      -6.119678924,      -5.665451093,       -8.50301344
          0,           0,        4285,      -7.756932403,      -5.689584115,      -6.120800288,      -5.667540878,      -8.502976072
          0,           0,        4286,       -7.75719151,      -5.691071189,        -6.1220597,      -5.668638908,      -8.502932256
          0,           0,        4287,       -7.75639563,      -5.690386687,      -6.123181168,      -5.668876723,      -8.502895728
          0,           0,        4288,      -7.754612312,       -5.69098353,       -6.12432684,      -5.668338085,      -8.502849868
          0,           0,        4289,      -7.752315174,      -5.690983537,      -6.125439967,      -5.667298184,      -8.502814944
          0,           0,        4290,      -7.749812499,      -5.691770979,      -6.126544797,      -5.666039318,       -8.50276988
          0,           0,        4291,      -7.747462333,      -5.690878874,      -6.127507999,      -5.664794152,      -8.502732883
          0,           0,        4292,      -7.745550168,      -5.692368611,      -6.128585887,      -5.663829655,      -8.502689287
          0,           0,        4293,      -7.744443435,      -5.691669323,       -6.12950305,      -5.663389886,       -8.50265299
          0,           0,        4294,      -7.744151181,      -5.692282615,      -6.130448191,      -5.663563565,      -8.502607481
          0,           0,        4295,      -7.744891877,      -5.692293111,      -6.131376357,      -5.664459759,       -8.50257277
          0,           0,        4296,        -7.7466352,      -5.693120349,       -6.13233651,      -5.666130586,        -8.5025278
          0,           0,        4297,      -7.749313357,      -5.692254675,      -6.133203868,      -5.668478512,      -8.502490781
          0,           0,        4298,      -7.752780814,      -5.693808125,      -6.134259479,      -5.671444853,      -8.502447163
          0,           0,        4299,      -7.756975874,      -5.693153037,      -6.135223095,      -5.674924246,      -8.502410837
          0,           0,        4300,      -7.761525134,      -5.693837087,      -6.136294034,      -5.678713216,      -8.502365125
          0,           0,        4301,      -7.766318462,      -5.693904121,      -6.137415305,      -5.682645229,      -8.502330311
          0,           0,        4302,      -7.771082361,      -5.694806343,      -6.138630847,      -5.686590763,      -8.502285536
          0,           0,        4303,      -7.775536677,      -5.693987117,      -6.139793215,      -5.690286511,      -8.502248901
          0,           0,        4304,      -7.779441674,      -5.695613392,      -6.141179231,      -5.693605222,      -8.502205724
          0,           0,        4305,      -7.782723374,      -5.694993929,      -6.142479106,      -5.696415799,      -8.502169802
          0,           0,        4306,      -7.785073418,      -5.695728609,      -6.143890164,      -5.698582146,      -8.502124517
          0,           0,        4307,      -7.786535374,      -5.695819431,      -6.145335009,      -5.700009322,      -8.502090066
          0,           0,        4308,      -7.787013436,      -5.696754872,      -6.146853141,       -5.70071227,      -8.502045452
          0,           0,        4309,       -7.78649458,      -5.695930583,      -6.148280387,      -5.700596594,      -8.502008829
          0,           0,        4310,      -7.785042727,      -5.697571566,      -6.149902318,      -5.699756766,      -8.501965646
          0,           0,        4311,      -7.782910617,      -5.696915156,      -6.151391681,      -5.698296779,      -8.501929663
          0,           0,        4312,       -7.78009363,      -5.697597192,      -6.152953604,      -5.696299541,       -8.50188427
          0,           0,        4313,       -7.77696013,      -5.697529255,      -6.154517487,      -5.693948729,      -8.501849641
          0,           0,        4314,      -7.773607269,      -5.698048916,      -6.156122369,      -5.691426668,      -8.501804809
          0,           0,        4315,      -7.770058504,      -5.695604787,      -6.157598572,      -5.688733965,      -8.501767904
          0,           0,        4316,      -7.765911241,      -5.684356642,      -6.159232763,      -5.685939295,      -8.501724436
          0,           0,        4317,      -7.756412339,      -5.259723511,      -6.155311818,      -5.640509547,      -8.501687208
          0,           0,        4318,      -7.484542893,      -5.637624439,      -6.152811849,       -5.42016775,      -8.501646375
          0,           0,        4319,      -7.668941988,       -5.65973719,      -6.161266638,       -5.59213705,      -8.501611579
          0,           0,        4320,      -7.728207191,      -5.670400619,      -6.163519769,      -5.652067283,      -8.501566627
          0,           0,        4321,      -7.718600633,      -5.664740856,      -6.165424516,      -5.648323209,      -8.501529471
          0,           0,        4322,      -7.711546804,       -5.25499287,      -6.164485982,      -5.661051413,      -8.501486123
          0,           0,        4323,      -7.483714069,      -5.613401916,      -6.157626488,      -5.415245805,      -8.501449103
          0,           0,        4324,      -7.672810463,      -5.690299758,      -6.169089893,      -5.598716785,      -8.501264154
          0,           0,        4325,      -7.727498571,      -5.695059095,      -6.172183691,      -5.650857881,      -8.501263455
          0,           0,        4326,      -7.738208861,      -5.701146803,      -6.174698249,      -5.661322279,      -8.501226769
          0,           0,        4327,      -7.749141632,      -5.701300753,      -6.176661943,       -5.67074175,      -8.501192677
          0,           0,        4328,      -7.757904504,      -5.703629144,      -6.178520792,      -5.678008166,       -8.50115188
          0,           0,        4329,      -7.764044034,      -5.703326979,      -6.180051993,      -5.683026642,      -8.501118092
          0,           0,        4330,      -7.767934704,      -5.704204119,      -6.181595396,        -5.6863237,      -8.501074757
          0,           0,        4331,      -7.770481029,       -5.70329023,      -6.183108649,       -5.68854067,      -8.501041985
          0,           0,        4332,      -7.771882534,      -5.452263119,      -6.182555419,      -5.686544111,      -8.500998891
          0,           0,        4333,      -7.644203863,      -5.665213205,      -6.181256196,       -5.57056973,      -8.500963607
          0,           0,        4334,      -7.750052897,      -5.696701312,      -6.187263464,      -5.668372018,      -8.500901669
          0,           0,        4335,      -7.762949762,      -5.700263367,       -6.18949519,      -5.681998113,      -8.500868953
          0,           0,        4336,      -7.766856642,      -5.703184978,      -6.191460701,      -5.686214254,      -8.500826421
          0,           0,        4337,      -7.771868059,      -5.694068019,      -6.193266909,      -5.690298336,      -8.500794433
          0,           0,        4338,      -7.771146078,      -5.688127761,      -6.194835476,      -5.688261506,       -8.50075176
          0,           0,        4339,      -7.780516173,      -5.706554286,      -6.196696732,       -5.69698884,      -8.500762397
          0,           0,        4340,      -7.782492692,      -5.708608664,      -6.198453979,      -5.698880608,      -8.500724738
          0,           0,        4341,      -7.784333989,      -5.708198281,      -6.199966441,      -5.700402566,      -8.500689771
          0,           0,        4342,      -7.785718003,       -5.70939375,      -6.201569161,      -5.701505349,      -8.500644157
          0,           0,        4343,      -7.786807628,      -5.709181753,      -6.203152024,      -5.702293555,      -8.500511027
          0,           0,        4344,      -7.787694778,      -5.710611484,       -6.20486449,      -5.703102834,       -8.50046954
          0,           0,        4345,      -7.788570471,      -5.709973371,      -6.206432255,      -5.703805118,      -8.500435679
          0,           0,        4346,      -7.789643783,       -5.71195716,      -6.208251357,      -5.704695337,       -8.50039247
          0,           0,        4347,      -7.791136299,      -5.711404973,      -6.209875767,      -5.705899637,      -8.500356934
          0,           0,        4348,      -7.792786479,      -5.712341654,      -6.211591306,      -5.707275735,      -8.500312691
          0,           0,        4349,      -7.794586681,      -5.712500696,      -6.213265176,       -5.70867106,      -8.500279227
          0,           0,        4350,       -7.79648693,      -5.713618564,       -6.21498394,      -5.710173339,      -8.500235543
          0,           0,        4351,      -7.798370175,       -5.71276165,      -6.216504861,      -5.711593323,      -8.500199565
          0,           0,        4352,      -7.800223046,      -5.714627067,      -6.218249401,       -5.71301126,      -8.500156887
          0,           0,        4353,      -7.802084673,      -5.713953013,      -6.219756491,       -5.71436015,      -8.500121148
