"Time_Iter","Outer_Iter","Inner_Iter",    "rms[Rho]"    ,    "rms[RhoU]"   ,    "rms[RhoV]"   ,    "rms[RhoE]"   ,     "rms[nu]"    
          0,           0,           0,      -3.272975033,      -13.19530527,      -13.16984918,      -1.225267601,      -8.978619975
          0,           0,           1,      -3.872714701,        -3.1172928,      -2.726458517,      -1.822754923,      -9.294371156
          0,           0,           2,      -3.896631392,      -3.214108238,      -2.967218329,      -1.844296083,      -9.793175356
          0,           0,           3,      -3.887642704,      -3.251858247,       -3.15629562,      -1.836410038,      -9.960824954
          0,           0,           4,        -3.9449407,      -3.230469593,      -3.119276371,      -1.894407841,      -10.07455727
          0,           0,           5,      -4.012423746,      -3.186867281,      -3.087531046,      -1.963421001,      -10.17873056
          0,           0,           6,      -4.071130935,      -3.149369802,      -3.085340666,      -2.024001372,      -10.22859699
          0,           0,           7,       -4.10559631,      -3.127158327,      -3.101788948,      -2.059479454,      -10.24938036
          0,           0,           8,      -4.109413434,      -3.120917395,      -3.130804476,      -2.063046106,      -10.24647526
          0,           0,           9,      -4.090136745,      -3.128626269,      -3.167203077,      -2.043067986,      -10.22816878
          0,           0,          10,      -4.060123312,        -3.1471091,      -3.204796039,      -2.012592182,      -10.20217177
          0,           0,          11,      -4.028906172,      -3.171861678,       -3.23722082,      -1.981222558,      -10.16987894
          0,           0,          12,      -4.002665915,      -3.196825822,      -3.259444385,      -1.954978782,      -10.13970202
          0,           0,          13,      -3.985007819,       -3.21538646,      -3.268583167,       -1.93734297,      -10.11528146
          0,           0,          14,       -3.97741727,      -3.222308946,      -3.264120197,      -1.929755015,      -10.09844758
          0,           0,          15,      -3.979782288,      -3.216055997,      -3.247876464,      -1.932110655,      -10.08833973
          0,           0,          16,      -3.990817789,      -3.199207706,      -3.223529653,      -1.943166485,      -10.08212993
          0,           0,          17,      -4.008085697,      -3.176637178,      -3.195637605,      -1.960549844,      -10.07750318
          0,           0,          18,      -4.027680177,      -3.153285736,      -3.168593269,      -1.980428543,      -10.07116395
          0,           0,          19,       -4.04418279,      -3.132942654,      -3.145933343,      -1.997426445,      -10.06062798
          0,           0,          20,      -4.051924428,      -3.117996264,      -3.130092141,      -2.005821986,      -10.04520722
          0,           0,          21,      -4.047750516,      -3.109608402,      -3.122425042,      -2.002294297,      -10.02567698
          0,           0,          22,      -4.033062971,      -3.107952443,       -3.12329168,      -1.988068024,      -10.00367188
          0,           0,          23,      -4.012726752,      -3.112319842,      -3.132000173,      -1.967935892,      -9.981745966
          0,           0,          24,      -3.992165158,      -3.121049115,      -3.146537189,      -1.947351982,      -9.961461903
          0,           0,          25,       -3.97542988,       -3.13143635,      -3.163188419,      -1.930433577,      -9.943463638
          0,           0,          26,      -3.964837496,      -3.139852584,      -3.176552597,      -1.919555314,       -9.92807369
          0,           0,          27,      -3.961307476,      -3.142499461,       -3.18089947,      -1.915681749,      -9.914874972
          0,           0,          28,      -3.964714587,      -3.136898471,      -3.173074908,      -1.918729714,      -9.903531354
          0,           0,          29,      -3.974038082,       -3.12323755,      -3.154682729,      -1.927728496,      -9.892896543
          0,           0,          30,      -3.987347552,      -3.104333195,      -3.130996496,      -1.940810237,       -9.88347171
          0,           0,          31,      -4.001809197,      -3.084232214,      -3.107911624,      -1.955205664,      -9.873446353
          0,           0,          32,      -4.014018942,      -3.066711029,      -3.089873807,      -1.967543603,       -9.86350007
          0,           0,          33,      -4.020926571,      -3.054518302,      -3.079431348,      -1.974731511,      -9.852592604
          0,           0,          34,      -4.021118393,      -3.049266581,      -3.077498967,      -1.975230036,      -9.841243607
          0,           0,          35,      -4.015548252,      -3.051536966,      -3.083600606,      -1.969844541,      -9.830069869
          0,           0,          36,      -4.007030265,      -3.060946747,      -3.095870991,      -1.961298627,      -9.819235719
          0,           0,          37,      -3.998950801,      -3.076078509,      -3.110937943,      -1.952972468,      -9.809619158
          0,           0,          38,      -3.994165681,      -3.094342553,      -3.124136257,      -1.947771934,      -9.801496211
          0,           0,          39,      -3.994487176,      -3.112046899,      -3.130709481,      -1.947580441,      -9.794433204
          0,           0,          40,      -4.000575197,      -3.125123932,      -3.127999382,      -1.953133359,       -9.78835947
          0,           0,          41,       -4.01194666,      -3.130693614,      -3.117026392,      -1.964025875,      -9.782358695
          0,           0,          42,      -4.026983767,       -3.12861939,      -3.101786862,      -1.978722066,      -9.775772944
          0,           0,          43,      -4.043034211,      -3.121633925,      -3.087045749,      -1.994643578,      -9.768414892
          0,           0,          44,      -4.056866196,      -3.113898011,      -3.076620482,      -2.008590781,      -9.760409098
          0,           0,          45,      -4.065679695,      -3.109340771,      -3.072817024,      -2.017711894,      -9.751818151
          0,           0,          46,      -4.068355319,       -3.11076546,      -3.076497177,      -2.020750266,      -9.743444445
          0,           0,          47,      -4.066044917,      -3.119623303,       -3.08721768,      -2.018702606,      -9.735233829
          0,           0,          48,      -4.061566509,      -3.135962011,      -3.103225922,      -2.014296082,      -9.727746042
          0,           0,          49,      -4.058149861,      -3.158217536,      -3.121402831,      -2.010758241,      -9.721378332
          0,           0,          50,      -4.058425485,      -3.182841465,      -3.137529828,       -2.01077741,      -9.716164348
          0,           0,          51,      -4.063968578,      -3.204263367,      -3.147388583,      -2.016011767,       -9.71206878
          0,           0,          52,      -4.075195861,      -3.216281393,      -3.148622622,       -2.02696776,      -9.709377851
          0,           0,          53,      -4.091358399,      -3.215294852,      -3.142054147,      -2.042985303,        -9.7079014
          0,           0,          54,      -4.110549748,      -3.202912978,      -3.131135744,      -2.062233341,      -9.706735863
          0,           0,          55,      -4.129864858,      -3.184860006,      -3.120117829,      -2.081837267,      -9.705497639
          0,           0,          56,      -4.145991867,      -3.167587681,      -3.112532088,      -2.098424837,       -9.70326555
          0,           0,          57,       -4.15635858,      -3.156034132,      -3.110622239,      -2.109256122,      -9.699866847
          0,           0,          58,      -4.160335232,      -3.153254623,      -3.115364908,      -2.113492355,      -9.695193351
          0,           0,          59,      -4.159552986,      -3.160850978,      -3.126616438,      -2.112630811,      -9.689101651
          0,           0,          60,      -4.157048976,      -3.179368566,      -3.143174141,      -2.109706952,      -9.682048456
          0,           0,          61,      -4.156001643,      -3.208345393,      -3.162769515,      -2.107993141,      -9.674052843
          0,           0,          62,      -4.158874475,      -3.245899208,       -3.18219832,      -2.110078978,      -9.665577779
          0,           0,          63,       -4.16711654,      -3.287838086,      -3.197913767,      -2.117536656,      -9.656657857
          0,           0,          64,      -4.181158345,      -3.326818048,       -3.20721621,      -2.130912148,      -9.647409012
          0,           0,          65,      -4.200454524,      -3.353465262,       -3.20949374,      -2.149774733,      -9.637455588
          0,           0,          66,      -4.223482863,      -3.361453316,      -3.206507937,      -2.172715561,         -9.626828
          0,           0,          67,       -4.24777002,       -3.35276923,      -3.201453347,      -2.197348678,      -9.615583514
          0,           0,          68,      -4.270157869,      -3.335969361,      -3.197636019,      -2.220519785,      -9.603985155
          0,           0,          69,      -4.287547657,      -3.320015541,      -3.197621332,      -2.238987139,      -9.592300453
          0,           0,          70,      -4.298036673,       -3.31091944,      -3.202971739,      -2.250567391,      -9.580984682
          0,           0,          71,       -4.30178175,      -3.311779915,      -3.214285646,      -2.255127894,      -9.570252283
          0,           0,          72,      -4.300870807,      -3.323726835,      -3.231279134,      -2.254610789,      -9.560032567
          0,           0,          73,      -4.298331624,      -3.346501541,      -3.252808365,      -2.252077735,      -9.550685734
          0,           0,          74,       -4.29708227,      -3.378436173,      -3.276870021,       -2.25058374,      -9.542364754
          0,           0,          75,      -4.299359698,      -3.415903429,      -3.300737416,      -2.252517517,      -9.535252455
          0,           0,          76,      -4.306597666,      -3.452665805,      -3.321454527,      -2.259434516,      -9.529500781
          0,           0,          77,      -4.319502944,      -3.480478081,       -3.33675299,      -2.272124405,       -9.52530494
          0,           0,          78,      -4.338136423,      -3.492662289,       -3.34599759,      -2.290697082,      -9.522436305
          0,           0,          79,      -4.361913608,       -3.48885821,      -3.350460495,      -2.314586947,       -9.52095023
          0,           0,          80,      -4.389518983,      -3.475207514,      -3.352681997,      -2.342463288,      -9.520765586
          0,           0,          81,      -4.418807608,      -3.459700028,      -3.355447074,       -2.37211967,      -9.521613919
          0,           0,          82,      -4.446879818,      -3.448402548,      -3.361020814,       -2.40053826,      -9.523362736
          0,           0,          83,      -4.470600099,       -3.44471009,      -3.370825007,       -2.42442557,      -9.525751135
          0,           0,          84,      -4.487654145,      -3.449991273,      -3.385393646,      -2.441335065,      -9.528599303
          0,           0,          85,      -4.497655586,      -3.464251931,      -3.404413113,      -2.450855458,      -9.531916604
          0,           0,          86,      -4.502424426,       -3.48644364,       -3.42676251,      -2.454904258,      -9.535553415
          0,           0,          87,      -4.505176996,      -3.514471046,       -3.45059087,      -2.456847238,      -9.539535792
          0,           0,          88,      -4.509334079,      -3.545108164,      -3.473556554,       -2.46022889,      -9.543833333
          0,           0,          89,      -4.517707601,      -3.574197221,      -3.493353621,      -2.467933486,       -9.54840251
          0,           0,          90,      -4.532207431,      -3.597583045,      -3.508463547,      -2.481907636,       -9.55321844
          0,           0,          91,      -4.553813327,       -3.61274661,       -3.51876068,      -2.503159531,      -9.558230695
          0,           0,          92,      -4.582541166,      -3.620040437,      -3.525539202,      -2.531749396,      -9.563327988
          0,           0,          93,      -4.617246701,      -3.622311035,      -3.530940233,      -2.566609953,      -9.568399025
          0,           0,          94,       -4.65525426,      -3.623264504,      -3.537194893,      -2.605173498,      -9.573351124
          0,           0,          95,      -4.692082242,      -3.625971691,      -3.546078812,      -2.643047607,      -9.578118108
          0,           0,          96,      -4.722025774,      -3.632196778,      -3.558669303,      -2.674474816,      -9.582659394
          0,           0,          97,      -4.740383232,      -3.642326364,       -3.57529534,      -2.694450513,      -9.586993911
          0,           0,          98,      -4.746357967,      -3.655520169,      -3.595558425,      -2.701744141,      -9.591121823
          0,           0,          99,      -4.743704213,      -3.669948026,      -3.618377752,      -2.699850772,      -9.595107612
          0,           0,         100,      -4.738339858,      -3.683189978,      -3.642095793,      -2.694717617,      -9.599032976
          0,           0,         101,      -4.735626825,      -3.692915795,      -3.664732757,      -2.691877011,      -9.602930558
          0,           0,         102,      -4.739245882,      -3.697727856,      -3.684449205,      -2.695165759,      -9.606905812
          0,           0,         103,       -4.75128593,      -3.697730401,      -3.700121378,      -2.706759058,      -9.610976104
          0,           0,         104,      -4.772637886,      -3.694420784,      -3.711743555,      -2.727563712,      -9.615136861
          0,           0,         105,      -4.803221183,      -3.690006932,      -3.720388327,      -2.757450662,      -9.619370298
          0,           0,         106,      -4.841904701,      -3.686644722,      -3.727750252,      -2.795174144,      -9.623591046
          0,           0,         107,       -4.88612734,       -3.68595976,      -3.735566078,      -2.837994733,      -9.627702364
          0,           0,         108,      -4.931427664,      -3.688884125,      -3.745179972,      -2.881262536,       -9.63159838
          0,           0,         109,      -4.971606361,      -3.695674378,      -3.757326969,      -2.918747891,      -9.635280607
          0,           0,         110,       -5.00067047,      -3.705990868,      -3.772075911,      -2.944797428,      -9.638681199
          0,           0,         111,      -5.016300223,      -3.718991983,      -3.788862465,       -2.95772137,      -9.641811164
          0,           0,         112,      -5.021574554,      -3.733456697,        -3.8065936,      -2.961061143,      -9.644678665
          0,           0,         113,      -5.022778032,      -3.747974827,      -3.823852121,      -2.961133358,      -9.647268058
          0,           0,         114,      -5.025961661,      -3.761222547,      -3.839227789,      -2.963778789,      -9.649588404
          0,           0,         115,       -5.03520167,      -3.772276851,      -3.851726608,      -2.972884394,      -9.651614129
          0,           0,         116,      -5.052441569,      -3.780848305,      -3.861101755,      -2.990344631,      -9.653337165
          0,           0,         117,      -5.077718075,      -3.787310472,      -3.867927858,      -3.016320508,      -9.654713715
          0,           0,         118,      -5.109098193,       -3.79250598,      -3.873375399,       -3.04918835,      -9.655677192
          0,           0,         119,      -5.142302938,      -3.797431434,      -3.878821062,      -3.085112479,      -9.656141637
          0,           0,         120,      -5.170724351,      -3.802938632,      -3.885481564,      -3.117788267,      -9.656031633
          0,           0,         121,      -5.187295933,      -3.809534256,      -3.894173568,      -3.139762644,      -9.655260797
          0,           0,         122,      -5.188528264,      -3.817290897,      -3.905199984,      -3.146271204,      -9.653755382
          0,           0,         123,       -5.17713587,      -3.825851143,      -3.918322117,      -3.138751386,      -9.651434165
          0,           0,         124,      -5.159900604,      -3.834510948,      -3.932792507,      -3.123661423,      -9.648239831
          0,           0,         125,      -5.143596111,       -3.84237797,      -3.947458557,      -3.108218519,      -9.644132218
          0,           0,         126,      -5.132918278,      -3.848592097,       -3.96096795,      -3.097688829,      -9.639100118
          0,           0,         127,      -5.130491481,      -3.852562312,       -3.97208227,      -3.095084188,      -9.633171283
          0,           0,         128,      -5.137515457,      -3.854138882,       -3.98002777,      -3.101784373,      -9.626364304
          0,           0,         129,      -5.154274457,      -3.853648258,      -3.984734179,      -3.118089383,      -9.618691558
          0,           0,         130,      -5.180335936,       -3.85177977,      -3.986830957,      -3.143436692,      -9.610197157
          0,           0,         131,      -5.214449895,      -3.849385134,      -3.987404903,      -3.176283352,      -9.600963601
          0,           0,         132,      -5.254196132,      -3.847277359,      -3.987655287,      -3.213734472,      -9.591081591
          0,           0,         133,      -5.295555353,       -3.84608802,      -3.988597474,      -3.251199857,      -9.580703889
          0,           0,         134,      -5.332965171,      -3.846197479,      -3.990886834,      -3.282809395,      -9.569860624
          0,           0,         135,      -5.360794054,      -3.847725162,      -3.994757396,      -3.303453544,      -9.558599976
          0,           0,         136,      -5.376249802,      -3.850560081,      -4.000041666,      -3.311749079,       -9.54699207
          0,           0,         137,      -5.381305873,      -3.854416882,      -4.006246721,      -3.311032379,      -9.535098091
          0,           0,         138,      -5.381368228,      -3.858907953,       -4.01267731,      -3.307164757,       -9.52298999
          0,           0,         139,      -5.382265765,      -3.863623626,      -4.018599155,      -3.305673759,      -9.510685051
          0,           0,         140,      -5.388326552,      -3.868209622,      -4.023419629,      -3.310416957,      -9.498228104
          0,           0,         141,      -5.401957638,       -3.87242738,      -4.026839732,      -3.323535198,      -9.485629743
          0,           0,         142,      -5.423766271,      -3.876183967,      -4.028924547,      -3.345723899,      -9.472862038
          0,           0,         143,      -5.452474378,      -3.879525117,      -4.030065585,       -3.37624351,      -9.459944496
          0,           0,         144,      -5.484407638,      -3.882595921,      -4.030854852,      -3.412464411,      -9.446891511
          0,           0,         145,      -5.513016921,      -3.885583268,      -4.031923761,      -3.449094685,      -9.433595717
          0,           0,         146,      -5.530006624,      -3.888656995,      -4.033799771,      -3.478103056,      -9.420157649
          0,           0,         147,      -5.529573987,      -3.891924082,      -4.036810378,      -3.491400504,      -9.406576345
          0,           0,         148,      -5.512866119,      -3.895403805,      -4.041040048,      -3.486209101,      -9.392675912
          0,           0,         149,      -5.486967981,      -3.899025697,      -4.046333669,      -3.467392129,      -9.378511979
          0,           0,         150,      -5.459885869,      -3.902647899,      -4.052338799,      -3.443448284,      -9.364320653
          0,           0,         151,      -5.437353076,      -3.906089995,      -4.058580371,      -3.421629792,      -9.350078512
          0,           0,         152,       -5.42257329,      -3.909172649,      -4.064559282,      -3.406368946,      -9.335465538
          0,           0,         153,      -5.417046766,      -3.911754859,      -4.069858293,      -3.399844718,      -9.320267649
          0,           0,         154,      -5.421315203,      -3.913760162,      -4.074229934,      -3.402862446,      -9.304915792
          0,           0,         155,      -5.435384431,      -3.915186152,       -4.07764033,      -3.415413822,      -9.289612384
          0,           0,         156,      -5.458881782,       -3.91609648,      -4.080255352,      -3.436892774,      -9.274504883
          0,           0,         157,      -5.491019139,        -3.9165996,      -4.082376566,      -3.466055465,      -9.259621575
          0,           0,         158,      -5.530398948,      -3.916821712,      -4.084351597,      -3.500811865,      -9.244924427
          0,           0,         159,      -5.574708004,      -3.916881661,      -4.086487646,      -3.537999134,      -9.230451295
          0,           0,         160,      -5.620456828,      -3.916873563,      -4.088989183,      -3.573472537,      -9.216199708
          0,           0,         161,      -5.663167093,      -3.916859638,      -4.091928825,       -3.60299471,      -9.202139081
          0,           0,         162,      -5.698525733,      -3.916872638,      -4.095250867,       -3.62395921,      -9.188208692
          0,           0,         163,       -5.72432894,      -3.916925018,      -4.098801408,      -3.636812055,       -9.17370617
          0,           0,         164,      -5.741689147,      -3.917014067,      -4.102363372,      -3.644750909,      -9.159079314
          0,           0,         165,      -5.754097415,       -3.91716599,      -4.105771491,      -3.651954512,      -9.144561187
          0,           0,         166,      -5.765551032,       -3.91737477,      -4.108839272,      -3.662123397,      -9.130398891
          0,           0,         167,      -5.778329619,      -3.917677954,      -4.111516939,      -3.677301641,      -9.116495422
          0,           0,         168,      -5.792705179,      -3.918099473,      -4.113815212,         -3.698026,      -9.102343373
          0,           0,         169,      -5.806566803,      -3.918666206,      -4.115824742,      -3.722988449,      -9.087123104
          0,           0,         170,      -5.816108261,      -3.919390739,      -4.117671982,      -3.748999261,      -9.071326328
          0,           0,         171,      -5.817200194,      -3.920263397,      -4.119481079,      -3.771025194,      -9.055131826
          0,           0,         172,      -5.807793124,      -3.921248724,      -4.121346072,      -3.783674395,      -9.036960339
          0,           0,         173,      -5.789281651,      -3.922283253,      -4.123303179,      -3.783838837,      -9.021609252
          0,           0,         174,      -5.765676225,      -3.923284923,      -4.125337627,      -3.772672066,      -9.006997761
          0,           0,         175,       -5.74150522,      -3.924159717,      -4.127389258,      -3.754689643,       -8.99267307
          0,           0,         176,      -5.720359997,       -3.92481451,      -4.129375205,      -3.735115006,      -8.978583824
          0,           0,         177,      -5.704503645,       -3.92516894,      -4.131215097,      -3.717936492,      -8.964765471
          0,           0,         178,      -5.695077485,      -3.925164706,      -4.132852967,      -3.705439745,      -8.951170109
          0,           0,         179,       -5.69242592,      -3.924770636,      -4.134270475,      -3.698502753,      -8.937770016
          0,           0,         180,      -5.696340989,      -3.923982855,      -4.135488676,      -3.697005602,      -8.924597524
          0,           0,         181,      -5.706200478,      -3.922820399,       -4.13655878,      -3.700137212,       -8.91181464
          0,           0,         182,      -5.721030433,      -3.921319157,      -4.137546159,       -3.70660807,      -8.899470606
          0,           0,         183,      -5.739530309,       -3.91952302,      -4.138511527,      -3.714834334,      -8.884517252
          0,           0,         184,       -5.76019155,       -3.91747825,      -4.139495009,      -3.723301211,      -8.871796302
          0,           0,         185,      -5.781346818,      -3.915228391,      -4.140507554,      -3.730688987,      -8.859198394
          0,           0,         186,      -5.801432083,      -3.912812463,      -4.141529242,      -3.736257842,      -8.844094656
          0,           0,         187,       -5.81924735,      -3.910262716,      -4.142514653,      -3.739987132,      -8.830023389
          0,           0,         188,      -5.834024812,      -3.907623348,       -4.14341309,      -3.742306014,      -8.811662498
          0,           0,         189,      -5.845823492,      -3.904916471,      -4.144165986,      -3.744198385,       -8.80074072
          0,           0,         190,      -5.854603286,      -3.902178462,      -4.144732916,      -3.746211311,      -8.789141331
          0,           0,         191,      -5.860554065,      -3.899442354,       -4.14509213,      -3.748785957,      -8.777380905
          0,           0,         192,      -5.863680196,      -3.896739327,      -4.145244153,      -3.751942629,      -8.765172582
          0,           0,         193,      -5.863784363,      -3.894095317,      -4.145207368,      -3.755288326,      -8.749708533
          0,           0,         194,      -5.860712371,      -3.891528833,      -4.145010451,      -3.758227643,      -8.735928341
          0,           0,         195,      -5.854489421,      -3.889046814,       -4.14468322,      -3.760046334,      -8.722910825
          0,           0,         196,      -5.845497743,      -3.886642928,      -4.144248506,      -3.760146896,      -8.706894017
          0,           0,         197,      -5.834675098,      -3.884298827,      -4.143718458,      -3.758424495,      -8.695014964
          0,           0,         198,      -5.823093699,      -3.881983385,       -4.14309309,      -3.755011282,      -8.683023484
          0,           0,         199,      -5.811961429,      -3.879657488,      -4.142364083,      -3.750459185,      -8.671169364
          0,           0,         200,      -5.802345789,      -3.877277778,       -4.14152055,      -3.745477024,      -8.659636188
          0,           0,         201,      -5.795054681,      -3.874801226,      -4.140555367,      -3.740740472,       -8.64824359
          0,           0,         202,      -5.790587302,      -3.872189329,      -4.139470561,      -3.736746296,      -8.636695067
          0,           0,         203,      -5.789143683,      -3.869411638,      -4.138279602,      -3.733741439,      -8.625084595
          0,           0,         204,      -5.790631894,      -3.866447494,      -4.137007576,      -3.731693279,      -8.609334625
          0,           0,         205,      -5.794747643,      -3.863287229,      -4.135686872,      -3.730390807,      -8.596224551
          0,           0,         206,      -5.801006174,      -3.859931292,      -4.134351062,      -3.729469592,      -8.583921152
          0,           0,         207,      -5.808781214,       -3.85638818,      -4.133029944,      -3.728508552,      -8.572849366
          0,           0,         208,        -5.8174076,      -3.852672641,      -4.131743474,      -3.727164012,      -8.561851742
          0,           0,         209,       -5.82625838,      -3.848803493,      -4.130498109,      -3.725236164,      -8.550573201
          0,           0,         210,       -5.83481764,      -3.844801372,      -4.129285626,       -3.72270026,      -8.539044283
          0,           0,         211,      -5.842650748,      -3.840688372,      -4.128085065,      -3.719630523,      -8.526695386
          0,           0,         212,      -5.849734676,      -3.836485625,       -4.12686536,      -3.716402452,      -8.516044685
          0,           0,         213,      -5.855876555,      -3.832213648,      -4.125590896,      -3.713173039,      -8.505860937
          0,           0,         214,      -5.861041834,      -3.827891639,      -4.124225979,      -3.710147207,      -8.495075175
          0,           0,         215,      -5.865189379,      -3.823537462,      -4.122739021,      -3.707438615,      -8.483740439
          0,           0,         216,      -5.868186293,      -3.819167117,      -4.121105275,      -3.705024396,      -8.472962461
          0,           0,         217,      -5.869799985,      -3.814100092,      -4.116949273,      -3.702044668,      -8.461525151
          0,           0,         218,      -5.860600722,      -3.810385274,      -4.117067089,      -3.694765295,      -8.447587594
          0,           0,         219,      -5.867678985,      -3.806075179,      -4.115100308,      -3.697557159,      -8.437494412
          0,           0,         220,       -5.86335428,      -3.801761334,      -4.112880296,      -3.694024879,      -8.427460369
          0,           0,         221,      -5.858678412,      -3.797465199,      -4.110447829,      -3.690509911,      -8.419124749
          0,           0,         222,      -5.852892215,       -3.79318851,      -4.107847781,      -3.686428203,      -8.410260496
          0,           0,         223,      -5.846004507,      -3.788926768,      -4.105103768,      -3.681585874,      -8.401148387
          0,           0,         224,      -5.838754834,      -3.784672035,      -4.102228556,      -3.676238462,      -8.391649838
          0,           0,         225,      -5.831774832,      -3.780414926,      -4.099233976,      -3.670631289,      -8.381019428
          0,           0,         226,      -5.825527477,      -3.776145847,      -4.096133391,      -3.664966559,      -8.371025686
          0,           0,         227,      -5.820319203,      -3.771855987,      -4.092942289,       -3.65939934,      -8.361511108
          0,           0,         228,      -5.816288576,      -3.767538261,      -4.089678565,      -3.654014816,      -8.350518415
          0,           0,         229,      -5.813484338,      -3.763187982,      -4.086361589,      -3.648873977,       -8.33493749
          0,           0,         230,      -5.811796138,       -3.75880341,      -4.083011427,      -3.643951088,       -8.32338867
          0,           0,         231,      -5.811032169,      -3.754385646,      -4.079648301,      -3.639196343,      -8.316224483
          0,           0,         232,      -5.810927244,       -3.74993849,       -4.07628994,      -3.634529158,      -8.308894398
          0,           0,         233,       -5.81121937,      -3.745468286,      -4.072950817,      -3.629886495,      -8.299096231
          0,           0,         234,      -5.811670548,      -3.740983144,      -4.069641311,      -3.625233604,      -8.290642175
          0,           0,         235,      -5.812063297,      -3.736492727,      -4.066366984,        -3.6205474,      -8.283480008
          0,           0,         236,      -5.812236709,      -3.732007211,      -4.063129981,      -3.615834791,      -8.273629645
          0,           0,         237,      -5.812102139,      -3.727537321,      -4.059927527,      -3.611129555,      -8.264370235
          0,           0,         238,      -5.811622352,      -3.723093532,      -4.056754399,      -3.606476367,      -8.255908714
          0,           0,         239,      -5.810791911,      -3.718685761,      -4.053603771,      -3.601918585,      -8.248317021
          0,           0,         240,      -5.809604385,      -3.714323296,      -4.050468236,      -3.597478479,      -8.241016584
          0,           0,         241,      -5.808093683,      -3.710013974,      -4.047340754,      -3.593180745,      -8.233792373
          0,           0,         242,      -5.806287254,      -3.705764473,      -4.044215834,      -3.589029789,      -8.224778846
          0,           0,         243,      -5.804175023,      -3.701580346,      -4.041089147,      -3.585001071,       -8.21340125
          0,           0,         244,       -5.80178804,       -3.69746554,      -4.037958141,      -3.581076771,       -8.20595516
          0,           0,         245,      -5.799118489,      -3.693422617,      -4.034822258,      -3.577212208,       -8.20051566
          0,           0,         246,       -5.79617143,      -3.689452878,      -4.031682733,      -3.573367136,      -8.194213677
          0,           0,         247,      -5.793066967,      -3.685556347,      -4.028542201,      -3.569553093,      -8.185731018
          0,           0,         248,      -5.789819401,      -3.681731971,      -4.025403859,      -3.565733268,      -8.176003185
          0,           0,         249,      -5.786508959,      -3.677978924,      -4.022272229,      -3.561904747,      -8.167031434
          0,           0,         250,      -5.783202488,      -3.674296243,      -4.019158238,      -3.558070424,       -8.15769601
          0,           0,         251,      -5.780012698,      -3.670680349,      -4.016062954,      -3.554252585,      -8.147013265
          0,           0,         252,      -5.776996513,      -3.667129822,      -4.012994997,      -3.550461691,      -8.135015762
          0,           0,         253,      -5.774192124,      -3.663643318,      -4.009962359,      -3.546711658,      -8.122547148
          0,           0,         254,        -5.7716232,      -3.660219831,      -4.006972517,      -3.543013921,       -8.10948309
          0,           0,         255,      -5.769293547,      -3.656859027,      -4.004032386,      -3.539376954,      -8.095754724
          0,           0,         256,      -5.767182506,       -3.65356126,      -4.001148061,      -3.535802809,      -8.081336522
          0,           0,         257,      -5.765266163,      -3.650327573,      -3.998324658,      -3.532300711,      -8.065966026
          0,           0,         258,      -5.763505197,      -3.647159808,      -3.995565872,      -3.528873341,      -8.050341663
          0,           0,         259,      -5.761847189,      -3.644060462,      -3.992873779,      -3.525520578,      -8.035095702
          0,           0,         260,      -5.760265222,      -3.641032481,      -3.990249108,      -3.522250692,      -8.020694208
          0,           0,         261,      -5.758716395,       -3.63807937,       -3.98769133,      -3.519068322,      -8.006438082
          0,           0,         262,      -5.757169432,       -3.63520484,      -3.985198584,      -3.515978351,      -7.992830272
          0,           0,         263,      -5.755599237,      -3.632412758,      -3.982768273,      -3.512987069,      -7.985232675
          0,           0,         264,      -5.753989452,      -3.629696424,       -3.98036435,      -3.510095187,      -7.988423949
          0,           0,         265,      -5.752060878,      -3.627091081,      -3.978079836,      -3.507218134,      -8.000056878
          0,           0,         266,      -5.750571025,      -3.624569448,      -3.975817518,      -3.504632604,      -7.984283773
          0,           0,         267,       -5.74876685,      -3.622144818,      -3.973606972,      -3.502061727,      -7.951288382
          0,           0,         268,      -5.746926571,      -3.619819742,      -3.971444207,       -3.49960738,      -7.924374771
          0,           0,         269,      -5.745062309,      -3.617596639,      -3.969328204,      -3.497263529,      -7.898878207
          0,           0,         270,      -5.743160412,      -3.615477346,      -3.967259124,      -3.495013624,      -7.874754502
          0,           0,         271,      -5.741232172,      -3.613463406,      -3.965238131,      -3.492849641,      -7.863006563
          0,           0,         272,      -5.739310219,      -3.611555824,      -3.963267082,      -3.490774321,      -7.849887934
          0,           0,         273,      -5.737424064,      -3.609755241,      -3.961349069,      -3.488789487,      -7.825342199
          0,           0,         274,      -5.735599623,       -3.60806203,      -3.959488066,      -3.486896612,      -7.811853986
          0,           0,         275,      -5.733866141,      -3.606476288,        -3.9576888,      -3.485099991,       -7.80306434
          0,           0,         276,      -5.732246998,      -3.604997916,      -3.955956626,      -3.483402865,      -7.794892386
          0,           0,         277,      -5.730772754,      -3.603614041,      -3.954282633,      -3.481809398,      -7.786936383
          0,           0,         278,       -5.72930121,      -3.602361544,        -3.9527132,      -3.480273088,      -7.775837677
          0,           0,         279,      -5.728316948,      -3.601204735,      -3.951218993,      -3.478977212,       -7.76824224
          0,           0,         280,      -5.727340835,      -3.600153843,      -3.949813648,      -3.477733667,      -7.762436619
          0,           0,         281,      -5.726563215,      -3.599209193,      -3.948502296,      -3.476621796,      -7.758831772
          0,           0,         282,       -5.72597913,      -3.598371186,      -3.947289933,      -3.475648319,      -7.761099053
          0,           0,         283,      -5.725554202,      -3.597639901,      -3.946179287,      -3.474801373,      -7.767165236
          0,           0,         284,      -5.725282228,       -3.59701586,      -3.945172476,      -3.474086207,      -7.797252125
          0,           0,         285,      -5.725151122,       -3.59649799,      -3.944263633,      -3.473502989,      -7.846352329
          0,           0,         286,      -5.725103815,      -3.596091078,      -3.943467364,      -3.473031884,      -7.829896749
          0,           0,         287,      -5.725237881,      -3.595793956,      -3.942777596,      -3.472730937,      -7.793702035
          0,           0,         288,      -5.725425538,      -3.595606691,      -3.942186157,      -3.472538524,      -7.762670034
          0,           0,         289,      -5.725707773,      -3.595531079,      -3.941692119,      -3.472481458,      -7.754282069
          0,           0,         290,      -5.726034718,      -3.595567867,      -3.941293115,      -3.472544652,      -7.754232236
          0,           0,         291,      -5.726402316,       -3.59571807,      -3.940985547,      -3.472730928,      -7.770287994
          0,           0,         292,      -5.726793417,      -3.595982401,      -3.940765732,      -3.473032075,      -7.803480957
          0,           0,         293,      -5.727202221,      -3.596361396,      -3.940630018,      -3.473444982,      -7.830724431
          0,           0,         294,      -5.727615265,      -3.596853827,      -3.940570613,      -3.473960788,      -7.803988308
          0,           0,         295,      -5.728005082,      -3.597464067,      -3.940598038,      -3.474570365,      -7.770801904
          0,           0,         296,       -5.72846974,      -3.598187686,      -3.940697189,      -3.475298012,      -7.751399382
          0,           0,         297,      -5.728924792,      -3.599025433,      -3.940870201,      -3.476114458,       -7.74150213
          0,           0,         298,      -5.729419191,      -3.599976621,      -3.941116113,      -3.477029358,      -7.734180914
          0,           0,         299,      -5.729949673,      -3.601040238,      -3.941434578,      -3.478036693,      -7.721866746
          0,           0,         300,      -5.730562339,      -3.602214973,      -3.941823794,      -3.479153832,      -7.715031004
          0,           0,         301,      -5.731250371,      -3.603501042,      -3.942289791,      -3.480372619,      -7.707859777
          0,           0,         302,      -5.732054277,      -3.604895755,      -3.942827859,      -3.481706273,      -7.697240278
          0,           0,         303,      -5.732959978,      -3.606398296,      -3.943440889,       -3.48315441,      -7.693744991
          0,           0,         304,      -5.733990342,       -3.60800713,      -3.944128797,      -3.484725269,      -7.690804389
          0,           0,         305,      -5.735131528,       -3.60972217,      -3.944897321,      -3.486420594,      -7.690075469
          0,           0,         306,      -5.736431412,       -3.61154071,      -3.945743031,      -3.488250201,       -7.69300068
          0,           0,         307,      -5.737855226,       -3.61346191,      -3.946668562,      -3.490208222,       -7.70402665
          0,           0,         308,      -5.739406637,       -3.61548431,      -3.947674727,      -3.492296644,      -7.727997051
          0,           0,         309,      -5.741071988,      -3.617606358,      -3.948761911,      -3.494510873,      -7.712651039
          0,           0,         310,      -5.742867163,      -3.619826702,      -3.949930469,      -3.496856836,      -7.681794604
          0,           0,         311,       -5.74477346,      -3.622143674,      -3.951180248,      -3.499324972,      -7.660139294
          0,           0,         312,        -5.7467818,       -3.62455562,      -3.952510603,      -3.501912581,      -7.646966183
          0,           0,         313,      -5.748879441,      -3.627060815,      -3.953920334,       -3.50461635,      -7.638221967
          0,           0,         314,      -5.751064478,      -3.629657505,      -3.955407817,      -3.507437192,      -7.627504533
          0,           0,         315,      -5.753322225,      -3.632343643,      -3.956971538,      -3.510368178,      -7.619704347
          0,           0,         316,      -5.755664106,       -3.63511721,      -3.958609399,      -3.513412517,      -7.612436774
          0,           0,         317,      -5.758077822,      -3.637975904,      -3.960319205,      -3.516564907,      -7.598838545
          0,           0,         318,      -5.760564501,      -3.640917202,      -3.962098878,      -3.519824146,       -7.58927572
          0,           0,         319,      -5.763106429,      -3.643938149,      -3.963945925,       -3.52318005,      -7.580720166
          0,           0,         320,      -5.765715574,      -3.647035748,      -3.965857995,      -3.526636303,      -7.573608764
          0,           0,         321,      -5.768384752,       -3.65020666,      -3.967832403,      -3.530187737,      -7.568117754
          0,           0,         322,      -5.771114061,      -3.653447012,       -3.96986621,      -3.533830919,       -7.56278466
          0,           0,         323,      -5.773893454,      -3.656753433,      -3.971958475,      -3.537560853,      -7.555500889
          0,           0,         324,      -5.776723817,      -3.660121135,      -3.974104618,      -3.541371504,      -7.545234697
          0,           0,         325,      -5.779590331,      -3.663545828,      -3.976302249,      -3.545257086,      -7.539490669
          0,           0,         326,      -5.782499048,      -3.667022649,      -3.978548867,      -3.549216153,       -7.53211099
          0,           0,         327,      -5.785433682,      -3.670546679,      -3.980842021,      -3.553237863,      -7.514945919
          0,           0,         328,       -5.78838298,      -3.674112148,      -3.983178058,       -3.55731561,      -7.484104753
          0,           0,         329,      -5.791359458,      -3.677713818,      -3.985554766,      -3.561448966,      -7.473033902
          0,           0,         330,      -5.794336152,      -3.681345478,       -3.98796917,      -3.565622244,      -7.464178608
          0,           0,         331,      -5.797310761,      -3.685000949,      -3.990418244,      -3.569828555,      -7.460154135
          0,           0,         332,      -5.800287036,      -3.688674003,      -3.992899322,      -3.574064508,      -7.455267911
          0,           0,         333,      -5.803243719,      -3.692357919,      -3.995409127,      -3.578314277,       -7.44277594
          0,           0,         334,      -5.806183681,      -3.696046101,      -3.997944529,      -3.582573446,      -7.433927318
          0,           0,         335,      -5.809098087,      -3.699731471,      -4.000501884,      -3.586830234,      -7.429822333
          0,           0,         336,      -5.811981538,      -3.703407637,      -4.003078848,      -3.591075905,      -7.430290591
          0,           0,         337,      -5.814818374,      -3.707067038,      -4.005670584,      -3.595293249,      -7.433440329
          0,           0,         338,      -5.817615112,      -3.710702975,      -4.008273603,      -3.599483156,      -7.428860363
          0,           0,         339,      -5.820332393,      -3.714307912,      -4.010883584,      -3.603617988,       -7.42119636
          0,           0,         340,      -5.822984894,      -3.717875233,      -4.013496737,      -3.607700597,      -7.422620523
          0,           0,         341,       -5.82559579,      -3.721398082,      -4.016109854,      -3.611730896,      -7.430946185
          0,           0,         342,      -5.828059808,      -3.724867355,      -4.018717071,      -3.615650132,      -7.394887204
          0,           0,         343,      -5.830496259,      -3.728278691,      -4.021316728,       -3.61952373,      -7.381696159
          0,           0,         344,      -5.832861941,      -3.731622594,      -4.023907851,      -3.623281577,      -7.377175597
          0,           0,         345,      -5.835143319,      -3.734892229,      -4.026486792,      -3.626932846,      -7.375573514
          0,           0,         346,      -5.837312056,       -3.73807792,      -4.029051414,      -3.630431545,      -7.375166035
          0,           0,         347,       -5.83940845,      -3.741177296,      -4.031594489,      -3.633843943,      -7.377552161
          0,           0,         348,      -5.841391374,      -3.744183944,      -4.034110967,      -3.637106736,      -7.383588511
          0,           0,         349,      -5.843192768,      -3.747090962,       -4.03659586,      -3.640183518,      -7.368220325
          0,           0,         350,      -5.844558172,      -3.749877299,      -4.039055138,      -3.642795735,       -7.35214535
          0,           0,         351,       -5.84589958,      -3.752546943,      -4.041475313,      -3.645438575,      -7.332312833
          0,           0,         352,      -5.847352804,      -3.755105472,      -4.043854296,      -3.648154424,      -7.327068399
          0,           0,         353,      -5.848253088,      -3.757521079,      -4.046201151,      -3.650113463,      -7.325727219
          0,           0,         354,      -5.849316815,      -3.759808653,      -4.048501155,      -3.652259621,      -7.327337157
          0,           0,         355,      -5.850444205,      -3.761972097,      -4.050750766,      -3.654420733,       -7.33425268
          0,           0,         356,      -5.850555741,      -3.763969875,      -4.052950677,      -3.655416672,      -7.338311608
          0,           0,         357,      -5.851027306,      -3.765840316,      -4.055087369,       -3.65700526,      -7.338047115
          0,           0,         358,      -5.851611475,      -3.767582499,      -4.057164248,      -3.658589208,      -7.321878191
          0,           0,         359,      -5.851895321,      -3.769191974,      -4.059176307,       -3.65982064,      -7.314841996
          0,           0,         360,      -5.851698744,      -3.770646324,      -4.061123783,      -3.660346146,       -7.31165989
          0,           0,         361,      -5.851367506,      -3.771963579,      -4.063001953,      -3.660993195,      -7.311201188
          0,           0,         362,      -5.850224426,      -3.773119967,      -4.064814906,      -3.660762715,       -7.31304381
          0,           0,         363,      -5.849358446,      -3.774136753,      -4.066546064,      -3.660910096,      -7.322764433
          0,           0,         364,      -5.848637307,      -3.775022777,      -4.068198047,      -3.661122984,      -7.330792942
          0,           0,         365,      -5.847646662,      -3.775752529,      -4.069773768,       -3.66066882,      -7.329994412
          0,           0,         366,      -5.846695687,      -3.776351054,      -4.071273156,      -3.660394248,      -7.330232598
          0,           0,         367,      -5.845005948,      -3.776792236,      -4.072695188,       -3.65920421,      -7.327077651
          0,           0,         368,      -5.843933013,      -3.777109869,      -4.074035415,      -3.658606741,      -7.329829207
          0,           0,         369,      -5.843028163,      -3.777310838,      -4.075294503,      -3.658058624,      -7.336270018
          0,           0,         370,      -5.841682189,      -3.777365372,      -4.076473723,      -3.656786551,      -7.340836418
          0,           0,         371,      -5.840401362,      -3.777310965,      -4.077579596,      -3.655876078,      -7.334711358
          0,           0,         372,       -5.83846044,      -3.777119318,      -4.078606749,      -3.654067185,      -7.329559506
          0,           0,         373,      -5.837226849,      -3.776831288,      -4.079549477,      -3.652898566,      -7.327576711
          0,           0,         374,       -5.83625969,      -3.776454348,      -4.080411873,      -3.651830977,      -7.325653171
          0,           0,         375,      -5.834913562,      -3.775955192,       -4.08119393,      -3.650004083,      -7.322752387
          0,           0,         376,      -5.833613953,      -3.775368595,      -4.081918016,      -3.648585706,      -7.312511466
          0,           0,         377,      -5.832290233,      -3.774713175,      -4.082565364,      -3.647156216,      -7.305773504
          0,           0,         378,      -5.830869484,      -3.773990775,      -4.083129889,      -3.645503526,      -7.301524262
          0,           0,         379,      -5.828784418,      -3.773145331,      -4.083615662,      -3.642611409,      -7.296390229
          0,           0,         380,      -5.826753102,      -3.772225104,      -4.084029185,      -3.640298613,      -7.292995629
          0,           0,         381,      -5.825106682,      -3.771274944,      -4.084386574,      -3.638611628,      -7.289603282
          0,           0,         382,       -5.82258769,       -3.77022795,      -4.084641773,      -3.635469905,      -7.281212932
          0,           0,         383,       -5.82075987,      -3.769136911,      -4.084866953,      -3.633474987,      -7.276066514
          0,           0,         384,      -5.818883845,      -3.768026114,      -4.085021981,      -3.631548686,       -7.27468844
          0,           0,         385,      -5.816857846,      -3.766886738,      -4.085104387,      -3.629317484,       -7.27148963
          0,           0,         386,      -5.814684596,      -3.765720716,      -4.085121685,      -3.626978729,       -7.26750505
          0,           0,         387,      -5.808946153,      -3.764366741,      -4.085027886,         -3.621191,      -7.263121962
          0,           0,         388,       -5.80832023,      -3.763094651,      -4.084901073,      -3.620282646,      -7.259139716
          0,           0,         389,      -5.801801887,       -3.76160697,      -4.084660136,      -3.613898707,      -7.254923674
          0,           0,         390,      -5.802189952,      -3.760242106,      -4.084378051,      -3.613802218,      -7.249254518
          0,           0,         391,      -5.800976137,      -3.758886334,       -4.08403855,      -3.612309744,      -7.243718065
          0,           0,         392,      -5.796780054,      -3.757369069,      -4.083607679,      -3.607602823,      -7.238414846
          0,           0,         393,      -5.794086319,      -3.755881595,       -4.08308736,      -3.605049792,      -7.235670758
          0,           0,         394,      -5.792704696,      -3.754427182,      -4.082512354,      -3.603441332,      -7.233486802
          0,           0,         395,      -5.791232696,       -3.75297468,      -4.081960404,      -3.601746236,      -7.230429636
          0,           0,         396,      -5.780690685,      -3.751275453,      -4.081093826,      -3.592179949,      -7.227067019
          0,           0,         397,      -5.783000031,      -3.749725661,       -4.08035154,      -3.593571213,      -7.227497431
          0,           0,         398,      -5.782953422,      -3.748261729,      -4.079539058,        -3.5934613,      -7.228987585
          0,           0,         399,      -5.782126335,      -3.746830655,      -4.078624964,       -3.59211167,       -7.22985842
          0,           0,         400,      -5.780910995,      -3.745425595,      -4.077627247,      -3.590363722,      -7.231406799
          0,           0,         401,      -5.779465033,      -3.744034994,      -4.076609196,      -3.588673854,      -7.236979686
          0,           0,         402,      -5.778197654,      -3.742663138,      -4.075597602,      -3.587258051,      -7.250339869
          0,           0,         403,      -5.773619443,      -3.741130094,      -4.074369499,       -3.58197694,      -7.267279055
          0,           0,         404,      -5.771619691,      -3.739652122,      -4.073115723,      -3.579979308,      -7.282755542
          0,           0,         405,      -5.771527925,      -3.738214032,      -4.071991203,      -3.579430594,      -7.292505668
          0,           0,         406,      -5.771343368,      -3.736840518,      -4.070850988,      -3.578571737,       -7.29761679
          0,           0,         407,      -5.771230224,      -3.735517831,      -4.069694777,      -3.577539298,       -7.29199565
          0,           0,         408,      -5.770969287,      -3.734252858,      -4.068506809,       -3.57647499,      -7.291522209
          0,           0,         409,      -5.770342909,      -3.733036844,       -4.06731221,      -3.575193228,      -7.295296262
          0,           0,         410,      -5.769668598,      -3.731858541,      -4.066153296,      -3.573956619,      -7.296041479
          0,           0,         411,      -5.769138736,      -3.730719806,      -4.065008119,      -3.572779698,      -7.295841358
          0,           0,         412,      -5.768590273,      -3.729629089,      -4.063859359,      -3.571574657,      -7.295686205
          0,           0,         413,      -5.758410396,      -3.728256286,      -4.062458294,      -3.561903061,      -7.294378992
          0,           0,         414,      -5.761145053,      -3.727136107,      -4.061208244,      -3.563968254,      -7.296243013
          0,           0,         415,      -5.762501475,       -3.72609852,      -4.059977193,      -3.564472844,       -7.29801187
          0,           0,         416,      -5.762841496,       -3.72512609,       -4.05871322,      -3.563909622,      -7.301021514
          0,           0,         417,      -5.762457413,      -3.724205488,      -4.057439361,      -3.563065547,      -7.307095115
          0,           0,         418,      -5.761585634,      -3.723334801,       -4.05618045,      -3.562205755,      -7.318431316
          0,           0,         419,      -5.760517469,      -3.722510194,      -4.054928114,      -3.561328794,      -7.334146398
          0,           0,         420,      -5.759414805,      -3.721730391,       -4.05366603,      -3.560375051,      -7.339119582
          0,           0,         421,       -5.75837379,      -3.720993998,      -4.052383962,      -3.559361281,      -7.336278086
          0,           0,         422,      -5.757425813,      -3.720300613,      -4.051080718,       -3.55833931,      -7.332570622
          0,           0,         423,      -5.756495167,      -3.719652787,      -4.049749751,      -3.557351525,      -7.330265105
          0,           0,         424,      -5.755627351,      -3.719049511,      -4.048405638,      -3.556425861,      -7.330280793
          0,           0,         425,      -5.754850352,      -3.718487162,        -4.0470522,      -3.555594011,      -7.334929584
          0,           0,         426,      -5.754115783,      -3.717966072,        -4.0456922,      -3.554824534,      -7.345457911
          0,           0,         427,      -5.753415122,       -3.71748717,      -4.044329477,      -3.554108664,      -7.357803179
          0,           0,         428,      -5.752761649,      -3.716982942,      -4.042861437,      -3.553437668,      -7.366350095
          0,           0,         429,      -5.751620102,      -3.716648734,      -4.041578317,      -3.552551969,      -7.369066239
          0,           0,         430,      -5.751588804,      -3.716307045,      -4.040237621,      -3.552276439,      -7.369664114
          0,           0,         431,      -5.751080852,      -3.715999162,      -4.038883199,      -3.551755358,      -7.369647782
          0,           0,         432,      -5.750700359,      -3.715749184,      -4.037549442,      -3.551305331,       -7.36897359
          0,           0,         433,      -5.750553204,      -3.715539691,      -4.036212835,      -3.550989245,      -7.368332645
          0,           0,         434,      -5.750391372,      -3.715377658,      -4.034887339,      -3.550703589,      -7.367737902
          0,           0,         435,      -5.750180215,       -3.71526903,      -4.033569859,      -3.550468629,       -7.36772017
          0,           0,         436,      -5.749958263,      -3.715210636,      -4.032262508,      -3.550289998,      -7.367938898
          0,           0,         437,      -5.749773669,      -3.715204178,      -4.030960088,      -3.550202007,       -7.36792984
          0,           0,         438,      -5.749542745,      -3.715250522,      -4.029664019,      -3.550158857,      -7.367194614
          0,           0,         439,       -5.74900952,      -3.715333884,      -4.028386998,      -3.549911002,      -7.366724006
          0,           0,         440,      -5.748892827,      -3.715469596,      -4.027117656,       -3.54997159,      -7.365852895
          0,           0,         441,      -5.748762023,      -3.715662698,      -4.025857337,      -3.550126262,      -7.365727462
          0,           0,         442,      -5.748484485,      -3.715913943,      -4.024600557,       -3.55030689,      -7.367453479
          0,           0,         443,      -5.748172575,      -3.716222328,      -4.023345344,      -3.550548069,      -7.371839851
          0,           0,         444,      -5.747811995,       -3.71659462,      -4.022089743,      -3.550872833,      -7.378977262
          0,           0,         445,      -5.747558982,       -3.71702172,       -4.02084014,      -3.551268848,      -7.386739029
          0,           0,         446,      -5.746064335,      -3.717439932,      -4.019651097,      -3.550775418,      -7.392317848
          0,           0,         447,      -5.746628882,      -3.717933551,      -4.018454809,      -3.551590832,      -7.396543935
          0,           0,         448,      -5.747471888,      -3.718500745,      -4.017269178,      -3.552491646,      -7.398101873
          0,           0,         449,      -5.747897945,      -3.719131301,      -4.016096643,      -3.553197501,      -7.398765935
          0,           0,         450,      -5.748211626,      -3.719819897,       -4.01494235,       -3.55396057,      -7.399122406
          0,           0,         451,      -5.748574398,        -3.7205654,      -4.013811439,      -3.554868754,      -7.398850137
          0,           0,         452,       -5.74902079,      -3.721368185,      -4.012706119,      -3.555901571,      -7.398503796
          0,           0,         453,      -5.749550291,      -3.722228899,      -4.011627253,      -3.557027908,      -7.398407313
          0,           0,         454,      -5.750170508,      -3.723148365,      -4.010576783,       -3.55824223,      -7.398464594
          0,           0,         455,      -5.750865628,      -3.724127238,      -4.009556258,      -3.559536024,      -7.398587635
          0,           0,         456,      -5.751629321,      -3.725166584,      -4.008567485,      -3.560911961,      -7.398771834
          0,           0,         457,      -5.752439593,      -3.726266409,       -4.00761083,      -3.562360013,      -7.399127155
          0,           0,         458,      -5.753294597,       -3.72742645,      -4.006687592,      -3.563880702,      -7.399910639
          0,           0,         459,      -5.754185661,      -3.728646165,      -4.005798441,      -3.565470633,      -7.401463591
          0,           0,         460,      -5.754448612,      -3.729952017,      -4.004966658,      -3.566917846,       -7.40431969
          0,           0,         461,      -5.755413734,      -3.731310384,      -4.004138736,      -3.568748069,      -7.408496591
          0,           0,         462,      -5.756778539,      -3.732714852,      -4.003346472,      -3.570770816,       -7.41421094
          0,           0,         463,      -5.758171819,      -3.734167039,      -4.002600879,      -3.572799178,      -7.424188807
          0,           0,         464,      -5.759581008,      -3.735669324,      -4.001898917,      -3.574841783,      -7.441693666
          0,           0,         465,       -5.76103845,      -3.737223038,      -4.001236463,      -3.576932795,      -7.464775391
          0,           0,         466,      -5.761092464,      -3.738780067,      -4.000614582,      -3.577933719,      -7.484350142
          0,           0,         467,      -5.763594801,      -3.740397936,      -4.000030063,      -3.580508721,      -7.496516764
          0,           0,         468,      -5.765340784,      -3.742092889,      -3.999484251,       -3.58303956,      -7.503171909
          0,           0,         469,      -5.766710567,      -3.743844254,      -3.998958751,      -3.585470014,      -7.507794828
          0,           0,         470,      -5.768284973,      -3.745645265,      -3.998462027,      -3.588136662,      -7.511287268
          0,           0,         471,      -5.769977376,      -3.747484003,      -3.997991709,      -3.590892326,       -7.51420984
          0,           0,         472,      -5.771816239,      -3.749353597,      -3.997554512,      -3.593722656,      -7.516777237
          0,           0,         473,      -5.773820739,      -3.751250093,      -3.997154206,      -3.596633218,      -7.519294799
          0,           0,         474,      -5.775957812,      -3.753170919,      -3.996791373,      -3.599616879,      -7.521955623
          0,           0,         475,      -5.778172289,      -3.755113732,      -3.996464363,      -3.602660536,      -7.523353634
          0,           0,         476,      -5.780408217,      -3.757076157,      -3.996170881,      -3.605752761,      -7.524499228
          0,           0,         477,      -5.782612872,      -3.758980456,      -3.995821742,      -3.608873112,      -7.527082842
          0,           0,         478,      -5.784148097,      -3.761042526,      -3.995660573,       -3.61167336,      -7.532112521
          0,           0,         479,      -5.786725812,      -3.763051687,      -3.995468063,      -3.615133669,      -7.541035017
          0,           0,         480,      -5.788592266,      -3.765066331,      -3.995301196,      -3.618223323,      -7.555057303
          0,           0,         481,       -5.79044956,      -3.767085152,      -3.995158594,      -3.621331181,       -7.56637688
          0,           0,         482,       -5.79220975,      -3.769105355,      -3.995042332,      -3.624394221,      -7.572531652
          0,           0,         483,      -5.793857713,      -3.771123771,      -3.994952447,      -3.627390488,      -7.576417457
          0,           0,         484,      -5.795419552,      -3.773136905,      -3.994888873,      -3.630325359,      -7.579163166
          0,           0,         485,      -5.795772116,       -3.77510921,       -3.99483872,      -3.632103869,      -7.581202352
          0,           0,         486,      -5.797871922,      -3.777082845,      -3.994824162,      -3.635353713,      -7.582946734
          0,           0,         487,      -5.799335201,       -3.77905827,      -3.994844049,      -3.638333391,      -7.584577888
          0,           0,         488,       -5.80043481,      -3.781029343,      -3.994866582,      -3.640973773,      -7.585913623
          0,           0,         489,      -5.801591984,      -3.782938956,      -3.994850068,       -3.64365944,      -7.587094789
          0,           0,         490,      -5.802215429,      -3.784896422,      -3.994923944,       -3.64606903,      -7.588187774
          0,           0,         491,      -5.803663378,      -3.786841904,      -3.995029814,      -3.648980659,      -7.589208098
          0,           0,         492,      -5.804816434,      -3.788740381,      -3.995128679,      -3.651692231,      -7.590168417
          0,           0,         493,       -5.80589958,      -3.790614957,      -3.995246002,      -3.654331838,       -7.59104174
          0,           0,         494,      -5.806920591,      -3.792465205,      -3.995382008,      -3.656919599,      -7.591839103
          0,           0,         495,      -5.807848078,      -3.794289765,      -3.995537387,      -3.659442885,      -7.592591587
          0,           0,         496,      -5.808658259,      -3.796087434,      -3.995712863,       -3.66188837,      -7.593338555
          0,           0,         497,      -5.809335486,      -3.797857317,      -3.995908918,      -3.664243075,      -7.594146051
          0,           0,         498,      -5.809829681,      -3.799598306,      -3.996130214,      -3.666492119,      -7.595125322
          0,           0,         499,      -5.810201528,      -3.801304502,       -3.99637211,      -3.668603399,      -7.596430554
          0,           0,         500,      -5.810449511,      -3.802984879,      -3.996635034,      -3.670599631,       -7.59818554
          0,           0,         501,      -5.810585561,      -3.804637225,      -3.996915323,       -3.67246675,      -7.599928294
          0,           0,         502,      -5.810493061,      -3.806265388,      -3.997215198,      -3.674189721,      -7.601019461
          0,           0,         503,      -5.810252699,      -3.807868813,       -3.99753662,      -3.675781852,      -7.601841473
          0,           0,         504,      -5.809877756,      -3.809446667,      -3.997880624,      -3.677233346,      -7.602425394
          0,           0,         505,      -5.809399623,      -3.810998475,      -3.998247778,      -3.678562383,      -7.602940505
          0,           0,         506,      -5.808852813,      -3.812524318,      -3.998638194,      -3.679794615,      -7.603440445
          0,           0,         507,      -5.808265652,      -3.814024663,      -3.999051302,      -3.680951958,       -7.60393491
          0,           0,         508,      -5.807660457,      -3.815492684,       -3.99948675,      -3.682052888,      -7.604427532
          0,           0,         509,      -5.807052862,      -3.816955123,      -3.999943882,      -3.683117328,      -7.604915616
          0,           0,         510,      -5.806445868,      -3.818386489,      -4.000419912,      -3.684117517,      -7.605374076
          0,           0,         511,      -5.805848187,      -3.819802019,      -4.000917451,      -3.685168998,      -7.605849916
          0,           0,         512,      -5.805257047,      -3.821201509,      -4.001433963,      -3.686177241,      -7.606338237
          0,           0,         513,      -5.804475624,       -3.82259784,      -4.001978366,       -3.68718092,      -7.606860644
          0,           0,         514,      -5.803776497,      -3.823965298,      -4.002543118,      -3.688069163,       -7.60742174
          0,           0,         515,      -5.803080742,      -3.825331384,      -4.003138438,      -3.689136472,       -7.60808834
          0,           0,         516,      -5.802760754,      -3.826675893,      -4.003753374,        -3.6903333,       -7.60886927
          0,           0,         517,      -5.802626857,       -3.82800368,      -4.004394103,       -3.69164359,      -7.609669544
          0,           0,         518,      -5.802431593,      -3.828890236,      -4.004672482,      -3.692904747,      -7.610355237
          0,           0,         519,       -5.79994699,      -3.830611215,      -4.005691328,      -3.692444688,      -7.611028613
          0,           0,         520,      -5.801683725,      -3.831952883,      -4.006450268,      -3.695200126,      -7.611747666
          0,           0,         521,      -5.801195224,      -3.833262817,      -4.007200333,      -3.696257762,      -7.612593339
          0,           0,         522,      -5.800931212,      -3.834609837,      -4.007986931,      -3.697489346,      -7.613671171
          0,           0,         523,      -5.800867482,      -3.835940932,      -4.008792272,      -3.698873357,      -7.615002045
          0,           0,         524,      -5.800662463,      -3.837272933,      -4.009629308,      -3.700127231,      -7.616072475
          0,           0,         525,      -5.800508473,      -3.838606052,      -4.010498864,      -3.701387872,      -7.616661348
          0,           0,         526,      -5.800433484,      -3.839727519,      -4.011330831,      -3.702657675,      -7.617047143
          0,           0,         527,      -5.799524976,      -3.841254449,      -4.012316253,      -3.703228183,      -7.617370027
          0,           0,         528,      -5.800460664,      -3.842599608,      -4.013296833,      -3.705269657,      -7.617751436
          0,           0,         529,      -5.800541346,      -3.843937768,      -4.014303383,      -3.706591218,       -7.61814744
          0,           0,         530,      -5.800816852,      -3.845282157,      -4.015344473,       -3.70804784,      -7.618424825
          0,           0,         531,      -5.801329861,      -3.846626997,      -4.016419505,      -3.709697109,      -7.618583431
          0,           0,         532,      -5.801816133,      -3.847975445,       -4.01753146,      -3.711320471,      -7.618729431
          0,           0,         533,      -5.802399313,      -3.849327521,      -4.018681708,      -3.713029463,      -7.618810582
          0,           0,         534,      -5.803065297,      -3.850684575,      -4.019869771,      -3.714795113,      -7.618882599
          0,           0,         535,      -5.803841515,      -3.852044508,      -4.021098041,      -3.716648956,      -7.619016479
          0,           0,         536,      -5.804729949,      -3.853404143,      -4.022362001,      -3.718547081,      -7.619211751
          0,           0,         537,      -5.805686664,      -3.854753447,       -4.02364944,      -3.720524149,      -7.619549959
          0,           0,         538,      -5.806678681,      -3.856141062,      -4.025000235,      -3.722440541,      -7.619989042
          0,           0,         539,      -5.807938879,      -3.857478351,       -4.02633542,      -3.724647543,      -7.620558987
          0,           0,         540,      -5.808609684,      -3.858906674,      -4.027782893,       -3.72639461,      -7.621259831
          0,           0,         541,      -5.810011354,      -3.860293047,       -4.02923217,       -3.72856174,      -7.622026675
          0,           0,         542,      -5.811653207,      -3.861660619,       -4.03072198,      -3.730919414,      -7.622844663
          0,           0,         543,       -5.81325055,      -3.863018987,       -4.03225042,      -3.733261215,      -7.623697561
          0,           0,         544,      -5.814840275,      -3.864372989,      -4.033812233,      -3.735606075,      -7.624572192
          0,           0,         545,      -5.816418343,      -3.865723825,      -4.035402534,      -3.737917437,      -7.625451198
          0,           0,         546,      -5.817992775,      -3.867073152,      -4.037022451,      -3.740203821,      -7.626324931
          0,           0,         547,      -5.819520797,      -3.868417581,      -4.038667825,      -3.742419992,      -7.627188853
          0,           0,         548,      -5.821000893,      -3.869755722,      -4.040340575,      -3.744579493,      -7.628042797
          0,           0,         549,      -5.822455108,      -3.871083843,      -4.042040681,      -3.746701161,      -7.628889989
          0,           0,         550,       -5.82387758,      -3.872392878,      -4.043770229,      -3.748678382,      -7.629725876
          0,           0,         551,      -5.825342528,      -3.873687978,      -4.045523628,      -3.750689897,      -7.630573998
          0,           0,         552,      -5.826798721,      -3.874968578,      -4.047298584,      -3.752665964,      -7.631437529
          0,           0,         553,      -5.828226988,      -3.876231482,      -4.049095006,      -3.754570644,      -7.632313844
          0,           0,         554,      -5.829674037,      -3.877473664,      -4.050912475,      -3.756432842,      -7.633184942
          0,           0,         555,      -5.831171816,      -3.878693128,      -4.052750122,      -3.758274057,      -7.634026027
          0,           0,         556,      -5.832736737,      -3.879888879,      -4.054606582,      -3.760107717,      -7.634837529
          0,           0,         557,      -5.834376499,      -3.881060618,      -4.056480321,      -3.761945436,      -7.635638631
          0,           0,         558,      -5.836094193,      -3.882208388,      -4.058369907,      -3.763797815,      -7.636428353
          0,           0,         559,      -5.837890463,      -3.883332331,      -4.060274099,      -3.765673265,      -7.637216696
          0,           0,         560,      -5.839765275,      -3.884432533,      -4.062191812,      -3.767577285,      -7.637986629
          0,           0,         561,      -5.841718972,      -3.885508966,      -4.064121998,      -3.769511591,      -7.638748232
          0,           0,         562,      -5.843751279,      -3.886561455,      -4.066063605,      -3.771474518,       -7.63949452
          0,           0,         563,      -5.845861095,      -3.887589866,      -4.068015461,      -3.773461592,      -7.640234034
          0,           0,         564,      -5.848046296,      -3.888594074,      -4.069976256,       -3.77546661,      -7.640977644
          0,           0,         565,      -5.850302593,      -3.889573956,      -4.071944554,      -3.777482029,      -7.641730696
          0,           0,         566,      -5.852623714,      -3.890529551,      -4.073918825,      -3.779499938,      -7.642475053
          0,           0,         567,      -5.855001467,      -3.891460947,      -4.075897374,      -3.781512572,      -7.643138486
          0,           0,         568,      -5.857426315,      -3.892368636,      -4.077878812,      -3.783513076,      -7.643777183
          0,           0,         569,       -5.85988816,      -3.893252808,      -4.079861216,      -3.785494086,      -7.644417842
          0,           0,         570,      -5.862378607,       -3.89411406,      -4.081843046,       -3.78745238,      -7.645067214
          0,           0,         571,      -5.864889746,      -3.894952972,      -4.083822696,       -3.78938416,      -7.645725789
          0,           0,         572,      -5.867422519,      -3.895769454,      -4.085798576,      -3.791278802,      -7.646401617
          0,           0,         573,       -5.86987716,      -3.896536756,        -4.0877644,      -3.792521075,      -7.647114387
          0,           0,         574,      -5.872448151,      -3.897289588,      -4.089709846,      -3.794327331,      -7.647812966
          0,           0,         575,      -5.875098243,      -3.898032826,      -4.091644637,      -3.796304299,       -7.64849266
          0,           0,         576,      -5.877672365,      -3.898768791,      -4.093587186,      -3.798182315,      -7.649154185
          0,           0,         577,      -5.880240899,      -3.899482763,      -4.095520404,      -3.799988182,      -7.649795807
          0,           0,         578,      -5.882896348,      -3.900175042,      -4.097445162,      -3.801823838,       -7.65042338
          0,           0,         579,      -5.885635509,      -3.900846597,      -4.099360074,      -3.803691034,      -7.651042487
          0,           0,         580,      -5.888489394,      -3.901498779,      -4.101262386,      -3.805605349,      -7.651661998
          0,           0,         581,      -5.891468647,      -3.902133122,      -4.103149796,       -3.80756418,      -7.652300328
          0,           0,         582,      -5.894563394,      -3.902751081,      -4.105020763,      -3.809555705,      -7.652995552
          0,           0,         583,      -5.897753989,      -3.903353906,      -4.106874295,      -3.811568174,      -7.653811941
          0,           0,         584,      -5.901015546,      -3.903942549,      -4.108709701,      -3.813589292,      -7.654825518
          0,           0,         585,      -5.904324026,      -3.904517672,      -4.110526374,      -3.815606493,      -7.655943532
          0,           0,         586,      -5.907660362,      -3.905079679,      -4.112323663,      -3.817606959,      -7.656947032
          0,           0,         587,      -5.911012123,      -3.905628753,      -4.114100772,      -3.819578279,      -7.657826766
          0,           0,         588,      -5.914372887,      -3.906164914,      -4.115856713,      -3.821509081,       -7.65866969
          0,           0,         589,      -5.917741711,      -3.906688089,      -4.117590295,      -3.823391289,      -7.659505659
          0,           0,         590,      -5.921116886,      -3.907198146,      -4.119300154,      -3.825217653,       -7.66034595
          0,           0,         591,      -5.924496808,      -3.907694947,      -4.120984824,      -3.826984815,      -7.661190814
          0,           0,         592,      -5.927876659,      -3.908178353,      -4.122642816,      -3.828691418,      -7.662040174
          0,           0,         593,      -5.931248689,      -3.908648188,      -4.124272663,      -3.830338085,      -7.662893272
          0,           0,         594,      -5.934603087,      -3.909104122,      -4.125872953,      -3.831926771,      -7.663750311
          0,           0,         595,      -5.937929828,      -3.909535851,      -4.127439903,      -3.833459494,      -7.664604926
          0,           0,         596,      -5.941175864,      -3.909971549,      -4.128977996,      -3.834905635,      -7.665452547
          0,           0,         597,      -5.944466461,      -3.910387052,      -4.130484441,      -3.836368914,      -7.666307798
          0,           0,         598,      -5.947671546,      -3.910784669,       -4.13195569,      -3.837753854,      -7.667197246
          0,           0,         599,      -5.950843895,      -3.911165783,      -4.133391825,       -3.83909927,      -7.668135556
          0,           0,         600,      -5.953972559,      -3.911529613,      -4.134792153,      -3.840395771,      -7.669155766
          0,           0,         601,      -5.957058694,      -3.911875203,      -4.136155845,      -3.841640822,      -7.670303444
          0,           0,         602,      -5.960108377,      -3.912201551,      -4.137482018,      -3.842834338,      -7.671433807
          0,           0,         603,       -5.96312519,      -3.912507659,       -4.13876978,      -3.843974596,      -7.672450197
          0,           0,         604,      -5.966110066,      -3.912792536,      -4.140018235,      -3.845059099,      -7.673443728
          0,           0,         605,      -5.969060645,      -3.913005319,       -4.14117691,      -3.846081897,      -7.674294552
          0,           0,         606,      -5.971239652,      -3.913288145,      -4.142376679,      -3.846518373,       -7.67502536
          0,           0,         607,      -5.974777411,      -3.913508699,      -4.143510136,      -3.847908312,      -7.675730945
          0,           0,         608,      -5.977465936,      -3.913702969,      -4.144598583,      -3.848660426,      -7.676471569
          0,           0,         609,      -5.980271416,      -3.913871922,      -4.145638632,      -3.849460792,      -7.677250339
          0,           0,         610,      -5.983037816,      -3.914015788,      -4.146632399,      -3.850210079,      -7.678070087
          0,           0,         611,      -5.985678604,      -3.914134651,      -4.147580554,      -3.850856519,      -7.678966837
          0,           0,         612,       -5.98820695,      -3.914228479,      -4.148482563,      -3.851413765,       -7.68001069
          0,           0,         613,      -5.990636447,      -3.914297268,      -4.149337749,      -3.851894287,      -7.681283042
          0,           0,         614,      -5.992966791,      -3.914341022,      -4.150145555,      -3.852300806,      -7.682680462
          0,           0,         615,      -5.995193557,      -3.914359839,      -4.150905535,      -3.852633116,      -7.683645849
          0,           0,         616,      -5.997313734,      -3.914352004,       -4.15161469,      -3.852891796,      -7.684416529
          0,           0,         617,      -5.999273165,      -3.914322881,      -4.152279411,      -3.853042413,      -7.685123966
          0,           0,         618,       -6.00122406,      -3.914268443,        -4.1528954,      -3.853190661,      -7.685656081
          0,           0,         619,        -6.0030155,      -3.914189356,      -4.153461353,      -3.853233155,      -7.686127216
          0,           0,         620,      -6.004684918,      -3.914086795,      -4.153979269,      -3.853200293,      -7.686653402
          0,           0,         621,      -6.006250772,      -3.913961011,      -4.154448805,      -3.853104711,        -7.6871807
          0,           0,         622,      -6.007696378,      -3.913812464,       -4.15487019,       -3.85293704,      -7.687694985
          0,           0,         623,        -6.0090193,      -3.913641754,      -4.155243504,      -3.852698411,      -7.688141338
          0,           0,         624,      -6.010208199,      -3.913449546,      -4.155570134,      -3.852383979,      -7.688496788
          0,           0,         625,      -6.011278757,       -3.91323651,      -4.155849644,      -3.852005478,        -7.6887557
          0,           0,         626,      -6.012209383,      -3.913002195,      -4.156073733,      -3.851551564,      -7.688957547
          0,           0,         627,      -6.012898158,      -3.912750807,      -4.156269672,      -3.850964992,      -7.689131686
          0,           0,         628,      -6.013654825,       -3.91248004,      -4.156412449,      -3.850429688,      -7.689299496
          0,           0,         629,       -6.01416638,      -3.912191718,      -4.156510692,      -3.849763564,      -7.689467237
          0,           0,         630,      -6.014543052,       -3.91188662,       -4.15656516,      -3.849033768,      -7.689675688
          0,           0,         631,      -6.014785971,      -3.911565674,      -4.156576756,      -3.848242926,      -7.689957471
          0,           0,         632,      -6.014892624,       -3.91122989,       -4.15654634,      -3.847391764,      -7.690295486
          0,           0,         633,      -6.014864955,        -3.9108802,       -4.15647486,      -3.846483572,      -7.690522798
          0,           0,         634,      -6.014706534,        -3.9105176,      -4.156363323,      -3.845522491,      -7.690691278
          0,           0,         635,      -6.014421522,      -3.910143096,      -4.156212794,      -3.844512724,      -7.690930776
          0,           0,         636,      -6.014014215,      -3.909757677,      -4.156024424,       -3.84345795,      -7.691262423
          0,           0,         637,      -6.013490502,      -3.909362327,      -4.155799404,      -3.842362175,      -7.691666948
          0,           0,         638,      -6.012853294,      -3.908958044,      -4.155538955,       -3.84122789,      -7.692123805
          0,           0,         639,      -6.012106241,      -3.908545826,      -4.155244324,       -3.84005817,      -7.692618779
          0,           0,         640,      -6.011253241,      -3.908126656,      -4.154916794,      -3.838855964,      -7.693152035
          0,           0,         641,      -6.010297896,        -3.9077015,      -4.154557666,      -3.837623583,      -7.693735874
          0,           0,         642,      -6.009242792,      -3.907271287,      -4.154168251,       -3.83636225,      -7.694397107
          0,           0,         643,       -6.00808967,      -3.906836937,      -4.153749831,       -3.83507245,      -7.695178803
          0,           0,         644,      -6.006839996,      -3.906399332,      -4.153303728,      -3.833754534,      -7.696117224
          0,           0,         645,      -6.005495265,      -3.905959346,      -4.152831162,      -3.832408939,      -7.697083657
          0,           0,         646,      -6.004056495,      -3.905517809,      -4.152333382,      -3.831035964,      -7.697855594
          0,           0,         647,      -6.002524745,      -3.905075586,      -4.151811612,      -3.829636138,      -7.698575367
          0,           0,         648,      -6.000902143,      -3.904633492,      -4.151267067,      -3.828210659,       -7.69926445
          0,           0,         649,      -5.999191178,      -3.904192334,      -4.150700952,      -3.826760888,      -7.699842564
          0,           0,         650,      -5.997395275,      -3.903752724,      -4.150113843,      -3.825288563,      -7.700421033
          0,           0,         651,      -5.995505569,      -3.903315702,      -4.149508384,      -3.823787771,      -7.700997132
          0,           0,         652,      -5.993566654,      -3.902882144,      -4.148885115,      -3.822285256,      -7.701572393
          0,           0,         653,       -5.99154521,      -3.902452463,      -4.148244966,      -3.820758812,      -7.702108129
          0,           0,         654,      -5.989467318,      -3.902027429,      -4.147589196,      -3.819224158,      -7.702580556
          0,           0,         655,      -5.987334555,      -3.901607866,      -4.146919399,      -3.817681882,      -7.702979348
          0,           0,         656,      -5.985155008,      -3.901194373,      -4.146236667,      -3.816135594,      -7.703275459
          0,           0,         657,      -5.982938804,      -3.900787732,      -4.145542345,      -3.814590338,      -7.703503185
          0,           0,         658,      -5.980694742,      -3.900385358,      -4.144834092,      -3.813050388,      -7.703710143
          0,           0,         659,      -5.978375125,      -3.899709885,      -4.144048511,      -3.811473116,      -7.703925542
          0,           0,         660,      -5.974439033,      -3.899594988,      -4.143379041,      -3.808996175,      -7.704151614
          0,           0,         661,      -5.973762364,      -3.899236431,      -4.142667162,      -3.808433708,      -7.704381115
          0,           0,         662,      -5.971316069,      -3.898869857,      -4.141941425,      -3.806864705,       -7.70461464
          0,           0,         663,      -5.969074784,      -3.898531023,       -4.14121133,      -3.805423311,      -7.704859255
          0,           0,         664,      -5.966951444,      -3.898194852,      -4.140476577,      -3.804073685,      -7.705119331
          0,           0,         665,      -5.964746169,      -3.897871181,      -4.139741439,      -3.802694758,      -7.705714997
          0,           0,         666,      -5.962531243,      -3.897561084,      -4.139007189,      -3.801327431,      -7.706396808
          0,           0,         667,      -5.960330656,      -3.897265979,      -4.138276224,      -3.799986976,      -7.707089215
          0,           0,         668,      -5.957834614,      -3.896999528,      -4.137516454,      -3.798485583,      -7.707730967
          0,           0,         669,       -5.95555279,      -3.896747578,      -4.136765789,      -3.797139593,      -7.708424249
          0,           0,         670,      -5.953466987,      -3.896508159,      -4.136037473,      -3.795947369,      -7.709134002
          0,           0,         671,       -5.95145066,      -3.896283213,      -4.135328543,      -3.794794792,      -7.709835498
          0,           0,         672,      -5.949207138,      -3.896083381,        -4.1346238,      -3.793613992,      -7.710514721
          0,           0,         673,      -5.947180267,      -3.895858722,      -4.133919064,      -3.792308305,      -7.711208132
          0,           0,         674,      -5.945190843,      -3.895727966,      -4.133235125,      -3.791083932,      -7.711877659
          0,           0,         675,      -5.943312529,      -3.895559479,      -4.132642882,      -3.790008538,      -7.712563343
          0,           0,         676,      -5.941474112,      -3.895410364,      -4.132065584,      -3.789161771,      -7.713231804
          0,           0,         677,      -5.939912916,      -3.895289625,      -4.131474965,       -3.78842294,      -7.713887719
          0,           0,         678,      -5.938380041,      -3.895198092,      -4.130876971,      -3.787659813,      -7.714533569
          0,           0,         679,      -5.936814416,      -3.895133612,      -4.130287815,      -3.786898461,      -7.715174733
          0,           0,         680,      -5.935210105,      -3.895098632,       -4.12971733,      -3.786173692,      -7.715813071
          0,           0,         681,      -5.933578517,      -3.895093878,      -4.129167393,      -3.785455837,       -7.71645564
          0,           0,         682,      -5.931922565,      -3.895119137,      -4.128638267,      -3.784718493,      -7.717112214
          0,           0,         683,       -5.93025338,      -3.895172728,      -4.128130524,      -3.783963877,      -7.717778233
          0,           0,         684,       -5.92855224,      -3.895255897,      -4.127643857,      -3.783193216,      -7.718440406
          0,           0,         685,      -5.926916555,      -3.895364933,      -4.127180115,      -3.782469377,      -7.719121345
          0,           0,         686,      -5.925347294,      -3.895498444,      -4.126742231,      -3.781789466,       -7.71976916
          0,           0,         687,      -5.923848622,      -3.895656426,      -4.126330444,      -3.781153562,      -7.720347824
          0,           0,         688,      -5.922437928,      -3.895839619,      -4.125943975,      -3.780576161,      -7.720887402
          0,           0,         689,       -5.92113025,      -3.896049071,      -4.125582494,      -3.780077073,      -7.721433308
          0,           0,         690,      -5.919932097,      -3.896285876,      -4.125246535,      -3.779673423,      -7.722002589
          0,           0,         691,      -5.918842139,      -3.896550997,      -4.124937297,      -3.779374731,      -7.722603074
          0,           0,         692,      -5.917854347,      -3.896845139,      -4.124656319,       -3.77918159,      -7.723247973
          0,           0,         693,      -5.916961544,      -3.897168658,       -4.12440506,      -3.779087504,       -7.72392912
          0,           0,         694,      -5.916155246,      -3.897521817,      -4.124185596,      -3.779080351,      -7.724519755
          0,           0,         695,      -5.915438618,      -3.897904434,      -4.123998803,      -3.779152749,      -7.725001235
          0,           0,         696,      -5.914801066,      -3.898316457,       -4.12384596,      -3.779287947,      -7.725367007
          0,           0,         697,       -5.91424181,      -3.898757845,      -4.123727811,      -3.779477216,      -7.725558337
          0,           0,         698,       -5.91375736,      -3.899228698,      -4.123644731,      -3.779712699,      -7.725395477
          0,           0,         699,      -5.913342477,      -3.899729247,      -4.123596784,      -3.779988626,      -7.724323415
          0,           0,         700,      -5.912991456,      -3.900259832,      -4.123583805,      -3.780301941,      -7.722420212
          0,           0,         701,      -5.912697281,      -3.900820809,      -4.123605426,      -3.780651116,      -7.721127552
          0,           0,         702,      -5.912451106,      -3.901412513,      -4.123661426,      -3.781034695,      -7.720482278
          0,           0,         703,       -5.91225034,      -3.902035414,      -4.123751569,      -3.781456207,      -7.720212056
          0,           0,         704,      -5.912087342,      -3.902661971,      -4.123868936,      -3.781913074,      -7.720165224
          0,           0,         705,      -5.911753305,       -3.90337265,      -4.124030134,        -3.7822684,      -7.720251808
          0,           0,         706,      -5.911857081,      -3.904087821,      -4.124219878,      -3.782940892,      -7.720390053
          0,           0,         707,      -5.911754141,      -3.904837134,      -4.124447559,      -3.783487545,      -7.720526792
          0,           0,         708,      -5.911774799,      -3.905614527,       -4.12470544,      -3.784133772,      -7.720637912
          0,           0,         709,      -5.911828912,      -3.906421719,       -4.12499674,      -3.784819674,      -7.720717357
          0,           0,         710,      -5.911921304,      -3.907258286,      -4.125321609,      -3.785546613,      -7.720769039
          0,           0,         711,      -5.912066916,       -3.90812383,      -4.125680116,      -3.786323105,       -7.72080179
          0,           0,         712,      -5.912271764,      -3.909018009,      -4.126072371,      -3.787152085,      -7.720825175
          0,           0,         713,      -5.912539791,      -3.909940546,       -4.12649849,      -3.788035196,      -7.720845863
          0,           0,         714,      -5.912874045,      -3.910891223,      -4.126958585,      -3.788973529,      -7.720867148
          0,           0,         715,      -5.913277032,      -3.911869878,      -4.127452746,      -3.789967808,      -7.720888876
          0,           0,         716,      -5.913750389,      -3.912876386,       -4.12798104,      -3.791018179,      -7.720895668
          0,           0,         717,      -5.914295472,      -3.913910647,      -4.128543509,      -3.792124651,      -7.720869503
          0,           0,         718,      -5.914912475,       -3.91497256,      -4.129140152,      -3.793286455,      -7.720830868
          0,           0,         719,       -5.91560197,      -3.916062016,      -4.129770939,      -3.794503313,      -7.720798599
          0,           0,         720,      -5.916363228,      -3.917178842,      -4.130435786,      -3.795774178,      -7.720776469
          0,           0,         721,      -5.917195226,      -3.918323158,      -4.131134547,      -3.797098124,      -7.720550422
          0,           0,         722,       -5.91809455,      -3.919494233,      -4.131867255,       -3.79847293,      -7.720494914
          0,           0,         723,      -5.919061412,       -3.92069227,      -4.132633464,      -3.799899946,      -7.720479282
          0,           0,         724,      -5.920091727,       -3.92191687,      -4.133433023,      -3.801376269,      -7.720549779
          0,           0,         725,      -5.921183482,      -3.923167673,      -4.134265738,       -3.80290164,      -7.720622937
          0,           0,         726,      -5.922333975,      -3.924444338,      -4.135131384,      -3.804475207,      -7.720681567
          0,           0,         727,      -5.923540396,      -3.925746415,      -4.136029663,      -3.806095824,      -7.720734222
          0,           0,         728,      -5.924802179,       -3.92707348,      -4.136960262,      -3.807764011,      -7.720782723
          0,           0,         729,      -5.926116833,      -3.928425023,      -4.137922906,      -3.809478326,      -7.720828082
          0,           0,         730,      -5.927484003,      -3.929800482,      -4.138917314,      -3.811238584,      -7.720872819
          0,           0,         731,       -5.92890414,      -3.931199241,      -4.139943203,      -3.813044681,      -7.720916574
          0,           0,         732,       -5.93037824,      -3.932620617,      -4.141000286,      -3.814896574,      -7.720959346
          0,           0,         733,      -5.931907774,      -3.934063789,       -4.14208824,      -3.816794313,      -7.721000614
          0,           0,         734,      -5.933494314,      -3.935527196,       -4.14320652,      -3.818737884,      -7.721039839
          0,           0,         735,      -5.935136812,      -3.936987072,       -4.14434678,      -3.820725546,      -7.721076566
          0,           0,         736,       -5.93674108,      -3.938484627,      -4.145512649,       -3.82267939,      -7.721110117
          0,           0,         737,      -5.938475707,      -3.940042775,      -4.146742789,       -3.82474208,      -7.721139317
          0,           0,         738,      -5.940426784,       -3.94158488,      -4.147980234,       -3.82695862,      -7.721163245
          0,           0,         739,      -5.942363147,      -3.943144083,      -4.149246333,      -3.829162672,      -7.721180742
          0,           0,         740,      -5.944342508,      -3.944719596,      -4.150540399,      -3.831396542,      -7.721190942
          0,           0,         741,      -5.946385157,      -3.946310496,       -4.15186178,      -3.833674867,      -7.721193117
          0,           0,         742,       -5.94849119,      -3.947915805,      -4.153209833,      -3.835997389,      -7.721187253
          0,           0,         743,      -5.950658616,      -3.949534512,      -4.154583823,      -3.838362342,      -7.721174158
          0,           0,         744,      -5.952885164,      -3.951165567,      -4.155982937,        -3.8407677,      -7.721154344
          0,           0,         745,      -5.955167862,      -3.952807879,      -4.157406297,      -3.843210801,      -7.721127976
          0,           0,         746,      -5.957503274,      -3.954460315,      -4.158852968,      -3.845688498,      -7.721097336
          0,           0,         747,      -5.959887816,        -3.9561217,      -4.160321956,      -3.848197381,      -7.721066327
          0,           0,         748,      -5.962317798,      -3.957790821,      -4.161812216,      -3.850733804,      -7.721032154
          0,           0,         749,      -5.964790074,      -3.959466434,      -4.163322659,      -3.853294411,      -7.720989227
          0,           0,         750,      -5.967301505,      -3.961147268,      -4.164852152,      -3.855875682,      -7.720933249
          0,           0,         751,      -5.969849254,      -3.962832029,      -4.166399527,      -3.858474218,      -7.720863734
          0,           0,         752,      -5.972430899,      -3.964519409,      -4.167963588,      -3.861086837,      -7.720782979
          0,           0,         753,      -5.975044415,      -3.966208084,       -4.16954311,      -3.863710576,      -7.720693506
          0,           0,         754,       -5.97768813,      -3.967896723,      -4.171136851,      -3.866342704,      -7.720597505
          0,           0,         755,      -5.980360668,      -3.969583995,      -4.172743552,      -3.868980704,      -7.720496858
          0,           0,         756,      -5.983060873,      -3.971268571,      -4.174361935,      -3.871622248,      -7.720392897
          0,           0,         757,      -5.985787723,      -3.972949131,      -4.175990707,      -3.874265168,      -7.720286872
          0,           0,         758,      -5.988540232,       -3.97462437,      -4.177628559,      -3.876907427,      -7.720179274
          0,           0,         759,      -5.991317362,      -3.976293001,      -4.179274161,      -3.879547071,      -7.720070282
          0,           0,         760,      -5.994117938,      -3.977953763,      -4.180926166,      -3.882182187,      -7.719960265
          0,           0,         761,      -5.996940584,      -3.979605423,      -4.182583207,      -3.884810866,      -7.719849854
          0,           0,         762,      -5.999783684,      -3.981246778,      -4.184243898,      -3.887431169,      -7.719739957
          0,           0,         763,      -6.002645357,      -3.982876657,      -4.185906832,      -3.890041094,      -7.719632222
          0,           0,         764,      -6.005523463,      -3.984493926,      -4.187570588,      -3.892638559,      -7.719528711
          0,           0,         765,      -6.008415625,      -3.986097487,      -4.189233731,       -3.89522139,      -7.719429221
          0,           0,         766,      -6.011319249,      -3.987686274,      -4.190894808,      -3.897787301,      -7.719319825
          0,           0,         767,      -6.014231654,      -3.989258109,      -4.192552691,      -3.900324443,      -7.719201252
          0,           0,         768,      -6.017148633,      -3.990813455,      -4.194205393,      -3.902845075,      -7.719067801
          0,           0,         769,      -6.020071083,      -3.992351567,      -4.195851208,      -3.905345155,      -7.718919311
          0,           0,         770,      -6.022991356,      -3.993871319,      -4.197488822,      -3.907817716,      -7.718754264
          0,           0,         771,      -6.025907581,       -3.99537161,      -4.199116983,      -3.910261324,       -7.71857141
          0,           0,         772,      -6.028817927,      -3.996851491,      -4.200734348,      -3.912673695,      -7.718374561
          0,           0,         773,      -6.031718912,      -3.998310235,      -4.202339501,      -3.915050891,      -7.718171566
          0,           0,         774,      -6.034608623,      -3.999746592,      -4.203930748,      -3.917390061,      -7.717970681
          0,           0,         775,       -6.03748135,      -4.001160704,      -4.205506914,       -3.91968809,      -7.717778018
          0,           0,         776,      -6.040336347,      -4.002551729,      -4.207067129,      -3.921942735,      -7.717595388
          0,           0,         777,      -6.043168633,       -4.00391546,      -4.208607121,      -3.924152407,      -7.717421878
          0,           0,         778,      -6.045939579,      -4.005215509,      -4.210090805,      -3.926276186,      -7.717255876
          0,           0,         779,      -6.048330217,      -4.006562317,      -4.211623885,      -3.928144711,      -7.717095327
          0,           0,         780,      -6.051125663,      -4.007865233,      -4.213112428,       -3.93023317,      -7.716938116
          0,           0,         781,      -6.054131089,      -4.009133206,      -4.214567004,      -3.932434133,      -7.716781864
          0,           0,         782,      -6.056795395,        -4.0103097,      -4.215968009,      -3.934337709,      -7.716624383
          0,           0,         783,      -6.059238091,      -4.011584778,      -4.217410512,       -3.93613743,      -7.716464044
          0,           0,         784,      -6.062030652,      -4.012770269,      -4.218795112,      -3.938101363,      -7.716300257
          0,           0,         785,      -6.064614839,      -4.013926786,      -4.220149322,      -3.939899309,      -7.716133435
          0,           0,         786,      -6.067134465,      -4.014907548,       -4.22136317,      -3.941571321,      -7.715964365
          0,           0,         787,      -6.021977095,      -4.013794691,      -4.221167107,      -3.912620937,        -7.7157939
          0,           0,         788,      -6.060998424,      -4.016627285,      -4.223614889,      -3.936275572,      -7.715623191
          0,           0,         789,      -6.064286198,      -4.017860515,      -4.225125106,      -3.938207053,      -7.715458328
          0,           0,         790,      -6.069025583,      -4.019044736,       -4.22641927,      -3.941919489,      -7.715301857
          0,           0,         791,       -6.07474328,       -4.02022608,      -4.227614574,      -3.946474428,      -7.715144491
          0,           0,         792,      -6.079265371,      -4.021127439,      -4.228758841,      -3.949314048,      -7.714972976
          0,           0,         793,      -6.082020379,      -4.022037411,      -4.229864098,      -3.951027623,      -7.714781018
          0,           0,         794,      -6.084302342,      -4.023013139,      -4.230931917,      -3.952592345,      -7.714572013
          0,           0,         795,      -6.086527968,      -4.023883077,      -4.231963909,      -3.953943986,      -7.714353354
          0,           0,         796,       -6.08859538,      -4.024723289,      -4.232957525,      -3.955159555,      -7.714130373
          0,           0,         797,      -6.090518182,      -4.025533201,      -4.233912876,      -3.956267762,        -7.7139059
          0,           0,         798,      -6.092314401,      -4.026309559,      -4.234833409,      -3.957273562,      -7.713680591
          0,           0,         799,      -6.094001895,      -4.027054802,      -4.235713725,      -3.958191621,      -7.713455219
          0,           0,         800,      -6.095553127,      -4.027770032,      -4.236558298,      -3.959016499,      -7.713230508
          0,           0,         801,      -6.097077777,      -4.028456964,      -4.237367294,       -3.95980637,       -7.71300778
          0,           0,         802,      -6.098519953,      -4.029112934,      -4.238136767,      -3.960522705,      -7.712787392
          0,           0,         803,      -6.099857507,      -4.029738205,      -4.238869338,      -3.961175734,      -7.712569664
          0,           0,         804,      -6.101131326,      -4.030335812,      -4.239564776,      -3.961769382,      -7.712355858
          0,           0,         805,      -6.102320682,      -4.030904132,      -4.240222757,      -3.962297877,      -7.712144411
          0,           0,         806,      -6.103426794,      -4.031438821,      -4.240837667,      -3.962758832,      -7.711935452
          0,           0,         807,      -6.104372053,      -4.031955572,      -4.241425974,      -3.963130098,       -7.71172928
          0,           0,         808,      -6.105367838,      -4.032438897,      -4.241976695,      -3.963511273,      -7.711526154
          0,           0,         809,      -6.106214013,      -4.032890039,      -4.242485377,      -3.963798929,      -7.711326772
          0,           0,         810,      -6.106817465,      -4.033329009,      -4.242964637,      -3.963926824,      -7.711131327
          0,           0,         811,      -6.107560128,      -4.033736746,      -4.243408796,      -3.964170489,      -7.710940343
          0,           0,         812,      -6.108107666,      -4.034118666,      -4.243816992,      -3.964283585,      -7.710752867
          0,           0,         813,      -6.108530808,      -4.034476332,      -4.244190518,      -3.964327803,      -7.710569869
          0,           0,         814,       -6.10884833,      -4.034807764,      -4.244527482,      -3.964315126,      -7.710391118
          0,           0,         815,      -6.109031408,      -4.035121782,      -4.244836022,       -3.96423486,      -7.710215573
          0,           0,         816,        -6.1091616,      -4.035408522,      -4.245107871,      -3.964118697,      -7.710041705
          0,           0,         817,      -6.109146699,      -4.035679868,      -4.245353553,      -3.963940698,      -7.709868623
          0,           0,         818,      -6.109104576,      -4.035927735,      -4.245566174,      -3.963745431,      -7.709696577
          0,           0,         819,      -6.108967744,      -4.036155433,      -4.245748642,        -3.9635011,       -7.70952611
          0,           0,         820,      -6.108771938,      -4.036359907,      -4.245900934,      -3.963228066,      -7.709357905
          0,           0,         821,      -6.108508419,      -4.036554123,      -4.246029243,      -3.962922848,      -7.709193081
          0,           0,         822,      -6.108254915,      -4.036726787,      -4.246130493,       -3.96262807,      -7.709031778
          0,           0,         823,      -6.107950386,      -4.036882813,      -4.246207215,      -3.962312385,      -7.708874941
          0,           0,         824,      -6.107636353,      -4.037023629,      -4.246261564,      -3.961994229,      -7.708723753
          0,           0,         825,      -6.107301813,      -4.037149365,       -4.24629418,      -3.961668828,      -7.708578781
          0,           0,         826,      -6.106949186,      -4.037242942,      -4.246291146,      -3.961331361,      -7.708440261
          0,           0,         827,      -6.106345193,        -4.0373547,       -4.24629097,      -3.960866054,      -7.708308284
          0,           0,         828,      -6.106131088,      -4.037448911,      -4.246277625,      -3.960630505,      -7.708182694
          0,           0,         829,      -6.105731665,      -4.037525235,      -4.246238344,      -3.960291483,      -7.708063299
          0,           0,         830,      -6.105263271,      -4.037594355,      -4.246186058,      -3.959925017,      -7.707949731
          0,           0,         831,      -6.104761867,      -4.037620295,      -4.246096861,      -3.959544176,       -7.70784215
          0,           0,         832,      -6.103851651,       -4.03768219,      -4.246016046,      -3.958893942,      -7.707742418
          0,           0,         833,      -6.103379726,      -4.037753948,      -4.245947389,      -3.958598662,      -7.707647134
          0,           0,         834,       -6.10281109,      -4.037758428,      -4.245816606,      -3.958195496,      -7.707498972
          0,           0,         835,      -6.101587406,      -4.037830174,      -4.245738125,      -3.957429917,      -7.707362091
          0,           0,         836,       -6.10096753,      -4.036269719,      -4.244972548,      -3.956051428,      -7.707237714
          0,           0,         837,      -6.094975337,      -4.037857899,      -4.245275149,      -3.953967338,      -7.707119591
          0,           0,         838,        -6.0980017,      -4.037928411,         -4.245301,      -3.955058875,      -7.707005712
          0,           0,         839,      -6.097011839,      -4.037972474,       -4.24521565,       -3.95440387,      -7.706901097
          0,           0,         840,      -6.096532483,      -4.038013253,      -4.245088952,      -3.954257697,      -7.706811661
          0,           0,         841,      -6.095930914,      -4.038053718,      -4.244947489,      -3.954024324,      -7.706843129
          0,           0,         842,      -6.095009718,      -4.038098089,      -4.244806327,      -3.953542473,      -7.706802182
          0,           0,         843,      -6.093989294,      -4.038144196,      -4.244662249,      -3.953011912,      -7.706751105
          0,           0,         844,      -6.092919908,       -4.03818855,      -4.244512391,       -3.95245263,      -7.706708948
          0,           0,         845,      -6.091798419,      -4.038247478,      -4.244375024,       -3.95185615,      -7.706670482
          0,           0,         846,      -6.090783624,      -4.038304264,      -4.244238907,      -3.951376966,       -7.70662562
          0,           0,         847,      -6.089769382,      -4.038371359,      -4.244105597,      -3.950893365,      -7.706570717
          0,           0,         848,      -6.088766972,       -4.03844192,      -4.243977818,      -3.950442562,      -7.706503622
          0,           0,         849,      -6.087774799,      -4.038523902,      -4.243862949,      -3.950015219,      -7.706425707
          0,           0,         850,      -6.086890302,      -4.038613064,      -4.243753887,      -3.949662651,      -7.706338643
          0,           0,         851,      -6.085999563,      -4.038711499,      -4.243654424,      -3.949324388,      -7.706243433
          0,           0,         852,      -6.085139028,      -4.038819505,      -4.243565061,      -3.949017214,      -7.706142355
          0,           0,         853,      -6.084307831,      -4.038940656,      -4.243489717,      -3.948738347,      -7.706038034
          0,           0,         854,      -6.083512383,      -4.039072625,      -4.243426466,      -3.948494198,      -7.705933059
          0,           0,         855,      -6.082727234,        -4.0392171,      -4.243377335,      -3.948266229,      -7.705829328
          0,           0,         856,      -6.081966467,      -4.039375638,      -4.243343487,      -3.948061041,      -7.705728679
          0,           0,         857,      -6.081213294,      -4.039547576,      -4.243324912,      -3.947871173,      -7.705632373
          0,           0,         858,      -6.080464363,      -4.039728822,      -4.243318031,       -3.94769335,      -7.705541126
          0,           0,         859,      -6.079680615,      -4.039931294,      -4.243333957,      -3.947501135,      -7.705455175
          0,           0,         860,      -6.078956299,      -4.040102265,      -4.243338319,      -3.947357214,      -7.705374259
          0,           0,         861,      -6.077768515,      -4.039904226,      -4.243109607,       -3.94691449,      -7.705298187
          0,           0,         862,      -6.074613863,      -4.040333205,      -4.243114881,      -3.945012028,      -7.705226478
          0,           0,         863,      -6.074413128,      -4.040902521,      -4.243568511,      -3.945308664,      -7.705158729
          0,           0,         864,      -6.075162112,       -4.04119851,      -4.243689891,      -3.946227218,      -7.705094475
          0,           0,         865,      -6.075192712,      -4.039929305,      -4.243084008,      -3.946116785,       -7.70503377
          0,           0,         866,      -6.071219362,      -4.041810212,      -4.243809563,      -3.944731632,      -7.704976892
          0,           0,         867,      -6.073299826,      -4.042177911,      -4.244097741,      -3.946083184,      -7.704923917
          0,           0,         868,      -6.072797475,      -4.042550729,      -4.244333312,      -3.946127296,      -7.704874353
          0,           0,         869,      -6.072670116,      -4.042942862,      -4.244563523,      -3.946527516,      -7.704823572
          0,           0,         870,      -6.072532483,      -4.043354026,      -4.244807638,      -3.946907181,      -7.704768933
          0,           0,         871,       -6.07223504,      -4.043786704,      -4.245077531,      -3.947149389,      -7.704712181
          0,           0,         872,      -6.071940389,      -4.044238376,      -4.245369778,      -3.947403225,       -7.70465248
          0,           0,         873,      -6.071663544,      -4.044704077,      -4.245678113,      -3.947672202,      -7.704589046
          0,           0,         874,      -6.071346107,       -4.04520423,      -4.246025681,      -3.947907808,      -7.704520815
          0,           0,         875,      -6.071236765,      -4.045718871,      -4.246397763,      -3.948322595,      -7.704448144
          0,           0,         876,      -6.071135314,       -4.04625486,      -4.246790661,      -3.948735464,      -7.704373165
          0,           0,         877,      -6.071045373,      -4.046805065,      -4.247208345,      -3.949168569,      -7.704298691
          0,           0,         878,      -6.070985382,      -4.047205272,      -4.247562343,       -3.94964225,      -7.704227312
          0,           0,         879,      -6.070013301,       -3.98846875,      -4.211843988,      -3.947938872,      -7.704154525
          0,           0,         880,      -5.496875107,      -3.963665828,      -4.216875704,      -3.457811843,      -7.704094971
          0,           0,         881,      -5.740973284,      -3.998711159,      -4.240165071,      -3.650673424,      -7.704036449
          0,           0,         882,       -5.82701175,      -4.019907317,      -4.245975994,      -3.723018121,      -7.703978368
          0,           0,         883,       -5.89795645,      -4.032923629,      -4.246732491,      -3.798648332,      -7.703920405
          0,           0,         884,      -5.936832118,      -4.040813728,      -4.248001718,      -3.846245792,      -7.703861977
          0,           0,         885,      -5.958507523,      -4.045577978,      -4.249628595,       -3.87054005,      -7.703802252
          0,           0,         886,      -5.977909321,      -4.048669057,      -4.250969755,      -3.887233806,      -7.703740872
          0,           0,         887,      -5.996195347,      -4.050835424,      -4.251879129,      -3.901734111,      -7.703678146
          0,           0,         888,      -6.011447679,      -4.052478309,      -4.252530501,      -3.914406309,      -7.703614816
          0,           0,         889,      -6.022714041,      -4.053827031,      -4.253161681,      -3.924397121,      -7.703551969
          0,           0,         890,      -6.030334705,      -4.055013551,      -4.253911983,      -3.931319928,      -7.703490666
          0,           0,         891,      -6.036067035,       -4.05611428,       -4.25480311,      -3.936131584,      -7.703431417
          0,           0,         892,      -6.041873221,      -4.057115413,      -4.255750919,       -3.94036605,      -7.703374493
          0,           0,         893,      -6.047455893,      -4.058164765,      -4.256774142,      -3.944254535,      -7.703319966
          0,           0,         894,      -6.055573336,      -4.059248395,      -4.257893552,      -3.949722789,      -7.703267151
          0,           0,         895,      -6.061964066,      -4.060298387,      -4.258956184,      -3.954206777,       -7.70321559
          0,           0,         896,      -6.066693949,        -4.0613654,      -4.260006513,      -3.957747893,      -7.703164982
          0,           0,         897,      -6.069808863,      -4.062430893,      -4.261031596,      -3.960394852,      -7.703115716
          0,           0,         898,      -6.072007926,      -4.063518108,      -4.262067954,      -3.962499716,      -7.703068342
          0,           0,         899,      -6.073441235,      -4.064627463,      -4.263117661,      -3.964132751,      -7.703023618
          0,           0,         900,      -6.074150352,      -4.065727216,      -4.264172569,      -3.965245649,      -7.702982445
          0,           0,         901,      -6.074473616,      -4.066843956,      -4.265251461,      -3.965993186,       -7.70294557
          0,           0,         902,      -6.074703774,      -4.067971626,      -4.266351329,      -3.966569358,      -7.702913781
          0,           0,         903,       -6.07501054,      -4.069110656,      -4.267480968,      -3.967103326,       -7.70288755
          0,           0,         904,      -6.075417688,      -4.057512345,      -4.262694364,      -3.964456392,         -7.702865
          0,           0,         905,      -6.073366473,      -4.071449489,      -4.269758368,        -3.9663515,      -7.702843566
          0,           0,         906,      -6.077399433,      -4.072634355,      -4.270972453,       -3.96945163,      -7.702824415
          0,           0,         907,      -6.078974987,      -4.073842389,       -4.27222569,      -3.970838669,      -7.702808666
          0,           0,         908,      -6.081389412,      -4.075061285,      -4.273477938,      -3.972938274,      -7.702796457
          0,           0,         909,      -6.084209421,       -4.07627024,      -4.274712056,      -3.975341746,      -7.702786755
          0,           0,         910,      -6.085498998,      -4.077537578,      -4.276038769,      -3.976442556,      -7.702778018
          0,           0,         911,      -6.089991449,      -4.078797021,      -4.277388216,      -3.980770682,      -7.702768576
          0,           0,         912,      -6.094053406,      -4.080072362,      -4.278739901,      -3.984194637,      -7.702757423
          0,           0,         913,      -6.098222515,      -4.081365638,      -4.280118674,      -3.987773214,      -7.702744507
          0,           0,         914,      -6.102423614,      -4.082623581,      -4.281439876,      -3.990721426,      -7.702730115
          0,           0,         915,      -6.082511665,      -4.083699767,      -4.282816249,      -3.947989953,      -7.702713948
          0,           0,         916,      -6.107471762,      -4.085280304,      -4.284340475,      -3.990416362,      -7.702695474
          0,           0,         917,      -6.111459749,      -4.086645627,       -4.28584221,      -3.997747822,      -7.702674886
          0,           0,         918,      -6.113989018,      -4.088038629,      -4.287340362,      -4.002400531,      -7.702652954
          0,           0,         919,      -6.116238754,      -4.089462987,       -4.28884408,      -4.004502454,      -7.702631224
          0,           0,         920,        -6.1184716,      -4.090841774,      -4.290362691,      -4.006825528,      -7.702611358
          0,           0,         921,      -6.119525651,      -4.092078391,        -4.2918222,      -4.001520538,      -7.702594844
          0,           0,         922,      -6.104098978,      -4.091865272,      -4.293334823,      -3.971650659,      -7.702561469
          0,           0,         923,      -6.119186721,      -4.094759021,      -4.294905559,      -4.004025814,      -7.702549499
          0,           0,         924,      -6.119004593,       -4.09648573,      -4.296470157,      -4.007292972,      -7.702545249
          0,           0,         925,      -6.118745582,      -4.097890682,       -4.29801341,      -4.008876234,      -7.702549307
          0,           0,         926,          -6.11915,      -4.099435233,      -4.299537952,       -4.00674071,      -7.702558658
          0,           0,         927,      -6.120652768,      -4.100838754,      -4.301077057,      -4.008299546,      -7.702570587
          0,           0,         928,      -6.121824506,      -4.102345562,      -4.302618134,      -4.010374777,      -7.702583348
          0,           0,         929,      -6.123121341,      -4.103780443,      -4.304145288,      -4.011050812,      -7.702595321
          0,           0,         930,      -6.124914654,       -4.10523246,      -4.305672961,      -4.012405771,      -7.702605363
          0,           0,         931,      -6.127341832,      -4.106694198,      -4.307199299,      -4.014053979,      -7.702613246
          0,           0,         932,      -6.130626938,      -4.108125853,      -4.308727976,      -4.016393411,      -7.702618987
          0,           0,         933,      -6.134183223,      -4.109564485,      -4.310259281,      -4.019055989,      -7.702622508
          0,           0,         934,      -6.138086368,       -4.11101094,      -4.311794976,      -4.022128965,      -7.702623889
          0,           0,         935,      -6.142416073,      -4.112443911,      -4.313336398,      -4.025536155,      -7.702623406
          0,           0,         936,      -6.146849709,      -4.113879177,      -4.314884216,      -4.029122938,      -7.702621344
          0,           0,         937,      -6.151272018,      -4.115120097,      -4.316330275,      -4.029427209,      -7.702618049
          0,           0,         938,      -6.116742067,      -4.116093344,       -4.31791384,      -3.965183403,      -7.702613505
          0,           0,         939,      -6.156469514,      -4.118049381,      -4.319488435,      -4.029812387,      -7.702608141
          0,           0,         940,      -6.159883644,      -4.119491094,      -4.321117499,      -4.038999009,      -7.702602721
          0,           0,         941,      -6.162952664,      -4.120964855,      -4.322713495,      -4.044598124,      -7.702597705
          0,           0,         942,      -6.166233044,      -4.122481093,      -4.324301872,      -4.046321641,       -7.70259354
          0,           0,         943,      -6.170132397,      -4.123860489,      -4.325895522,      -4.049799293,      -7.702590623
          0,           0,         944,      -6.172253082,      -4.125184158,      -4.327468447,      -4.049876569,      -7.702588756
          0,           0,         945,      -6.172914675,      -4.126743975,      -4.329057327,      -4.052827027,      -7.702587684
          0,           0,         946,       -6.17470657,      -4.114975479,      -4.319980489,      -4.052675602,       -7.70258728
          0,           0,         947,      -6.093235673,      -4.129020467,      -4.330640942,      -3.993360885,      -7.702587058
          0,           0,         948,      -6.171473479,      -4.130830722,      -4.333168215,      -4.050790545,      -7.702586902
          0,           0,         949,      -6.165144781,      -4.132277243,      -4.335115559,      -4.045999068,      -7.702586837
          0,           0,         950,      -6.170825335,      -4.133685002,      -4.336757442,      -4.050013197,      -7.702586797
          0,           0,         951,      -6.178369705,      -4.135051169,       -4.33825851,       -4.05469371,       -7.70258689
          0,           0,         952,      -6.183062951,      -4.135325994,       -4.33898062,      -4.057944472,      -7.702587074
          0,           0,         953,      -6.174708844,      -4.137716074,      -4.341004975,      -4.051850956,      -7.702584913
          0,           0,         954,      -6.187971201,      -4.139052159,      -4.342536427,      -4.060775345,      -7.702587755
          0,           0,         955,      -6.189570418,      -4.140366512,      -4.344047697,      -4.061738404,       -7.70258941
          0,           0,         956,      -6.194447456,      -4.141622591,      -4.345441741,      -4.065018431,      -7.702592008
          0,           0,         957,      -6.199187096,       -4.13764445,      -4.342742093,      -4.067574867,      -7.702595863
          0,           0,         958,       -6.15408613,      -4.143600801,      -4.347268459,      -4.035362545,      -7.702601178
          0,           0,         959,      -6.201515886,      -4.145033616,       -4.34899388,      -4.068527324,      -7.702608231
          0,           0,         960,      -6.197432733,      -4.146282205,      -4.350654662,      -4.058270847,       -7.70261705
          0,           0,         961,      -6.205656011,       -4.14772217,      -4.352130759,      -4.072919069,      -7.702627798
          0,           0,         962,      -6.212764057,       -4.14893987,       -4.35345661,      -4.078148271,      -7.702640768
          0,           0,         963,      -6.217150745,      -4.150013223,      -4.354647627,      -4.081751711,       -7.70265601
          0,           0,         964,      -6.218645899,      -4.124011349,      -4.349931203,      -3.800281694,      -7.702673604
          0,           0,         965,      -6.216432099,      -4.152416297,      -4.357136276,      -4.079073568,      -7.702693199
          0,           0,         966,      -6.223071967,       -4.15362313,      -4.358464207,      -4.085692034,      -7.702714206
          0,           0,         967,      -6.225748661,      -4.154765301,       -4.35969101,      -4.087552092,      -7.702736804
          0,           0,         968,      -6.227904507,      -4.155868428,      -4.360872838,      -4.089198765,      -7.702760785
          0,           0,         969,      -6.229303111,      -4.156947422,      -4.362034037,      -4.090163714,      -7.702785825
          0,           0,         970,      -6.230464301,      -4.157424304,      -4.362821307,      -4.087264202,      -7.702811848
          0,           0,         971,      -6.166740377,      -4.158331406,      -4.362409863,      -4.021604544,      -7.702838897
          0,           0,         972,      -6.220780773,        -4.1598746,      -4.364770086,      -4.079061765,      -7.702866685
          0,           0,         973,      -6.223118536,      -4.152825647,      -4.365942416,       -4.08437848,      -7.702870833
          0,           0,         974,       -6.21829605,      -4.161570423,      -4.367313408,      -4.083144249,      -7.702937706
          0,           0,         975,      -6.231159821,      -4.162378635,      -4.368191884,       -4.09132031,      -7.702975005
          0,           0,         976,      -6.232411823,      -4.163436124,      -4.369121698,      -4.092008076,      -7.702994625
          0,           0,         977,      -6.236358707,      -4.164727196,      -4.370441139,      -4.094352356,      -7.703018677
          0,           0,         978,      -6.241198946,      -4.165626002,      -4.371407439,      -4.097403292,       -7.70304107
          0,           0,         979,      -6.244407344,      -4.166534028,      -4.372349809,      -4.099558659,      -7.703060042
          0,           0,         980,      -6.247265525,      -4.167390395,       -4.37326121,      -4.101380294,      -7.703078129
          0,           0,         981,      -6.249777425,      -4.168132232,      -4.374084489,       -4.10305941,      -7.703098767
          0,           0,         982,      -6.250818403,      -4.168903739,      -4.374965086,      -4.103886541,       -7.70312485
          0,           0,         983,      -6.252060602,      -4.169787666,      -4.375871837,      -4.104828364,      -7.703156246
          0,           0,         984,      -6.255038701,      -4.170435161,      -4.376655043,      -4.106815275,      -7.703194659
          0,           0,         985,      -6.255884929,      -4.171334079,      -4.377451716,      -4.107431113,      -7.703239243
          0,           0,         986,      -6.257469033,      -4.171948282,      -4.378118818,       -4.10710768,      -7.703290133
          0,           0,         987,      -6.258118654,      -4.171826329,      -4.378448991,      -4.108824303,      -7.703347347
          0,           0,         988,      -6.250332195,      -4.173452002,      -4.379668671,      -4.104105502,      -7.703410617
          0,           0,         989,      -6.259943384,      -4.174148423,      -4.380554058,      -4.110232405,      -7.703479498
          0,           0,         990,      -6.261270397,      -4.174852735,      -4.381277022,      -4.111042719,      -7.703553815
          0,           0,         991,      -6.261634832,      -4.175536309,      -4.381985304,      -4.111266403,      -7.703633441
          0,           0,         992,      -6.262088091,      -4.176206187,      -4.382671951,       -4.11150709,      -7.703717645
          0,           0,         993,      -6.262558679,       -4.17685595,      -4.383335498,      -4.111754735,      -7.703805228
          0,           0,         994,      -6.262954076,      -4.177486675,      -4.383982494,      -4.111966947,      -7.703894802
          0,           0,         995,      -6.263289002,      -4.178097734,      -4.384612162,      -4.112169009,      -7.703984322
          0,           0,         996,      -6.263624587,      -4.178692675,      -4.385224689,      -4.112413461,      -7.704070961
          0,           0,         997,      -6.263975778,      -4.179276699,      -4.385824103,      -4.112703087,      -7.704154241
          0,           0,         998,       -6.26433678,      -4.179846965,      -4.386407819,      -4.113029878,      -7.704233533
          0,           0,         999,      -6.264675128,      -4.180404548,      -4.386976485,      -4.113382422,       -7.70430866
          0,           0,        1000,      -6.264993829,      -4.180952748,      -4.387533742,       -4.11375299,      -7.704379328
          0,           0,        1001,      -6.265287649,      -4.181489178,      -4.388077462,      -4.114128889,      -7.704445539
          0,           0,        1002,      -6.265523995,      -4.182014571,      -4.388607927,      -4.114496147,       -7.70450745
          0,           0,        1003,      -6.265702978,       -4.18253235,      -4.389129628,      -4.114845227,      -7.704565324
          0,           0,        1004,      -6.265826075,       -4.18303977,      -4.389639998,      -4.115163886,      -7.704619319
          0,           0,        1005,      -6.265860757,      -4.183538221,      -4.390140229,      -4.115441155,      -7.704669601
          0,           0,        1006,      -6.265824526,      -4.184029357,      -4.390633368,      -4.115670928,      -7.704716362
          0,           0,        1007,      -6.265714521,      -4.184512096,      -4.391118234,      -4.115847881,      -7.704759478
          0,           0,        1008,      -6.265525058,      -4.184984998,       -4.39159299,         -4.115969,      -7.704798975
          0,           0,        1009,      -6.265249996,      -4.185455917,      -4.392067531,      -4.116041645,      -7.704834874
          0,           0,        1010,      -6.264967658,      -4.185916276,       -4.39253357,      -4.116082342,      -7.704866943
          0,           0,        1011,        -6.2645836,      -4.186365713,      -4.392987962,      -4.116082729,      -7.704894974
          0,           0,        1012,      -6.264002588,      -4.186779989,      -4.393392445,      -4.115950867,      -7.704918611
          0,           0,        1013,      -6.263203333,      -4.186633419,      -4.393548573,      -4.115688196,      -7.704937639
          0,           0,        1014,      -6.258120601,      -4.187706743,      -4.394338751,      -4.112701137,      -7.704951961
          0,           0,        1015,      -6.261812094,      -4.187972615,      -4.394615273,      -4.115151159,      -7.704961451
          0,           0,        1016,      -6.259626995,      -4.188516635,      -4.395220669,      -4.114137917,      -7.704966047
          0,           0,        1017,      -6.259774248,      -4.189012942,      -4.395726966,      -4.114583258,      -7.704965955
          0,           0,        1018,      -6.260687819,      -4.189471333,      -4.396187433,      -4.115386369,      -7.704961603
          0,           0,        1019,      -6.260855555,      -4.189957075,      -4.396669202,      -4.115874847,       -7.70495381
          0,           0,        1020,      -6.260954073,      -4.190420625,      -4.397137364,      -4.116236499,      -7.704943068
          0,           0,        1021,      -6.260824448,      -4.190883428,      -4.397605266,      -4.116480814,      -7.704929245
          0,           0,        1022,      -6.260621204,       -4.19134731,      -4.398074621,      -4.116694268,      -7.704912622
          0,           0,        1023,      -6.260345497,      -4.191814638,      -4.398550515,      -4.116885702,      -7.704893554
          0,           0,        1024,       -6.26005316,      -4.192284732,      -4.399029958,      -4.117072377,      -7.704872206
          0,           0,        1025,      -6.259714052,      -4.192750061,      -4.399503991,      -4.117224276,      -7.704848897
          0,           0,        1026,      -6.259240961,      -4.193235356,       -4.40000066,      -4.117335491,      -7.704824149
          0,           0,        1027,      -6.258942011,      -4.193711768,      -4.400497502,      -4.117526132,      -7.704798364
          0,           0,        1028,      -6.258500975,       -4.19419331,      -4.400996126,      -4.117634414,      -7.704771511
          0,           0,        1029,      -6.258021974,      -4.194563814,      -4.401437892,      -4.117697979,      -7.704742557
          0,           0,        1030,      -6.256617485,      -4.190323211,      -4.398148882,       -4.11646755,      -7.704710332
          0,           0,        1031,      -6.213564311,      -4.195273273,      -4.401804409,      -4.087617563,      -7.704673826
          0,           0,        1032,      -6.252193891,      -4.196000342,      -4.402698855,      -4.114782015,      -7.704632714
          0,           0,        1033,      -6.248331354,      -4.196645835,      -4.403548834,      -4.112907618,      -7.704586627
          0,           0,        1034,      -6.250720699,      -4.196895839,      -4.403973733,      -4.114273614,      -7.704535812
          0,           0,        1035,       -6.18991151,      -3.972210432,      -4.404541108,      -4.082723672,      -7.704480568
          0,           0,        1036,      -6.243818234,      -4.135818123,      -4.405218519,      -4.109952456,      -7.704421179
          0,           0,        1037,      -6.240436658,      -4.198572302,      -4.405950247,      -4.110059193,      -7.704358422
          0,           0,        1038,      -6.249112481,      -4.192956914,      -4.406558346,      -4.114836841,      -7.704293458
          0,           0,        1039,      -6.250372654,       -4.19884105,      -4.407200523,      -4.116457746,      -7.704227327
          0,           0,        1040,      -6.252011158,      -4.198187371,      -4.407826574,      -4.117670046,      -7.704160659
          0,           0,        1041,      -6.252391342,      -4.199191709,      -4.408409349,      -4.118357735,      -7.704092784
          0,           0,        1042,      -6.251862128,      -4.121314149,      -4.348183031,      -4.109417427,      -7.704018311
          0,           0,        1043,      -5.497351077,      -4.066545726,       -4.34351487,      -3.464460151,      -7.703949517
          0,           0,        1044,      -5.764881243,      -4.119374694,      -4.391213722,      -3.672262918,      -7.703875726
          0,           0,        1045,      -5.868394383,      -4.152281074,       -4.40386286,      -3.760128799,      -7.703796779
          0,           0,        1046,      -5.956800019,      -4.173173588,      -4.405069584,      -3.860299653,      -7.703713052
          0,           0,        1047,      -6.010675518,      -4.186178809,      -4.406988717,      -3.931904156,      -7.703624524
          0,           0,        1048,      -6.044619633,       -4.19406252,      -4.409619626,      -3.971902501,      -7.703531865
          0,           0,        1049,      -6.076634478,      -4.198917607,      -4.411729205,      -3.999696813,      -7.703435616
          0,           0,        1050,      -6.106991225,      -4.199668756,      -4.410971915,      -4.023373759,      -7.703336292
          0,           0,        1051,      -6.110770522,      -4.203739697,      -4.412853634,      -4.025750495,       -7.70317888
          0,           0,        1052,      -6.105813666,      -4.198673515,      -4.412893792,       -4.01018925,      -7.703085407
          0,           0,        1053,      -6.150619662,      -4.205564651,       -4.41448698,      -4.060458552,      -7.702988656
          0,           0,        1054,      -6.159690618,      -4.207157506,       -4.41572489,      -4.070014367,      -7.702889903
          0,           0,        1055,        -6.1712386,      -4.208751191,      -4.416921463,      -4.078745087,      -7.702791498
          0,           0,        1056,      -6.185240161,       -4.21051919,      -4.418126633,      -4.087589702,      -7.702695635
          0,           0,        1057,      -6.199988878,      -4.211424858,      -4.419313044,      -4.096452973,       -7.70259972
          0,           0,        1058,      -6.212519285,      -4.212503074,      -4.420466473,      -4.103779523,      -7.702495775
          0,           0,        1059,      -6.222285741,      -4.213709875,      -4.421575802,      -4.109465598,      -7.702392702
          0,           0,        1060,      -6.229151127,      -4.214551598,       -4.42265697,       -4.11385558,      -7.702285063
          0,           0,        1061,       -6.23363175,      -4.215033882,      -4.423678827,      -4.117000883,       -7.70217351
          0,           0,        1062,      -6.236537979,      -4.216598062,      -4.424722003,      -4.119615759,      -7.702055297
          0,           0,        1063,       -6.23983511,      -4.217561116,      -4.425756996,      -4.122533446,      -7.701932154
          0,           0,        1064,      -6.242763082,      -4.218537503,      -4.426808015,       -4.12520845,      -7.701804919
          0,           0,        1065,      -6.245262184,      -4.219559323,      -4.427882584,      -4.127627538,      -7.701676365
          0,           0,        1066,      -6.248958375,      -4.220555814,      -4.429009665,      -4.130397362,      -7.701547757
          0,           0,        1067,      -6.252104625,      -4.221352969,      -4.429921955,      -4.132878387,      -7.701421213
          0,           0,        1068,      -6.135108335,      -4.221566235,      -4.423810084,       -4.05030321,      -7.701299071
          0,           0,        1069,      -6.223459755,      -4.223475685,      -4.430567024,      -4.109785997,      -7.701183786
          0,           0,        1070,      -6.229675162,      -4.224629437,      -4.432965209,       -4.11406167,      -7.701077669
          0,           0,        1071,      -6.238902519,      -4.225806675,      -4.434630419,      -4.122542989,      -7.700978276
          0,           0,        1072,      -6.250082621,      -4.227032679,      -4.436012391,      -4.132855216,      -7.700879419
          0,           0,        1073,      -6.257256898,      -4.228114183,      -4.437243418,      -4.137662395,      -7.700782226
          0,           0,        1074,      -6.258728379,      -4.229313975,      -4.438483937,      -4.139136883,      -7.700685564
          0,           0,        1075,      -6.259320074,      -4.230430291,      -4.439695612,      -4.139512477,      -7.700587822
          0,           0,        1076,      -6.259262142,      -4.231640125,      -4.440925609,      -4.139519216,      -7.700488883
          0,           0,        1077,      -6.258955842,      -4.232803025,      -4.442132344,      -4.139250368,      -7.700390439
          0,           0,        1078,      -6.258563741,      -4.233989196,      -4.443345777,      -4.138952895,      -7.700294701
          0,           0,        1079,       -6.25841421,      -4.235162934,       -4.44453965,      -4.138897757,      -7.700203112
          0,           0,        1080,      -6.258642019,      -4.236381732,      -4.445782478,      -4.139070723,      -7.700116066
          0,           0,        1081,      -6.259693185,      -4.237588477,      -4.447016337,       -4.13994056,      -7.700033152
          0,           0,        1082,      -6.261400982,        -4.2388048,      -4.448255487,      -4.141309034,      -7.699953901
          0,           0,        1083,      -6.263816558,      -4.240028778,      -4.449520314,      -4.143261481,       -7.69987778
          0,           0,        1084,      -6.267252009,      -4.241263103,      -4.450799482,      -4.145963376,      -7.699804549
          0,           0,        1085,      -6.271327049,      -4.242512576,      -4.452101742,      -4.149240651,      -7.699734507
          0,           0,        1086,      -6.276023634,      -4.243771194,      -4.453425578,      -4.153014531,      -7.699668541
          0,           0,        1087,      -6.281124371,      -4.245043692,      -4.454772022,      -4.157131609,      -7.699607324
          0,           0,        1088,      -6.286373423,       -4.24630257,      -4.456089344,      -4.161300385,       -7.69955117
          0,           0,        1089,      -6.290667584,      -4.247616808,      -4.457494742,      -4.165078115,       -7.69949967
          0,           0,        1090,      -6.295980393,       -4.24894845,      -4.458945963,      -4.169445127,      -7.699451859
          0,           0,        1091,      -6.300096714,      -4.250278625,      -4.460380589,        -4.1729736,      -7.699407043
          0,           0,        1092,      -6.303285801,      -4.251628188,      -4.461836621,      -4.175860481,       -7.69936506
          0,           0,        1093,      -6.305585103,      -4.251862767,      -4.462037095,      -4.174586211,      -7.699327096
          0,           0,        1094,      -6.280947149,      -4.254261119,      -4.463596193,      -4.164381098,      -7.699296544
          0,           0,        1095,      -6.301839872,      -4.255729178,      -4.465923166,      -4.174803915,      -7.699279345
          0,           0,        1096,      -6.301774109,      -4.257149287,      -4.467658617,      -4.174887488,      -7.699281635
          0,           0,        1097,      -6.303281192,      -4.258572218,      -4.469218861,      -4.176901663,      -7.699287479
          0,           0,        1098,      -6.304260472,      -4.259997846,      -4.470718888,      -4.178238487,      -7.699239668
          0,           0,        1099,      -6.304213576,      -4.261433793,      -4.472213733,      -4.178246354,        -7.6991559
          0,           0,        1100,      -6.304063009,      -4.262871925,      -4.473688797,      -4.178100258,      -7.699051848
          0,           0,        1101,      -6.304185724,      -4.264304387,       -4.47513468,      -4.178000586,      -7.698932506
          0,           0,        1102,      -6.304794964,      -4.265757717,      -4.476592218,       -4.17810719,      -7.698796048
          0,           0,        1103,      -6.306170569,      -4.267188766,      -4.478014609,      -4.178952233,      -7.698634842
          0,           0,        1104,      -6.308067224,      -4.268646623,      -4.479429775,      -4.180048837,      -7.698441493
          0,           0,        1105,      -6.310816683,      -4.270097041,      -4.480865632,       -4.18197561,      -7.698213334
          0,           0,        1106,      -6.314340233,       -4.27154435,      -4.482271357,      -4.184423368,      -7.697954623
          0,           0,        1107,      -6.318205673,      -4.272991873,      -4.483675658,      -4.187236408,      -7.697673074
          0,           0,        1108,      -6.322518312,      -4.274415158,      -4.485073751,      -4.190460573,      -7.697377156
          0,           0,        1109,      -6.326970353,      -4.275879063,      -4.486473221,      -4.193870856,      -7.697074854
          0,           0,        1110,      -6.331580336,      -4.277331294,      -4.487878915,      -4.197524257,      -7.696773159
          0,           0,        1111,      -6.335915311,      -4.278747828,      -4.489263979,      -4.201074863,      -7.696478213
          0,           0,        1112,       -6.33973076,      -4.279608331,      -4.490284522,      -4.204338778,      -7.696194967
          0,           0,        1113,      -6.338715766,      -4.280912964,      -4.491231267,      -4.204118681,      -7.695926908
          0,           0,        1114,      -6.339949427,      -4.283164422,      -4.493547619,      -4.205867915,      -7.695676329
          0,           0,        1115,       -6.34772604,      -4.284628954,      -4.494981173,      -4.211813952,      -7.695444274
          0,           0,        1116,      -6.350701326,      -4.286095089,      -4.496419097,      -4.214467844,      -7.695230198
          0,           0,        1117,      -6.352226042,      -4.287558239,      -4.497852764,      -4.216058895,      -7.695032699
          0,           0,        1118,      -6.353288827,      -4.289004925,       -4.49927661,      -4.217238657,      -7.694849666
          0,           0,        1119,      -6.353972763,      -4.290489877,      -4.500714337,      -4.218055183,      -7.694678532
          0,           0,        1120,      -6.354579967,      -4.291958651,      -4.502131809,      -4.218712554,      -7.694516833
          0,           0,        1121,      -6.355170528,      -4.293422252,      -4.503546466,      -4.219258646,      -7.694362383
          0,           0,        1122,      -6.355962179,      -4.294876264,      -4.504945459,      -4.219858279,      -7.694213223
          0,           0,        1123,      -6.356974649,      -4.296325151,      -4.506333692,      -4.220554264,      -7.694067886
          0,           0,        1124,      -6.358387779,       -4.29776215,      -4.507705286,      -4.221470849,      -7.693925691
          0,           0,        1125,        -6.3601311,      -4.299169643,       -4.50903886,      -4.222591233,      -7.693786269
          0,           0,        1126,      -6.362034974,      -4.300548766,      -4.510303822,      -4.223822701,      -7.693649889
          0,           0,        1127,      -6.362102357,      -4.301608903,       -4.51160561,      -4.224380807,      -7.693517002
          0,           0,        1128,      -6.367506025,      -4.303333694,      -4.513026877,      -4.227363531,      -7.693387946
          0,           0,        1129,      -6.370868209,      -4.304708606,      -4.514336214,      -4.229688781,      -7.693262962
          0,           0,        1130,      -6.374412435,      -4.306107041,      -4.515631406,       -4.23226762,      -7.693141968
          0,           0,        1131,      -6.377958283,      -4.306228254,      -4.516520406,      -4.234519732,      -7.693024791
          0,           0,        1132,      -6.354048919,      -4.268894533,       -4.49705511,      -4.208183221,      -7.692911109
          0,           0,        1133,      -6.114105051,      -4.289543778,      -4.503306772,      -4.019842184,      -7.692800453
          0,           0,        1134,      -6.293270292,      -4.300511581,      -4.513115032,      -4.175235709,      -7.692692833
          0,           0,        1135,      -6.281083258,      -4.307059969,      -4.519251418,      -4.175206035,      -7.692587663
          0,           0,        1136,       -6.31603084,      -4.311428311,      -4.522074198,      -4.201409866,      -7.692484756
          0,           0,        1137,      -6.350085534,      -4.313454894,       -4.52380038,      -4.222841239,      -7.692384091
          0,           0,        1138,       -6.36947464,      -4.315469592,      -4.525240183,      -4.233986228,      -7.692285609
          0,           0,        1139,      -6.381882463,      -4.317430107,      -4.526537265,      -4.241414982,      -7.692189423
          0,           0,        1140,       -6.39036382,      -4.318896126,      -4.527741809,      -4.246837441,      -7.692095656
          0,           0,        1141,      -6.395677484,      -4.320358323,      -4.528908233,      -4.250431161,      -7.692004187
          0,           0,        1142,      -6.398908436,      -4.321751633,      -4.530022785,      -4.252673976,      -7.691915026
          0,           0,        1143,      -6.400845376,      -4.323024161,      -4.531155634,      -4.254100713,      -7.691828087
          0,           0,        1144,       -6.40287275,       -4.32440953,      -4.532280182,      -4.255498589,      -7.691743136
          0,           0,        1145,       -6.40451546,       -4.32560518,      -4.533362428,      -4.256663326,      -7.691660045
          0,           0,        1146,      -6.406012022,      -4.326827034,      -4.534435746,      -4.257744462,      -7.691578569
          0,           0,        1147,      -6.407469514,      -4.328087794,      -4.535496208,      -4.258857444,      -7.691498562
          0,           0,        1148,       -6.40899282,      -4.329260401,      -4.536530829,      -4.260029032,      -7.691420037
          0,           0,        1149,      -6.410448522,      -4.330426011,      -4.537547125,      -4.261192395,      -7.691342885
          0,           0,        1150,      -6.411905031,      -4.331435184,      -4.538466479,      -4.262378814,      -7.691267075
          0,           0,        1151,      -6.412084086,       -4.33261568,      -4.539467153,      -4.262855089,      -7.691191501
          0,           0,        1152,      -6.414626836,      -4.333806533,      -4.540482752,      -4.264791639,      -7.691115617
          0,           0,        1153,      -6.416252232,      -4.334875453,      -4.541427481,      -4.266172439,      -7.691040522
          0,           0,        1154,      -6.417738629,      -4.335951589,      -4.542363264,      -4.267504882,      -7.690966226
          0,           0,        1155,       -6.41927498,      -4.336610482,      -4.543094204,      -4.268908338,      -7.690892837
          0,           0,        1156,      -6.415648202,      -4.337687448,      -4.543926379,       -4.26761298,      -7.690820461
          0,           0,        1157,      -6.421226504,      -4.339007334,      -4.545025993,      -4.270865381,      -7.690749049
          0,           0,        1158,      -6.422746457,      -4.339996069,      -4.545919582,      -4.272223662,      -7.690678658
          0,           0,        1159,       -6.42409898,      -4.341000311,      -4.546795202,       -4.27355359,      -7.690609067
          0,           0,        1160,       -6.42551788,      -4.341927295,      -4.547597766,      -4.275014591,       -7.69054015
          0,           0,        1161,      -6.426302712,      -4.260528859,      -4.487427555,      -4.266260999,      -7.690471685
          0,           0,        1162,      -6.164842405,      -4.341243214,      -4.542576163,      -4.083422703,      -7.690403342
          0,           0,        1163,        -6.3945491,      -4.343983778,      -4.547459475,      -4.254255897,      -7.690334883
          0,           0,        1164,      -6.368962639,      -4.345328931,       -4.55029741,      -4.237560743,      -7.690265991
          0,           0,        1165,      -6.393143298,      -4.346428542,      -4.551585676,      -4.255428712,      -7.690196509
          0,           0,        1166,      -6.415741329,        -4.3474039,      -4.552487094,      -4.271355092,      -7.690126412
          0,           0,        1167,      -6.425008091,      -4.348353487,      -4.553327347,      -4.277865195,      -7.690055586
          0,           0,        1168,      -6.429002479,      -4.349284992,      -4.554136489,      -4.280715898,      -7.689983945
          0,           0,        1169,      -6.431447664,      -4.350172141,      -4.554925382,      -4.282523221,      -7.689911343
          0,           0,        1170,      -6.432986361,      -4.351040969,      -4.555699595,      -4.283766306,      -7.689837637
          0,           0,        1171,      -6.433827848,      -4.351890654,      -4.556456971,       -4.28459477,       -7.68976289
          0,           0,        1172,      -6.434196357,      -4.352721766,      -4.557214206,      -4.285130926,      -7.689687242
          0,           0,        1173,      -6.434420708,      -4.353534246,        -4.5579555,      -4.285550955,      -7.689610806
          0,           0,        1174,      -6.434383764,      -4.354344803,      -4.558689977,      -4.285830463,      -7.689533773
          0,           0,        1175,      -6.434302858,      -4.355132578,      -4.559411266,      -4.286078873,      -7.689456539
          0,           0,        1176,      -6.434120933,      -4.355909215,      -4.560121487,      -4.286276096,       -7.68937929
          0,           0,        1177,      -6.433905348,      -4.356630438,      -4.560772191,      -4.286453136,      -7.689302242
          0,           0,        1178,      -6.432961449,      -4.357413887,      -4.561485943,      -4.286263725,      -7.689225478
          0,           0,        1179,      -6.433405514,      -4.358173234,      -4.562199222,      -4.286875944,      -7.689148775
          0,           0,        1180,      -6.433395361,      -4.358900381,      -4.562874026,      -4.287244008,       -7.68907193
          0,           0,        1181,      -6.433338842,      -4.359624792,      -4.563551337,      -4.287617139,      -7.688994553
          0,           0,        1182,      -6.433429395,      -4.360339103,      -4.564216637,      -4.288130895,      -7.688916596
          0,           0,        1183,      -6.433607511,      -4.361046744,      -4.564890666,      -4.288695979,      -7.688838309
          0,           0,        1184,      -6.433896316,      -4.361738582,      -4.565555635,      -4.289338442,      -7.688759921
          0,           0,        1185,      -6.434123621,      -4.362445935,      -4.566234426,      -4.289999111,      -7.688681564
          0,           0,        1186,       -6.43456088,      -4.363133644,      -4.566908946,      -4.290786875,      -7.688603237
          0,           0,        1187,      -6.434945276,      -4.363801754,      -4.567585422,      -4.291549276,      -7.688524508
          0,           0,        1188,       -6.43531029,      -4.364481082,      -4.568259733,       -4.29231197,      -7.688445382
          0,           0,        1189,      -6.435590335,      -4.365180741,      -4.568950994,      -4.293026051,      -7.688365339
          0,           0,        1190,      -6.435930704,       -4.36585754,      -4.569641964,      -4.293748779,       -7.68828334
          0,           0,        1191,      -6.436102904,      -4.366536621,      -4.570340492,      -4.294358412,      -7.688201212
          0,           0,        1192,      -6.436225803,      -4.367211875,      -4.571044062,      -4.294899341,      -7.688118751
          0,           0,        1193,      -6.436215303,      -4.367885527,      -4.571752015,      -4.295324324,      -7.688035706
          0,           0,        1194,       -6.43608508,      -4.368306173,       -4.57213504,      -4.295493737,      -7.687952118
          0,           0,        1195,       -6.41422165,      -4.368096215,      -4.572124908,       -4.28339333,      -7.687867986
          0,           0,        1196,      -6.430609585,      -4.369641541,      -4.573665679,      -4.292454706,      -7.687783154
          0,           0,        1197,      -6.431047543,      -4.370125639,       -4.57441115,      -4.292948225,      -7.687697702
          0,           0,        1198,      -6.430176093,      -4.367007042,      -4.572364097,      -4.291841695,      -7.687611597
          0,           0,        1199,      -6.411031904,       -4.37040466,      -4.574688694,      -4.280284868,      -7.687525012
          0,           0,        1200,      -6.427302124,      -4.372499232,      -4.576811854,      -4.291669871,      -7.687438217
          0,           0,        1201,      -6.432989175,      -4.373111153,       -4.57756492,      -4.295728689,      -7.687351324
          0,           0,        1202,      -6.432822448,      -4.373872657,      -4.578276843,      -4.296001004,      -7.687264251
          0,           0,        1203,      -6.432095595,      -4.374604223,      -4.579094775,      -4.295931964,      -7.687176809
          0,           0,        1204,      -6.432207115,      -4.375318892,       -4.57987938,      -4.296392033,       -7.68708847
          0,           0,        1205,      -6.432632947,      -4.376039709,      -4.580656123,      -4.297056479,      -7.686999068
          0,           0,        1206,      -6.432920958,       -4.37674632,      -4.581443251,      -4.297661511,      -7.686908652
          0,           0,        1207,      -6.433243083,      -4.377460715,      -4.582236191,      -4.298298491,      -7.686817261
          0,           0,        1208,      -6.433564427,      -4.378172042,      -4.583021516,       -4.29896098,      -7.686725063
          0,           0,        1209,      -6.433755371,      -4.378895743,        -4.5838417,      -4.299573111,      -7.686632245
          0,           0,        1210,      -6.434230906,      -4.379452705,       -4.58453098,      -4.300217907,      -7.686538903
          0,           0,        1211,      -6.433781664,        -4.3802089,      -4.585413004,      -4.300574634,      -7.686445219
          0,           0,        1212,       -6.43384803,      -4.365445229,      -4.575393774,      -4.300158263,      -7.686351459
          0,           0,        1213,      -6.354657466,      -4.380349895,      -4.584206006,      -4.245207736,      -7.686257715
          0,           0,        1214,       -6.42104248,      -4.382266622,      -4.587292876,      -4.292166637,      -7.686164228
          0,           0,        1215,      -6.415056886,      -4.383263305,      -4.588818886,      -4.288817285,      -7.686071214
          0,           0,        1216,      -6.426313814,      -4.384134259,      -4.589868723,      -4.297371297,      -7.685978776
          0,           0,        1217,      -6.432631108,      -4.384973866,      -4.590816113,      -4.302217603,      -7.685887116
          0,           0,        1218,      -6.434824992,      -4.385814133,      -4.591773161,      -4.304054057,      -7.685796279
          0,           0,        1219,      -6.435944683,      -4.386656938,      -4.592732429,       -4.30512159,      -7.685706386
          0,           0,        1220,       -6.43677557,      -4.387504833,        -4.5937074,      -4.305957695,      -7.685617655
          0,           0,        1221,      -6.437345896,      -4.388361123,      -4.594693537,      -4.306625367,      -7.685530164
          0,           0,        1222,      -6.437760126,      -4.389229347,      -4.595693879,      -4.307208291,      -7.685443357
          0,           0,        1223,      -6.438196959,      -4.390103962,      -4.596706928,      -4.307798557,      -7.685354865
          0,           0,        1224,       -6.43864431,      -4.390990521,       -4.59773191,      -4.308401433,      -7.685264471
          0,           0,        1225,      -6.439128876,      -4.391657259,      -4.598424559,      -4.308876486,      -7.685171846
          0,           0,        1226,      -6.421417747,      -4.392047569,      -4.598858849,       -4.29894468,      -7.685075841
          0,           0,        1227,      -6.436172898,      -4.393579068,      -4.600680466,      -4.307339498,      -7.684975599
          0,           0,        1228,      -6.437672785,      -4.394531928,       -4.60186831,      -4.308580876,      -7.684876498
          0,           0,        1229,      -6.439184828,      -4.395532937,      -4.603016176,      -4.310142175,      -7.684782211
          0,           0,        1230,      -6.441092302,      -4.396554186,      -4.604137439,      -4.312112177,      -7.684692862
          0,           0,        1231,      -6.442818985,      -4.396588488,      -4.605243128,      -4.313265164,      -7.684607169
          0,           0,        1232,      -6.443463594,       -4.39778756,      -4.606265163,      -4.314029831,        -7.6845278
          0,           0,        1233,      -6.443670279,      -4.399555202,      -4.607536592,      -4.314965941,      -7.684454011
          0,           0,        1234,      -6.445444804,       -4.40056165,      -4.608709686,      -4.316501306,      -7.684383475
          0,           0,        1235,      -6.446451704,      -4.401611016,      -4.609888022,       -4.31754652,      -7.684314719
          0,           0,        1236,      -6.447431805,      -4.402648925,      -4.611056432,      -4.318562349,      -7.684246994
          0,           0,        1237,      -6.448127073,      -4.403399874,      -4.612118023,      -4.319439096,      -7.684180228
          0,           0,        1238,      -6.447408699,      -4.402414674,      -4.611692297,      -4.318576757,      -7.684110839
          0,           0,        1239,      -6.438420889,      -4.368566748,       -4.58824286,      -4.308250426,      -7.684041172
          0,           0,        1240,      -6.197915128,      -4.374384925,      -4.590443286,      -4.104503247,      -7.683972259
          0,           0,        1241,      -6.366949564,      -4.399884117,      -4.610552518,      -4.262061147,      -7.683902373
          0,           0,        1242,      -6.354390237,      -4.406300647,      -4.616836834,      -4.258844697,      -7.683831508
          0,           0,        1243,      -6.396879073,      -4.408870822,      -4.619173629,      -4.290140049,      -7.683759655
          0,           0,        1244,      -6.425864938,       -4.40885012,      -4.618502616,      -4.307401506,      -7.683686824
          0,           0,        1245,      -6.373246863,      -4.411864883,      -4.619001364,      -4.274050694,      -7.683613459
          0,           0,        1246,      -6.431853748,       -4.41356482,      -4.622763263,      -4.307282578,      -7.683539954
          0,           0,        1247,      -6.438108031,      -4.414976508,      -4.624805681,       -4.31161308,      -7.683466843
          0,           0,        1248,      -6.447168456,      -4.416330639,      -4.626362051,       -4.32017034,      -7.683393997
          0,           0,        1249,      -6.454754409,      -4.417662738,      -4.627776203,      -4.327341059,      -7.683321262
          0,           0,        1250,      -6.459214236,      -4.418971987,      -4.629200923,      -4.330960074,      -7.683248642
          0,           0,        1251,      -6.462443054,      -4.420283954,      -4.630614953,      -4.333722653,      -7.683176151
          0,           0,        1252,      -6.464995738,      -4.421598747,      -4.632000669,      -4.335783807,      -7.683103969
          0,           0,        1253,      -6.467102408,      -4.422926263,      -4.633448143,      -4.337269803,      -7.683032263
          0,           0,        1254,      -6.469376143,      -4.424261208,      -4.634890566,      -4.339390041,      -7.682961041
          0,           0,        1255,      -6.471464012,      -4.425609797,      -4.636327654,      -4.341065226,      -7.682890376
          0,           0,        1256,      -6.473288326,      -4.426962523,      -4.637755433,      -4.342760516,      -7.682820233
          0,           0,        1257,      -6.474752841,      -4.428342293,      -4.639250869,      -4.344117242,      -7.682750673
          0,           0,        1258,      -6.477064064,      -4.429726648,      -4.640722981,      -4.345925323,      -7.682681959
          0,           0,        1259,      -6.478890434,      -4.431122743,      -4.642201154,      -4.347476871,      -7.682614122
          0,           0,        1260,      -6.480669932,      -4.432529794,      -4.643683935,      -4.348999584,      -7.682547433
          0,           0,        1261,      -6.482432861,       -4.43395065,      -4.645182634,      -4.350481034,       -7.68248218
          0,           0,        1262,      -6.484197498,      -4.435381568,      -4.646685813,      -4.351991418,      -7.682418491
          0,           0,        1263,      -6.485912841,      -4.436818645,      -4.648183621,       -4.35345039,      -7.682356541
          0,           0,        1264,      -6.487553937,       -4.43827397,      -4.649710362,      -4.354826018,       -7.68229646
          0,           0,        1265,      -6.489352427,      -4.439731253,       -4.65122734,      -4.356342132,      -7.682238208
          0,           0,        1266,      -6.490957845,      -4.441199499,      -4.652766477,      -4.357719825,      -7.682181728
          0,           0,        1267,      -6.492866561,      -4.442658213,      -4.654294978,      -4.359272173,      -7.682127013
          0,           0,        1268,      -6.494580785,      -4.443918763,      -4.655733961,      -4.360734674,      -7.682073735
          0,           0,        1269,      -6.495403818,      -4.282535115,      -4.525735453,      -4.337457525,      -7.682020914
          0,           0,        1270,      -6.126084532,      -4.439379461,      -4.643705483,      -4.063035629,       -7.68197109
          0,           0,        1271,      -6.420248561,      -4.429054584,      -4.652252797,       -4.30426141,      -7.681921386
          0,           0,        1272,      -6.385972783,       -4.44510637,      -4.660229477,      -4.280329294,      -7.681871768
          0,           0,        1273,      -6.433828049,      -4.441949407,      -4.662630087,      -4.318340925,      -7.681823857
          0,           0,        1274,      -6.472786158,      -4.451587538,      -4.664935445,      -4.347696122,       -7.68177485
          0,           0,        1275,       -6.49209342,      -4.248618077,      -4.371986109,      -4.251127387,      -7.681727755
          0,           0,        1276,      -6.476614077,      -4.454716013,      -4.667343409,      -4.352526567,      -7.681680139
          0,           0,        1277,      -6.491743112,      -4.457313103,      -4.668693135,      -4.363531085,      -7.681633086
          0,           0,        1278,      -6.504064945,      -4.458208788,      -4.670891784,      -4.369995691,      -7.681586379
          0,           0,        1279,      -6.509769569,      -4.460674062,      -4.672868024,      -4.374014366,      -7.681540826
          0,           0,        1280,      -6.517116372,      -4.462340031,      -4.674536245,      -4.379706041,      -7.681496372
          0,           0,        1281,      -6.522848145,      -4.463925258,      -4.676115279,      -4.384129318,      -7.681453875
          0,           0,        1282,      -6.526348348,      -4.465317713,      -4.677681141,      -4.386837601,      -7.681413155
          0,           0,        1283,      -6.528911832,       -4.46706861,      -4.679274509,       -4.38890843,      -7.681374479
          0,           0,        1284,       -6.53168603,      -4.468700478,      -4.680786111,      -4.391068778,      -7.681337398
          0,           0,        1285,      -6.532675543,       -4.47025776,      -4.682375635,       -4.39192655,      -7.681302098
          0,           0,        1286,       -6.53596501,      -4.471575337,      -4.683948001,      -4.394476669,      -7.681268046
          0,           0,        1287,      -6.538295369,      -4.473325114,      -4.685501944,      -4.396231153,      -7.681235572
          0,           0,        1288,      -6.540492001,       -4.47510813,       -4.68711316,      -4.397940111,      -7.681204336
          0,           0,        1289,      -6.542690478,      -4.476554454,      -4.688634105,      -4.399631219,      -7.681174851
          0,           0,        1290,      -6.544542838,      -4.478026102,      -4.690155718,      -4.401068751,      -7.681146802
          0,           0,        1291,      -6.546592591,      -4.479637742,      -4.691694578,      -4.402665257,      -7.681120473
          0,           0,        1292,      -6.548507335,      -4.481350576,      -4.693255699,      -4.404202778,      -7.681095497
          0,           0,        1293,       -6.55075733,      -4.482797029,      -4.694753746,      -4.405924429,      -7.681072188
          0,           0,        1294,      -6.552729438,      -4.484089766,       -4.69620362,      -4.407501399,        -7.6810499
          0,           0,        1295,      -6.554560195,       -4.48488319,      -4.695148161,       -4.40858736,      -7.681028801
          0,           0,        1296,       -6.35866772,      -4.486329242,      -4.686904061,      -4.273968872,      -7.681008634
          0,           0,        1297,      -6.490835353,      -4.487932009,      -4.696458793,      -4.349507191,      -7.680989819
          0,           0,        1298,      -6.502680971,      -4.481749705,      -4.691281896,      -4.358788834,      -7.680971803
          0,           0,        1299,      -6.422283235,      -4.490648449,       -4.70166513,      -4.311480782,      -7.680954357
          0,           0,        1300,      -6.529526385,      -4.493320074,      -4.704387684,      -4.393137702,       -7.68093681
          0,           0,        1301,      -6.545245684,       -4.49481035,      -4.706050005,      -4.404366222,      -7.680919432
          0,           0,        1302,      -6.550429952,      -4.496289548,      -4.707731585,      -4.409230714,      -7.680901978
          0,           0,        1303,      -6.559538657,      -4.497765068,      -4.709206152,        -4.4157541,      -7.680885116
          0,           0,        1304,      -6.569301654,      -4.499385881,      -4.710697311,      -4.421817579,      -7.680868955
          0,           0,        1305,      -6.575738585,      -4.500703227,      -4.711940125,      -4.426602123,      -7.680854112
          0,           0,        1306,      -6.577444971,      -4.501971496,      -4.713422392,      -4.428864798,      -7.680840402
          0,           0,        1307,      -6.582643275,      -4.503417875,      -4.714795873,      -4.432114684,      -7.680828252
          0,           0,        1308,      -6.584673867,      -4.504770278,      -4.716060896,      -4.433777855,      -7.680817022
          0,           0,        1309,      -6.584577281,      -4.501305597,      -4.714136089,      -4.434189885,      -7.680806917
          0,           0,        1310,      -6.550642459,      -4.504809612,      -4.714891884,      -4.411954337,      -7.680797329
          0,           0,        1311,      -6.562269027,       -4.50891892,      -4.720090809,      -4.420039563,      -7.680788317
          0,           0,        1312,      -6.579169724,      -4.510491371,       -4.72157028,      -4.431636112,      -7.680779442
          0,           0,        1313,      -6.589979388,      -4.511752206,      -4.722904466,      -4.438844787,      -7.680771019
          0,           0,        1314,      -6.594059672,      -4.512768996,      -4.724104904,      -4.441860994,      -7.680762545
          0,           0,        1315,       -6.59551154,      -4.514051032,      -4.725361639,      -4.443104102,      -7.680754536
          0,           0,        1316,      -6.597143855,      -4.515906753,      -4.726806511,      -4.444272695,      -7.680746715
          0,           0,        1317,      -6.600194868,      -4.517066915,       -4.72804497,      -4.446394358,       -7.68073924
          0,           0,        1318,      -6.602055418,      -4.518233308,      -4.729221608,      -4.447850919,      -7.680731659
          0,           0,        1319,      -6.603730579,      -4.519138865,      -4.730271826,      -4.449244035,      -7.680724318
          0,           0,        1320,      -6.603089844,      -4.409654883,      -4.650024552,      -4.425647483,      -7.680716778
          0,           0,        1321,      -6.292441289,      -4.518793223,      -4.724893116,       -4.21639537,      -7.680709362
          0,           0,        1322,      -6.566169378,      -4.521701062,      -4.729972906,      -4.423753244,      -7.680701756
          0,           0,        1323,      -6.530733949,      -4.523834971,      -4.734508554,       -4.40099583,      -7.680694194
          0,           0,        1324,       -6.56888043,      -4.521218434,       -4.73280416,      -4.427543673,      -7.680686411
          0,           0,        1325,      -6.558512853,      -4.526486845,      -4.737033939,      -4.422872399,      -7.680678853
          0,           0,        1326,      -6.605945061,      -4.527692359,      -4.738416899,      -4.453779523,      -7.680671045
          0,           0,        1327,      -6.609513133,      -4.529016088,      -4.739710815,      -4.456398188,      -7.680663261
          0,           0,        1328,       -6.61426576,      -4.530389117,      -4.740882875,      -4.459674085,      -7.680655263
          0,           0,        1329,       -6.61657649,      -4.531392133,       -4.74195663,       -4.46153721,      -7.680647191
          0,           0,        1330,      -6.618004125,      -4.532317025,      -4.742978873,      -4.462901446,      -7.680638629
          0,           0,        1331,      -6.618798466,       -4.53349654,      -4.744066553,      -4.463866316,      -7.680629868
          0,           0,        1332,      -6.620128752,       -4.53477047,      -4.745165264,       -4.46521142,      -7.680620447
          0,           0,        1333,      -6.621014941,      -4.535520557,      -4.746057414,      -4.466262498,      -7.680610751
          0,           0,        1334,       -6.61989607,      -3.839249645,      -4.128221683,       -4.14742345,      -7.680600267
          0,           0,        1335,      -5.838752249,      -4.520671427,       -4.69355814,      -3.790366386,      -7.680589693
          0,           0,        1336,      -6.374907442,      -4.533882001,      -4.721914866,      -4.279938651,      -7.680578727
          0,           0,        1337,       -6.29168386,      -4.537339149,       -4.74243864,      -4.210360238,       -7.68056808
          0,           0,        1338,      -6.362276085,      -4.539078322,      -4.748908416,      -4.274610977,       -7.68055782
          0,           0,        1339,      -6.473193935,      -4.540711467,      -4.751097798,      -4.367144113,      -7.680548379
          0,           0,        1340,      -6.542268196,      -4.541675512,      -4.752592571,      -4.419744519,      -7.680539329
          0,           0,        1341,      -6.573860546,      -4.543150364,      -4.753920577,      -4.441479236,      -7.680530852
          0,           0,        1342,      -6.595531119,      -4.544237004,       -4.75501771,      -4.455304793,      -7.680521886
          0,           0,        1343,      -6.609617066,      -4.545275938,      -4.756051769,      -4.464164458,      -7.680512316
          0,           0,        1344,      -6.618580855,       -4.54641237,      -4.757096977,      -4.470020771,      -7.680501475
          0,           0,        1345,      -6.624016915,      -4.547263339,      -4.758067275,      -4.473774615,       -7.68048939
          0,           0,        1346,      -6.626735638,      -4.548050061,      -4.759002696,      -4.475878152,      -7.680475644
          0,           0,        1347,      -6.628062363,      -4.549033891,      -4.759971912,      -4.477052211,      -7.680460665
          0,           0,        1348,      -6.629364242,      -4.550131224,      -4.760963944,      -4.478213669,      -7.680444268
          0,           0,        1349,      -6.630239535,      -4.538527762,      -4.753015204,      -4.478193624,      -7.680427185
          0,           0,        1350,      -6.534303016,      -4.550098995,       -4.76014432,      -4.414321481,      -7.680409427
          0,           0,        1351,      -6.613933303,      -4.551442202,      -4.762154857,      -4.468181196,      -7.680391649
          0,           0,        1352,      -6.601868872,      -4.553114057,      -4.764256595,      -4.461252748,      -7.680373965
          0,           0,        1353,      -6.614390173,      -4.554046427,      -4.765446769,      -4.470177411,      -7.680356893
          0,           0,        1354,      -6.625315986,      -4.494365741,      -4.692875768,      -4.415407818,      -7.680340159
          0,           0,        1355,      -6.604567285,      -4.555653207,      -4.766976078,      -4.464947149,      -7.680323973
          0,           0,        1356,      -6.608784865,      -4.556769493,      -4.767803565,      -4.466929605,      -7.680307704
          0,           0,        1357,      -6.630511649,       -4.55759447,      -4.769165385,      -4.481847108,      -7.680291312
          0,           0,        1358,      -6.632204101,      -4.558347856,      -4.770100579,      -4.483433716,      -7.680274125
          0,           0,        1359,      -6.632356257,      -4.559232911,      -4.771062625,      -4.484025266,      -7.680256048
          0,           0,        1360,      -6.633053732,      -4.560253477,       -4.77198542,      -4.485040374,      -7.680236549
          0,           0,        1361,      -6.633980685,      -4.560964462,      -4.772900158,      -4.485990072,       -7.68021578
          0,           0,        1362,      -6.633911476,       -4.56159767,       -4.77377998,       -4.48638253,      -7.680193084
          0,           0,        1363,      -6.633580307,      -4.562534507,      -4.774699658,       -4.48650567,      -7.680168618
          0,           0,        1364,      -6.633644943,       -4.56359427,      -4.775661784,      -4.486929789,      -7.680141879
          0,           0,        1365,      -6.633350528,       -4.56428603,      -4.776574462,      -4.487128335,      -7.680113254
          0,           0,        1366,      -6.633506377,      -4.565058471,      -4.777463226,      -4.487571233,      -7.680082498
          0,           0,        1367,      -6.633440961,       -4.56586826,      -4.778381052,      -4.487909738,      -7.680049963
          0,           0,        1368,      -6.633659335,      -4.566827849,      -4.779310198,      -4.488500578,      -7.680015558
          0,           0,        1369,      -6.633780415,       -4.56752431,      -4.780226385,      -4.489025211,      -7.679979846
          0,           0,        1370,      -6.634243693,      -4.568164078,      -4.781110888,      -4.489801567,      -7.679942563
          0,           0,        1371,      -6.634353135,      -4.569067679,      -4.782068351,      -4.490364193,      -7.679904103
          0,           0,        1372,      -6.635397225,         -4.570125,      -4.783084982,       -4.49157035,      -7.679864271
          0,           0,        1373,      -6.636354364,      -4.570794081,      -4.784020425,      -4.492688448,      -7.679823341
          0,           0,        1374,      -6.637039525,      -4.571168218,      -4.784131247,      -4.493543256,      -7.679780867
          0,           0,        1375,       -6.58311713,      -4.571476368,      -4.783482493,      -4.457940322,      -7.679737051
          0,           0,        1376,      -6.627331517,      -4.573273395,       -4.78644708,      -4.487832195,      -7.679691357
          0,           0,        1377,      -6.629627321,      -4.573995372,      -4.787742383,      -4.489769323,      -7.679644166
          0,           0,        1378,      -6.632167814,      -4.574701223,      -4.788869225,      -4.491947756,      -7.679594967
          0,           0,        1379,      -6.636374458,      -4.575787138,      -4.789958043,      -4.495299985,      -7.679544144
          0,           0,        1380,      -6.639952828,      -4.576857114,      -4.791068115,       -4.49777163,      -7.679491453
          0,           0,        1381,      -6.640865588,      -4.577649189,      -4.792096369,      -4.498622852,      -7.679437242
          0,           0,        1382,      -6.640810896,      -4.578424466,      -4.793093762,      -4.498806938,      -7.679381102
          0,           0,        1383,        -6.6408224,      -4.579439362,      -4.794233877,      -4.499002499,      -7.679323272
          0,           0,        1384,       -6.64109144,      -4.580489184,      -4.795313275,      -4.499410625,      -7.679263484
          0,           0,        1385,      -6.640580763,      -4.581240719,      -4.796345766,      -4.499279531,      -7.679202068
          0,           0,        1386,      -6.639718639,      -4.581874596,      -4.797323167,      -4.499066607,       -7.67913875
          0,           0,        1387,      -6.638503515,      -4.582007172,      -4.797842754,      -4.498648262,      -7.679074048
          0,           0,        1388,      -6.632009148,      -4.532654338,      -4.752724532,      -4.484683494,      -7.679007666
          0,           0,        1389,      -6.313533232,      -4.575882869,      -4.787136767,      -4.233686893,      -7.678940206
          0,           0,        1390,      -6.557803737,      -4.580622393,      -4.794379883,      -4.441040966,      -7.678871415
          0,           0,        1391,      -6.532783661,      -4.584004212,      -4.800114967,      -4.429082943,      -7.678801647
          0,           0,        1392,      -6.558215605,      -4.586477275,      -4.802778139,      -4.450059009,      -7.678730672
          0,           0,        1393,      -6.603169791,      -4.588119214,      -4.804782573,      -4.479748795,      -7.678658791
          0,           0,        1394,      -6.622272105,      -4.589347025,       -4.80611879,      -4.491632169,      -7.678585784
          0,           0,        1395,      -6.631507667,      -4.590749474,      -4.807423785,      -4.497544016,      -7.678511912
          0,           0,        1396,      -6.638363066,      -4.592074709,      -4.808021137,      -4.502415718,      -7.678436983
          0,           0,        1397,       -6.60972374,      -4.592965423,      -4.808174357,       -4.48243016,      -7.678361488
          0,           0,        1398,      -6.639958632,      -4.594233492,      -4.810726452,      -4.503191349,      -7.678284995
          0,           0,        1399,      -6.641896165,      -4.595428853,      -4.812166526,      -4.505276278,      -7.678207963
          0,           0,        1400,      -6.644466585,      -4.596814525,      -4.813571986,      -4.507911137,      -7.678129988
          0,           0,        1401,      -6.648021922,      -4.597850832,      -4.814792959,      -4.511183415,      -7.678051472
          0,           0,        1402,      -6.650968412,      -4.598716938,      -4.816007206,      -4.513417826,      -7.677972046
          0,           0,        1403,      -6.652149058,       -4.60007839,      -4.817380214,      -4.514411478,      -7.677891868
          0,           0,        1404,      -6.653563869,      -4.601532307,      -4.818742549,      -4.515677959,      -7.677810583
          0,           0,        1405,      -6.654483059,      -4.602538168,      -4.820024866,      -4.516475482,      -7.677728467
          0,           0,        1406,      -6.654874316,      -4.603740058,      -4.821346993,      -4.517090295,      -7.677645065
          0,           0,        1407,      -6.655773816,      -4.604947318,      -4.822694495,      -4.517966497,      -7.677560839
          0,           0,        1408,      -6.656880509,      -4.606346907,       -4.82408522,      -4.518990686,      -7.677475445
          0,           0,        1409,      -6.657989119,      -4.607443183,      -4.825315058,      -4.519992337,      -7.677389364
          0,           0,        1410,      -6.657781504,       -4.60854364,      -4.826698806,      -4.520294689,      -7.677302421
          0,           0,        1411,      -6.659962855,      -4.609914354,      -4.828143765,      -4.521962103,      -7.677214978
          0,           0,        1412,      -6.661952577,       -4.61146663,       -4.82959694,      -4.523673111,      -7.677126892
          0,           0,        1413,      -6.663666869,      -4.612591638,      -4.830973985,      -4.525164148,      -7.677038568
          0,           0,        1414,      -6.665145531,       -4.61373476,      -4.832345383,      -4.526617027,      -7.676949667
          0,           0,        1415,      -6.666968192,      -4.615154653,      -4.833791323,      -4.528247888,      -7.676860582
          0,           0,        1416,      -6.669097334,      -4.616773525,      -4.835300526,      -4.530144828,      -7.676770876
          0,           0,        1417,      -6.671099461,      -4.602842273,      -4.797622806,      -4.523705491,      -7.676680861
          0,           0,        1418,      -6.627315785,      -4.619147261,        -4.8372989,      -4.504542413,      -7.676589968
          0,           0,        1419,      -6.668182616,      -4.620577262,      -4.839063583,      -4.530745481,      -7.676498123
          0,           0,        1420,      -6.667152973,      -4.622169662,      -4.840982034,       -4.53013555,      -7.676405048
          0,           0,        1421,      -6.671887004,      -4.623039033,      -4.842292702,      -4.534067976,      -7.676311237
          0,           0,        1422,       -6.67321825,      -4.609140513,      -4.828301737,      -4.534664647,      -7.676216705
          0,           0,        1423,      -6.467968184,      -4.622682536,      -4.827981199,      -4.393130762,      -7.676121746
          0,           0,        1424,      -6.605583018,      -4.627467008,      -4.842811224,      -4.479342473,      -7.676026437
          0,           0,        1425,      -6.608839941,      -4.629002503,      -4.847376935,      -4.481749137,      -7.675931656
          0,           0,        1426,      -6.637535617,      -4.630505737,      -4.849712918,      -4.507023748,      -7.675836143
          0,           0,        1427,      -6.659776248,      -4.632062547,      -4.851460896,      -4.526984094,      -7.675739701
          0,           0,        1428,      -6.671800678,      -4.633822748,      -4.853222539,      -4.536058029,      -7.675641893
          0,           0,        1429,      -6.679242481,      -4.635207708,       -4.85479543,      -4.542038316,      -7.675543163
          0,           0,        1430,      -6.683954555,      -4.636275395,      -4.856248676,      -4.545581865,      -7.675442439
          0,           0,        1431,      -6.686826784,      -4.638152873,        -4.8578984,      -4.547167658,      -7.675340816
          0,           0,        1432,      -6.690962697,      -4.639168847,      -4.854123713,      -4.547769199,      -7.675239227
          0,           0,        1433,      -6.567246191,      -4.570328049,       -4.85195518,       -4.45645421,      -7.675138636
          0,           0,        1434,      -6.666026142,       -4.62224013,      -4.859598232,      -4.533550272,      -7.675038645
          0,           0,        1435,      -6.668416081,      -4.630984858,      -4.862978781,      -4.537171061,      -7.674939718
          0,           0,        1436,      -6.675339696,       -4.63745526,      -4.865389744,      -4.542786432,      -7.674841241
          0,           0,        1437,      -6.688145252,         -4.643667,      -4.866972368,      -4.551671049,      -7.674743262
          0,           0,        1438,       -6.69436224,      -4.548252985,      -4.792799841,      -4.536116689,      -7.674644995
          0,           0,        1439,      -6.418192503,      -4.644637987,      -4.860887471,      -4.342984646,      -7.674546204
          0,           0,        1440,      -6.669434074,      -4.650144723,      -4.867564428,      -4.536937825,      -7.674446379
          0,           0,        1441,      -6.633113562,      -4.652581435,      -4.873284594,       -4.51313328,      -7.674345974
          0,           0,        1442,      -6.680481792,        -4.6549658,      -4.875382481,      -4.547821691,      -7.674244751
          0,           0,        1443,       -6.70517872,      -4.656598974,       -4.87707379,      -4.565350725,      -7.674143358
          0,           0,        1444,      -6.713433401,      -4.658530048,      -4.878781878,      -4.571406495,      -7.674041561
          0,           0,        1445,       -6.71811155,      -4.659976429,       -4.88019644,        -4.5748134,      -7.673939702
          0,           0,        1446,      -6.718284477,      -4.661468816,      -4.881857855,      -4.575235602,      -7.673837257
          0,           0,        1447,      -6.723363125,      -4.663544373,      -4.883653906,      -4.578897651,      -7.673734162
          0,           0,        1448,      -6.726096341,      -4.663357621,       -4.88411644,      -4.581192079,      -7.673629873
          0,           0,        1449,      -6.715798544,      -4.664416211,      -4.884206049,      -4.573442061,      -7.673524491
          0,           0,        1450,      -6.713730534,      -4.664293458,      -4.885318907,      -4.572257951,      -7.673417543
          0,           0,        1451,       -6.68673846,      -4.667661498,       -4.88907724,      -4.556869713,      -7.673309449
          0,           0,        1452,      -6.701448728,       -4.52228555,      -4.812667592,      -4.560642779,      -7.673199995
          0,           0,        1453,      -6.669655812,      -4.673695192,      -4.892235673,      -4.546553333,      -7.673089698
          0,           0,        1454,      -6.720154772,      -4.675120992,      -4.894269876,        -4.5789952,      -7.672978351
          0,           0,        1455,      -6.722514419,      -4.677058053,      -4.896528873,      -4.580542077,      -7.672866627
          0,           0,        1456,      -6.735297234,       -4.67915235,      -4.898371491,      -4.589730117,      -7.672754587
          0,           0,        1457,      -6.745178048,      -4.679967694,      -4.898373499,      -4.596682516,      -7.672643066
          0,           0,        1458,       -6.59927893,       -4.67883824,      -4.894597066,      -4.470874028,      -7.672531908
          0,           0,        1459,      -6.714700242,      -4.681262809,      -4.899926735,      -4.576060828,      -7.672421299
          0,           0,        1460,      -6.706280112,      -4.659934832,      -4.880321124,      -4.570379503,      -7.672310782
          0,           0,        1461,      -6.570304677,       -4.68567961,      -4.903299448,      -4.473408041,      -7.672200256
          0,           0,        1462,      -6.725730768,      -4.687994222,      -4.906132037,      -4.587152589,      -7.672089161
          0,           0,        1463,      -6.728563485,      -4.689959636,      -4.908912988,      -4.589799554,      -7.671977586
          0,           0,        1464,      -6.741695201,      -4.692000215,      -4.910913067,      -4.598906259,       -7.67186505
          0,           0,        1465,      -6.757232844,      -4.693749905,      -4.912606979,      -4.609332573,      -7.671751908
          0,           0,        1466,      -6.766262936,      -4.695331435,       -4.91415143,      -4.615086955,       -7.67163789
          0,           0,        1467,      -6.770414912,       -4.69696409,      -4.915733943,      -4.618008903,      -7.671523276
          0,           0,        1468,      -6.773848569,      -4.698856533,      -4.917314812,      -4.620630495,      -7.671407924
          0,           0,        1469,      -6.776400488,      -4.700232564,      -4.918813011,      -4.622640308,      -7.671292337
          0,           0,        1470,      -6.778330952,      -4.701501933,      -4.920233608,      -4.624399403,       -7.67117622
          0,           0,        1471,      -6.778952737,      -4.703210252,      -4.921753908,       -4.62528001,      -7.671059939
          0,           0,        1472,      -6.780906869,      -4.705287017,       -4.92343695,      -4.627036728,       -7.67094327
          0,           0,        1473,      -6.783554016,      -4.706696881,      -4.924906782,       -4.62907289,      -7.670826512
          0,           0,        1474,      -6.785490565,      -4.708046672,      -4.926276007,      -4.630630539,      -7.670709278
          0,           0,        1475,      -6.786703011,      -4.709748451,      -4.927810481,       -4.63176512,      -7.670591877
          0,           0,        1476,      -6.789688951,       -4.71168611,      -4.929375348,       -4.63421078,      -7.670473911
          0,           0,        1477,      -6.792005871,      -4.713000229,      -4.930807453,      -4.636177014,      -7.670355711
          0,           0,        1478,      -6.794289206,      -4.714224162,      -4.932161418,      -4.638088424,      -7.670236966
          0,           0,        1479,      -6.796027302,      -4.715899942,      -4.933624395,      -4.639692102,      -7.670117843
          0,           0,        1480,      -6.798772581,      -4.717777238,      -4.935048146,      -4.642045097,      -7.669998073
          0,           0,        1481,      -6.799890521,      -4.719016105,      -4.936464769,      -4.643317112,      -7.669878075
          0,           0,        1482,      -6.802823586,      -4.719448805,      -4.936547359,      -4.645737042,      -7.669757417
          0,           0,        1483,      -6.744150328,      -4.720707782,      -4.936358562,       -4.60858494,      -7.669636445
          0,           0,        1484,       -6.79295864,      -4.723170688,      -4.939950698,      -4.640544273,      -7.669514798
          0,           0,        1485,       -6.79435035,      -4.723338067,      -4.940995181,      -4.642311271,      -7.669392968
          0,           0,        1486,      -6.790085833,      -4.669876432,      -4.898674632,      -4.636853055,      -7.669270562
          0,           0,        1487,      -6.551613166,      -4.718734914,      -4.926912672,      -4.465642775,      -7.669148022
          0,           0,        1488,      -6.724101183,      -4.727023775,      -4.941825607,      -4.593615827,      -7.669025188
          0,           0,        1489,      -6.709299152,      -4.729286898,      -4.946486604,      -4.585542196,      -7.668902463
          0,           0,        1490,      -6.762395428,      -4.730835901,      -4.948282774,       -4.62414424,      -7.668779544
          0,           0,        1491,      -6.794055703,      -4.732470946,      -4.949773611,      -4.645818528,      -7.668656683
          0,           0,        1492,       -6.80662404,      -4.734385982,      -4.951247984,       -4.65424037,      -7.668533552
          0,           0,        1493,      -6.814036393,      -4.735570836,      -4.952513142,      -4.659002848,      -7.668410511
          0,           0,        1494,      -6.818299088,      -4.736556313,      -4.953682022,      -4.661865705,       -7.66828708
          0,           0,        1495,      -6.820406381,      -4.730234172,      -4.943305458,      -4.662702178,      -7.668163555
          0,           0,        1496,      -6.670785889,       -4.73944343,      -4.947447417,      -4.574998606,      -7.668039684
          0,           0,        1497,      -6.776751104,      -4.740813149,      -4.954829599,      -4.632661412,       -7.66791585
          0,           0,        1498,      -6.776022651,      -4.742075056,      -4.957938169,      -4.631313759,      -7.667791764
          0,           0,        1499,      -6.794398041,      -4.743238084,      -4.959638565,      -4.646165253,      -7.667667494
          0,           0,        1500,      -6.812175084,      -4.743448867,      -4.960232967,      -4.660446411,      -7.667542863
          0,           0,        1501,      -6.810933306,      -4.740953169,      -4.957710999,      -4.658507959,      -7.667418363
          0,           0,        1502,      -6.795144454,       -4.73406511,      -4.954794705,      -4.648890684,      -7.667293749
          0,           0,        1503,      -6.724426251,      -4.729613146,      -4.954750473,      -4.606813915,      -7.667169479
          0,           0,        1504,      -6.687472408,      -4.749378823,      -4.963759064,      -4.579895751,       -7.66704541
          0,           0,        1505,      -6.793479511,      -4.749644238,      -4.963236395,      -4.649689798,      -7.666921925
          0,           0,        1506,      -6.760668524,      -4.750938739,      -4.966762723,      -4.628195353,      -7.666798738
          0,           0,        1507,      -6.776563951,      -4.752667611,      -4.969028205,       -4.64081085,      -7.666676083
          0,           0,        1508,      -6.811529873,      -4.754167812,      -4.969517176,      -4.664464905,      -7.666553645
          0,           0,        1509,      -6.826676715,      -4.752383029,       -4.96950955,      -4.674719857,      -7.666431809
          0,           0,        1510,      -6.820902399,      -4.755615865,      -4.972491163,      -4.671609152,      -7.666310034
          0,           0,        1511,      -6.830301636,      -4.756662802,      -4.972239829,      -4.678002722,      -7.666188545
          0,           0,        1512,       -6.76118878,      -4.758315486,      -4.971963047,      -4.630195315,      -7.666066943
          0,           0,        1513,      -6.823899904,       -4.75934428,       -4.97530309,      -4.674283416,      -7.665945424
          0,           0,        1514,      -6.825731523,      -4.759986282,      -4.976577555,      -4.676458771,       -7.66582365
          0,           0,        1515,       -6.82780741,      -4.760488988,      -4.977520661,      -4.678603015,      -7.665701837
          0,           0,        1516,      -6.828848718,      -4.750556152,      -4.968240141,      -4.675072649,      -7.665579802
          0,           0,        1517,      -6.761978705,      -4.248239134,       -4.51954533,      -4.474055536,      -7.665456602
          0,           0,        1518,      -5.462043341,       -4.32513848,      -4.562486513,      -3.336531086,      -7.665335192
          0,           0,        1519,      -5.616441499,       -4.43314996,       -4.78598366,      -3.478135025,      -7.665213894
          0,           0,        1520,      -5.800263353,      -4.531886251,      -4.885966876,      -3.659369319,      -7.665091826
          0,           0,        1521,      -5.941116159,      -4.614201076,      -4.914702449,      -3.830230208,      -7.664968869
          0,           0,        1522,       -6.03568699,      -4.671599541,       -4.93374495,      -3.966704841,      -7.664844444
          0,           0,        1523,      -6.103142006,      -4.707232209,      -4.947907775,      -4.065999729,      -7.664718237
          0,           0,        1524,      -6.162778574,      -4.730947567,      -4.956005502,      -4.141124275,      -7.664589191
          0,           0,        1525,       -6.22344609,      -4.744608531,      -4.957618236,      -4.204241832,      -7.664456965
          0,           0,        1526,      -6.280020428,       -4.75380027,      -4.953103712,      -4.247557279,      -7.664320843
          0,           0,        1527,      -6.353623063,      -4.759802083,      -4.949553298,      -4.298599587,      -7.664181242
          0,           0,        1528,      -6.418394614,      -4.762968501,      -4.948916408,      -4.349678384,      -7.664038528
          0,           0,        1529,      -6.458239748,      -4.764726969,      -4.952741366,      -4.396753655,      -7.663893856
          0,           0,        1530,      -6.477749813,      -4.748176315,      -4.911419813,      -4.434391438,       -7.66374775
          0,           0,        1531,      -6.469903736,      -4.767875432,      -4.964339472,      -4.448192305,      -7.663601442
          0,           0,        1532,      -6.502693463,      -4.769858269,      -4.971070897,      -4.499594648,      -7.663454861
          0,           0,        1533,      -6.520497381,      -4.771254172,      -4.976156466,      -4.523633566,      -7.663308658
          0,           0,        1534,      -6.544560102,      -4.772477391,      -4.979136193,      -4.541352834,      -7.663163082
          0,           0,        1535,      -6.570410133,      -4.774060711,      -4.980464712,      -4.548879366,      -7.663019849
          0,           0,        1536,       -6.59322381,      -4.776280113,      -4.981669808,      -4.547076911,      -7.662879753
          0,           0,        1537,       -6.62080672,      -4.777260224,      -4.982490191,      -4.549622968,      -7.662743182
          0,           0,        1538,      -6.640388725,       -4.77817435,      -4.983093912,       -4.55222231,      -7.662610099
          0,           0,        1539,      -6.653368423,      -4.779203747,      -4.984109151,      -4.558109162,      -7.662480699
          0,           0,        1540,       -6.65875452,      -4.780542839,      -4.985687036,      -4.565286739,      -7.662354557
          0,           0,        1541,      -6.658961866,      -4.776135967,      -4.984121046,      -4.572616087,       -7.66223204
          0,           0,        1542,      -6.640761091,      -4.780795371,      -4.987953789,       -4.56377932,      -7.662112638
          0,           0,        1543,      -6.649281942,      -4.782575342,      -4.990570325,      -4.583660723,      -7.661996507
          0,           0,        1544,      -6.647624325,      -4.784115382,      -4.992911651,      -4.585803929,      -7.661882997
          0,           0,        1545,      -6.654673191,      -4.785448824,      -4.994980445,      -4.591848553,      -7.661771785
          0,           0,        1546,      -6.671396256,      -4.786503294,      -4.996816631,       -4.60368194,       -7.66166163
          0,           0,        1547,      -6.685045712,      -4.787720555,      -4.998566691,      -4.612453064,      -7.661551929
          0,           0,        1548,      -6.701271921,      -4.789321657,      -5.000370089,      -4.622865216,      -7.661441252
          0,           0,        1549,      -6.719215092,      -4.786940092,      -4.989440637,      -4.634467295,      -7.661328721
          0,           0,        1550,      -6.611214224,      -4.790613906,      -4.990788521,      -4.553699144,      -7.661213381
          0,           0,        1551,      -6.714269908,       -4.79239308,      -5.001761072,      -4.623005914,      -7.661095207
          0,           0,        1552,      -6.725209792,      -4.794293842,      -5.006698582,      -4.630829659,      -7.660973884
          0,           0,        1553,      -6.750588871,       -4.79521351,      -5.009475239,      -4.655695079,      -7.660849754
          0,           0,        1554,       -6.77271855,      -4.796293473,       -5.01161307,      -4.677903061,      -7.660723025
          0,           0,        1555,       -6.78062098,      -4.797723812,      -5.013875405,      -4.685263231,      -7.660595023
          0,           0,        1556,      -6.783068253,      -4.799578122,      -5.016134213,      -4.687568613,       -7.66046669
          0,           0,        1557,      -6.778909502,       -4.80059398,      -5.017907503,      -4.682925921,      -7.660339833
          0,           0,        1558,      -6.770209127,      -4.801528775,      -5.019862269,      -4.673050046,      -7.660215612
          0,           0,        1559,      -6.763334573,      -4.801916652,      -5.021509126,      -4.665296407,      -7.660095548
          0,           0,        1560,      -6.752012785,        -4.8052101,       -5.02358888,      -4.653259663,      -7.659980416
          0,           0,        1561,      -6.749344309,      -4.699298466,      -4.751470329,       -4.63083847,      -7.659871214
          0,           0,        1562,      -6.696942513,      -4.807322308,      -5.025489961,      -4.604544903,      -7.659767836
          0,           0,        1563,      -6.582968138,      -4.767178005,      -5.018695366,      -4.509854723,      -7.659670288
          0,           0,        1564,      -6.705102151,      -4.799683842,       -5.02728737,      -4.600094914,       -7.65957756
          0,           0,        1565,      -6.713162261,       -4.80374277,      -5.029802931,      -4.606130112,      -7.659489359
          0,           0,        1566,      -6.720771543,      -4.807596868,      -5.031244248,      -4.615762524,      -7.659404257
          0,           0,        1567,      -6.737842455,      -4.813114281,      -5.032465728,       -4.63363155,       -7.65932116
          0,           0,        1568,      -6.753924024,      -4.813916723,      -5.033792254,      -4.646069613,      -7.659237579
          0,           0,        1569,      -6.765303912,      -4.815023985,      -5.034879072,      -4.655849384,      -7.659150407
          0,           0,        1570,      -6.776536152,      -4.817186001,      -5.035903688,      -4.666713851,      -7.659059448
          0,           0,        1571,      -6.789423969,        -4.8185985,      -5.037269022,      -4.678471751,      -7.658967657
          0,           0,        1572,      -6.804705495,      -4.820551132,      -5.038765372,      -4.692164282,      -7.658873316
          0,           0,        1573,      -6.820070168,      -4.821762331,      -5.039999756,      -4.706093635,      -7.658776218
          0,           0,        1574,      -6.834372884,      -4.822376588,      -5.041503021,      -4.719423523,       -7.65867591
          0,           0,        1575,      -6.848850088,       -4.82120762,      -5.035891808,      -4.719438045,      -7.658572636
          0,           0,        1576,      -6.842466593,      -4.826289825,      -5.044762777,      -4.731310888,      -7.658466345
          0,           0,        1577,      -6.873129627,      -4.827227344,      -5.046909829,      -4.753555708,      -7.658357744
          0,           0,        1578,      -6.880901823,      -4.828519844,      -5.048798234,      -4.759838414,      -7.658246738
          0,           0,        1579,      -6.885645856,      -4.826531853,      -5.043497835,      -4.762819227,      -7.658134307
          0,           0,        1580,       -6.80017477,      -4.831450985,      -5.052081498,      -4.699080237,      -7.658019914
          0,           0,        1581,      -6.873218413,      -4.832624299,      -5.054236827,      -4.752336648,      -7.657904626
          0,           0,        1582,      -6.865517028,      -4.833541777,      -5.055530013,      -4.744002422,      -7.657788619
          0,           0,        1583,       -6.84059747,      -4.831343763,      -5.057182264,      -4.722864581,       -7.65767222
          0,           0,        1584,      -6.829933334,      -4.837057832,      -5.060344199,      -4.715192853,      -7.657554729
          0,           0,        1585,      -6.841617114,      -4.838193648,       -5.06234455,      -4.720563222,      -7.657436579
          0,           0,        1586,      -6.834090001,      -4.839073992,      -5.064066725,      -4.713174124,       -7.65731807
          0,           0,        1587,      -6.830175434,      -4.821479785,      -4.997492498,      -4.665721256,      -7.657199899
          0,           0,        1588,      -6.784528084,       -4.83304853,      -5.059668417,      -4.676977199,      -7.657081629
          0,           0,        1589,      -6.776148709,      -4.821223644,      -5.040735494,      -4.661509342,      -7.656962794
          0,           0,        1590,      -6.698343716,      -4.845349711,       -5.07057551,      -4.604495472,      -7.656841814
          0,           0,        1591,      -6.809249996,      -4.847237652,      -5.072056122,      -4.690783173,      -7.656718128
          0,           0,        1592,      -6.836874458,      -4.849513226,      -5.073982749,      -4.711499402,      -7.656590878
          0,           0,        1593,      -6.849879171,      -4.850017803,      -5.072179591,      -4.720836018,      -7.656460577
          0,           0,        1594,      -6.748451842,      -4.851198085,      -5.068994877,      -4.650630956,      -7.656327448
          0,           0,        1595,      -6.843898714,      -4.853773754,      -5.076332587,      -4.719468467,      -7.656192395
          0,           0,        1596,      -6.857628932,      -4.856102919,      -5.078961113,      -4.730954077,      -7.656056002
          0,           0,        1597,      -6.872922258,      -4.857348622,      -5.080821454,      -4.744068013,      -7.655919274
          0,           0,        1598,      -6.889841288,      -4.858331804,      -5.082114905,      -4.758984667,      -7.655782643
          0,           0,        1599,      -6.905177096,      -4.860269909,      -5.083805016,      -4.770790109,      -7.655647074
          0,           0,        1600,       -6.91079223,      -4.862814131,      -5.085827981,      -4.776391906,      -7.655512784
          0,           0,        1601,      -6.914864389,      -4.863875051,       -5.08732469,      -4.780547091,      -7.655380643
          0,           0,        1602,      -6.914363743,      -4.865288727,      -5.088917102,       -4.78110328,      -7.655250593
          0,           0,        1603,      -6.911994774,      -4.867088925,      -5.090801944,      -4.780168763,      -7.655123235
          0,           0,        1604,      -6.911841838,      -4.869363449,      -5.092780071,      -4.780240095,      -7.654998582
          0,           0,        1605,      -6.909957861,      -4.870641586,       -5.09452782,       -4.77864042,      -7.654876974
          0,           0,        1606,      -6.907333411,       -4.87134798,       -5.09519885,      -4.776277292,      -7.654758162
          0,           0,        1607,       -6.88945426,      -4.873563963,      -5.097360509,      -4.763158321,      -7.654642423
          0,           0,        1608,      -6.901688486,      -4.876334975,      -5.100146038,       -4.77133741,       -7.65452938
          0,           0,        1609,      -6.903545777,      -4.877480441,      -5.101860028,      -4.771714637,      -7.654419427
          0,           0,        1610,      -6.904012468,      -4.879058763,      -5.103651022,      -4.771504524,      -7.654312069
          0,           0,        1611,      -6.907322963,      -3.060943256,      -3.124810039,      -3.077426983,      -7.654207622
          0,           0,        1612,      -6.782499099,      -4.720657629,       -4.91750259,      -4.593228335,      -7.654105754
          0,           0,        1613,      -6.803263201,      -4.883930117,      -5.105604247,       -4.70000804,        -7.6540064
          0,           0,        1614,        -6.8083017,      -4.885481462,      -5.105348317,      -4.704267061,      -7.653908814
          0,           0,        1615,      -6.873927095,      -4.887616729,      -5.110387382,       -4.74912147,      -7.653812846
          0,           0,        1616,      -6.887704321,      -4.890281282,      -5.114017761,      -4.759292623,      -7.653718578
          0,           0,        1617,      -6.918457027,      -4.891520927,      -5.115981833,      -4.782416186,      -7.653627133
          0,           0,        1618,      -6.936989661,      -4.892782692,       -5.11746545,      -4.796410915,      -7.653539194
          0,           0,        1619,      -6.942996758,      -4.894841494,      -5.119578349,      -4.801563223,       -7.65345566
          0,           0,        1620,      -6.951369201,      -4.897448934,      -5.121586352,      -4.808535597,       -7.65337615
          0,           0,        1621,      -6.957118107,      -4.898688324,      -5.123325891,      -4.813398228,      -7.653300476
          0,           0,        1622,      -6.962710828,      -4.899783944,      -5.124886684,      -4.817708602,      -7.653227682
          0,           0,        1623,       -6.96600902,      -4.901915581,      -5.126761412,      -4.820542815,      -7.653157278
          0,           0,        1624,      -6.970824425,      -4.900928282,      -5.127582217,      -4.824193423,      -7.653088538
          0,           0,        1625,      -6.953440592,      -4.904992776,      -5.130316829,      -4.813996803,      -7.653021563
          0,           0,        1626,      -6.963962786,      -4.906845362,       -5.13171223,      -4.821026356,      -7.652955814
          0,           0,        1627,      -6.969337255,       -4.90883917,      -5.133847232,      -4.824579481,       -7.65289154
          0,           0,        1628,      -6.975932007,      -4.909437099,      -5.135644338,      -4.828919833,      -7.652828601
          0,           0,        1629,      -6.972382012,      -4.881791772,      -5.126799742,       -4.82423888,      -7.652767146
          0,           0,        1630,      -6.833169072,      -4.913890789,      -5.137855329,      -4.727747455,      -7.652706789
          0,           0,        1631,      -6.960317551,      -4.916464588,      -5.140138728,      -4.818663344,      -7.652647695
          0,           0,        1632,      -6.968216197,      -4.919435375,      -5.142703498,      -4.823973054,      -7.652589321
          0,           0,        1633,      -6.975515346,      -4.920601264,      -5.144284796,      -4.828643909,      -7.652531841
          0,           0,        1634,      -6.981531971,      -4.922008787,      -5.145895505,      -4.832569185,      -7.652474722
          0,           0,        1635,      -6.986041219,      -4.923211443,      -5.147370427,      -4.835586807,      -7.652418042
          0,           0,        1636,       -6.98553057,      -4.926218794,      -5.149529196,      -4.836098696,      -7.652361363
          0,           0,        1637,      -6.990570866,       -4.92765629,      -5.151134491,      -4.839635658,       -7.65230494
          0,           0,        1638,      -6.995127159,      -4.928618366,      -5.152513397,      -4.843002358,      -7.652248192
          0,           0,        1639,      -6.997774571,      -4.930834736,       -5.15413962,      -4.845201942,       -7.65219127
          0,           0,        1640,      -7.002125778,      -4.933666113,      -5.156177184,      -4.848787279,      -7.652133779
          0,           0,        1641,      -7.007621682,      -4.934575287,      -5.157635169,      -4.852862043,      -7.652075861
          0,           0,        1642,      -7.009300168,      -4.935254936,      -5.159006008,      -4.854699802,      -7.652016981
          0,           0,        1643,      -7.009030814,       -4.87507945,      -5.145435777,      -4.855446997,      -7.651957312
          0,           0,        1644,      -6.802964278,      -4.928339551,      -5.152740393,      -4.708316527,      -7.651896333
          0,           0,        1645,      -6.956697085,      -4.329851807,       -4.24568954,      -4.367781824,      -7.651834247
          0,           0,        1646,      -6.833151499,      -4.940533881,      -5.164180887,      -4.728493922,      -7.651770585
          0,           0,        1647,      -6.891808975,      -4.943579978,      -5.164247361,      -4.780511935,      -7.651705414
          0,           0,        1648,      -6.975073801,      -4.946739061,      -5.168798225,      -4.834430589,      -7.651638261
          0,           0,        1649,      -7.007357885,      -4.947785603,      -5.170262314,      -4.856776689,      -7.651569301
          0,           0,        1650,       -7.01868869,      -4.949126602,      -5.171824607,      -4.864600035,      -7.651498226
          0,           0,        1651,      -7.026060829,      -4.950941113,      -5.173499867,      -4.869945997,      -7.651425337
          0,           0,        1652,      -7.028994652,       -4.95298386,      -5.172508656,      -4.872414782,      -7.651350482
          0,           0,        1653,      -6.942340526,      -4.954317717,      -5.172951292,      -4.819225136,      -7.651274022
          0,           0,        1654,      -7.012362045,      -4.954992577,      -5.177252861,        -4.8622661,      -7.651195526
          0,           0,        1655,      -7.016754239,      -4.957139445,      -5.179218711,      -4.865514096,      -7.651115276
          0,           0,        1656,      -7.023368197,      -4.959956935,      -5.181347174,      -4.870772321,      -7.651032878
          0,           0,        1657,      -7.031381137,      -4.960382864,      -5.181018666,      -4.877739903,      -7.650948775
          0,           0,        1658,      -6.993055241,       -4.96079797,      -5.181817326,      -4.794742548,      -7.650862721
          0,           0,        1659,      -7.008393543,      -4.963379289,      -5.185222395,      -4.872279273,      -7.650775072
          0,           0,        1660,      -7.016128668,      -4.965669445,      -5.186990984,      -4.877144912,      -7.650685757
          0,           0,        1661,      -7.020816493,      -4.966622761,      -5.188485139,      -4.881887089,      -7.650595105
          0,           0,        1662,      -7.028169441,      -4.953195357,      -5.175179138,       -4.73695225,      -7.650502909
          0,           0,        1663,      -6.961251195,      -4.969087371,      -5.190513115,      -4.840007854,      -7.650409463
          0,           0,        1664,      -7.038516199,      -4.971987617,      -5.192894632,      -4.887648243,      -7.650314501
          0,           0,        1665,      -7.046274331,      -4.972590344,      -5.194202084,      -4.893067325,      -7.650218356
          0,           0,        1666,      -7.049919288,      -4.973674637,       -5.19533969,      -4.896062295,      -7.650120724
          0,           0,        1667,      -7.052235773,      -4.975146327,      -5.196823453,      -4.897719168,      -7.650022075
          0,           0,        1668,      -7.056768196,      -4.977428982,      -5.198450504,      -4.901955376,      -7.649922188
          0,           0,        1669,      -7.059618317,      -4.809873877,       -4.86062266,      -4.472947616,      -7.649821529
          0,           0,        1670,      -6.924901042,      -4.977799213,      -5.197850924,      -4.809215906,      -7.649719891
          0,           0,        1671,      -6.804930493,      -4.970125045,      -5.187787904,      -4.716904735,      -7.649617505
          0,           0,        1672,      -6.993119574,       -4.98088311,       -5.20084588,      -4.857026491,      -7.649514022
          0,           0,        1673,      -7.022323294,      -4.981615705,      -5.203654979,      -4.874742365,      -7.649410041
          0,           0,        1674,      -7.028010835,      -4.982980351,       -5.20570154,      -4.882398052,      -7.649305418
          0,           0,        1675,      -7.047752022,      -4.985581184,      -5.207404707,      -4.898936274,      -7.649200785
          0,           0,        1676,      -7.065080569,      -4.987293169,      -5.209006104,      -4.910299673,       -7.64909611
          0,           0,        1677,      -7.069549424,      -4.985106221,      -5.208644988,       -4.90813217,      -7.648991698
          0,           0,        1678,      -7.058249479,      -4.988338696,      -5.211138051,      -4.907610011,       -7.64888711
          0,           0,        1679,       -7.06594126,      -4.990258548,      -5.212780002,      -4.912474342,      -7.648782534
          0,           0,        1680,      -7.072058712,      -4.992954422,      -5.214540826,      -4.916891128,      -7.648677434
          0,           0,        1681,      -7.075459419,      -4.993297796,      -5.215513924,      -4.918946413,       -7.64857215
          0,           0,        1682,       -7.07446003,      -4.994255925,      -5.216722623,      -4.918717789,      -7.648466367
          0,           0,        1683,      -7.075014364,      -4.995431991,      -5.218010518,      -4.919144339,      -7.648360389
          0,           0,        1684,       -7.07656691,       -4.99751768,      -5.219481393,      -4.920856809,      -7.648254039
          0,           0,        1685,      -7.077325453,      -4.997994679,      -5.220594605,      -4.921626631,      -7.648147748
          0,           0,        1686,      -7.077025249,       -4.99816331,      -5.221535172,      -4.921802728,      -7.648041234
          0,           0,        1687,      -7.074913742,      -4.999760468,      -5.222634884,      -4.920836642,      -7.647934825
          0,           0,        1688,      -7.075428409,      -5.002315765,      -5.224402729,      -4.922225323,      -7.647828316
          0,           0,        1689,      -7.078877591,      -5.002481515,      -5.225320961,      -4.924647273,      -7.647722013
          0,           0,        1690,      -7.076602489,      -5.002904995,      -5.226360719,      -4.923855686,      -7.647615572
          0,           0,        1691,       -7.07727317,      -5.004319391,      -5.227652283,       -4.92464899,      -7.647509365
          0,           0,        1692,      -7.079631001,      -5.006671741,       -5.22920072,      -4.927106599,      -7.647403014
          0,           0,        1693,      -7.081471838,      -5.006835497,      -5.229966428,      -4.928805579,      -7.647296882
          0,           0,        1694,      -7.078540607,      -5.006723848,      -5.230883838,      -4.927608775,      -7.647190687
          0,           0,        1695,      -7.079043946,       -5.00838525,       -5.23209762,      -4.928152333,      -7.647084662
          0,           0,        1696,      -7.080943551,      -5.010976194,      -5.233880779,      -4.930604448,      -7.646978561
          0,           0,        1697,      -7.084847509,      -5.011058544,      -5.234873809,      -4.933508544,      -7.646872864
          0,           0,        1698,      -7.084366201,      -5.011573604,      -5.235808315,      -4.933612492,      -7.646767145
          0,           0,        1699,      -7.084400179,      -5.012744165,      -5.236878385,      -4.934021855,      -7.646661767
          0,           0,        1700,      -7.084732683,      -5.014958553,      -5.238521518,      -4.935143113,      -7.646556537
          0,           0,        1701,      -7.088541102,      -5.015142481,      -5.239502931,      -4.937783619,       -7.64645174
          0,           0,        1702,      -7.087584056,      -5.014791565,      -5.240336317,        -4.9375558,      -7.646347089
          0,           0,        1703,      -7.086627262,      -5.016571025,      -5.241704023,      -4.937040672,      -7.646242944
          0,           0,        1704,      -7.090255423,      -5.019206999,      -5.243433308,      -4.940127154,       -7.64613896
          0,           0,        1705,      -7.092540391,      -5.018959632,       -5.24325797,      -4.941661532,      -7.646035521
          0,           0,        1706,      -7.073592377,      -5.019868682,      -5.244771086,      -4.930455701,      -7.645932256
          0,           0,        1707,      -7.088647044,      -5.021008152,      -5.246704305,      -4.939784953,      -7.645829401
          0,           0,        1708,        -7.0922502,      -5.023037661,      -5.248114822,      -4.942301887,      -7.645726752
          0,           0,        1709,      -7.092530383,      -5.023311941,      -5.249237677,      -4.942617166,      -7.645624557
          0,           0,        1710,      -7.092107252,      -5.023085452,      -5.249705293,      -4.942804509,      -7.645522564
          0,           0,        1711,       -7.08809052,      -5.024800912,      -5.251243129,      -4.940324796,      -7.645421082
          0,           0,        1712,      -7.093129119,      -5.027230441,       -5.25242425,       -4.94406025,      -7.645319806
          0,           0,        1713,      -7.084837507,      -5.027372245,      -5.253354674,      -4.939521084,      -7.645219128
          0,           0,        1714,      -7.090285244,      -5.027959737,      -5.255082838,      -4.942663268,      -7.645118669
          0,           0,        1715,      -7.090720773,      -5.029236782,      -5.256277484,      -4.942774192,      -7.645018799
          0,           0,        1716,       -7.09107607,      -5.031651794,      -5.257955894,      -4.943696118,      -7.644919228
          0,           0,        1717,      -7.092793227,      -5.031841788,      -5.258849247,      -4.945508611,      -7.644820309
          0,           0,        1718,      -7.092318294,      -5.031435851,      -5.259658197,      -4.945356203,      -7.644721772
          0,           0,        1719,      -7.090716459,      -5.033316274,      -5.260972548,      -4.944355539,      -7.644623827
          0,           0,        1720,      -7.092126532,      -5.036249081,      -5.262914064,       -4.94642963,      -7.644526203
          0,           0,        1721,      -7.095891476,      -5.036279984,      -5.263931738,      -4.949216681,      -7.644429349
          0,           0,        1722,      -7.095234119,      -5.037090989,      -5.264960188,      -4.949182373,      -7.644332807
          0,           0,        1723,      -7.095387901,      -5.038213018,      -5.265988552,      -4.949662661,      -7.644236926
          0,           0,        1724,      -7.094816705,      -5.040501381,      -5.267742932,      -4.950258832,      -7.644141507
          0,           0,        1725,       -7.09910381,       -5.04077857,      -5.268681503,      -4.953205284,      -7.644046845
          0,           0,        1726,      -7.097254195,        -5.0407338,      -5.269776732,      -4.952721953,      -7.643952716
          0,           0,        1727,      -7.097932548,      -5.042563907,      -5.271224009,      -4.953354774,      -7.643859595
          0,           0,        1728,      -7.101498025,      -5.045462564,      -5.273100423,      -4.956591485,      -7.643767301
          0,           0,        1729,      -7.104155375,      -5.045536074,      -5.274025836,      -4.958757246,      -7.643676485
          0,           0,        1730,      -7.102250897,      -5.046055081,      -5.275173915,      -4.957910352,      -7.643586892
          0,           0,        1731,      -7.103362293,      -5.047548771,      -5.276621428,      -4.958808979,      -7.643497366
          0,           0,        1732,      -7.105642445,      -5.050212114,      -5.278435955,      -4.961126725,      -7.643407666
          0,           0,        1733,      -7.108237226,      -5.050465733,      -5.279620562,      -4.963077818,      -7.643318671
          0,           0,        1734,      -7.107836505,       -5.05014182,      -5.280492913,       -4.96304406,      -7.643230129
          0,           0,        1735,       -7.10562746,      -4.114922711,      -4.020497499,      -4.064534873,      -7.643142353
          0,           0,        1736,      -6.928928814,      -5.045997794,      -5.250566273,      -4.850131916,      -7.643055015
          0,           0,        1737,      -6.874449076,      -5.055289171,      -5.273274071,      -4.791850523,      -7.642968164
          0,           0,        1738,       -7.02771356,       -5.05647148,      -5.280606007,      -4.906534959,      -7.642881213
          0,           0,        1739,      -6.996205016,      -5.057812712,      -5.286738799,      -4.882230698,      -7.642794685
          0,           0,        1740,      -7.051620773,      -5.060239511,      -5.289234813,      -4.925129749,      -7.642708803
          0,           0,        1741,      -7.092032477,      -5.060481814,      -5.288129776,      -4.954638626,      -7.642624477
          0,           0,        1742,      -7.049268724,      -5.061116673,      -5.290212649,      -4.922757162,      -7.642541772
          0,           0,        1743,       -7.08847764,      -5.062983536,        -5.2934888,      -4.954617348,        -7.6424608
          0,           0,        1744,        -7.1000528,      -5.066062159,       -5.29554482,      -4.962758605,      -7.642380946
          0,           0,        1745,      -7.108132913,      -5.066327452,        -5.2969654,      -4.968342246,      -7.642301925
          0,           0,        1746,      -7.113798644,      -4.701695984,      -4.644033053,      -4.704668269,      -7.642223002
          0,           0,        1747,      -6.936922157,      -5.067267643,      -5.292746266,      -4.845528225,      -7.642144152
          0,           0,        1748,      -6.388066274,      -5.069034392,      -5.219170989,      -4.172058608,      -7.642064764
          0,           0,        1749,      -6.727556948,       -5.07144193,      -5.283542365,      -4.468263859,         -7.641985
          0,           0,        1750,      -6.894143531,      -5.071922806,      -5.296026661,       -4.62303417,      -7.641904991
          0,           0,        1751,      -6.943064468,      -5.074097192,      -5.301973291,      -4.760715135,      -7.641825605
          0,           0,        1752,      -6.957535851,       -5.07755587,      -5.306053466,       -4.87442199,      -7.641747323
          0,           0,        1753,      -6.989850986,      -5.077834163,      -5.308565667,      -4.918779091,      -7.641670852
          0,           0,        1754,       -7.03034804,      -5.077832592,      -5.310047312,       -4.95045012,      -7.641595709
          0,           0,        1755,      -7.058531986,      -5.080214889,       -5.31189037,       -4.96282616,      -7.641521783
          0,           0,        1756,      -7.086602854,      -5.083751527,      -5.314430902,      -4.979442765,      -7.641448412
          0,           0,        1757,       -7.11035438,      -5.084017553,      -5.315814809,      -4.985251728,      -7.641375578
          0,           0,        1758,      -7.119178616,      -5.084706168,      -5.317131142,      -4.990070026,      -7.641302838
          0,           0,        1759,      -7.122557316,      -5.086647363,      -5.318907648,      -4.991288115,      -7.641230574
          0,           0,        1760,      -7.132450658,      -5.089954478,      -5.321146803,      -4.995717905,      -7.641158582
          0,           0,        1761,      -7.137715539,      -5.073187386,      -5.223818553,      -4.548162326,      -7.641087319
          0,           0,        1762,      -7.046526297,      -5.089949541,      -5.317950435,       -4.93758195,      -7.641016548
          0,           0,        1763,      -7.089944486,      -5.092746563,      -5.325206132,      -4.965712458,       -7.64094656
          0,           0,        1764,      -7.128343487,      -5.096549268,      -5.327474481,      -4.986161711,      -7.640877113
          0,           0,        1765,      -7.138493442,      -5.096850201,      -5.329080467,      -4.996955914,       -7.64080869
          0,           0,        1766,       -7.14794135,      -5.097992194,      -5.330514698,      -5.002855918,      -7.640740954
          0,           0,        1767,      -7.149027348,      -5.099748564,      -5.332325629,       -5.00447715,      -7.640674192
          0,           0,        1768,      -7.153808836,      -5.102962369,      -5.334524355,      -5.008394302,      -7.640608109
          0,           0,        1769,      -7.157605391,      -5.103527425,      -5.335988015,      -5.011027499,      -7.640542781
          0,           0,        1770,      -7.158680881,      -5.096964646,      -5.296969196,      -4.922763365,      -7.640477781
          0,           0,        1771,       -6.15088594,      -4.211169602,      -4.759639519,      -3.911293414,      -7.640413978
          0,           0,        1772,      -6.565848693,      -4.844884411,      -5.294779929,      -4.607389867,      -7.640351877
          0,           0,        1773,       -6.31980857,      -4.119218331,      -4.885801279,      -4.155604872,      -7.640292323
          0,           0,        1774,      -6.250172416,      -4.396408177,      -5.162206575,      -4.105338621,      -7.640234421
          0,           0,        1775,      -6.428288696,       -4.43035785,      -5.252816009,      -4.269486915,      -7.640177636
          0,           0,        1776,      -6.609254576,      -4.534334798,       -5.28971188,      -4.508250144,       -7.64012057
          0,           0,        1777,      -6.685921396,      -4.630089344,      -5.317501944,      -4.679316495,      -7.640062693
          0,           0,        1778,      -6.768237599,       -4.71652095,      -5.333528214,      -4.789540837,      -7.640003351
          0,           0,        1779,      -6.856166585,      -4.792139228,       -5.34153488,       -4.85169063,       -7.63994309
          0,           0,        1780,       -6.94414301,      -4.857542865,      -5.347741347,       -4.90007468,      -7.639882403
          0,           0,        1781,      -7.018172138,      -4.912040502,       -5.35116823,      -4.940034766,      -7.639822529
          0,           0,        1782,      -7.072397865,      -4.957401719,      -5.354043717,       -4.97098707,      -7.639763891
          0,           0,        1783,      -7.116428878,      -4.995667455,      -5.357034278,      -4.997880666,      -7.639707091
          0,           0,        1784,      -7.133757623,      -5.027942027,      -5.360114975,      -5.007860741,        -7.6396517
          0,           0,        1785,      -7.147745503,      -5.051795274,      -5.362387098,      -5.016278466,      -7.639597436
          0,           0,        1786,      -7.152885791,      -5.069169179,      -5.363842721,      -5.019735013,      -7.639543109
          0,           0,        1787,       -7.16094598,      -5.068265059,      -5.365892629,      -5.023751061,      -7.639488068
          0,           0,        1788,      -7.168360287,      -5.121277868,      -5.368854687,      -5.027365873,      -7.639431292
          0,           0,        1789,      -7.181522428,      -5.116204115,      -5.370785774,      -5.033852442,      -7.639372587
          0,           0,        1790,      -7.185552951,      -5.111348942,      -5.371732166,      -5.040487288,       -7.63931152
          0,           0,        1791,      -7.185629103,      -5.119129515,      -5.374081065,      -5.044506625,       -7.63924844
          0,           0,        1792,      -7.190231022,      -5.127185243,      -5.376682044,      -5.048541609,      -7.639183453
          0,           0,        1793,      -7.194669972,      -5.130913043,      -5.378262026,      -5.051244514,      -7.639117313
          0,           0,        1794,      -7.195159748,      -5.133697063,      -5.379416458,      -5.051898755,      -7.639050118
          0,           0,        1795,      -7.195315483,      -5.138494049,      -5.381495885,      -5.052173751,      -7.638982464
          0,           0,        1796,      -7.201449592,       -5.14441693,      -5.384079842,      -5.056723941,      -7.638914303
          0,           0,        1797,      -7.207722095,      -5.146079304,      -5.385522639,      -5.060865823,      -7.638846054
          0,           0,        1798,      -7.210136336,      -5.147675176,      -5.386708934,      -5.062751134,      -7.638777381
          0,           0,        1799,       -7.21242653,      -5.151089861,      -5.388680732,      -5.064044698,      -7.638708476
          0,           0,        1800,      -7.219719374,      -5.156019019,      -5.391174167,      -5.068788619,      -7.638638962
          0,           0,        1801,      -7.226369411,      -5.156916292,      -5.392575107,      -5.072721454,      -7.638569018
          0,           0,        1802,      -7.228411038,      -5.157284643,      -5.393590166,      -5.074198375,      -7.638498191
          0,           0,        1803,      -7.228588172,      -5.160594986,      -5.395587999,      -5.074253633,      -7.638426611
          0,           0,        1804,      -7.235466276,      -5.165495222,      -5.398218483,      -5.078950109,       -7.63835389
          0,           0,        1805,      -7.240563014,      -5.165878543,      -5.399567995,      -5.082362886,      -7.638280233
          0,           0,        1806,      -7.239662984,      -5.166719503,      -5.400744433,       -5.08266374,      -7.638205188
          0,           0,        1807,      -7.238323551,      -5.169301581,       -5.40266081,      -5.082451121,      -7.638128909
          0,           0,        1808,      -7.240865741,      -5.173716206,       -5.40511673,       -5.08510786,      -7.638051029
          0,           0,        1809,      -7.242200136,      -5.174063501,      -5.406465122,      -5.086773574,      -7.637971765
          0,           0,        1810,      -7.238566011,      -5.173683699,      -5.407334719,      -5.085750928,      -7.637890747
          0,           0,        1811,      -7.232874434,      -5.176908011,      -5.409305111,      -5.082985701,      -7.637808206
          0,           0,        1812,       -7.23555512,      -5.181868961,      -5.411972848,      -5.085802182,      -7.637723899
          0,           0,        1813,      -7.237286419,      -5.181870753,      -5.413196882,      -5.087655219,      -7.637638228
          0,           0,        1814,      -7.234512275,       -5.18281125,       -5.41432384,      -5.086934599,      -7.637550957
          0,           0,        1815,      -7.233821033,      -5.185013733,       -5.41609495,      -5.087102048,      -7.637462503
          0,           0,        1816,      -7.237806442,      -5.189204931,      -5.418374504,      -5.090597272,      -7.637372764
          0,           0,        1817,      -7.242549036,      -5.189365474,      -5.419586813,      -5.094246161,      -7.637282193
          0,           0,        1818,      -7.244146624,      -5.188579114,       -5.42027776,      -5.096203856,      -7.637190633
          0,           0,        1819,       -7.24392432,      -5.191732418,      -5.422132931,      -5.096597101,      -7.637098446
          0,           0,        1820,      -7.253344602,      -5.196738002,      -5.424794025,      -5.103473651,      -7.637005445
          0,           0,        1821,      -7.261800897,      -5.196373131,      -5.425918405,      -5.109339028,      -7.636911999
          0,           0,        1822,      -7.264453696,      -5.197166781,      -5.427017735,      -5.111855066,      -7.636817774
          0,           0,        1823,      -7.268701098,      -5.199068884,      -5.428787204,      -5.114936492,       -7.63672303
          0,           0,        1824,      -7.276686718,       -5.20309389,       -5.43110803,      -5.120678518,      -7.636627487
          0,           0,        1825,      -7.284240101,      -5.202973321,      -5.432366537,      -5.125743788,      -7.636531421
          0,           0,        1826,      -7.286547903,      -5.201892683,      -5.433099061,      -5.127897826,      -7.636434533
          0,           0,        1827,      -7.285083968,      -5.204887166,      -5.435027959,      -5.127292722,      -7.636337083
          0,           0,        1828,      -7.293590357,       -5.20989349,      -5.437808514,       -5.13310682,      -7.636238843
          0,           0,        1829,      -7.299552834,      -5.209253484,      -5.438933419,       -5.13691323,      -7.636140196
          0,           0,        1830,      -7.297267819,      -5.209768001,      -5.439970274,       -5.13604723,      -7.636040866
          0,           0,        1831,      -7.295605826,      -5.211629037,       -5.44171324,      -5.135083559,      -7.635941198
          0,           0,        1832,      -7.297746267,       -5.21576783,      -5.444018556,      -5.136805765,      -7.635841009
          0,           0,        1833,      -7.298641146,      -5.215446391,      -5.445118538,      -5.137406334,      -7.635740654
          0,           0,        1834,      -7.293767277,      -5.214083093,      -5.445606423,      -5.134860344,      -7.635639887
          0,           0,        1835,      -7.285556976,      -5.217176533,      -5.447384569,      -5.129872359,      -7.635538984
          0,           0,        1836,      -7.288854778,       -5.22237305,      -5.450043951,      -5.132458426,      -7.635437688
          0,           0,        1837,      -7.290659277,      -5.221573842,      -5.450923043,      -5.133841001,      -7.635336316
          0,           0,        1838,      -7.286294613,      -5.222101157,      -5.451737989,      -5.131830535,      -7.635234498
          0,           0,        1839,      -7.284714082,      -5.223860954,      -5.453265573,       -5.13128223,      -7.635132464
          0,           0,        1840,      -7.288450494,      -5.227993267,      -5.455378196,      -5.134609156,      -7.635029917
          0,           0,        1841,      -7.292833707,      -5.227512214,      -5.456273487,      -5.138106247,      -7.634927105
          0,           0,        1842,      -7.293110448,      -5.225931257,      -5.456564216,      -5.139463568,      -7.634823701
          0,           0,        1843,      -7.290665176,      -5.228919197,      -5.458204793,      -5.138810446,      -7.634719922
          0,           0,        1844,      -7.300143393,      -5.234118157,      -5.460814318,      -5.146156892,      -7.634615489
          0,           0,        1845,      -7.308073184,      -5.232998295,      -5.461574865,       -5.15209934,      -7.634510723
          0,           0,        1846,      -7.308237734,      -5.233163496,      -5.462153234,      -5.153515093,      -7.634405281
          0,           0,        1847,       -7.30894869,      -5.234794812,      -5.463829032,      -5.154773171,       -7.63429951
          0,           0,        1848,      -7.316760016,       -5.23884257,      -5.466026378,      -5.160838366,      -7.634193142
          0,           0,        1849,      -7.322150055,      -5.236601461,      -5.463526833,      -5.164853351,      -7.634086613
          0,           0,        1850,      -7.268189302,      -5.228466436,       -5.46510234,      -5.129483358,      -7.633980443
          0,           0,        1851,      -7.304523408,      -5.230301122,      -5.468768148,      -5.155662669,      -7.633871518
          0,           0,        1852,      -7.317092619,      -5.244053859,      -5.471313322,      -5.163701378,      -7.633762551
          0,           0,        1853,      -7.318914923,      -5.242897122,      -5.472299767,      -5.165074818,      -7.633653388
          0,           0,        1854,      -7.316098515,      -5.242531134,      -5.471618626,      -5.163778939,      -7.633543337
          0,           0,        1855,      -7.304794638,      -5.244341267,      -5.473861754,      -5.155736959,      -7.633433066
          0,           0,        1856,      -7.319463578,      -5.248711833,      -5.476887849,      -5.165902972,      -7.633322157
          0,           0,        1857,      -7.324365699,      -5.247664211,      -5.477403545,       -5.16845077,      -7.633210925
          0,           0,        1858,      -7.316860311,      -5.245442158,      -5.477603337,      -5.164112213,      -7.633099016
          0,           0,        1859,       -7.30642128,      -5.248652898,      -5.479558381,      -5.157630846,      -7.632986678
          0,           0,        1860,      -7.317355163,      -5.254030809,      -5.482331694,      -5.164896994,      -7.632873719
          0,           0,        1861,      -7.321474322,      -5.252555445,      -5.483007817,      -5.167751174,       -7.63276039
          0,           0,        1862,       -7.31770142,      -5.238205263,      -5.443983296,      -5.165878985,       -7.63264462
          0,           0,        1863,      -5.174256173,      -5.043234739,      -4.108694218,      -3.128435085,      -7.632520996
          0,           0,        1864,      -5.546439426,      -5.172507287,      -4.426462943,      -3.483812447,      -7.632386297
          0,           0,        1865,      -5.611873246,      -5.213566926,      -4.651352075,      -3.544224261,      -7.632241743
          0,           0,        1866,      -5.689025348,      -5.158183493,      -4.869490533,      -3.628427824,      -7.632094032
          0,           0,        1867,      -5.833275396,      -5.164904336,      -5.022284927,      -3.776432161,      -7.631954461
          0,           0,        1868,      -5.978162694,      -5.237041023,      -5.155913902,      -3.932155791,      -7.631829678
          0,           0,        1869,      -6.090557957,      -5.206440754,      -5.285388829,      -4.044486344,      -7.631720715
          0,           0,        1870,      -6.187261891,      -5.258541567,      -5.379129204,      -4.144325717,      -7.631619118
          0,           0,        1871,      -6.287939865,      -5.125239818,      -5.400949403,      -4.245796217,      -7.631518727
          0,           0,        1872,      -6.410583355,      -5.263053712,      -5.444406811,      -4.370090039,      -7.631409875
          0,           0,        1873,      -6.531764594,       -5.25078192,      -5.452267105,      -4.484081985,      -7.631292282
          0,           0,        1874,      -6.633325367,      -5.262429624,      -5.467543974,      -4.589371152,      -7.631163211
          0,           0,        1875,      -6.752255282,      -5.267663276,      -5.472403762,      -4.661972403,      -7.631025561
          0,           0,        1876,         -6.786931,      -5.267163561,      -5.480042323,      -4.655848797,      -7.630883117
          0,           0,        1877,      -6.880943228,      -5.269830184,      -5.493509676,      -4.795353953,      -7.630739086
          0,           0,        1878,      -6.910339805,      -5.270035999,      -5.494339851,      -4.859869563,      -7.630597199
          0,           0,        1879,      -6.955636459,      -5.269263483,      -5.498905672,      -4.911389962,      -7.630459755
          0,           0,        1880,       -6.98558297,      -5.128672394,      -5.036364073,      -3.883222503,      -7.630328657
          0,           0,        1881,       -6.88771797,      -5.275371148,      -5.447900094,      -4.754048999,      -7.630204083
          0,           0,        1882,      -6.838417192,      -5.265447651,      -5.499054054,      -4.751331797,      -7.630085728
          0,           0,        1883,      -6.978424577,      -5.267132836,      -5.503827367,      -4.917564928,      -7.629972282
          0,           0,        1884,      -7.015128602,      -5.271138364,      -5.505263439,      -4.957719052,      -7.629863046
          0,           0,        1885,      -7.038439023,      -5.278474284,      -5.510251952,      -4.987483919,      -7.629756843
          0,           0,        1886,      -7.045811109,      -5.276992029,      -5.506286298,      -4.907446238,      -7.629653493
          0,           0,        1887,      -7.067881066,      -5.277744494,      -5.508858364,      -4.969872305,      -7.629552394
          0,           0,        1888,      -7.072224145,      -5.278840088,      -5.514086945,      -4.990413986,      -7.629453717
          0,           0,        1889,      -7.071427728,      -5.282933266,       -5.51649144,      -4.989105829,      -7.629357338
          0,           0,        1890,      -7.067793341,      -5.281973889,      -5.517420176,       -4.99001685,      -7.629263535
          0,           0,        1891,      -7.062175033,      -5.281395925,      -5.511567444,      -4.945625565,      -7.629172078
          0,           0,        1892,      -7.044293698,      -5.283638307,      -5.513641802,      -4.967424882,       -7.62908286
          0,           0,        1893,      -7.047612457,      -5.289905528,      -5.521401812,      -4.970636538,      -7.628996705
          0,           0,        1894,      -7.043319437,      -5.288487405,      -5.521391201,      -4.965648288,      -7.628913417
          0,           0,        1895,      -7.036799053,      -5.286387268,      -5.520819988,      -4.959366888,      -7.628831907
          0,           0,        1896,      -7.032814517,      -5.280722721,      -5.451148698,      -4.780830093,      -7.628752092
          0,           0,        1897,      -6.138238836,      -5.283300949,      -5.067225023,      -3.957905073,      -7.628673827
          0,           0,        1898,      -6.460122391,      -5.291568169,      -5.335918691,      -4.237924901,      -7.628597816
          0,           0,        1899,      -6.609672537,      -5.291649954,      -5.434826179,       -4.37109013,      -7.628524686
          0,           0,        1900,      -6.692101846,      -5.294527621,      -5.479255369,      -4.519675637,      -7.628455821
          0,           0,        1901,      -6.742762087,      -5.300379779,      -5.501724954,      -4.691266292,      -7.628392276
          0,           0,        1902,      -6.803939418,      -5.298242951,      -5.512943906,      -4.770764373,      -7.628335169
          0,           0,        1903,      -6.855736339,      -5.294389315,      -5.516400353,      -4.840715039,      -7.628284123
          0,           0,        1904,      -6.896789946,       -5.29808282,      -5.520641168,       -4.88214281,      -7.628238668
          0,           0,        1905,      -6.946876098,      -5.305168934,      -5.525892343,      -4.919889123,      -7.628197528
          0,           0,        1906,      -6.979983901,      -5.302883817,      -5.527794578,      -4.939080968,       -7.62815996
          0,           0,        1907,      -7.000418138,      -5.303546632,      -5.529762584,      -4.949147599,      -7.628124811
          0,           0,        1908,      -7.023935257,      -5.304996058,      -5.532756517,      -4.968712372,      -7.628091755
          0,           0,        1909,      -7.049288356,      -5.310013735,      -5.537085065,      -4.985975237,      -7.628059981
          0,           0,        1910,       -7.07152889,      -5.308707067,      -5.538723707,      -5.006790627,      -7.628029352
          0,           0,        1911,      -7.100361175,      -5.306773423,      -5.540461337,      -5.030004814,      -7.627999302
          0,           0,        1912,      -7.128514164,      -5.309604273,      -5.542847361,      -5.054427169,      -7.627969791
          0,           0,        1913,      -7.156356774,      -5.316060443,      -5.545723029,      -5.061060282,      -7.627940485
          0,           0,        1914,       -7.18014046,      -5.313933296,      -5.547576022,      -5.090915003,      -7.627911736
          0,           0,        1915,      -7.197522496,      -5.311574895,      -5.542995205,      -5.014637942,      -7.627883271
          0,           0,        1916,      -7.173698593,      -5.315220022,      -5.550224359,      -5.093234501,      -7.627855472
          0,           0,        1917,      -7.184776904,      -5.322052505,       -5.55574904,      -5.102592905,      -7.627828342
          0,           0,        1918,      -7.185582386,       -5.32042769,      -5.557401594,      -5.096248302,      -7.627802225
          0,           0,        1919,      -7.178052548,      -5.318588568,      -5.557836253,      -5.081228926,      -7.627777021
          0,           0,        1920,      -7.168334708,      -5.322560024,      -5.560907108,      -5.075620313,      -7.627753167
          0,           0,        1921,      -7.170039295,      -5.330253347,      -5.565127408,      -5.075078346,      -7.627730346
          0,           0,        1922,      -7.173398518,      -5.328545414,      -5.565651011,      -5.074436013,      -7.627708532
          0,           0,        1923,      -7.179091371,       -5.32774371,      -5.566248741,      -5.079702596,      -7.627687687
          0,           0,        1924,      -7.190493322,      -5.330913106,      -5.568018466,      -5.088500895,      -7.627668186
          0,           0,        1925,      -7.207645935,      -5.337996614,      -5.571027231,      -5.105125877,      -7.627649722
          0,           0,        1926,      -7.228987589,      -5.336178963,      -5.571380083,      -5.121501717,      -7.627632406
          0,           0,        1927,      -7.246647221,      -5.333515347,      -5.570705271,      -5.135784124,      -7.627615483
          0,           0,        1928,      -7.260590624,      -4.739628034,      -4.567726822,       -3.78489247,      -7.627598791
          0,           0,        1929,      -6.989748259,      -5.344917843,      -5.563799489,      -4.936275708,      -7.627581653
          0,           0,        1930,      -7.097860176,      -5.342486718,      -5.553607464,       -5.02026524,      -7.627564047
          0,           0,        1931,      -7.172804584,      -5.342090153,      -5.573782324,      -5.053693896,      -7.627545657
          0,           0,        1932,      -7.240813434,      -5.344904437,      -5.577157647,      -5.135717851,      -7.627527047
          0,           0,        1933,      -7.306325508,      -5.351655802,      -5.581506771,      -5.195066087,       -7.62750848
          0,           0,        1934,      -7.326495012,      -5.349919847,      -5.584319281,      -5.207423923,       -7.62749083
          0,           0,        1935,      -7.337462281,      -5.346784615,      -5.584932755,      -5.220592127,      -7.627473913
          0,           0,        1936,      -7.343092612,      -5.351110823,      -5.587397414,      -5.229549399,      -7.627457974
          0,           0,        1937,      -7.364505019,      -5.359538055,      -5.592340325,      -5.244974745,      -7.627442539
          0,           0,        1938,      -7.385324755,      -5.357045831,      -5.593493787,      -5.258814024,      -7.627427707
          0,           0,        1939,      -7.395466063,      -5.355335331,      -5.583302217,      -5.250021011,      -7.627413033
          0,           0,        1940,      -7.268140894,      -5.358110973,      -5.587049565,      -5.156232509,      -7.627398573
          0,           0,        1941,      -7.353642734,      -5.365824178,      -5.599273299,      -5.241319932,      -7.627383936
          0,           0,        1942,      -7.377529386,      -5.363699937,      -5.600742701,      -5.248621309,      -7.627369458
          0,           0,        1943,      -7.373979185,      -5.360008057,        -5.6015339,      -5.245130174,      -7.627354774
          0,           0,        1944,      -7.374569412,      -5.180348782,      -5.228261084,      -4.648182081,      -7.627340127
          0,           0,        1945,      -7.105844093,      -5.372230105,      -5.593070523,      -5.054121824,      -7.627325202
          0,           0,        1946,      -7.298973702,      -5.370784577,      -5.610420843,      -5.175424243,      -7.627310206
          0,           0,        1947,      -7.356843985,      -5.370583694,      -5.611341813,      -5.223356581,      -7.627294699
          0,           0,        1948,      -7.368114428,      -5.372966247,      -5.613935523,      -5.236663993,      -7.627278996
          0,           0,        1949,      -7.380808789,      -5.380012258,      -5.617773965,       -5.24787073,      -7.627262812
          0,           0,        1950,      -7.390142054,      -5.368156424,      -5.566350768,      -5.195944386,      -7.627246411
          0,           0,        1951,      -6.438592224,      -5.234627382,      -5.268935777,       -4.41117068,      -7.627229238
          0,           0,        1952,      -6.755454523,      -5.332933511,      -5.466401291,      -4.690906495,      -7.627211092
          0,           0,        1953,      -6.780267519,      -5.354143632,      -5.556675162,      -4.705144491,      -7.627191722
          0,           0,        1954,      -6.845922169,      -5.365451909,      -5.599772995,      -4.772929111,      -7.627171656
          0,           0,        1955,      -6.970520469,      -5.378646243,      -5.615233562,      -4.915987867,      -7.627151133
          0,           0,        1956,      -7.143616887,      -5.378489934,      -5.623019924,      -5.057551551,      -7.627130772
          0,           0,        1957,      -7.212619994,      -5.385013828,       -5.62842473,      -5.111344324,      -7.627110275
          0,           0,        1958,      -7.258762028,      -5.391255787,      -5.632923668,      -5.169591156,      -7.627089646
          0,           0,        1959,      -7.323930757,      -5.390502692,      -5.633681292,      -5.225501098,      -7.627068186
          0,           0,        1960,      -7.359990618,      -5.393954794,      -5.636886307,      -5.253977964,      -7.627045655
          0,           0,        1961,      -7.415782108,      -5.402852469,      -5.640693906,      -5.291624696,      -7.627021645
          0,           0,        1962,      -7.446123778,      -5.400241002,      -5.641783578,      -5.311904832,      -7.626996438
          0,           0,        1963,      -7.464531827,      -5.395474845,      -5.641455158,      -5.317695524,      -7.626969743
          0,           0,        1964,      -7.448566125,      -5.400998195,      -5.641329168,      -5.311394417,      -7.626941885
          0,           0,        1965,      -7.451581534,      -5.411407046,      -5.648311858,      -5.312966735,      -7.626914244
          0,           0,        1966,      -7.473763933,       -5.39864105,      -5.566640679,       -5.15169867,       -7.62688638
          0,           0,        1967,      -7.291083959,      -5.407699271,      -5.642790994,      -5.209301735,       -7.62685752
          0,           0,        1968,      -7.435951943,      -5.410050738,      -5.651113365,      -5.297597228,      -7.626827381
          0,           0,        1969,      -7.447798917,      -5.417756474,      -5.655636303,      -5.304714709,      -7.626824335
          0,           0,        1970,      -7.463445191,      -5.415161172,      -5.655650143,      -5.312352361,      -7.626809014
          0,           0,        1971,       -7.45656899,       -5.41094644,      -5.655537369,      -5.310064985,       -7.62678316
          0,           0,        1972,      -7.450830246,      -5.415857002,      -5.657717718,      -5.309578156,      -7.626751479
          0,           0,        1973,      -7.464486678,        -5.0199048,       -4.80035861,       -4.44375469,      -7.626716896
          0,           0,        1974,      -6.906818483,      -5.421964976,      -5.655461636,      -4.852290599,      -7.626681035
          0,           0,        1975,      -7.088028659,      -5.420557388,      -5.647048695,      -5.041575512,      -7.626643832
          0,           0,        1976,      -7.325232261,      -5.423772032,      -5.660244342,       -5.22115584,      -7.626605535
          0,           0,        1977,      -7.386408829,      -5.432706095,      -5.667647075,      -5.262487263,      -7.626565823
          0,           0,        1978,      -7.454237439,      -5.429422903,       -5.66755631,       -5.31047661,      -7.626525012
          0,           0,        1979,      -7.466565064,      -5.423250777,      -5.665178353,      -5.324061366,      -7.626482114
          0,           0,        1980,      -7.431739824,      -5.429071485,      -5.668895576,      -5.306781339,      -7.626441148
          0,           0,        1981,       -7.48413939,      -5.388465483,      -5.393630902,      -5.196703026,      -7.626339854
          0,           0,        1982,      -6.989065061,      -5.432964976,      -5.593725873,      -4.970574917,      -7.626285094
          0,           0,        1983,      -7.245363475,      -5.434258279,      -5.644524166,      -5.136324554,      -7.626242257
          0,           0,        1984,       -7.23669085,      -5.437287593,      -5.668693622,      -5.123630686,      -7.626199081
          0,           0,        1985,      -7.307963357,       -5.44629357,      -5.678984303,       -5.19345755,      -7.626153739
          0,           0,        1986,      -7.412374845,      -5.442860949,      -5.679859974,      -5.284148224,      -7.626106473
          0,           0,        1987,      -7.449291964,      -5.437750931,      -5.680393096,      -5.317802931,      -7.626057668
          0,           0,        1988,      -7.467510761,      -5.443041085,      -5.683524217,       -5.33639491,      -7.626007881
          0,           0,        1989,      -7.492730805,      -5.451777304,      -5.668572598,      -5.353638821,      -7.625957033
          0,           0,        1990,      -7.232653268,      -5.444759353,      -5.668084529,      -5.142902562,      -7.625905371
          0,           0,        1991,      -7.429748581,      -5.446687554,      -5.685454166,      -5.268330464,      -7.625852407
          0,           0,        1992,      -7.441913158,      -5.449342723,      -5.688336966,      -5.289176588,      -7.625798441
          0,           0,        1993,      -7.453177076,      -5.459288631,      -5.693745585,      -5.317222777,      -7.625743158
          0,           0,        1994,      -7.473330812,      -5.421409872,      -5.625833708,        -5.0910792,      -7.625686877
          0,           0,        1995,      -6.758006248,      -4.428290577,      -5.629143355,      -4.493487008,      -7.625629226
          0,           0,        1996,      -6.263633441,      -4.075476348,      -4.986334091,      -4.190120337,      -7.625570678
          0,           0,        1997,      -6.365230037,       -4.59574257,      -5.329228955,      -4.310897265,      -7.625511642
          0,           0,        1998,      -6.485923469,      -4.524170088,      -5.505816105,      -4.426173786,      -7.625452791
          0,           0,        1999,      -6.753814934,      -4.640808599,      -5.568147592,      -4.662509009,      -7.625393229
          0,           0,        2000,      -6.968274664,      -4.759139792,      -5.623549663,      -4.838260905,      -7.625332058
          0,           0,        2001,       -7.15566114,      -4.878924316,      -5.660331421,      -5.005014998,      -7.625268022
          0,           0,        2002,      -7.294385634,      -4.987041172,      -5.675829015,      -5.164947407,      -7.625201126
          0,           0,        2003,      -7.355230132,      -5.012525012,      -5.678147988,      -5.242134008,      -7.625131587
          0,           0,        2004,      -7.359862603,      -5.255755911,      -5.700115878,      -5.287653465,      -7.625060716
          0,           0,        2005,      -7.395442635,      -5.315375671,      -5.707342202,      -5.309050496,      -7.624988496
          0,           0,        2006,        -7.4370567,      -5.341412949,      -5.706790625,       -5.33612367,      -7.624918659
          0,           0,        2007,      -7.456833101,      -5.327674627,      -5.703545037,      -5.350806518,      -7.624848561
          0,           0,        2008,      -7.479763513,      -5.325591591,      -5.704820763,      -5.363544632,      -7.624779166
          0,           0,        2009,      -7.495608164,      -5.429637063,      -5.714668071,      -5.377585647,      -7.624709966
          0,           0,        2010,      -7.516001073,      -5.415353145,      -5.713649044,      -5.387023625,      -7.624640932
          0,           0,        2011,      -7.517734861,          -5.42092,      -5.712503768,      -5.389206329,      -7.624571219
          0,           0,        2012,       -7.51614552,       -5.45912716,      -5.715184266,      -5.382195968,      -7.624500769
          0,           0,        2013,      -7.525930344,      -5.454165036,      -5.718961133,      -5.394114993,      -7.624429154
          0,           0,        2014,      -7.541966222,      -5.452945997,      -5.719003687,      -5.399739687,       -7.62435651
          0,           0,        2015,      -7.532973674,      -5.464602865,      -5.717129934,      -5.393585178,      -7.624282583
          0,           0,        2016,      -7.519862172,       -5.46331436,      -5.719372601,      -5.388928711,      -7.624207764
          0,           0,        2017,      -7.536434857,      -5.476825798,       -5.72514765,      -5.397981333,      -7.624131904
          0,           0,        2018,      -7.545039286,      -5.481255564,      -5.724294684,      -5.398600691,      -7.624055492
          0,           0,        2019,      -7.535032797,      -5.474556092,      -5.723531182,      -5.396292996,      -7.623978377
          0,           0,        2020,      -7.533271403,      -5.476925015,      -5.725527044,      -5.394209594,      -7.623900869
          0,           0,        2021,      -7.537632529,      -5.493144626,      -5.729911392,      -5.399287752,      -7.623822791
          0,           0,        2022,      -7.546841579,      -5.486177937,      -5.729635444,       -5.40303982,      -7.623744503
          0,           0,        2023,      -7.540096217,      -5.478765028,      -5.727216168,      -5.398789949,      -7.623665674
          0,           0,        2024,      -7.520393397,      -5.469992243,      -5.715451473,      -5.359451753,      -7.623586564
          0,           0,        2025,      -7.424371775,      -5.490820559,      -5.725051566,      -5.322398277,      -7.623506961
          0,           0,        2026,      -7.508744107,      -5.494734651,      -5.733747245,      -5.378163253,      -7.623427152
          0,           0,        2027,      -7.512340982,      -5.489173069,      -5.731833757,      -5.376902131,      -7.623346921
          0,           0,        2028,      -7.500999137,      -5.492214304,      -5.734238868,      -5.373385823,      -7.623266521
          0,           0,        2029,      -7.509300508,      -5.485439208,       -5.72074639,      -5.352383543,      -7.623185798
          0,           0,        2030,      -7.396093364,       -5.48517817,      -5.723154413,      -5.292451346,      -7.623105065
          0,           0,        2031,      -7.477985205,      -5.490454765,      -5.733565661,       -5.36094778,      -7.623023992
          0,           0,        2032,      -7.477393229,      -5.493733947,      -5.735298972,      -5.356968475,      -7.622942885
          0,           0,        2033,      -7.486422138,      -5.508427957,      -5.741919384,      -5.367566126,      -7.622861449
          0,           0,        2034,      -7.499878431,        -5.1031852,      -5.409166303,      -4.850843802,      -7.622780036
          0,           0,        2035,      -6.903311601,      -5.473376354,      -5.611975029,      -4.905125537,      -7.622698297
          0,           0,        2036,      -7.188525951,      -5.493889588,      -5.691416232,      -5.083793808,      -7.622616355
          0,           0,        2037,      -7.201177388,      -5.508674817,      -5.730665393,       -5.07963293,      -7.622534077
          0,           0,        2038,      -7.287156001,      -5.506023731,      -5.739606253,      -5.170796497,      -7.622451722
          0,           0,        2039,      -7.387086275,      -5.499942874,      -5.738546338,      -5.278484237,      -7.622369216
          0,           0,        2040,      -7.430793612,      -5.506360711,      -5.743376903,        -5.3245844,      -7.622286967
          0,           0,        2041,      -7.471143244,      -5.520583391,      -5.750013996,      -5.368378481,       -7.62220474
          0,           0,        2042,      -7.495985176,      -5.511682312,      -5.734342514,       -5.38934408,      -7.622122862
          0,           0,        2043,      -7.382997138,       -5.50915781,      -5.738540342,      -5.279019564,      -7.622040928
          0,           0,        2044,      -7.463564475,      -5.513035303,      -5.750133126,      -5.371664674,      -7.621958905
          0,           0,        2045,      -7.507579664,      -5.524933347,      -5.754574219,      -5.402158694,      -7.621876315
          0,           0,        2046,      -7.529160536,      -5.518533834,       -5.75516837,      -5.415179134,      -7.621793118
          0,           0,        2047,      -7.538533742,       -5.49600429,      -5.692241954,      -5.406650331,      -7.621708871
          0,           0,        2048,      -6.903239688,      -5.469590103,      -5.594857736,      -4.875742501,       -7.62162369
          0,           0,        2049,      -7.204512022,      -5.519890282,      -5.713280788,      -5.127983661,      -7.621537184
          0,           0,        2050,      -7.232958277,      -5.513604244,      -5.739086658,      -5.143473035,      -7.621449777
          0,           0,        2051,      -7.268966756,      -5.513607825,       -5.75185216,      -5.182048015,      -7.621361217
          0,           0,        2052,      -7.359439261,      -5.522362728,      -5.758436978,      -5.284061654,      -7.621272018
          0,           0,        2053,       -7.46804518,      -5.529939817,      -5.763149465,      -5.363974608,      -7.621182158
          0,           0,        2054,      -7.494581941,      -5.197202197,       -5.36928503,      -5.028176443,      -7.621091957
          0,           0,        2055,      -6.952806825,        -5.5156851,       -5.66606197,      -4.938722973,      -7.621001113
          0,           0,        2056,       -7.22504657,       -5.52386745,      -5.725134622,      -5.140424718,      -7.620909693
          0,           0,        2057,      -7.247682869,      -5.539614479,       -5.76028684,      -5.144634113,      -7.620817594
          0,           0,        2058,      -7.332610879,      -5.532300268,      -5.766768344,      -5.227631519,       -7.62072518
          0,           0,        2059,      -7.429712058,      -5.527231467,       -5.76523639,      -5.322508337,      -7.620632485
          0,           0,        2060,      -7.466187365,      -5.531361355,      -5.769828482,      -5.356990782,      -7.620540097
          0,           0,        2061,      -7.498763191,      -5.544705201,      -5.775765575,      -5.389713902,      -7.620447876
          0,           0,        2062,      -7.515852052,      -5.535089232,      -5.747552632,      -5.404691956,      -7.620356151
          0,           0,        2063,      -7.268891456,       -5.52372089,      -5.745717909,      -5.068012689,      -7.620264444
          0,           0,        2064,      -7.354239022,      -5.534068565,      -5.769875047,      -5.314305698,      -7.620172679
          0,           0,        2065,      -7.405834626,      -5.549151419,      -5.777628764,       -5.35836063,      -7.620080494
          0,           0,        2066,      -7.437577424,      -5.541346102,      -5.778855956,      -5.390154121,      -7.619988079
          0,           0,        2067,      -7.470117507,      -5.306289623,      -5.379927612,      -4.680091476,      -7.619895258
          0,           0,        2068,      -7.107643094,      -5.538442995,      -5.761661422,      -5.056897747,      -7.619802533
          0,           0,        2069,      -7.487984237,      -5.554309498,      -5.785682917,      -5.376209802,      -7.619710067
          0,           0,        2070,      -7.528817062,      -5.546673882,      -5.783651935,         -5.411868,       -7.61961864
          0,           0,        2071,      -7.530269303,      -5.536449796,      -5.782501296,      -5.422936588,      -7.619528031
          0,           0,        2072,       -7.54351631,      -5.543926681,      -5.785682942,      -5.442387928,      -7.619437924
          0,           0,        2073,      -7.567946091,      -5.560497517,       -5.79302779,      -5.460023563,      -7.619349524
          0,           0,        2074,      -7.591551563,      -5.551897353,      -5.792536082,       -5.46961765,      -7.619263287
          0,           0,        2075,       -7.57601124,      -5.548528724,      -5.791468635,      -5.461968208,      -7.619178414
          0,           0,        2076,      -7.567561397,      -5.548335898,      -5.774557521,      -5.445719543,      -7.619095639
          0,           0,        2077,      -7.394114003,      -5.562928023,      -5.785261055,      -5.310090108,      -7.619016064
          0,           0,        2078,      -7.528264946,      -5.557060485,      -5.797548519,       -5.42951319,      -7.618941159
          0,           0,        2079,       -7.54579012,      -5.545679097,       -5.79380082,      -5.435206626,      -7.618871063
          0,           0,        2080,      -7.526225452,      -5.553667769,      -5.798041856,      -5.420638006,      -7.618805316
          0,           0,        2081,        -7.5484651,      -5.409754006,      -5.426161509,      -5.123142451,       -7.61874254
          0,           0,        2082,      -6.984578334,      -5.555993175,      -5.675391237,      -4.965319102,       -7.61868177
          0,           0,        2083,      -7.235808323,      -5.557582204,      -5.751091451,      -5.154016279,      -7.618621417
          0,           0,        2084,      -7.237162903,      -5.560979874,       -5.79035783,      -5.146875314,      -7.618560811
          0,           0,        2085,      -7.321643617,      -5.574543026,      -5.807031865,      -5.230424397,      -7.618498756
          0,           0,        2086,      -7.444208857,      -5.567418154,      -5.806890045,      -5.344217866,      -7.618434955
          0,           0,        2087,      -7.493836049,      -5.557489451,      -5.807131875,      -5.390664491,      -7.618369451
          0,           0,        2088,      -7.513993013,      -5.565073904,      -5.810954823,      -5.413551852,      -7.618300006
          0,           0,        2089,      -7.551218735,      -5.579813643,      -5.791250011,      -5.443493029,      -7.618227275
          0,           0,        2090,       -7.32976559,      -5.568829268,      -5.795573051,      -5.237764196,      -7.618151653
          0,           0,        2091,      -7.474493329,      -5.567090704,      -5.813396197,       -5.39613386,      -7.618073339
          0,           0,        2092,      -7.512309621,      -5.571475854,      -5.816478047,      -5.421900098,      -7.617992039
          0,           0,        2093,      -7.536450377,      -5.587248739,      -5.824619683,      -5.440079465,      -7.617908498
          0,           0,        2094,      -7.576377617,      -5.357716081,      -5.341307751,      -5.137484149,       -7.61782361
          0,           0,        2095,      -7.158318157,      -5.565806507,      -5.792687467,      -5.111921778,       -7.61773762
          0,           0,        2096,      -7.477240511,      -5.576588434,      -5.824219988,      -5.378611886,      -7.617651136
          0,           0,        2097,      -7.550598199,       -5.59563984,      -5.831806968,      -5.442920698,      -7.617564163
          0,           0,        2098,      -7.580769699,      -5.585973734,      -5.832168704,      -5.467625935,      -7.617477255
          0,           0,        2099,      -7.601708376,      -5.581747197,      -5.830464857,      -5.488606098,      -7.617390165
          0,           0,        2100,      -7.593099115,      -5.584853831,      -5.831301401,      -5.482340827,      -7.617303196
          0,           0,        2101,      -7.599970261,      -5.600697849,      -5.839503516,      -5.484389701,      -7.617216102
          0,           0,        2102,      -7.616511004,      -5.592204802,      -5.838387774,      -5.496906836,      -7.617129012
          0,           0,        2103,      -7.596450781,        -5.5792694,      -5.835152475,      -5.486094489,      -7.617041531
          0,           0,        2104,      -7.587441987,      -5.588619181,      -5.839267155,      -5.477032684,      -7.616953844
          0,           0,        2105,      -7.609714315,      -5.609296128,       -5.84857707,      -5.493378187,      -7.616865549
          0,           0,        2106,      -7.626242817,      -5.596475739,       -5.83148836,      -5.501390204,      -7.616776945
          0,           0,        2107,      -7.482338066,      -5.594535359,        -5.8367279,      -5.396573348,      -7.616687744
          0,           0,        2108,      -7.577595762,       -5.59809723,      -5.848210609,      -5.472768908,      -7.616598182
          0,           0,        2109,      -7.611354101,      -5.613457066,       -5.85334721,      -5.493764696,      -7.616508128
          0,           0,        2110,      -7.612557208,      -5.604894818,      -5.853492555,      -5.493530324,      -7.616417847
          0,           0,        2111,      -7.605981648,      -5.591268147,      -5.846842723,      -5.494889494,      -7.616327132
          0,           0,        2112,      -7.591705334,      -5.600916128,      -5.852232209,      -5.483007395,      -7.616236286
          0,           0,        2113,      -7.623230826,      -5.622200987,      -5.860095553,      -5.503759949,       -7.61614506
          0,           0,        2114,      -7.620306983,      -5.611481349,      -5.861601196,      -5.504323539,       -7.61605377
          0,           0,        2115,      -7.633853902,      -5.607154456,      -5.859989617,      -5.514749587,      -7.615962204
          0,           0,        2116,      -7.627558113,      -5.610583266,      -5.863046504,      -5.510690629,      -7.615870519
          0,           0,        2117,      -7.644284679,      -5.627235977,      -5.867793282,      -5.523322651,      -7.615778531
          0,           0,        2118,      -7.642378948,      -5.618018617,      -5.868614172,      -5.522173186,      -7.615686559
          0,           0,        2119,      -7.649284458,      -5.603415694,      -5.863578596,      -5.528462371,      -7.615594308
          0,           0,        2120,      -7.613994407,      -5.613639509,      -5.867990005,      -5.504605807,      -7.615502025
          0,           0,        2121,      -7.650925646,       -5.63672261,      -5.878951024,      -5.530281469,      -7.615409544
          0,           0,        2122,       -7.67127437,      -5.624480813,      -5.877134522,      -5.543399582,      -7.615317111
          0,           0,        2123,      -7.653061387,      -5.175895457,      -5.024021678,      -4.939957179,      -7.615224444
          0,           0,        2124,      -7.119137748,      -5.619029626,      -5.822730412,      -5.081169184,       -7.61513178
          0,           0,        2125,      -7.172632264,      -5.640457043,      -5.846979387,      -5.114151981,      -7.615038833
          0,           0,        2126,      -7.531626299,       -5.63087556,      -5.877496887,      -5.431262314,      -7.614945834
          0,           0,        2127,      -7.583039626,      -5.615892226,      -5.875218617,      -5.477639953,      -7.614852683
          0,           0,        2128,      -7.566870598,      -5.626227716,       -5.88160815,      -5.467542597,      -7.614759674
          0,           0,        2129,      -7.594860242,      -5.648200381,      -5.878025908,      -5.502241505,      -7.614666738
          0,           0,        2130,      -7.574750159,      -5.636700656,      -5.882025113,      -5.479739998,      -7.614574261
          0,           0,        2131,      -7.634503623,      -5.632111256,       -5.88915378,      -5.524394584,      -7.614481854
          0,           0,        2132,      -7.645470121,       -5.63561398,      -5.891098106,      -5.528762759,      -7.614389716
          0,           0,        2133,      -7.649635888,      -5.654395925,      -5.899873011,       -5.53135075,      -7.614297465
          0,           0,        2134,       -7.66730635,       -5.64339256,      -5.896483682,      -5.548042975,      -7.614205314
          0,           0,        2135,      -7.663230102,      -5.626921489,      -5.891807665,      -5.545849415,      -7.614113011
          0,           0,        2136,      -7.642885133,      -5.637774234,      -5.895501493,      -5.527975006,      -7.614020758
          0,           0,        2137,      -7.660005907,      -5.663692153,      -5.908963246,       -5.54228531,      -7.613928364
          0,           0,        2138,      -7.702348848,      -5.649613309,      -5.906866296,      -5.569103883,      -7.613836265
          0,           0,        2139,      -7.685730006,      -5.644707232,      -5.904104284,      -5.560248076,      -7.613744124
          0,           0,        2140,      -7.674803432,       -5.64634939,      -5.893491376,      -5.551959603,      -7.613652275
          0,           0,        2141,      -7.584362307,      -5.666578887,      -5.908565206,      -5.489151856,      -7.613560558
          0,           0,        2142,        -7.6901675,      -5.655513295,      -5.913199108,      -5.564524341,      -7.613469228
          0,           0,        2143,      -7.694865605,      -5.638485902,      -5.904601542,      -5.567602403,      -7.613378084
          0,           0,        2144,      -7.646982232,      -5.649395909,      -5.909258334,      -5.530968919,      -7.613287315
          0,           0,        2145,      -7.667596068,      -5.676265983,      -5.923073741,      -5.549556859,      -7.613196693
          0,           0,        2146,      -7.717526545,      -5.661301698,      -5.920471507,      -5.581122908,      -7.613106568
          0,           0,        2147,      -7.696063822,      -5.655011104,      -5.916943303,      -5.569728512,      -7.613016553
          0,           0,        2148,      -7.684144866,       -5.20356064,      -5.067950828,      -5.016008662,      -7.612926901
          0,           0,        2149,      -7.134149218,      -5.674238924,      -5.863733911,      -5.096697733,      -7.612837351
          0,           0,        2150,      -7.263091231,      -5.666513997,      -5.904082646,      -5.207130247,      -7.612748114
          0,           0,        2151,      -7.602858922,      -5.648405435,      -5.917619523,      -5.491891905,      -7.612658883
          0,           0,        2152,      -7.644703346,      -5.660360765,      -5.920567879,      -5.529645848,      -7.612570031
          0,           0,        2153,      -7.652947943,      -5.688182781,      -5.935263628,      -5.536244656,      -7.612481364
          0,           0,        2154,      -7.683065977,      -5.667725023,      -5.885931893,      -5.568224487,      -7.612393314
          0,           0,        2155,      -7.369709299,      -5.660173542,      -5.882282319,      -5.244808306,      -7.612305627
          0,           0,        2156,      -7.523513999,      -5.669080546,      -5.924709878,      -5.475172742,      -7.612218466
          0,           0,        2157,      -7.569508349,      -5.689107241,      -5.934681883,      -5.502701786,      -7.612131616
          0,           0,        2158,      -7.593636779,      -5.676642004,      -5.936198573,      -5.517681457,      -7.612045233
          0,           0,        2159,      -7.623857984,       -5.45445146,      -5.526522264,      -5.148577571,      -7.611959044
          0,           0,        2160,       -7.20762101,      -5.667330699,      -5.900216053,      -5.164668061,      -7.611873217
          0,           0,        2161,       -7.59720712,      -5.699314445,       -5.94485354,      -5.485477946,      -7.611787472
          0,           0,        2162,      -7.649790303,      -5.529611698,      -5.457399891,      -5.292808914,      -7.611702039
          0,           0,        2163,      -7.053393744,      -5.664773595,      -5.738040834,      -5.028268311,      -7.611616625
          0,           0,        2164,      -7.258767587,      -5.675481296,      -5.851867228,      -5.182829041,      -7.611531557
          0,           0,        2165,      -7.263653327,      -5.698205004,      -5.921450509,      -5.181031657,      -7.611447005
          0,           0,        2166,      -7.365604022,      -5.686181184,      -5.938497308,      -5.281057775,      -7.611363002
          0,           0,        2167,      -7.500026594,      -5.668644386,      -5.933605703,      -5.408914044,        -7.6112793
          0,           0,        2168,      -7.543237954,      -5.680153567,      -5.943391287,      -5.449847843,      -7.611196301
          0,           0,        2169,      -7.627241155,      -5.709534395,      -5.958102457,      -5.523804802,      -7.611113772
          0,           0,        2170,      -7.671306253,      -5.685887665,      -5.899914413,      -5.557709808,      -7.611031926
          0,           0,        2171,      -7.317561105,        -5.6795968,      -5.902768994,      -5.221205777,      -7.610950307
          0,           0,        2172,      -7.509408795,      -5.687900507,      -5.945520204,      -5.451220018,      -7.610868952
          0,           0,        2173,      -7.580969196,      -5.711919848,      -5.956929023,      -5.506773713,      -7.610787613
          0,           0,        2174,      -7.620996353,      -5.696725051,        -5.9579486,      -5.535327458,      -7.610706493
          0,           0,        2175,      -7.647766289,      -5.487570225,      -5.523891383,      -5.259409681,      -7.610625397
          0,           0,        2176,      -7.214386275,      -5.685652136,      -5.918904298,      -5.166885668,      -7.610544605
          0,           0,        2177,      -7.610579247,      -5.720003692,      -5.966553457,      -5.499599754,       -7.61046392
          0,           0,        2178,      -7.662994421,      -5.657793354,      -5.727130167,      -5.485690476,      -7.610383745
          0,           0,        2179,      -5.882847385,       -5.61958868,      -4.757955068,      -3.847799049,      -7.610304847
          0,           0,        2180,       -6.21620836,      -5.678416483,      -5.039284154,      -4.155542669,      -7.610228926
          0,           0,        2181,      -6.240246469,       -5.71979092,      -5.269975678,      -4.176053083,      -7.610155863
          0,           0,        2182,      -6.316608321,      -5.702150799,      -5.486419663,      -4.256871281,      -7.610083863
          0,           0,        2183,       -6.46391943,      -5.710023801,      -5.633380893,      -4.412049766,      -7.610010141
          0,           0,        2184,       -6.61380459,      -5.703305357,      -5.744577432,      -4.562163795,      -7.609933522
          0,           0,        2185,       -6.73844466,      -5.709560693,      -5.849747512,      -4.691224553,      -7.609853771
          0,           0,        2186,      -6.831380767,      -5.704781855,      -5.882187376,      -4.785592003,      -7.609772468
          0,           0,        2187,      -6.910845288,      -5.718079338,      -5.936016855,      -4.858205036,       -7.60969115
          0,           0,        2188,      -7.029973935,      -5.709602495,      -5.957239314,      -4.984649417,      -7.609611445
          0,           0,        2189,      -7.144407429,      -5.712955565,      -5.955492043,      -5.092429519,       -7.60953395
          0,           0,        2190,      -7.276486156,      -5.709377003,       -5.96502794,       -5.22416443,      -7.609459044
          0,           0,        2191,      -7.366814251,      -5.725548832,      -5.971328666,      -5.304535822,      -7.609386186
          0,           0,        2192,      -7.458578264,      -5.714290302,      -5.975804886,      -5.385688891,      -7.609314958
          0,           0,        2193,      -7.493872361,      -5.710080879,       -5.97009378,      -5.415830931,      -7.609244229
          0,           0,        2194,      -7.527876837,      -5.711345253,      -5.978237602,      -5.450933811,      -7.609173441
          0,           0,        2195,      -7.560160646,      -5.735845965,      -5.984418294,      -5.475630837,      -7.609101785
          0,           0,        2196,      -7.595255532,      -5.719814064,      -5.983820283,      -5.513434941,      -7.609029064
          0,           0,        2197,      -7.595973541,      -5.698345373,      -5.969684491,      -5.504002587,      -7.608954854
          0,           0,        2198,      -7.597935947,      -5.710993813,      -5.978183733,      -5.504924061,      -7.608879424
          0,           0,        2199,      -7.627043025,      -5.745114378,      -5.990479822,      -5.540773328,      -7.608802662
          0,           0,        2200,      -7.639469295,       -5.72464366,      -5.986598925,      -5.550726183,      -7.608725095
          0,           0,        2201,      -7.635794774,      -5.713025283,      -5.979167935,      -5.540167758,      -7.608646724
          0,           0,        2202,       -7.62145196,      -5.719079319,       -5.98316284,      -5.530495855,       -7.60856793
          0,           0,        2203,      -7.631193048,      -5.546479751,      -5.446899035,      -5.449967106,      -7.608488657
          0,           0,        2204,      -7.200045464,      -5.725700167,      -5.941502815,      -5.141265971,      -7.608409262
          0,           0,        2205,      -7.542954988,      -5.702530181,      -5.975236691,      -5.464339433,      -7.608329513
          0,           0,        2206,      -7.552362104,      -5.717259953,       -5.97466048,      -5.474233585,      -7.608249632
          0,           0,        2207,      -7.555119282,      -5.754406402,      -5.996565013,      -5.479858004,       -7.60816949
          0,           0,        2208,      -7.624630565,      -5.732279503,       -5.99143793,      -5.537270225,      -7.608089405
          0,           0,        2209,      -7.611345465,      -5.723731786,      -5.986670025,      -5.519666343,      -7.608009137
          0,           0,        2210,      -7.615536756,      -5.727301604,      -5.991296608,      -5.519179431,      -7.607929004
          0,           0,        2211,       -7.63475598,      -5.753204555,      -6.002076243,      -5.537810804,      -7.607848695
          0,           0,        2212,      -7.655036282,      -5.443143994,      -5.283255317,      -5.481116926,       -7.60776843
          0,           0,        2213,      -7.163613338,      -5.704838222,       -5.92790566,      -5.109111046,      -7.607687867
          0,           0,        2214,      -7.467942193,      -5.724264786,      -5.993079255,        -5.3852355,      -7.607607119
          0,           0,        2215,      -7.604663623,      -5.761361339,      -6.010234008,      -5.514166463,      -7.607525856
          0,           0,        2216,      -7.652249001,      -5.739031767,      -6.006234823,      -5.551946642,      -7.607444412
          0,           0,        2217,      -7.655582183,      -5.726843346,      -6.000180259,       -5.55338119,      -7.607362451
          0,           0,        2218,      -7.646967772,      -5.697593899,      -5.793325972,      -5.536830049,       -7.60728021
          0,           0,        2219,      -6.374339253,      -5.523253785,      -5.240941576,      -4.341409437,      -7.607197161
          0,           0,        2220,      -6.705090775,      -5.654697385,      -5.517852258,       -4.62932584,      -7.607113119
          0,           0,        2221,       -6.73284919,      -5.649509768,      -5.702068553,      -4.651560635,      -7.607027932
          0,           0,        2222,       -6.80051848,      -5.693000923,      -5.846954823,      -4.728478294,      -7.606942347
          0,           0,        2223,      -6.935813498,      -5.763374575,      -5.945211869,      -4.887940433,         -7.606857
          0,           0,        2224,      -7.123703194,      -5.728572848,      -5.966484131,      -5.058334943,      -7.606772818
          0,           0,        2225,      -7.202877314,      -5.704530167,      -5.870266392,      -5.087985139,      -7.606689543
          0,           0,        2226,      -6.813936191,       -5.33490634,       -5.70989352,      -4.567475278,       -7.60660702
          0,           0,        2227,      -5.762537649,      -4.759530899,      -4.437163222,      -3.738927497,      -7.606524106
          0,           0,        2228,       -6.03987752,      -5.383236529,      -5.037611476,       -3.97439281,       -7.60644028
          0,           0,        2229,      -6.137994672,      -5.292202463,      -5.210561119,      -4.065462728,      -7.606355235
          0,           0,        2230,       -6.23245246,      -5.421034085,      -5.411534358,      -4.188266568,      -7.606270533
          0,           0,        2231,      -6.406538203,      -5.550394415,      -5.548023611,      -4.307229852,      -7.606187337
          0,           0,        2232,      -6.556304082,      -5.474949938,       -5.61963972,      -4.489830472,      -7.606107266
          0,           0,        2233,      -6.680750091,      -5.573465264,      -5.767825945,       -4.61871194,      -7.606029937
          0,           0,        2234,      -6.787884799,      -5.592577287,      -5.790526974,      -4.735849864,      -7.605954632
          0,           0,        2235,      -6.827505026,      -5.619498873,      -5.880030467,      -4.748495535,      -7.605879353
          0,           0,        2236,      -6.922970922,      -5.640780198,      -5.952091312,       -4.88840227,      -7.605802704
          0,           0,        2237,      -6.976348521,      -5.629558486,      -5.965670525,      -4.901236545,      -7.605723546
          0,           0,        2238,      -7.084770968,      -5.672757477,      -5.986634264,      -5.032929823,      -7.605641943
          0,           0,        2239,      -7.183173364,      -5.705624878,      -5.960371681,      -5.086587429,      -7.605558264
          0,           0,        2240,      -7.261298686,      -5.684049429,      -5.991656212,      -5.222588543,      -7.605473786
          0,           0,        2241,       -7.32230351,      -5.688870363,      -5.989746731,      -5.302648415,      -7.605389542
          0,           0,        2242,      -7.355042567,      -5.532499641,      -5.854741711,      -5.325098035,      -7.605306723
          0,           0,        2243,      -7.189088663,      -5.305042224,      -5.510110134,      -5.094922939,      -7.605225869
          0,           0,        2244,      -6.852499365,       -5.70051266,      -5.935212264,      -4.798011538,      -7.605147589
          0,           0,        2245,      -7.300576662,      -5.790758012,      -5.975250067,      -5.258293622,      -7.605071654
          0,           0,        2246,      -7.374863353,      -5.723869988,      -5.951741992,      -5.297308912,      -7.604998051
          0,           0,        2247,      -7.284765276,      -5.770279236,      -6.017495526,      -5.242580884,      -7.604925973
          0,           0,        2248,      -7.419866156,       -5.10655178,      -5.645462744,      -5.010964244,      -7.604855162
          0,           0,        2249,       -6.50276939,      -5.197820187,      -5.428437294,      -4.413800477,      -7.604784967
          0,           0,        2250,      -6.851016253,      -5.440773545,      -5.688988965,      -4.691635402,      -7.604715261
          0,           0,        2251,      -6.931107511,      -5.537114882,      -5.872391853,      -4.770301686,      -7.604645736
          0,           0,        2252,       -7.03929469,      -5.579094194,      -5.971030896,      -4.907756573,      -7.604576936
          0,           0,        2253,      -7.111305164,      -5.656869466,      -5.989897588,      -5.037036911,      -7.604508849
          0,           0,        2254,      -7.184948078,       -4.98022356,      -4.783905375,      -4.198780842,      -7.604442193
          0,           0,        2255,      -6.883860545,      -5.642310005,      -5.959537389,      -4.836101221,      -7.604377098
          0,           0,        2256,      -7.027834702,       -5.69104334,      -5.946428507,      -5.002594035,      -7.604313915
          0,           0,        2257,      -7.263916854,      -5.709693858,      -5.984259704,      -5.213843202,      -7.604252283
          0,           0,        2258,      -7.286212658,      -5.392541944,      -5.684698681,      -5.223517609,      -7.604192127
          0,           0,        2259,      -6.993923705,      -5.474904225,      -5.629641747,      -4.941522255,      -7.604132786
          0,           0,        2260,      -7.041338537,      -5.719325553,      -5.989396624,       -4.98347657,      -7.604074252
          0,           0,        2261,      -7.178326453,      -5.775741415,      -6.049294076,      -5.125871472,      -7.604016041
          0,           0,        2262,      -7.352898207,       -5.50773834,      -5.320862195,      -5.028602813,      -7.603958349
          0,           0,        2263,       -6.97744372,      -5.216594012,      -5.429495649,       -4.93051091,      -7.603900781
          0,           0,        2264,      -6.796271528,      -5.565124099,      -5.710494212,      -4.749879335,      -7.603843463
          0,           0,        2265,      -7.211566435,       -5.79132128,       -6.01304924,      -5.136066023,      -7.603786391
          0,           0,        2266,      -7.303273735,      -5.790136164,      -6.047105271,      -5.226672825,      -7.603730088
          0,           0,        2267,      -7.440762022,      -5.608512247,      -5.961370864,      -5.336369135,      -7.603674737
          0,           0,        2268,      -7.399130442,      -5.766938657,      -6.047053073,      -5.335652217,      -7.603620898
          0,           0,        2269,       -7.52190632,      -5.838888306,      -6.078991592,      -5.463984195,      -7.603568306
          0,           0,        2270,      -7.554014149,      -5.801947804,      -6.073788841,      -5.495404498,      -7.603517042
          0,           0,        2271,      -7.556574442,      -5.816338917,      -6.074481656,      -5.487021372,      -7.603466404
          0,           0,        2272,      -7.574287254,      -5.808835901,      -6.078915246,       -5.50314259,      -7.603416166
          0,           0,        2273,      -7.592156258,      -5.774819521,      -5.899266958,      -5.500707989,      -7.603365772
          0,           0,        2274,      -6.962376461,      -5.771941833,      -5.771284985,        -4.9323439,      -7.603315241
          0,           0,        2275,       -7.27487279,      -5.838458693,      -5.975839248,      -5.214162829,       -7.60326411
          0,           0,        2276,      -7.314637708,      -5.810230648,      -6.030415313,      -5.243332767,      -7.603212712
          0,           0,        2277,      -7.356001554,      -5.755280112,      -6.046913678,      -5.286344861,      -7.603160805
          0,           0,        2278,      -7.444815946,       -5.50362772,      -5.912137129,      -5.378760613,      -7.603108777
          0,           0,        2279,      -6.909971435,      -4.975514312,      -5.769655998,       -4.83822995,      -7.603056493
          0,           0,        2280,      -6.835634178,      -4.504661058,       -5.31242604,      -4.454187189,      -7.603004247
          0,           0,        2281,      -7.033003241,      -5.379143046,      -5.871119296,      -4.972933358,       -7.60295169
          0,           0,        2282,      -7.048115468,      -4.846316434,      -5.705879871,      -4.871416792,      -7.602898984
          0,           0,        2283,      -7.094465664,      -4.876420311,      -5.814587963,      -4.949545484,      -7.602845802
          0,           0,        2284,      -7.142491747,      -4.831477525,      -5.798310751,      -4.989402068,       -7.60279231
          0,           0,        2285,      -7.235472726,      -5.037350654,      -5.983304571,      -5.172151827,      -7.602738119
          0,           0,        2286,      -7.332421135,      -3.466592877,      -3.336158525,       -3.24222363,      -7.602683418
          0,           0,        2287,      -6.991069669,      -5.034104695,      -5.068410467,      -4.888064896,      -7.602627774
          0,           0,        2288,      -6.944045067,       -4.20572565,      -5.137547824,      -4.337684148,      -7.602571202
          0,           0,        2289,      -7.056692073,      -5.641992732,      -5.931489583,      -5.013240365,      -7.602513492
          0,           0,        2290,      -7.249320524,      -5.612811442,      -6.081789882,      -5.193059189,      -7.602455131
          0,           0,        2291,      -7.414094682,      -5.528584192,      -6.085151441,      -5.332113583,      -7.602396248
          0,           0,        2292,      -7.529847633,      -5.769782397,      -6.116728315,      -5.449183275,      -7.602337529
          0,           0,        2293,      -7.584240082,      -5.732782129,      -6.128005559,      -5.493960771,       -7.60227891
          0,           0,        2294,      -7.644571621,      -5.785163146,      -6.123778708,      -5.563691561,      -7.602220648
          0,           0,        2295,          -7.64763,      -5.684362722,      -6.096252047,      -5.544413551,      -7.602162325
          0,           0,        2296,       -7.64648632,      -5.750685738,      -6.114146312,       -5.57270847,      -7.602103903
          0,           0,        2297,       -7.71878438,        -5.8617317,      -6.145831462,      -5.649947134,      -7.602045043
          0,           0,        2298,      -7.789162484,      -5.836198924,      -6.142518964,      -5.699610343,      -7.601986168
          0,           0,        2299,      -7.770538561,      -5.811455566,      -6.132755307,       -5.66846941,       -7.60192705
          0,           0,        2300,      -7.781935621,      -5.388883839,      -5.177661815,      -5.262678135,      -7.601868204
          0,           0,        2301,      -7.151952669,      -5.811566116,      -6.013134526,      -5.116594878,      -7.601809604
          0,           0,        2302,      -7.436909291,      -5.816699538,      -6.132222606,      -5.318616114,      -7.601751599
          0,           0,        2303,      -7.683959743,      -5.876789949,      -6.158900192,      -5.595688173,         -7.601694
          0,           0,        2304,      -7.807234457,      -5.861919631,      -6.151840848,       -5.70787137,      -7.601637206
          0,           0,        2305,      -7.782351842,       -5.75448546,      -6.115517614,      -5.697182271,      -7.601580973
          0,           0,        2306,      -7.690313414,      -5.703444222,      -5.830710363,      -5.479679937,      -7.601525581
          0,           0,        2307,      -7.367505602,        -5.8896526,       -6.11450202,      -5.334324138,      -7.601470795
          0,           0,        2308,      -7.790154512,      -5.853765412,      -6.147740622,      -5.686657315,      -7.601416928
          0,           0,        2309,      -7.763226338,      -5.890955365,      -6.164201702,      -5.672973898,      -7.601363577
          0,           0,        2310,       -7.81845602,      -5.865048739,      -6.156416856,      -5.719231523,      -7.601311142
          0,           0,        2311,      -7.770940496,      -5.816913319,      -6.095988752,      -5.681422871,      -7.601259723
          0,           0,        2312,      -7.582590286,      -5.799293377,      -6.154571773,      -5.517023075,      -7.601210185
          0,           0,        2313,      -7.693045462,      -5.062289741,       -5.83395464,      -5.531460005,      -7.601137655
          0,           0,        2314,      -7.017348008,      -5.744826251,      -6.048104275,      -4.971002059,      -7.601182114
          0,           0,        2315,      -7.504037972,       -5.83977445,      -6.108705785,      -5.446663182,      -7.601160318
          0,           0,        2316,      -7.492729574,      -5.844409502,      -6.140936113,      -5.430858814,      -7.601062638
          0,           0,        2317,      -7.574435384,      -5.786524334,      -6.124640708,      -5.512833845,      -7.600995164
          0,           0,        2318,      -7.627935951,      -5.835792493,      -6.127347863,      -5.555282543,       -7.60093561
          0,           0,        2319,      -7.727611425,      -5.880994672,       -6.14908933,      -5.674704359,      -7.600866353
          0,           0,        2320,      -7.692029124,      -5.863082173,      -6.130290406,      -5.635162658,      -7.600801184
          0,           0,        2321,      -7.742559829,      -5.881651351,      -6.174445285,      -5.673856857,      -7.600733812
          0,           0,        2322,      -7.800895219,      -5.880725921,      -6.170896595,      -5.709226934,      -7.600667883
          0,           0,        2323,      -7.804922686,      -5.891417392,      -6.176173048,      -5.722665644,      -7.600604489
          0,           0,        2324,      -7.829634622,      -5.880176348,      -6.172580327,      -5.750479434,       -7.60054279
          0,           0,        2325,      -7.862912991,      -5.908045881,      -6.191322899,      -5.781608182,      -7.600482036
          0,           0,        2326,      -7.908450511,      -5.886918532,      -6.178518677,      -5.806149545,       -7.60042232
          0,           0,        2327,      -7.867757952,      -5.854178379,      -6.168850556,      -5.780792062,      -7.600363415
          0,           0,        2328,      -7.849743649,      -5.863725191,      -6.175735391,      -5.752975759,      -7.600305539
          0,           0,        2329,      -7.882560425,      -5.934952194,      -6.215632912,      -5.797644782,      -7.600248146
          0,           0,        2330,      -7.940608629,      -5.836196901,      -6.039520785,      -5.808915545,      -7.600190983
          0,           0,        2331,      -7.270600836,      -5.608699273,      -6.001253132,      -5.244234159,      -7.600131365
          0,           0,        2332,      -7.501919432,      -5.407494767,       -6.00888515,      -5.369878618,      -7.600084415
          0,           0,        2333,       -7.29823428,       -5.89233725,      -6.171108579,      -5.224761942,      -7.600033513
          0,           0,        2334,      -7.618227059,       -5.86653507,      -6.180289956,      -5.520106448,      -7.599982006
          0,           0,        2335,      -7.643231382,      -3.879505452,      -4.146785358,      -3.490612132,      -7.599931054
          0,           0,        2336,      -7.056136117,      -5.404439907,       -5.90106684,      -4.917170525,      -7.599880677
          0,           0,        2337,      -7.163828519,      -5.821566057,      -5.949712863,      -5.132227915,      -7.599830588
          0,           0,        2338,       -7.23548587,      -5.833678932,      -6.174705674,      -5.107141398,      -7.599780676
          0,           0,        2339,      -7.482751027,      -5.768923848,      -6.179302353,      -5.362456797,      -7.599729556
          0,           0,        2340,      -7.618452958,      -5.051273046,      -5.851228572,      -5.482587371,      -7.599658566
          0,           0,        2341,      -6.986570724,      -5.593751869,      -5.972911459,      -4.941441219,      -7.599709663
          0,           0,        2342,      -7.411081141,      -5.629941086,      -5.707601046,      -5.256827833,      -7.599695798
          0,           0,        2343,      -7.174047296,      -5.766558829,       -6.10290518,      -5.135772266,      -7.599604252
          0,           0,        2344,      -7.438739245,      -5.807739393,      -6.182113912,      -5.378252203,      -7.599542865
          0,           0,        2345,      -7.574375983,      -5.888134634,      -6.198569353,      -5.508673779,        -7.5994891
          0,           0,        2346,      -7.701729435,      -5.831937282,      -6.184161801,      -5.635963408,      -7.599424262
          0,           0,        2347,      -7.754606742,      -5.878707214,       -6.20632603,      -5.684507112,      -7.599363069
          0,           0,        2348,      -7.829032416,      -5.884559622,      -6.202089737,      -5.753429556,      -7.599301112
          0,           0,        2349,      -7.845096619,       -5.92927709,      -6.164422629,      -5.773826547,      -7.599241601
          0,           0,        2350,      -7.670636968,      -5.896491489,      -6.185643477,       -5.60062738,      -7.599186801
          0,           0,        2351,      -7.835869691,      -5.879613036,      -6.197259341,      -5.771793201,       -7.59913563
          0,           0,        2352,       -7.84730336,      -5.887957036,       -6.18169089,      -5.764042749,      -7.599087899
          0,           0,        2353,      -7.866126085,       -5.95864218,      -6.220962991,      -5.789420129,      -7.599043172
          0,           0,        2354,      -7.888068551,      -5.905896217,      -6.215937575,      -5.809324338,      -7.599001529
          0,           0,        2355,      -7.889327271,      -5.882672394,      -6.194600768,      -5.802195647,      -7.598962397
          0,           0,        2356,      -7.864347083,      -5.889541488,      -6.203218674,         -5.775473,      -7.598925394
          0,           0,        2357,      -7.905451752,      -5.651318801,      -5.580443783,      -5.626690628,      -7.598889751
          0,           0,        2358,      -7.291207946,      -5.550434451,      -5.647897166,      -5.250098355,      -7.598854711
          0,           0,        2359,      -6.840887231,      -5.729759765,      -5.998546109,      -4.791436029,      -7.598816512
          0,           0,        2360,      -7.409524054,      -5.785169524,      -5.903047652,      -5.355677059,      -7.598779045
          0,           0,        2361,      -7.221402115,      -5.948226936,      -6.122936037,      -5.175743152,      -7.598742291
          0,           0,        2362,      -7.267704248,      -5.902984617,      -6.181581022,      -5.216737326,      -7.598705622
          0,           0,        2363,      -7.382516962,      -5.966614771,      -6.208783058,      -5.329767255,      -7.598668023
          0,           0,        2364,      -7.552533172,      -5.921591255,      -6.187333616,      -5.492698149,      -7.598629661
          0,           0,        2365,      -7.646087298,      -5.804446238,      -6.144972773,      -5.583347441,      -7.598590174
          0,           0,        2366,      -7.662740039,      -5.866345108,      -6.174068675,      -5.598180519,      -7.598549484
          0,           0,        2367,       -7.78041632,      -5.989431938,      -6.234656134,      -5.716066079,      -7.598507051
          0,           0,        2368,      -7.878139966,      -5.914577613,      -6.218608435,      -5.796510529,      -7.598463079
          0,           0,        2369,      -7.848639452,      -5.974878944,      -6.230030606,       -5.77360352,      -7.598416998
          0,           0,        2370,      -7.920290984,      -5.602934296,      -5.463917637,      -5.630117154,      -7.598369084
          0,           0,        2371,      -7.017633719,      -5.797457039,      -5.792814736,      -5.002771945,      -7.598319001
          0,           0,        2372,      -7.261653618,      -5.859190354,      -5.972097109,      -5.196082795,      -7.598266801
          0,           0,        2373,      -7.264851085,      -5.936211927,      -6.140637886,      -5.190562964,      -7.598212057
          0,           0,        2374,      -7.368853249,      -5.761279068,      -6.178109954,      -5.296972491,      -7.598153551
          0,           0,        2375,      -7.484413275,      -5.128639984,      -5.859683164,      -5.391192066,      -7.598108043
          0,           0,        2376,      -7.001296635,      -5.683713489,      -6.054534695,      -4.951854701,      -7.598071567
          0,           0,        2377,       -7.44556611,      -5.780213475,      -6.111514647,      -5.391424054,      -7.598006426
          0,           0,        2378,      -7.435218036,      -5.770304438,       -6.04256217,      -5.385025022,      -7.597947536
          0,           0,        2379,      -7.259890077,      -5.876191951,      -6.066026761,      -5.108014419,      -7.597895223
          0,           0,        2380,      -7.441657816,      -5.762921315,      -6.124645595,      -5.445850409,      -7.597843438
          0,           0,        2381,      -7.498176855,      -5.800500376,      -6.144860558,      -5.502895155,      -7.597790626
          0,           0,        2382,      -7.529171435,      -5.872613537,       -6.16923372,      -5.537491098,      -7.597738114
          0,           0,        2383,      -7.614746038,      -5.708729739,      -5.758579874,      -5.168058814,      -7.597685148
          0,           0,        2384,      -7.265127707,      -5.896551659,      -6.154559991,      -5.233006399,      -7.597632321
          0,           0,        2385,      -7.672109413,       -5.85327191,      -6.219641234,      -5.599105968,       -7.59757715
          0,           0,        2386,      -7.698861895,      -5.107474721,      -5.869458559,      -5.548021415,      -7.597533926
          0,           0,        2387,      -6.992485802,      -5.619734463,      -6.009908276,       -4.94285731,      -7.597499667
          0,           0,        2388,       -7.44947249,       -5.70508838,      -6.105391701,      -5.388971951,      -7.597431515
          0,           0,        2389,      -7.393493212,      -5.821722055,      -6.220217783,      -5.346583287,      -7.597371062
          0,           0,        2390,      -7.492626237,      -5.603200062,      -5.520345645,      -5.274853524,      -7.597316074
          0,           0,        2391,      -7.219504086,      -5.882769881,      -6.105466467,      -5.176903934,      -7.597259943
          0,           0,        2392,       -7.64030685,      -5.894957689,      -6.214342757,      -5.572799266,      -7.597201561
          0,           0,        2393,      -7.712413212,      -5.860232343,      -6.143217251,      -5.651059365,      -7.597141309
          0,           0,        2394,      -7.533884837,      -5.902493522,      -6.190232355,      -5.478539662,      -7.597079738
          0,           0,        2395,      -7.774545637,      -5.960176049,      -6.229350564,      -5.728350967,        -7.5970161
          0,           0,        2396,      -7.823132942,      -5.926686268,       -6.21013961,      -5.762458232,      -7.596949984
          0,           0,        2397,      -7.804807912,      -5.882813568,      -6.175507174,      -5.743628781,      -7.596880557
          0,           0,        2398,      -7.705463153,      -5.911720623,      -6.209407483,      -5.650915724,      -7.596807781
          0,           0,        2399,      -7.878791339,      -5.983092181,      -6.248618118,       -5.81332199,      -7.596731467
          0,           0,        2400,      -7.935259418,      -5.869891303,      -6.217411546,      -5.867592933,      -7.596651973
          0,           0,        2401,      -7.791140929,      -5.669616566,      -6.069452311,      -5.732925084,      -7.596569468
          0,           0,        2402,      -7.210510483,      -5.810433795,       -6.07812573,      -5.162525321,      -7.596484649
          0,           0,        2403,      -7.608816637,      -5.884892788,      -6.155182365,      -5.556203626,      -7.596397946
          0,           0,        2404,      -7.379974793,      -5.916897708,       -6.21288579,      -5.331297696,      -7.596310548
          0,           0,        2405,      -7.474509949,      -5.902894212,       -6.21006159,      -5.424996741,      -7.596223289
          0,           0,        2406,      -7.634286976,       -5.92878665,      -6.207542827,      -5.579165883,      -7.596137274
          0,           0,        2407,      -7.771249844,      -5.988133725,      -6.225596004,      -5.711384366,      -7.596052959
          0,           0,        2408,      -7.801795879,      -5.945518599,      -6.225988892,      -5.736287435,      -7.595971058
          0,           0,        2409,       -7.83246644,      -5.904661011,      -6.205536659,      -5.762023933,      -7.595891607
          0,           0,        2410,      -7.781933487,      -5.927908454,      -6.218471158,      -5.714979601,      -7.595815182
          0,           0,        2411,      -7.883875606,      -5.990777627,      -6.256748082,      -5.812237022,      -7.595742023
          0,           0,        2412,      -7.934418503,      -5.926707106,      -6.235346141,      -5.857791382,      -7.595672607
          0,           0,        2413,      -7.860100905,      -5.981953572,      -6.193063251,      -5.792457801,      -7.595606835
          0,           0,        2414,      -7.695592762,      -5.956977513,      -6.217324378,       -5.64057424,      -7.595544927
          0,           0,        2415,      -7.869602883,      -5.878285532,      -6.202184754,      -5.807664612,      -7.595486466
          0,           0,        2416,      -7.783043603,      -5.929254517,      -6.203839401,      -5.717807065,      -7.595431501
          0,           0,        2417,      -7.860458085,      -6.008630873,      -6.245490635,      -5.794059663,       -7.59537956
          0,           0,        2418,      -7.842899387,      -5.958473592,      -6.244067544,      -5.784544542,      -7.595330702
          0,           0,        2419,      -7.884389916,       -5.93026666,      -6.225808869,      -5.818875202,      -7.595284443
          0,           0,        2420,      -7.859494795,      -5.944887031,      -6.233185562,      -5.791436684,      -7.595240688
          0,           0,        2421,      -7.919389208,      -5.910946087,       -6.13628454,      -5.851542854,      -7.595198998
          0,           0,        2422,      -7.508851085,      -5.929151745,      -6.162718219,      -5.457971525,      -7.595159399
          0,           0,        2423,       -7.76375924,      -6.009591005,      -6.253674393,      -5.716744559,      -7.595121391
          0,           0,        2424,      -7.861621744,      -5.964794247,      -6.240143031,      -5.797961498,      -7.595085078
          0,           0,        2425,      -7.808030691,      -5.877181958,      -6.201423991,      -5.748571732,      -7.595050016
          0,           0,        2426,      -7.751709212,       -5.83530239,      -5.903282653,      -5.680875619,      -7.595016264
          0,           0,        2427,      -6.731643026,      -5.459548334,      -5.691007436,      -4.536482813,      -7.594983308
          0,           0,        2428,      -7.137021442,      -5.711328108,      -5.961813624,      -4.877871619,       -7.59495098
          0,           0,        2429,      -7.233199814,      -5.768311725,       -6.08768423,      -5.011586311,      -7.594918799
          0,           0,        2430,      -7.278049168,      -5.814434887,      -6.171556446,      -5.170228043,      -7.594886928
          0,           0,        2431,      -7.359637615,      -5.852701821,      -6.152148708,      -5.323339091,      -7.594855234
          0,           0,        2432,       -7.49849575,      -5.846404496,      -6.187111033,      -5.470120865,       -7.59482392
          0,           0,        2433,       -7.54426204,      -4.897994474,      -5.244329981,      -4.249441078,       -7.59479251
          0,           0,        2434,      -7.120850687,      -5.932619588,      -6.011142255,      -5.070434564,      -7.594760945
          0,           0,        2435,      -7.307078004,         -5.978218,      -6.249655304,      -5.306805905,       -7.59472847
          0,           0,        2436,       -7.55090017,      -5.973920822,      -6.247265485,      -5.513161168,      -7.594695065
          0,           0,        2437,      -7.731227548,      -3.894205957,      -4.437574486,      -4.743816203,      -7.594660497
          0,           0,        2438,      -7.105697506,      -5.477839216,      -6.049987515,       -5.06519246,      -7.594624949
          0,           0,        2439,      -7.264847864,      -5.807142754,      -5.971768749,      -5.198010394,       -7.59458821
          0,           0,        2440,       -7.14570992,      -5.474829286,       -5.98866612,      -4.934885294,      -7.594550553
          0,           0,        2441,      -7.282055688,      -5.694122751,      -6.129422641,      -5.226047519,      -7.594511776
          0,           0,        2442,      -7.326973782,      -5.703220259,       -6.19117783,      -5.262552192,      -7.594472421
          0,           0,        2443,      -7.393453044,      -5.799759785,      -6.254162785,      -5.456020647,      -7.594432404
          0,           0,        2444,      -7.471257661,      -5.172738899,      -5.750795786,      -4.889329557,        -7.5943921
          0,           0,        2445,      -7.235890676,      -5.834238061,      -6.141307852,      -5.207427113,      -7.594350991
          0,           0,        2446,      -7.493079237,      -5.928211667,      -6.240694616,      -5.459502082,      -7.594308985
          0,           0,        2447,      -7.608898758,      -5.650105998,       -6.08945543,      -5.361152919,      -7.594265458
          0,           0,        2448,      -7.607645425,      -5.916109987,      -6.221633736,      -5.534339253,      -7.594220471
          0,           0,        2449,      -7.658526795,      -6.009036044,       -6.29322524,      -5.644827117,      -7.594173815
          0,           0,        2450,      -7.795241604,      -5.974506858,       -6.28188487,       -5.77860517,      -7.594125828
          0,           0,        2451,      -7.776245874,      -5.885506188,      -6.201211347,      -5.705286316,      -7.594076504
          0,           0,        2452,      -7.706428868,      -5.951290624,      -6.238181081,      -5.598787058,      -7.594026284
          0,           0,        2453,      -7.802498794,      -5.925415211,      -6.181446157,      -5.689717555,      -7.593975054
          0,           0,        2454,      -7.564930628,      -5.943591035,       -6.17340711,      -5.493000344,      -7.593923214
          0,           0,        2455,      -7.696309702,      -5.973527008,      -6.260895409,      -5.649106271,      -7.593870433
          0,           0,        2456,      -7.755853285,      -5.971528961,      -6.262354475,      -5.656196423,      -7.593816998
          0,           0,        2457,       -7.77043874,      -5.848317129,      -6.239120649,        -5.6883745,      -7.593762627
          0,           0,        2458,      -7.762169728,      -5.545965438,      -5.746112903,      -5.228954227,      -7.593707598
          0,           0,        2459,      -6.372274617,      -5.771537701,      -5.247411689,      -4.310410266,      -7.593652075
          0,           0,        2460,      -6.708075849,       -5.91504641,      -5.511114975,      -4.636698829,      -7.593596782
          0,           0,        2461,      -6.722007443,       -5.88645503,      -5.733099386,      -4.662150097,      -7.593541588
          0,           0,        2462,      -6.789094161,      -5.930270186,      -5.941851281,       -4.73788444,      -7.593485953
          0,           0,        2463,      -6.938129915,      -6.048161658,      -6.067397724,      -4.892486315,       -7.59342889
          0,           0,        2464,      -7.084695155,      -5.984384157,       -6.15650166,      -5.041497328,      -7.593370279
          0,           0,        2465,      -7.217779587,       -5.90953195,      -6.222346704,      -5.179246336,      -7.593309907
          0,           0,        2466,       -7.29847388,      -5.940035327,      -6.209948191,      -5.251973966,      -7.593248574
          0,           0,        2467,      -7.351615153,      -6.021379047,      -6.304967723,      -5.315834123,      -7.593186761
          0,           0,        2468,       -7.45940908,      -5.823899454,      -6.096675204,      -5.415905162,      -7.593125263
          0,           0,        2469,      -7.413698185,      -4.283833706,      -4.855198556,      -4.956719372,      -7.593063894
          0,           0,        2470,      -6.057227619,      -5.018446175,      -5.152032532,      -4.012471474,      -7.593003354
          0,           0,        2471,      -6.611217896,      -5.212119894,      -5.353324021,      -4.552965472,      -7.592943786
          0,           0,        2472,      -6.448785676,      -5.324868332,      -5.670022352,       -4.39636463,      -7.592885436
          0,           0,        2473,      -6.546186074,      -5.449664774,      -5.904871877,      -4.497611916,       -7.59282793
          0,           0,        2474,      -6.741474612,      -5.539003299,      -5.969178339,      -4.697651476,      -7.592770862
          0,           0,        2475,      -6.924715569,      -5.613242629,        -6.0243934,      -4.886450793,      -7.592713145
          0,           0,        2476,      -7.056874289,      -5.690587872,      -6.107383802,      -5.020061157,      -7.592654146
          0,           0,        2477,      -7.176234722,       -5.57739905,      -6.104924746,      -5.138246317,      -7.592593202
          0,           0,        2478,      -7.273547037,      -5.791696085,      -6.197172738,      -5.236214282,      -7.592530509
          0,           0,        2479,      -7.376865504,      -5.872395758,      -6.261416241,      -5.337800638,      -7.592465951
          0,           0,        2480,      -7.477316029,      -5.542230475,      -5.480681465,       -5.23542807,      -7.592400024
          0,           0,        2481,      -7.213266796,       -5.83623006,      -6.094125789,      -5.180259919,      -7.592332876
          0,           0,        2482,      -7.480408202,      -5.906028232,      -6.239803327,       -5.42880912,      -7.592265143
          0,           0,        2483,       -7.56888719,      -5.974043765,      -6.260150928,      -5.525470095,      -7.592196871
          0,           0,        2484,       -7.57510943,      -5.942183123,      -6.271263386,      -5.537733055,      -7.592128725
          0,           0,        2485,      -7.637557924,      -6.019560286,      -6.285912626,      -5.606148058,      -7.592060674
          0,           0,        2486,       -7.67925407,      -5.990704352,      -6.290495079,      -5.652430781,      -7.591993147
          0,           0,        2487,      -7.712257387,      -5.900592093,      -6.235363304,      -5.681370401,      -7.591925964
          0,           0,        2488,      -7.667471204,      -5.963784717,       -6.26149338,      -5.625883616,      -7.591859109
          0,           0,        2489,      -7.750262949,      -6.055161891,      -6.229362496,      -5.724457328,      -7.591792162
          0,           0,        2490,      -7.604059886,      -5.890651335,      -6.229603575,      -5.570627237,      -7.591725175
          0,           0,        2491,      -7.680426016,      -6.027389949,      -6.295811213,      -5.647615184,      -7.591657571
          0,           0,        2492,      -7.783772981,      -5.998630886,      -6.275809869,      -5.739051687,      -7.591589466
          0,           0,        2493,      -7.774812924,      -5.906289233,      -6.239063874,      -5.728011626,      -7.591520476
          0,           0,        2494,      -7.695752997,      -5.972805563,      -6.262230111,      -5.648485021,      -7.591450788
          0,           0,        2495,      -7.787260312,      -6.103297138,      -6.344483689,      -5.752984843,      -7.591380207
          0,           0,        2496,      -7.841656771,      -6.021765264,       -6.31666037,      -5.809674476,      -7.591309069
          0,           0,        2497,      -7.792528364,      -6.043680512,      -6.305509846,      -5.754168993,      -7.591237142
          0,           0,        2498,      -7.804957626,        -6.0276724,       -6.31495716,      -5.764473798,      -7.591164829
          0,           0,        2499,      -7.824649285,      -5.651045087,      -6.087551812,      -5.784258096,      -7.591091989
          0,           0,        2500,      -7.347159848,      -5.605571686,      -6.042850897,      -5.306310297,      -7.591018961
          0,           0,        2501,      -7.643032151,      -5.923820678,      -6.267284764,      -5.597253028,      -7.590945679
          0,           0,        2502,      -7.632998395,      -5.896226584,      -6.265553912,       -5.57947246,      -7.590872454
          0,           0,        2503,      -7.689350271,      -5.581721875,      -5.518816848,      -5.397087741,      -7.590799095
          0,           0,        2504,      -7.247121856,      -5.969162329,      -6.131983762,      -5.212752818,      -7.590725867
          0,           0,        2505,      -7.601790894,      -5.988772767,      -6.347853525,      -5.545673395,      -7.590652564
          0,           0,        2506,      -7.692249729,      -5.799356951,      -6.198970662,      -5.628714232,      -7.590579409
          0,           0,        2507,      -7.548111715,      -5.847971985,      -6.228551478,       -5.49297904,      -7.590506214
          0,           0,        2508,      -7.677936402,      -5.892850314,       -6.20049216,      -5.622632738,      -7.590433185
          0,           0,        2509,      -7.581970933,      -6.065156525,      -6.304085881,      -5.540383322,      -7.590360113
          0,           0,        2510,      -7.649363806,      -6.010814631,       -6.34429773,      -5.616569865,      -7.590287314
          0,           0,        2511,      -7.721424056,      -6.087136087,      -6.336868081,      -5.682566362,      -7.590214424
          0,           0,        2512,      -7.790027468,      -6.044855034,       -6.33613687,      -5.744829007,      -7.590141701
          0,           0,        2513,      -7.786233829,      -5.754187915,      -6.156329751,      -5.750481128,      -7.590068887
          0,           0,        2514,      -7.617513401,      -5.898997392,      -6.232620088,      -5.575136184,      -7.589996269
          0,           0,        2515,      -7.862793726,      -6.127944487,      -6.386301715,      -5.825043537,      -7.589923578
          0,           0,        2516,      -7.905608181,      -5.989090394,      -6.180814926,      -5.852590226,      -7.589851216
          0,           0,        2517,      -7.499681181,      -6.002629822,      -6.238035107,      -5.455354284,        -7.5897789
          0,           0,        2518,      -7.746821012,        -6.0229984,      -6.337648667,      -5.713802901,      -7.589706921
          0,           0,        2519,      -7.796322143,      -5.872234237,      -6.240240848,      -5.749216728,      -7.589635178
          0,           0,        2520,       -7.71199531,      -5.883335844,      -6.279893242,      -5.666200248,      -7.589563911
          0,           0,        2521,      -7.686559183,       -5.34413811,      -5.788225991,      -5.617229707,      -7.589492994
          0,           0,        2522,      -6.534027248,      -5.022526529,      -5.440234728,      -4.508541477,      -7.589422636
          0,           0,        2523,      -6.847547136,      -5.345807201,      -5.749119312,      -4.773661506,      -7.589352295
          0,           0,        2524,      -6.887447399,      -5.412967874,      -5.958580337,      -4.803075682,      -7.589282373
          0,           0,        2525,      -6.957161072,      -5.491494377,      -6.074637423,      -4.880967537,      -7.589212889
          0,           0,        2526,      -7.103273291,      -5.838931365,      -6.207196419,      -5.055891283,       -7.58914474
          0,           0,        2527,      -7.285795034,      -5.699362806,      -6.308184524,      -5.219304965,      -7.589077787
          0,           0,        2528,      -7.388385004,      -5.675375685,      -6.336835737,      -5.309204494,      -7.589012289
          0,           0,        2529,      -7.449168907,      -5.908921692,      -6.327742954,      -5.403059447,      -7.588947553
          0,           0,        2530,      -7.535764505,      -5.901120051,      -6.367122681,      -5.495508254,       -7.58888348
          0,           0,        2531,      -7.641616829,      -5.899614497,      -6.340564642,      -5.600171255,      -7.588819391
          0,           0,        2532,      -7.654154396,      -5.277793732,      -5.784082039,       -5.57236173,      -7.588755305
          0,           0,        2533,      -7.520686157,      -5.908965155,      -6.259876953,      -5.484819003,      -7.588690974
          0,           0,        2534,      -7.750824294,      -5.889562762,      -6.340008794,      -5.691751822,      -7.588626639
          0,           0,        2535,       -7.66426194,      -5.187844983,      -5.735534352,      -5.532003315,      -7.588562171
          0,           0,        2536,      -6.916984934,      -4.371379477,      -4.925340177,      -4.774831221,      -7.588497592
          0,           0,        2537,      -5.928100308,       -4.65186931,      -5.025494997,       -3.86977316,      -7.588432638
          0,           0,        2538,      -6.396322096,        -4.7443471,      -5.184238163,      -4.347639138,      -7.588367913
          0,           0,        2539,      -6.276679176,      -4.930950282,      -5.505049589,      -4.246347002,      -7.588301205
          0,           0,        2540,      -6.369987031,       -5.05483791,      -5.715318201,      -4.343854383,      -7.588232464
          0,           0,        2541,      -6.529243496,       -5.16216535,      -5.761485606,      -4.506019693,      -7.588162389
          0,           0,        2542,      -6.680315041,      -5.262574425,      -5.837574629,      -4.651531313,      -7.588092553
          0,           0,        2543,      -6.811752521,      -5.356677446,      -5.878495804,      -4.775042806,      -7.588023973
          0,           0,        2544,      -6.909949845,      -5.435855832,      -5.918824893,      -4.875949474,      -7.587957413
          0,           0,        2545,      -7.053140648,      -5.521771265,      -6.029874465,       -4.99915854,      -7.587892151
          0,           0,        2546,      -7.154767402,      -5.587640503,      -6.058997735,      -5.101124228,      -7.587827582
          0,           0,        2547,      -7.236551491,      -5.621908436,       -6.06276575,      -5.190101236,      -7.587762478
          0,           0,        2548,      -7.300537606,      -5.671912382,       -5.84728055,      -5.205450908,      -7.587696374
          0,           0,        2549,       -6.53853176,      -5.590719988,      -5.352828448,      -4.540172252,      -7.587628452
          0,           0,        2550,      -6.847235885,      -5.729365714,      -5.649632094,      -4.757972551,      -7.587558473
          0,           0,        2551,      -6.884256808,      -5.767279136,      -5.833299174,      -4.782115827,      -7.587486126
          0,           0,        2552,         -6.953904,      -5.807059291,      -5.987681216,      -4.865007317,         -7.587412
          0,           0,        2553,      -7.081637265,      -5.860764956,      -6.095258833,      -5.037546629,       -7.58733659
          0,           0,        2554,      -7.250457785,      -5.831658948,      -6.042552142,      -5.202553067,      -7.587260633
          0,           0,        2555,      -7.262150894,      -5.911098848,      -6.144856559,      -5.211368912,      -7.587184737
          0,           0,        2556,      -7.343038953,      -5.924839164,      -6.176555398,      -5.303956229,      -7.587108972
          0,           0,        2557,      -7.425966847,      -5.851260383,      -6.135199488,      -5.396894853,      -7.587033565
          0,           0,        2558,      -7.439579227,      -5.913454447,      -6.154179096,      -5.405241317,      -7.586958913
          0,           0,        2559,       -7.52633464,      -5.282699743,      -5.768505992,      -5.455468764,      -7.586885165
          0,           0,        2560,      -6.847781094,      -4.931316616,      -5.785420725,      -4.659632813,      -7.586813029
          0,           0,        2561,      -7.191299358,      -5.277150743,      -5.986834666,      -5.039592935,      -7.586742461
          0,           0,        2562,      -7.279912246,      -5.363572504,      -6.053399896,      -5.216441631,       -7.58667369
          0,           0,        2563,      -7.243149479,      -5.492172663,      -6.133810194,      -5.236318322,      -7.586606193
          0,           0,        2564,      -7.337409953,      -5.577533529,      -6.195506892,      -5.352673944,      -7.586539748
          0,           0,        2565,      -7.382273837,       -5.65663292,      -6.150801158,      -5.384802072,      -7.586473858
          0,           0,        2566,      -7.436471014,      -5.577916464,      -6.194355231,      -5.440698282,      -7.586408553
          0,           0,        2567,      -7.500895963,      -5.896899519,      -6.223100293,      -5.473768688,      -7.586343494
          0,           0,        2568,      -7.498298389,      -5.869294174,      -6.235742175,      -5.476241471,      -7.586278937
          0,           0,        2569,      -7.529464803,      -5.873575874,      -6.205321005,      -5.503862884,      -7.586214723
          0,           0,        2570,      -7.535187855,      -5.901066168,       -6.23214368,      -5.506072568,      -7.586151167
          0,           0,        2571,      -7.601523729,      -6.025679872,         -6.228283,      -5.570890206,      -7.586088249
          0,           0,        2572,       -7.58213437,      -5.937305959,      -6.230720489,      -5.558088355,       -7.58602639
          0,           0,        2573,      -7.663145785,      -5.823540707,      -6.162085195,      -5.634711606,      -7.585965387
          0,           0,        2574,      -7.558670701,      -5.898069051,       -6.18437003,      -5.537846969,      -7.585905514
          0,           0,        2575,      -7.630881383,      -6.099366888,      -6.305949156,       -5.60747558,      -7.585846391
          0,           0,        2576,      -7.684260828,      -5.975026959,      -6.261878398,      -5.652507019,      -7.585788359
          0,           0,        2577,      -7.638100845,      -5.995280992,      -6.240959766,      -5.582253201,      -7.585731316
          0,           0,        2578,      -7.526852074,      -5.755224092,      -6.200285163,      -5.483440984,      -7.585675892
          0,           0,        2579,      -7.542014758,      -5.865471876,      -6.221897882,      -5.504508788,      -7.585622231
          0,           0,        2580,      -7.561460313,      -5.803011559,      -6.284272775,      -5.527343976,      -7.585571321
          0,           0,        2581,      -7.635173599,      -5.279596578,      -6.307096597,      -5.585596518,      -7.585490839
          0,           0,        2582,      -7.157452941,      -5.326221531,      -6.235443308,      -5.112423652,      -7.585436135
          0,           0,        2583,      -7.569148579,      -5.803565579,      -6.228617178,      -5.524407206,       -7.58537953
          0,           0,        2584,      -7.543103446,      -4.889042428,      -5.469654608,      -5.396823117,      -7.583853517
          0,           0,        2585,      -6.620969777,      -5.425906723,       -5.66406506,      -4.576159067,       -7.58549095
          0,           0,        2586,       -7.09861607,      -5.621628726,      -5.889262102,      -5.038142178,      -7.585509442
          0,           0,        2587,       -6.99118421,      -5.476130756,      -6.024429609,      -4.937152774,      -7.585470722
          0,           0,        2588,      -7.093808172,      -5.766853374,      -6.198004767,      -5.043816916,      -7.585539116
          0,           0,        2589,      -7.275387495,      -2.724024383,      -3.177196283,      -3.793942938,      -7.429531313
          0,           0,        2590,       -3.38446909,      -3.156850228,      -2.583677416,       -1.34172342,      -7.476808857
          0,           0,        2591,      -3.937883189,      -3.354126214,      -2.721588619,      -1.882486478,      -7.545570915
          0,           0,        2592,      -3.914166327,      -3.599530255,      -2.994202542,      -1.862535587,      -7.562905928
          0,           0,        2593,      -4.005828059,      -3.645826603,      -3.222966211,      -1.957755043,      -7.559048703
          0,           0,        2594,      -4.157033658,      -3.694164112,      -3.379498149,      -2.111466443,       -7.55220363
          0,           0,        2595,      -4.310993218,      -3.769063387,      -3.513517185,      -2.267349536,      -7.553145535
          0,           0,        2596,      -4.433955179,       -3.84893883,       -3.64619186,      -2.390601434,      -7.558348879
          0,           0,        2597,      -4.531478092,      -3.910636567,       -3.77121781,      -2.487617691,      -7.563021218
          0,           0,        2598,      -4.632790395,      -3.947644763,       -3.86043406,      -2.588953882,      -7.564253083
          0,           0,        2599,      -4.735148055,      -3.975597575,      -3.921388401,      -2.692663868,      -7.562408288
          0,           0,        2600,      -4.807299286,      -4.011002117,      -3.981077515,      -2.766801483,        -7.5598807
          0,           0,        2601,       -4.83813276,      -4.056626824,      -4.044434547,      -2.798562484,      -7.558831506
          0,           0,        2602,      -4.855067504,      -4.102470471,      -4.094790546,      -2.814944723,      -7.559710378
          0,           0,        2603,      -4.881595082,      -4.136725197,      -4.115028418,      -2.840307491,      -7.561700527
          0,           0,        2604,      -4.921132929,      -4.155934841,      -4.112102243,      -2.878672808,      -7.563723647
          0,           0,        2605,      -4.964612268,      -4.165270983,      -4.106035136,      -2.921392881,      -7.565072329
          0,           0,        2606,      -4.998507837,      -4.170743565,      -4.108822211,      -2.955240513,      -7.565712025
          0,           0,        2607,      -5.015130514,      -4.174088507,      -4.121203039,       -2.97228992,      -7.566110086
          0,           0,        2608,      -5.018646292,      -4.174305576,      -4.137193209,      -2.976313247,      -7.566607706
          0,           0,        2609,      -5.018901886,      -4.171268037,      -4.149424473,      -2.976785343,      -7.567164924
          0,           0,        2610,      -5.020267023,      -4.078958198,      -4.154682517,      -2.978039647,      -7.567765684
          0,           0,        2611,      -5.022712311,      -4.105769187,      -4.154835805,      -2.980136319,       -7.56811136
          0,           0,        2612,      -5.023564967,      -4.159816859,      -4.153767255,      -2.980440073,      -7.568052692
          0,           0,        2613,      -5.021194464,      -4.162934447,      -4.154108691,      -2.977356698,      -7.567696607
          0,           0,        2614,      -5.016495785,      -4.167725903,      -4.156307273,      -2.971981873,      -7.567226476
          0,           0,        2615,      -5.011938052,      -4.173530235,      -4.158019706,      -2.966790879,      -7.566799261
          0,           0,        2616,      -5.009727281,      -4.176837911,      -4.157255993,      -2.964136817,      -7.566531433
          0,           0,        2617,      -5.010595864,      -4.175697155,      -4.152499575,      -2.964806536,      -7.566370783
          0,           0,        2618,      -5.014495553,      -4.172428223,      -4.145818721,      -2.968857592,      -7.566327494
          0,           0,        2619,        -5.0197707,      -4.161374307,      -4.136864862,      -2.974578093,      -7.566378579
          0,           0,        2620,      -5.025090111,      -4.146127014,      -4.127336748,      -2.980566719,      -7.566466204
          0,           0,        2621,      -5.029100507,      -4.129865777,      -4.118607972,      -2.985275174,      -7.566524257
          0,           0,        2622,      -5.030721754,      -4.115863856,      -4.112126351,      -2.987521679,       -7.56649418
          0,           0,        2623,      -5.029568673,      -4.107006399,       -4.10894648,      -2.986699669,      -7.566331357
          0,           0,        2624,      -5.026034596,      -4.105194524,      -4.109664832,      -2.983085952,      -7.566043793
          0,           0,        2625,      -5.021329864,      -4.111470953,       -4.11419243,      -2.977914413,      -7.565651448
          0,           0,        2626,       -5.01724991,      -4.125767291,      -4.121657821,      -2.973096974,      -7.565196141
          0,           0,        2627,      -5.015724451,      -4.146822616,      -4.130373842,      -2.970739117,      -7.564734377
          0,           0,        2628,      -5.018383524,      -4.171594297,        -4.1381551,      -2.972640192,      -7.564303015
          0,           0,        2629,      -5.026240206,      -4.195248525,      -4.142868517,      -2.979949793,      -7.564035777
          0,           0,        2630,      -5.039475993,      -4.211680118,      -4.143263771,      -2.992969339,      -7.563940452
          0,           0,        2631,      -5.057297782,      -4.216196243,      -4.139508001,      -3.011006385,       -7.56408002
          0,           0,        2632,      -5.077851562,      -4.208261226,      -4.133074833,      -3.032251642,      -7.564491977
          0,           0,        2633,      -5.098314928,      -4.192231986,      -4.126116516,      -3.053812934,      -7.564808659
          0,           0,        2634,      -5.115433078,      -4.174000689,      -4.120722483,      -3.072202565,      -7.565452958
          0,           0,        2635,      -5.126621871,      -4.158641584,      -4.118441974,      -3.084439886,      -7.566451398
          0,           0,        2636,      -5.131205116,      -4.149837749,      -4.120182835,      -3.089479552,       -7.56783724
          0,           0,        2637,      -5.130818453,      -4.149231651,      -4.126139563,      -3.088816295,      -7.569520554
          0,           0,        2638,      -5.128576061,      -4.157327797,      -4.135841487,       -3.08568445,        -7.5715153
          0,           0,        2639,      -5.127838002,      -4.174011037,      -4.148271216,      -3.083697443,      -7.572566727
          0,           0,        2640,      -5.131308463,      -4.198220343,      -4.161935921,       -3.08580713,      -7.572809139
          0,           0,        2641,       -5.14074885,      -4.227682441,      -4.175135105,       -3.09396192,       -7.57258543
          0,           0,        2642,       -5.15697749,      -4.259501621,      -4.186314018,      -3.109119041,       -7.57196801
          0,           0,        2643,      -5.179936796,      -4.288536368,      -4.194485933,      -3.131334195,      -7.570647536
          0,           0,        2644,      -5.208662189,      -4.309828773,      -4.199541914,      -3.159751028,      -7.568999074
          0,           0,        2645,      -5.241200457,      -4.320320491,      -4.202252447,      -3.192498957,      -7.567099716
          0,           0,        2646,      -5.274548782,      -4.320231115,      -4.203895928,      -3.226598028,      -7.563870947
          0,           0,        2647,      -5.305011282,      -4.313708496,      -4.205936001,      -3.258216356,       -7.56027682
          0,           0,        2648,      -5.329182959,      -4.305134132,      -4.209521784,      -3.283607141,      -7.556856185
          0,           0,        2649,      -5.345318198,       -4.29848339,      -4.215392871,      -3.300593567,      -7.554377761
          0,           0,        2650,      -5.354232072,      -4.296140861,      -4.223821487,      -3.309710071,      -7.553373946
          0,           0,        2651,      -5.358760867,      -4.299289285,      -4.234627681,      -3.313784979,      -7.553608792
          0,           0,        2652,      -5.362327933,      -4.308264289,      -4.247297085,       -3.31647405,      -7.551781391
          0,           0,        2653,       -5.36785408,      -4.322372216,      -4.261057049,       -3.32094756,      -7.548308008
          0,           0,        2654,      -5.377331258,      -4.340637251,      -4.275028928,       -3.32939792,      -7.545589991
          0,           0,        2655,      -5.391660368,      -4.361816936,       -4.28851552,      -3.342850886,      -7.545165787
          0,           0,        2656,      -5.411550733,      -4.384340349,      -4.301353891,      -3.362052422,      -7.546820019
          0,           0,        2657,      -5.436334516,      -4.406742385,      -4.313097215,      -3.386370248,      -7.549322281
          0,           0,        2658,       -5.46536616,      -4.428166158,      -4.324079812,       -3.41513087,      -7.548215934
          0,           0,        2659,      -5.497361347,      -4.447833279,      -4.334695289,      -3.447080834,      -7.545377041
          0,           0,        2660,      -5.530795371,      -4.465243786,       -4.34539408,      -3.480539054,      -7.544256179
          0,           0,        2661,      -5.563735403,       -4.48048116,      -4.356496629,      -3.513496692,      -7.545935549
          0,           0,        2662,      -5.594207934,      -4.493520464,      -4.368154933,      -3.543988057,      -7.549168503
          0,           0,        2663,       -5.62067666,      -4.504222008,      -4.380377325,      -3.570507637,      -7.547728351
          0,           0,        2664,      -5.642242388,      -4.512405953,      -4.392985429,      -3.592256487,      -7.543584374
          0,           0,        2665,      -5.659098565,      -4.518701097,      -4.405825158,      -3.609487571,        -7.5403791
          0,           0,        2666,       -5.67227587,      -4.523044924,       -4.41874416,      -3.623317323,      -7.538688909
          0,           0,        2667,      -5.683091878,      -4.526459936,      -4.431724852,      -3.634994469,       -7.53805802
          0,           0,        2668,       -5.69284322,      -4.530329394,      -4.444834598,      -3.645702941,      -7.537940471
          0,           0,        2669,      -5.702515058,      -4.536251336,      -4.458475498,      -3.656220335,      -7.537335734
          0,           0,        2670,      -5.712760523,      -4.544505844,      -4.472651235,      -3.667124253,      -7.536921341
          0,           0,        2671,      -5.723754218,      -4.556454617,      -4.487640805,      -3.678428265,      -7.537756994
          0,           0,        2672,      -5.735432049,      -4.572133789,      -4.503187501,      -3.690081553,       -7.53773608
          0,           0,        2673,      -5.747739992,      -4.592550145,      -4.520181068,      -3.701959851,      -7.537439816
          0,           0,        2674,      -5.761116716,      -4.593745191,      -4.537125881,      -3.714454235,      -7.537194989
          0,           0,        2675,       -5.77537048,      -4.637123235,       -4.55433296,      -3.727755807,      -7.537040039
          0,           0,        2676,      -5.791509062,      -4.665197856,       -4.57042497,      -3.743087024,      -7.536866765
          0,           0,        2677,      -5.810898067,      -4.687643221,      -4.586171933,       -3.76155385,      -7.536613614
          0,           0,        2678,      -5.832831345,      -4.705503293,      -4.600505223,      -3.782955655,      -7.536335793
          0,           0,        2679,      -5.858087018,       -4.71825288,      -4.613681289,      -3.808096514,      -7.536121384
          0,           0,        2680,      -5.886068072,      -4.725427923,      -4.626196218,      -3.836467635,      -7.536082583
          0,           0,        2681,      -5.915396632,      -4.728475412,      -4.638646517,      -3.866775268,      -7.536359202
          0,           0,        2682,      -5.943795736,      -4.730590303,      -4.651902076,      -3.896725775,      -7.537302402
          0,           0,        2683,      -5.968208688,      -4.733493798,      -4.666344811,      -3.923065125,      -7.539327479
          0,           0,        2684,      -5.985614371,      -4.741263705,      -4.682724312,      -3.942299916,      -7.542798742
          0,           0,        2685,      -5.995020864,      -4.751026159,      -4.700729126,       -3.95324931,      -7.546383406
          0,           0,        2686,      -5.997084377,      -4.764090039,       -4.72026989,      -3.955995676,      -7.545622077
          0,           0,        2687,        -5.9940875,      -4.780587503,      -4.740958887,      -3.953546402,      -7.543441055
          0,           0,        2688,        -5.9914287,      -4.800093016,      -4.761885167,      -3.950320249,      -7.541921123
          0,           0,        2689,       -5.99209914,      -4.821153913,      -4.782325977,      -3.950064876,      -7.541231869
          0,           0,        2690,      -5.998357175,      -4.841806174,      -4.800730315,      -3.955433199,      -7.541041783
          0,           0,        2691,      -6.008658727,      -4.861780546,      -4.816512319,       -3.96486067,      -7.541047605
          0,           0,        2692,      -6.032737977,      -4.880917371,      -4.834358187,      -3.988531641,      -7.541105811
          0,           0,        2693,      -6.062740135,      -4.897762767,      -4.849498597,      -4.018268581,      -7.541198531
          0,           0,        2694,      -6.100560888,      -4.912363806,      -4.863966417,      -4.056064343,      -7.541367955
          0,           0,        2695,      -6.144497675,      -4.926823899,      -4.878601039,      -4.100332575,      -7.541648246
          0,           0,        2696,      -6.190934606,      -4.933182668,      -4.890568354,      -4.147406586,      -7.542116281
          0,           0,        2697,      -6.226440688,       -4.95046855,      -4.910948437,      -4.183594817,      -7.543118048
          0,           0,        2698,       -6.26639364,      -4.802283517,      -4.911381187,      -4.224827647,      -7.545088544
          0,           0,        2699,      -6.284363825,       -4.97847438,      -4.949889511,      -4.243593268,      -7.548639053
          0,           0,        2700,      -6.290279932,      -4.995675156,      -4.972341698,      -4.249561286,      -7.553994676
          0,           0,        2701,      -6.291034559,      -5.009533332,      -4.994537728,      -4.250224075,      -7.557722819
          0,           0,        2702,      -6.290187588,      -5.022204779,      -5.016660168,      -4.249091444,      -7.552862027
          0,           0,        2703,      -6.293268349,      -5.033453227,      -5.036126191,       -4.25193537,      -7.546905635
          0,           0,        2704,        -6.2982979,       -5.04365431,       -5.05472983,      -4.256729294,      -7.543563118
          0,           0,        2705,      -6.322159948,      -5.054315566,      -5.075413434,        -4.2807621,      -7.542639007
          0,           0,        2706,      -6.350907545,      -5.064166601,      -5.092956277,      -4.310025866,      -7.542544922
          0,           0,        2707,      -6.387974048,      -5.075465695,      -5.109948064,      -4.348056819,      -7.541883555
          0,           0,        2708,      -6.431237252,      -5.068828241,      -5.125636928,      -4.392649267,      -7.541226003
          0,           0,        2709,      -6.474547241,      -5.053820247,      -5.142471673,      -4.437316316,        -7.5408571
          0,           0,        2710,      -6.514727179,      -5.109256324,      -5.161719491,      -4.479879988,      -7.540743656
          0,           0,        2711,      -6.543469489,      -5.126142233,      -5.181707106,      -4.510878563,      -7.540786613
          0,           0,        2712,      -6.558088836,        -5.0563566,      -5.201737536,      -4.525956012,      -7.540933758
          0,           0,        2713,      -6.560463792,      -5.101798874,      -5.140201985,      -4.528827507,      -7.541183651
          0,           0,        2714,      -6.547958433,      -5.163165125,      -5.242509848,      -4.516756535,      -7.541585655
          0,           0,        2715,      -6.557033228,      -5.174913983,      -5.265266763,      -4.526144898,      -7.542240366
          0,           0,        2716,      -6.561299537,      -5.184120721,       -5.28483924,      -4.530911468,      -7.543339052
          0,           0,        2717,      -6.571676311,       -5.19181181,      -5.303617823,      -4.542208087,      -7.545180573
          0,           0,        2718,      -6.588584457,      -5.198000161,      -5.321070894,      -4.560566323,      -7.548014367
          0,           0,        2719,      -6.609953718,      -5.208257491,      -5.338249335,      -4.583806376,        -7.5507719
          0,           0,        2720,      -6.632759539,      -5.214447378,      -5.355606727,      -4.607672594,      -7.552094353
          0,           0,        2721,      -6.653829339,      -5.217190166,      -5.372325127,      -4.630183397,      -7.552842012
          0,           0,        2722,      -6.667608524,      -5.228706542,      -5.391101746,      -4.644282655,       -7.55327507
          0,           0,        2723,       -6.67503058,      -5.242605877,      -5.411983196,      -4.651042407,       -7.55344469
          0,           0,        2724,      -6.675546838,      -5.249479738,      -5.431118453,      -4.650027597,      -7.553407179
          0,           0,        2725,      -6.671979896,      -5.259188263,      -5.450135531,      -4.644617482,      -7.553274419
          0,           0,        2726,      -6.669196814,      -5.264845514,      -5.467358258,      -4.640268889,      -7.553178795
          0,           0,        2727,      -6.669587037,      -5.262289413,      -5.479436532,      -4.639558648,      -7.553253204
          0,           0,        2728,      -6.674479865,      -5.270262938,      -5.492276863,      -4.644067025,      -7.553496083
          0,           0,        2729,      -6.686538119,      -5.277313626,      -5.503177399,      -4.656486307,      -7.553897866
          0,           0,        2730,       -6.70269803,      -5.275853139,      -5.508729496,      -4.673460907,      -7.554467176
          0,           0,        2731,      -6.720609062,      -5.278043668,      -5.503298327,      -4.692509941,      -7.555176574
          0,           0,        2732,      -6.717862578,        -5.2783288,      -5.507086914,      -4.690797908,      -7.555983422
          0,           0,        2733,      -6.747077851,      -5.274982669,      -5.519433341,      -4.719340474,      -7.556861845
          0,           0,        2734,       -6.75107082,       -5.28427634,      -5.529289092,      -4.723139799,      -7.557799244
          0,           0,        2735,      -6.749744085,      -5.296077801,        -5.5420643,      -4.721048856,      -7.558788691
          0,           0,        2736,      -6.742954049,      -5.301190264,      -5.532221862,      -4.712171297,      -7.559825761
          0,           0,        2737,      -6.659995791,      -5.311743108,      -5.505864054,      -4.604951477,      -7.560905854
          0,           0,        2738,      -6.714238855,      -4.444130142,      -4.970843404,      -4.674225685,      -7.562024022
          0,           0,        2739,      -6.620703496,       -5.31620289,      -5.562553388,      -4.568186978,      -7.563168602
          0,           0,        2740,      -6.656436296,      -5.324836578,       -5.58480585,      -4.617884665,      -7.564326489
          0,           0,        2741,      -6.712433018,      -5.348472759,      -5.594180568,      -4.676187828,      -7.565484664
          0,           0,        2742,      -6.745034336,      -5.352565199,      -5.597578673,      -4.711394875,      -7.566630136
          0,           0,        2743,      -6.769110008,      -5.361884713,      -5.597833488,      -4.738221498,      -7.567748985
          0,           0,        2744,      -6.794309562,      -5.365803604,       -5.59998297,      -4.766901067,      -7.568828576
          0,           0,        2745,      -6.815000152,      -5.368655856,       -5.59694693,      -4.791372751,      -7.569858121
          0,           0,        2746,      -6.825294611,      -5.372865743,      -5.602989492,      -4.805263429,      -7.570829551
          0,           0,        2747,      -6.832091735,      -5.351519168,      -5.609873555,      -4.814643271,      -7.571742052
          0,           0,        2748,      -6.825480088,      -5.344095933,      -5.617303458,      -4.807981411,      -7.572592465
          0,           0,        2749,      -6.812399833,      -5.246406062,      -5.626189353,      -4.792465662,      -7.573385447
          0,           0,        2750,      -6.795377262,       -5.22462733,       -5.63995823,      -4.771960119,      -7.574126984
          0,           0,        2751,      -6.783481186,      -5.337264693,      -5.657402081,      -4.758624981,      -7.574827937
          0,           0,        2752,      -6.777577951,      -5.391219927,      -5.670870411,      -4.751558505,       -7.57551531
          0,           0,        2753,      -6.777888269,      -5.402189511,       -5.68076244,      -4.750701796,      -7.576236079
          0,           0,        2754,      -6.784626406,      -5.418338219,      -5.696203635,      -4.756480395,      -7.577064084
          0,           0,        2755,       -6.80086555,       -5.42942758,      -5.712582772,      -4.772513166,      -7.578075631
          0,           0,        2756,      -6.824298649,      -5.391844055,      -5.719350852,       -4.79609618,      -7.579172545
          0,           0,        2757,      -6.853612636,      -5.225362682,      -5.702668723,      -4.824699691,       -7.57985806
          0,           0,        2758,      -6.865032598,      -4.850350904,      -5.652092855,       -4.81662453,      -7.580365942
          0,           0,        2759,      -6.887176779,      -2.857226391,      -3.637188602,      -3.247918224,      -7.580702031
          0,           0,        2760,      -5.152425618,      -4.526359814,      -4.274903046,      -3.108024537,      -7.580238899
          0,           0,        2761,      -5.628109615,      -4.714975213,      -4.298695738,        -3.5773285,      -7.579939003
          0,           0,        2762,      -5.515737239,      -5.293579305,      -4.535574642,      -3.467945615,      -7.579849893
          0,           0,        2763,      -5.575937423,      -5.275161394,      -4.795924993,      -3.531465911,      -7.579889449
          0,           0,        2764,      -5.728914646,      -5.205409505,      -4.915641658,      -3.680144654,      -7.579947149
          0,           0,        2765,      -5.849857925,      -5.258494792,      -5.073323272,      -3.794287788,      -7.579964402
          0,           0,        2766,      -5.971458767,      -5.323893372,      -5.215900541,      -3.924564496,      -7.580249261
          0,           0,        2767,      -5.999358186,      -4.527599216,      -5.239447821,      -3.908860287,      -7.580140027
          0,           0,        2768,      -6.132037883,      -4.714038117,      -5.338315916,      -4.050118413,      -7.579931746
          0,           0,        2769,      -6.242886906,      -4.827105617,      -5.387659163,      -4.171322408,      -7.579664722
          0,           0,        2770,      -6.319305915,      -4.945715461,      -5.398550946,      -4.263155518,       -7.57936762
          0,           0,        2771,      -6.384468389,      -5.050275088,      -5.480400522,      -4.337201432,      -7.579020137
          0,           0,        2772,      -6.411936589,      -5.132272684,      -5.509446982,      -4.367396197,      -7.578619714
          0,           0,        2773,      -6.436900162,      -5.213265035,      -5.606672713,       -4.39160459,      -7.578168846
          0,           0,        2774,       -6.47925042,       -5.22194209,      -5.485141901,      -4.434175804,      -7.577674831
          0,           0,        2775,      -6.468989851,      -5.315447195,      -5.469560995,      -4.430202061,      -7.577150551
          0,           0,        2776,      -6.596624434,      -5.356388114,      -5.564433856,       -4.54873705,      -7.576616927
          0,           0,        2777,      -6.660980425,      -5.377993337,      -5.598759921,      -4.610703774,      -7.576097952
          0,           0,        2778,      -6.701363106,      -5.407656255,      -5.623802351,      -4.654711945,      -7.575613464
          0,           0,        2779,      -6.713916815,      -5.431145921,      -5.647860222,      -4.670471945,      -7.575182144
          0,           0,        2780,      -6.714404353,      -5.443708009,      -5.669422912,      -4.671970116,      -7.574811524
          0,           0,        2781,      -6.721943479,      -5.462817528,      -5.687308598,      -4.681400004,      -7.574512965
          0,           0,        2782,      -6.736608853,      -5.469932633,      -5.696804451,      -4.697702569,      -7.574296846
          0,           0,        2783,      -6.751461495,      -5.467907216,      -5.701330943,      -4.713334834,      -7.574165049
          0,           0,        2784,      -6.756225063,      -5.486259648,      -5.712038729,      -4.718105293,      -7.574116712
          0,           0,        2785,      -6.751937416,      -5.331697413,      -5.644336771,       -4.71250371,      -7.574172133
          0,           0,        2786,      -6.539272769,      -4.873936476,      -5.540071913,      -4.501953674,      -7.574356932
          0,           0,        2787,      -6.691558574,      -5.188711591,      -5.658752069,      -4.646140708,      -7.574723701
          0,           0,        2788,      -6.681591408,      -5.222085514,      -5.715594752,      -4.631124083,      -7.575269011
          0,           0,        2789,      -6.716784121,      -5.327579078,      -5.737487073,      -4.668563881,      -7.575749874
          0,           0,        2790,      -6.751351591,       -5.37020254,      -5.685976181,      -4.704873734,      -7.576085634
          0,           0,        2791,      -6.724634703,      -5.427573875,      -5.648835211,       -4.67163998,      -7.576390395
          0,           0,        2792,      -6.796735213,      -5.414655273,      -5.704557123,      -4.750927905,      -7.576688734
          0,           0,        2793,      -6.808227517,      -5.506893978,      -5.722549031,      -4.767170794,       -7.57698242
          0,           0,        2794,      -6.815207626,      -5.488242023,      -5.727637944,       -4.77576938,      -7.577267284
          0,           0,        2795,      -6.819444439,      -5.505010157,      -5.728629358,      -4.779760561,      -7.577537826
          0,           0,        2796,        -6.8240158,      -5.496595982,      -5.735465448,      -4.783076124,      -7.577789428
          0,           0,        2797,      -6.822882592,       -5.49112242,      -5.631158307,      -4.773313394,      -7.578017497
          0,           0,        2798,      -5.531674832,      -5.435434219,      -4.434700638,      -3.497500769,      -7.578220675
          0,           0,        2799,      -5.872614466,      -5.434154035,      -4.726505225,       -3.81701371,      -7.578400606
          0,           0,        2800,      -5.906018613,      -4.125053536,      -4.932976105,      -3.837657806,      -7.578559415
          0,           0,        2801,      -5.991437719,      -3.318740899,       -4.66110284,      -3.633149875,      -7.578698296
          0,           0,        2802,       -6.14219942,      -4.916645308,      -5.340535139,      -4.088699767,      -7.578827245
          0,           0,        2803,      -6.273458252,      -5.204692603,      -5.423492404,      -4.212409705,      -7.578969922
          0,           0,        2804,      -6.391377286,      -5.366875416,      -5.564978107,      -4.340914842,      -7.579164711
          0,           0,        2805,      -6.466922691,      -5.425139781,         -5.676327,      -4.402372273,      -7.579406632
          0,           0,        2806,      -5.883680522,      -5.334176157,      -4.729108353,      -3.854560822,      -7.579479431
          0,           0,        2807,      -6.209272991,      -5.468582794,      -5.027059036,      -4.158882843,      -7.579450706
          0,           0,        2808,      -6.213475945,      -5.493941069,      -5.260556422,      -4.156062387,      -7.579362671
          0,           0,        2809,      -6.303480424,      -5.514308981,      -5.445418659,      -4.246751364,      -7.579230213
          0,           0,        2810,      -6.426268643,      -5.526604151,      -5.583116309,       -4.37152173,      -7.579061491
          0,           0,        2811,      -6.536207105,       -4.55705442,      -5.120536246,       -4.47658583,      -7.578859272
          0,           0,        2812,      -6.270063163,       -5.12981454,      -5.341973553,      -4.224145237,      -7.578630295
          0,           0,        2813,       -6.63400179,      -5.384748199,      -5.572230644,      -4.584555418,      -7.578378561
          0,           0,        2814,      -6.632604832,      -5.420798041,      -5.731504092,      -4.583383631,      -7.578112863
          0,           0,        2815,      -6.726742595,      -5.490745109,      -5.803820509,      -4.679421114,      -7.577837539
          0,           0,        2816,      -6.844306341,      -5.521285485,      -5.827535358,      -4.800423011,      -7.577558068
          0,           0,        2817,      -6.923033164,      -5.531978225,      -5.826053534,      -4.876441481,       -7.57727894
          0,           0,        2818,      -6.965739243,      -5.548053583,      -5.840908225,      -4.919200417,      -7.577002773
          0,           0,        2819,       -7.04204976,      -5.552030331,      -5.847360252,      -4.997328019,      -7.576732361
          0,           0,        2820,      -7.100658375,      -5.555357986,      -5.843760273,      -5.052047846,      -7.576469814
          0,           0,        2821,      -7.152391246,       -5.55619133,      -5.844406097,       -5.10248368,      -7.576216704
          0,           0,        2822,       -7.18728026,      -5.550904504,      -5.840732275,      -5.131254554,      -7.575974039
          0,           0,        2823,      -7.207379901,      -5.555319966,      -5.846790416,      -5.150214177,      -7.575742819
          0,           0,        2824,      -7.212096365,      -5.550290567,      -5.849500581,      -5.152581256,      -7.575523248
          0,           0,        2825,      -7.206827353,      -5.555310951,       -5.85768205,      -5.147027648,      -7.575315344
          0,           0,        2826,      -7.205490843,      -5.553196905,      -5.866065076,      -5.144572766,      -7.575118617
          0,           0,        2827,      -7.207075516,      -5.555574413,      -5.871494497,      -5.146881921,      -7.574932599
          0,           0,        2828,      -7.215755585,      -5.511993293,      -5.530824297,      -5.111751706,        -7.5747563
          0,           0,        2829,      -6.941708369,      -5.549567044,      -5.686947183,      -4.875017043,      -7.574589037
          0,           0,        2830,      -7.098879812,      -5.545533715,      -5.794359041,      -5.038064367,      -7.574429648
          0,           0,        2831,      -7.110407589,       -5.55898551,      -5.855517691,      -5.056564215,      -7.574277443
          0,           0,        2832,      -7.186091448,      -5.572483414,      -5.883777746,      -5.135976712,      -7.574131132
          0,           0,        2833,      -7.284298466,      -5.568751508,      -5.883606354,      -5.234101668,      -7.573990017
          0,           0,        2834,      -7.336634023,      -5.558102227,      -5.886775269,      -5.283474747,      -7.573853107
          0,           0,        2835,      -7.363234041,      -5.567341252,      -5.892130414,      -5.306145787,      -7.573719937
          0,           0,        2836,      -7.377757534,      -5.580310988,      -5.881324425,      -5.324231364,      -7.573589464
          0,           0,        2837,      -7.291528909,       -5.57681527,      -5.893160394,      -5.242187118,      -7.573461537
          0,           0,        2838,      -7.342383121,      -5.576107537,      -5.909101202,      -5.288151069,      -7.573335434
          0,           0,        2839,      -7.347981406,      -5.577919171,      -5.913805423,       -5.29080349,       -7.57321109
          0,           0,        2840,       -7.35125301,      -5.580471777,      -5.920655663,      -5.292415095,      -7.573087994
          0,           0,        2841,       -7.36540181,      -5.577489584,      -5.904758016,      -5.301595037,      -7.572966135
          0,           0,        2842,      -7.335325232,      -5.527933199,      -5.896565611,       -5.26830143,      -7.572845113
          0,           0,        2843,        -7.3775869,      -5.569191373,      -5.920762165,      -5.307428641,      -7.572724861
          0,           0,        2844,      -7.428321898,      -5.577725202,      -5.930111745,       -5.35421499,      -7.572604993
          0,           0,        2845,      -7.448440569,      -5.565220395,      -5.922120956,      -5.367538427,      -7.572485503
          0,           0,        2846,      -7.447625115,       -5.56725652,      -5.921121115,      -5.361250649,      -7.572365962
          0,           0,        2847,      -7.454186109,      -5.570928347,      -5.928780761,      -5.364064635,      -7.572246463
          0,           0,        2848,      -7.489325933,      -5.578417045,      -5.931448837,      -5.395400136,      -7.572126677
          0,           0,        2849,      -7.485695422,      -5.574168197,      -5.933045596,      -5.389895941,      -7.572006758
          0,           0,        2850,       -7.49430529,      -5.555378973,      -5.920991288,      -5.392195737,      -7.571886551
          0,           0,        2851,       -7.46722715,      -5.564700435,      -5.926692141,      -5.368229602,      -7.571766211
          0,           0,        2852,      -7.487733972,      -5.580810019,      -5.936912748,      -5.392554441,      -7.571645655
          0,           0,        2853,      -7.498282315,      -5.571194169,      -5.933845307,      -5.401805862,      -7.571525439
          0,           0,        2854,      -7.509978868,      -5.575271207,      -5.933606839,      -5.410517711,      -7.571405608
          0,           0,        2855,      -7.530278182,      -5.571730613,      -5.932471858,      -5.427197037,      -7.571287078
          0,           0,        2856,      -7.554802801,      -5.535727155,      -5.909793441,      -5.445574843,      -7.571171985
          0,           0,        2857,      -7.498991234,      -5.558714956,      -5.922210055,      -5.399922046,      -7.571057628
          0,           0,        2858,      -7.566338057,      -5.500108436,      -5.543267304,      -5.455432068,      -7.570948158
          0,           0,        2859,      -7.226331394,      -5.569036709,      -5.899894196,      -5.164684604,      -7.570847407
          0,           0,        2860,      -7.541344796,      -5.551399444,       -5.92151237,      -5.434863367,       -7.57075967
          0,           0,        2861,      -7.528243988,      -5.560733449,      -5.858658947,       -5.42493768,      -7.570686876
          0,           0,        2862,      -7.158819916,      -5.568942846,      -5.879977405,      -5.111636188,       -7.57061199
          0,           0,        2863,      -7.468053424,      -5.567871309,      -5.923907904,      -5.368032161,      -7.570504325
          0,           0,        2864,      -7.490298054,      -5.572372559,      -5.929417217,      -5.385849848,      -7.570383867
          0,           0,        2865,      -7.505677549,      -5.569905161,      -5.934486682,      -5.398465868,      -7.570252618
          0,           0,        2866,      -7.538932764,       -5.55896442,       -5.87118258,      -5.414403309,      -7.570113728
          0,           0,        2867,      -7.200464778,      -5.548170373,      -5.859384518,      -5.126244084,      -7.569974177
          0,           0,        2868,      -7.493333936,      -5.569106494,      -5.924584202,      -5.356679094,      -7.569839317
          0,           0,        2869,      -7.487591089,      -5.560981842,      -5.928320763,      -5.364710918,      -7.569713502
          0,           0,        2870,      -7.466052617,      -5.549453007,       -5.92638255,      -5.355767176,      -7.569597034
          0,           0,        2871,      -7.472271412,      -5.499965278,      -5.887931386,      -5.351477407,      -7.569487608
          0,           0,        2872,      -7.302357519,      -5.158388686,      -5.638629018,      -5.197415037,      -7.569382717
          0,           0,        2873,      -6.865696609,       -5.53335037,      -5.860278794,      -4.813686515,      -7.569280814
          0,           0,        2874,      -7.323560504,      -4.819783648,      -5.797857578,      -5.105914342,      -7.569180433
          0,           0,        2875,      -7.249786552,      -5.269895546,      -5.902135247,      -5.149965265,      -7.569077989
          0,           0,        2876,      -7.330921252,      -5.518730861,      -5.811286162,      -5.238425815,      -7.568969537
          0,           0,        2877,      -6.594107576,      -5.538105485,      -5.553520944,      -4.422244849,      -7.568852752
          0,           0,        2878,      -7.029432458,      -5.547505479,      -5.737662414,      -4.877892142,      -7.568727267
          0,           0,        2879,      -6.996705806,      -5.550905538,      -5.830287866,       -4.95338336,      -7.568594401
          0,           0,        2880,      -7.027198834,      -5.537699714,       -5.87730689,       -5.02047197,      -7.568453543
          0,           0,        2881,      -7.120282919,      -5.018560368,      -5.761926881,      -5.052030637,      -7.568304926
          0,           0,        2882,      -7.253843068,      -5.234313792,      -5.878471686,      -5.186676817,      -7.568147621
          0,           0,        2883,      -7.297931588,      -5.546409084,       -5.92461166,      -5.246148486,      -7.567979815
          0,           0,        2884,      -7.345233666,      -5.565887639,       -5.92641948,      -5.290542459,      -7.567803302
          0,           0,        2885,      -7.479556606,      -5.554229118,       -5.92562284,      -5.380472366,      -7.567621411
          0,           0,        2886,      -7.547709519,      -5.428047493,      -5.841402695,      -5.410467459,      -7.567434607
          0,           0,        2887,      -7.152937924,      -5.211890436,      -5.758820452,      -5.078026777,      -7.567244306
          0,           0,        2888,       -7.44093285,       -5.38103303,       -5.87425971,      -5.315440308,      -7.567063432
          0,           0,        2889,      -7.289066026,      -5.070407897,      -5.879354601,      -5.171657787,      -7.566873179
          0,           0,        2890,      -7.366221713,      -5.270036524,      -5.916580171,      -5.220700789,      -7.566684235
          0,           0,        2891,      -7.408119443,      -5.438770982,      -5.921944263,      -5.272529455,      -7.566495532
          0,           0,        2892,      -7.487526941,      -5.468427564,       -5.92088846,      -5.327255827,      -7.566308417
          0,           0,        2893,      -7.540053231,      -5.125512398,      -5.764053588,      -5.358148005,      -7.566125316
          0,           0,        2894,      -7.391975104,      -5.541641468,      -5.896666407,      -5.270855683,      -7.565947657
          0,           0,        2895,       -7.49094348,      -5.554726383,      -5.926313731,      -5.369049166,      -7.565774761
          0,           0,        2896,      -7.485528399,      -5.553879977,      -5.924798372,       -5.35157995,      -7.565605625
          0,           0,        2897,      -7.552678607,      -5.551932379,      -5.923739748,      -5.389033247,      -7.565441482
          0,           0,        2898,       -7.61032971,      -5.548174124,      -5.916497099,      -5.411770131,      -7.565283135
          0,           0,        2899,       -7.64581531,      -5.550537609,      -5.923097259,      -5.422869863,      -7.565131061
          0,           0,        2900,       -7.66752315,      -5.547292495,      -5.918126698,      -5.440379456,      -7.564985723
          0,           0,        2901,      -7.677670363,      -5.442106687,      -5.842128764,      -5.432302397,      -7.564849418
          0,           0,        2902,      -7.560730474,      -5.503143879,       -5.89350794,       -5.38802243,      -7.564718925
          0,           0,        2903,        -7.4977163,       -5.15036329,      -5.658164355,      -5.347811625,      -7.564591633
          0,           0,        2904,      -7.259588327,      -5.494369979,      -5.797570595,      -5.136356684,      -7.564469469
          0,           0,        2905,      -7.436631407,       -5.53844619,      -5.897106288,      -5.301918061,      -7.564355682
          0,           0,        2906,      -7.526900011,      -5.539807289,      -5.908012258,      -5.341893881,      -7.564250688
          0,           0,        2907,      -7.519531747,      -5.512669245,      -5.912260151,      -5.325136717,      -7.564154191
          0,           0,        2908,      -7.531799984,      -5.029363744,       -5.16177085,      -5.025071224,      -7.564073207
          0,           0,        2909,      -7.084299655,      -5.209996836,      -5.609423227,      -4.989119198,      -7.564001334
          0,           0,        2910,      -7.168056507,      -5.505228728,      -5.856555509,      -5.086571575,      -7.563917896
          0,           0,        2911,      -7.352815192,      -5.535382037,      -5.862845039,      -5.248065252,      -7.563827035
          0,           0,        2912,       -7.37922821,      -5.417158928,      -5.815069837,      -5.254622498,      -7.563742454
          0,           0,        2913,      -7.312277056,      -5.518802311,      -5.871726372,      -5.203857614,      -7.563670834
          0,           0,        2914,      -7.370821936,      -5.541190406,      -5.874927911,      -5.257226835,      -7.563609389
          0,           0,        2915,      -7.391933959,      -5.506996519,       -5.87762957,      -5.279226107,      -7.563554343
          0,           0,        2916,      -6.701530273,      -5.275590086,      -5.778227348,      -4.537303485,      -7.563498002
          0,           0,        2917,      -7.049924813,      -5.310291709,      -5.782933731,       -4.71690131,      -7.563446159
          0,           0,        2918,      -7.116155793,      -5.391495335,      -5.860689725,      -4.909516183,      -7.563403824
          0,           0,        2919,       -7.04180081,      -5.378094622,       -5.85449283,      -4.963283195,      -7.563358816
          0,           0,        2920,      -6.626178115,      -5.259769973,      -5.561922711,       -4.28520651,      -7.563326663
          0,           0,        2921,      -6.496148662,      -5.490684255,      -5.740580223,      -4.531560645,      -7.563312813
          0,           0,        2922,      -6.385409717,      -5.508272781,       -5.72918186,      -4.395948992,      -7.563302471
          0,           0,        2923,      -6.158769156,      -5.407347366,      -5.432052044,      -3.855551708,      -7.563353904
          0,           0,        2924,      -6.142061517,      -5.491705356,      -5.687613066,      -4.099648291,      -7.563402081
          0,           0,        2925,      -6.229960278,       -5.50274142,      -5.794923841,      -4.191807428,      -7.563432947
          0,           0,        2926,      -6.428317854,      -5.019046613,      -5.207928442,      -4.337081097,       -7.56342853
          0,           0,        2927,      -6.590098621,      -5.357454714,      -5.696086572,      -4.546301935,      -7.563395598
          0,           0,        2928,      -6.755331412,      -5.475680235,      -5.750406176,      -4.706404991,       -7.56334954
          0,           0,        2929,      -6.889607122,      -5.502997209,      -5.822371914,      -4.832650117,      -7.563293389
          0,           0,        2930,      -6.970680147,      -5.521807185,      -5.873675504,      -4.907431713,      -7.563227723
          0,           0,        2931,      -7.062280487,      -5.532796772,      -5.882979259,      -4.998326052,      -7.563158127
          0,           0,        2932,      -7.131908281,       -5.51907212,      -5.890028124,      -5.058862752,      -7.563090967
          0,           0,        2933,      -7.195779175,      -5.528879907,      -5.897855957,      -5.116395076,      -7.563031936
          0,           0,        2934,      -7.258522998,      -5.551244919,      -5.914987617,       -5.17245878,      -7.562984162
          0,           0,        2935,      -7.331395055,      -5.545757293,      -5.911771733,      -5.229970745,      -7.562948878
          0,           0,        2936,      -7.374564198,      -5.544172775,      -5.908962571,      -5.259240649,      -7.562924477
          0,           0,        2937,      -7.394514781,      -5.546198841,      -5.905582116,      -5.275695888,      -7.562908493
          0,           0,        2938,      -7.402222636,      -5.553419032,      -5.908329221,       -5.27764285,      -7.562897132
          0,           0,        2939,      -7.416224294,      -5.554088898,      -5.904686718,      -5.292422494,      -7.562886706
          0,           0,        2940,      -7.419306901,      -5.539592071,      -5.892098167,       -5.29642781,      -7.562873482
          0,           0,        2941,      -7.407854084,      -5.550770215,      -5.893226238,      -5.288721695,      -7.562854823
          0,           0,        2942,      -7.424105341,      -5.559661913,       -5.89925691,       -5.30412083,       -7.56282852
          0,           0,        2943,      -7.419617861,      -5.538543234,      -5.882015705,       -5.30404875,      -7.562793688
          0,           0,        2944,      -7.359961601,      -5.101037587,      -5.640011496,      -5.236559072,      -7.562749582
          0,           0,        2945,      -6.833883976,       -5.34174116,      -5.596323203,      -4.781704073,      -7.562696135
          0,           0,        2946,      -6.655337107,      -4.942650684,      -5.457650634,      -4.589657425,      -7.562633567
          0,           0,        2947,      -6.941776575,      -5.226072672,       -5.69159219,      -4.827075093,      -7.562561113
          0,           0,        2948,      -6.978365258,      -5.275903027,      -5.793519293,      -4.866118321,      -7.562478547
          0,           0,        2949,      -7.061944228,      -5.342352552,      -5.851065302,      -4.955329765,      -7.562385822
          0,           0,        2950,      -7.171278526,      -5.493391012,      -5.881027317,      -5.100730582,      -7.562282454
          0,           0,        2951,      -7.279597793,      -5.465130538,      -5.883831494,      -5.196551379,      -7.562168395
          0,           0,        2952,        -7.3037406,      -5.480806268,       -5.87730539,      -5.216816555,      -7.562043144
          0,           0,        2953,      -7.312969571,      -5.548343692,      -5.891924997,      -5.224426102,      -7.561906888
          0,           0,        2954,      -7.343101675,      -5.544594737,      -5.902562576,       -5.25143628,      -7.561759856
          0,           0,        2955,      -7.377096936,      -5.537144025,      -5.898797733,      -5.274454086,      -7.561603105
          0,           0,        2956,      -7.386757065,      -5.572591967,       -5.90628029,      -5.282987077,      -7.561437607
          0,           0,        2957,      -7.413558147,      -5.566458504,      -5.905978485,      -5.303963717,      -7.561265154
          0,           0,        2958,      -7.431589342,      -5.514780311,      -5.870653129,      -5.318330445,      -7.561087159
          0,           0,        2959,      -7.367038592,      -5.397893969,      -5.669505593,      -5.167031281,      -7.560905398
          0,           0,        2960,      -6.124353665,      -5.412150933,      -4.991102299,       -4.06910548,        -7.5607219
          0,           0,        2961,      -6.469789078,       -5.52732881,      -5.257462198,      -4.405328393,      -7.560539282
          0,           0,        2962,       -6.46857846,      -5.542215246,      -5.477156799,      -4.409742206,      -7.560358425
          0,           0,        2963,      -6.545834942,      -5.557910411,       -5.66150003,       -4.49216963,      -7.560179047
          0,           0,        2964,      -6.691609282,      -5.453370341,      -5.735269742,      -4.642260395,      -7.560000033
          0,           0,        2965,      -6.813083841,      -5.364868095,      -5.740776846,      -4.742511769,      -7.559821092
          0,           0,        2966,      -6.850022923,      -5.390426154,      -5.789341112,      -4.803776388,       -7.55964187
          0,           0,        2967,      -6.952933681,        -5.5048706,      -5.785346802,      -4.893825499,      -7.559463124
          0,           0,        2968,      -6.810413505,      -5.515691367,      -5.679433324,      -4.703762435,      -7.559285758
          0,           0,        2969,      -7.027841176,      -5.556325535,      -5.828672817,      -4.968255436,      -7.559111344
          0,           0,        2970,      -7.062956632,      -5.557655282,      -5.884514699,       -5.01174048,      -7.558940857
          0,           0,        2971,       -7.14490961,      -5.577733196,      -5.909814581,      -5.092967428,      -7.558774922
          0,           0,        2972,      -7.235616882,       -5.57126595,      -5.915128209,      -5.161269392,      -7.558613218
          0,           0,        2973,      -7.377418043,      -5.583204344,      -5.921280241,      -5.266701718,      -7.558455373
          0,           0,        2974,       -7.40561661,      -5.572523255,      -5.909000809,      -5.291983214,      -7.558300575
          0,           0,        2975,      -7.389576845,      -5.580775995,      -5.906105908,      -5.254819229,      -7.558148573
          0,           0,        2976,      -7.442035444,      -5.588513058,      -5.929024456,      -5.335396188,      -7.557998971
          0,           0,        2977,      -7.459279831,      -5.584497317,      -5.923029272,       -5.34936506,      -7.557852136
          0,           0,        2978,      -7.438646581,      -5.558811612,      -5.909819042,      -5.333993039,      -7.557708118
          0,           0,        2979,      -7.423385508,      -5.574009576,      -5.908715108,      -5.308497064,      -7.557567419
          0,           0,        2980,      -7.446696278,      -5.586832955,      -5.923370347,      -5.324956383,      -7.557430159
          0,           0,        2981,      -7.481353526,      -5.578721932,      -5.926367007,      -5.358989054,      -7.557297023
          0,           0,        2982,      -7.493927623,      -5.577361773,      -5.921469635,      -5.361494546,      -7.557167675
          0,           0,        2983,      -7.497216579,      -5.573533812,      -5.917741063,      -5.367598792,      -7.557042493
          0,           0,        2984,       -7.48595176,      -5.566034022,      -5.922530412,      -5.359712716,      -7.556921348
          0,           0,        2985,      -7.522796146,        -5.4691967,      -5.881493046,      -5.383489153,      -7.556804554
          0,           0,        2986,      -7.396708915,      -5.461796627,      -5.847266097,      -5.284664489,      -7.556691837
          0,           0,        2987,      -7.323270833,      -5.505697684,      -5.897474802,      -5.231095742,      -7.556583386
          0,           0,        2988,      -7.282053419,      -5.542967174,      -5.918273564,      -5.201478545,         -7.556479
          0,           0,        2989,      -7.412820106,      -5.548452477,      -5.915828677,      -5.308398149,      -7.556378804
          0,           0,        2990,      -7.512074531,      -5.534829325,      -5.911304914,      -5.379353439,      -7.556282588
          0,           0,        2991,      -7.528807716,      -5.053026445,      -5.625163541,       -5.39193901,       -7.55619051
          0,           0,        2992,      -6.818865148,      -5.391461177,      -5.679227606,      -4.768854411,      -7.556102277
          0,           0,        2993,      -7.144368445,      -5.485605991,      -5.809904759,      -5.066103509,      -7.556018101
          0,           0,        2994,      -6.848853128,      -5.389156389,      -5.648223845,      -4.802543744,      -7.555937544
          0,           0,        2995,      -7.074933173,       -5.50541798,      -5.819604202,      -5.005002885,      -7.555860382
          0,           0,        2996,      -7.178457524,      -5.532101073,      -5.876966355,      -5.101959424,      -7.555786151
          0,           0,        2997,      -7.242176437,      -5.537576185,      -5.895873413,      -5.159745074,      -7.555715048
          0,           0,        2998,      -7.339538464,      -5.560187631,      -5.909839247,       -5.24806203,      -7.555646756
          0,           0,        2999,        -7.4232656,      -5.557290592,      -5.914522743,      -5.309450407,      -7.555581544
          0,           0,        3000,      -7.483183338,      -5.541294022,      -5.895974801,      -5.351559723,      -7.555519177
          0,           0,        3001,      -7.487634149,      -5.554756853,      -5.905577964,      -5.353930753,      -7.555459647
          0,           0,        3002,      -7.517827547,      -5.552997885,      -5.889118797,      -5.370818322,      -7.555402582
          0,           0,        3003,      -7.292042946,      -5.555773786,       -5.85774855,      -5.221813037,      -7.555348087
          0,           0,        3004,      -7.441177508,      -5.568707255,      -5.904103453,      -5.311291085,      -7.555295635
          0,           0,        3005,      -7.485202982,      -5.556724788,      -5.561346029,      -5.304626524,      -7.555245449
          0,           0,        3006,      -7.272093203,      -5.544898419,      -5.872671079,      -5.186112263,      -7.555197374
          0,           0,        3007,      -7.443511865,      -5.558847521,      -5.900073677,      -5.315549477,      -7.555151709
          0,           0,        3008,       -7.51137277,      -5.570261293,      -5.910588861,      -5.361201228,      -7.555108323
          0,           0,        3009,      -7.569284896,      -5.563168774,       -5.90577009,      -5.398493641,       -7.55506744
          0,           0,        3010,      -7.571498291,      -5.561545888,       -5.90547991,      -5.397201009,      -7.555028842
          0,           0,        3011,      -7.594303727,       -5.56222463,      -5.906556198,      -5.408246961,      -7.554992359
          0,           0,        3012,      -7.619239003,      -5.566500972,      -5.908257839,      -5.422198321,      -7.554957601
          0,           0,        3013,      -7.619752944,      -5.261951064,      -5.744741434,      -5.408276138,      -7.554924492
          0,           0,        3014,      -6.435324575,      -5.113680289,      -5.243660589,      -4.393819193,      -7.554892621
          0,           0,        3015,      -6.758377427,      -5.346177426,      -5.496582284,      -4.693826027,      -7.554862064
          0,           0,        3016,      -6.742210554,      -5.417938175,      -5.680549891,      -4.681961519,      -7.554832422
          0,           0,        3017,      -6.838960885,      -5.455347286,       -5.80364889,      -4.778653259,      -7.554803428
          0,           0,        3018,      -6.973020044,        -5.4987761,       -5.83295014,      -4.910614227,      -7.554774374
          0,           0,        3019,      -7.135965017,      -5.508403836,      -5.896754022,      -5.070906801,      -7.554745161
          0,           0,        3020,      -7.282282483,      -5.542396088,      -5.891989438,      -5.196203978,      -7.554715525
          0,           0,        3021,      -7.318889143,      -5.542243199,      -5.890004346,      -5.229307303,      -7.554686007
          0,           0,        3022,       -7.35736923,       -5.57246405,      -5.904914022,      -5.260899371,      -7.554656796
          0,           0,        3023,      -7.410445968,      -5.559747316,      -5.878645715,      -5.302371957,      -7.554628507
          0,           0,        3024,      -7.308378246,      -5.549690791,      -5.858925179,      -5.212917656,      -7.554601255
          0,           0,        3025,      -7.380707698,      -5.561502278,      -5.894215321,      -5.284313197,      -7.554575289
          0,           0,        3026,      -7.456365796,      -5.579254485,      -5.904168895,      -5.338259427,      -7.554550426
          0,           0,        3027,      -7.457314621,      -5.575008609,      -5.904900063,      -5.338470325,      -7.554526698
          0,           0,        3028,       -7.48158125,      -5.575375026,      -5.867267132,      -5.355180094,      -7.554503609
          0,           0,        3029,      -7.336112818,      -5.560785735,      -5.866013486,      -5.223447412,      -7.554481092
          0,           0,        3030,      -7.471380567,      -5.587756069,      -5.900505698,       -5.35646533,      -7.554458647
          0,           0,        3031,      -7.494456807,      -5.583820499,      -5.897634814,      -5.371560334,        -7.5544363
          0,           0,        3032,      -7.500112328,      -5.572749188,      -5.893100569,      -5.375937479,      -7.554413674
          0,           0,        3033,      -7.500895619,      -5.575100322,      -5.856100378,      -5.364932258,      -7.554390933
          0,           0,        3034,      -7.331607562,      -5.593538186,      -5.865387806,      -5.204516978,      -7.554367906
          0,           0,        3035,      -7.508252296,      -5.592998566,      -5.895524781,      -5.395256549,      -7.554344841
          0,           0,        3036,      -7.518226686,      -5.577754572,      -5.884828119,      -5.390691432,        -7.5543216
          0,           0,        3037,      -7.517736617,      -5.592512225,      -5.896117697,      -5.393080122,       -7.55429843
          0,           0,        3038,      -7.547978244,      -5.453398185,      -5.830909701,      -5.388540708,      -7.554275266
          0,           0,        3039,      -7.384813041,      -5.589143584,      -5.875167735,      -5.264165289,      -7.554252415
          0,           0,        3040,      -7.537121572,      -5.608392053,      -5.896902674,      -5.413187133,      -7.554229578
          0,           0,        3041,      -7.579748062,      -5.607663893,       -5.90089198,      -5.440608618,      -7.554207354
          0,           0,        3042,      -7.552815364,      -5.592327396,      -5.895288031,      -5.420986894,      -7.554185209
          0,           0,        3043,      -7.530493179,      -5.606968814,      -5.896392741,      -5.402291008,      -7.554163494
          0,           0,        3044,      -7.603174663,      -5.612231781,      -5.903742567,      -5.439849759,      -7.554142098
          0,           0,        3045,      -7.507242831,      -5.615437872,      -5.900952992,      -5.385983491,      -7.554121242
          0,           0,        3046,      -7.571072048,      -5.619062936,      -5.904498244,       -5.43551226,      -7.554100642
          0,           0,        3047,      -7.581371562,      -5.620710705,      -5.906997523,      -5.440188419,       -7.55408052
          0,           0,        3048,      -7.591651423,      -5.636643372,      -5.913314329,      -5.451786778,      -7.554060585
          0,           0,        3049,      -7.601666822,      -5.615851456,      -5.888316257,      -5.462365257,      -7.554041018
          0,           0,        3050,      -7.487671167,      -5.602602378,      -5.888026051,      -5.376301624,      -7.554021593
          0,           0,        3051,      -7.538632316,      -5.620035988,      -5.902295086,      -5.418026042,      -7.554002391
          0,           0,        3052,      -7.580914262,      -5.652586298,      -5.914549672,      -5.453983405,      -7.553983156
          0,           0,        3053,      -7.591119035,      -5.637802213,       -5.91104726,      -5.462988242,      -7.553964069
          0,           0,        3054,      -7.570802479,      -5.652402589,      -5.913021174,      -5.449416922,      -7.553944778
          0,           0,        3055,      -7.595409455,       -5.64730148,      -5.911550761,      -5.467879756,      -7.553925516
          0,           0,        3056,      -7.597514575,      -5.615460796,      -5.895000266,      -5.470615085,      -7.553905997
          0,           0,        3057,      -7.544734146,      -5.562586937,      -5.615345606,      -5.419358255,      -7.553886288
          0,           0,        3058,      -6.596090591,      -4.884895606,      -5.374968733,      -4.586302544,      -7.553866411
          0,           0,        3059,      -6.937838501,      -5.154847522,       -5.59287591,      -4.836678704,      -7.553847021
          0,           0,        3060,      -6.940246898,      -5.241474366,      -5.731025045,      -4.826201273,      -7.553828141
          0,           0,        3061,      -7.010587241,      -5.273352089,      -5.800273231,      -4.901863932,      -7.553809727
          0,           0,        3062,      -7.103420832,       -5.45193122,      -5.835661571,      -5.007383356,      -7.553791122
          0,           0,        3063,      -7.197141222,      -5.496507882,      -5.882279798,      -5.124297843,      -7.553772025
          0,           0,        3064,      -7.321239844,      -5.545507983,      -5.899120297,      -5.246290656,      -7.553751824
          0,           0,        3065,      -7.372477701,      -5.623721817,      -5.883354581,      -5.308385467,      -7.553730654
          0,           0,        3066,      -7.382047408,      -5.596602222,      -5.883144668,      -5.280059639,      -7.553708393
          0,           0,        3067,      -7.377805523,      -5.607511662,      -5.841177381,      -5.311068372,      -7.553685126
          0,           0,        3068,      -7.273928826,      -5.622966849,      -5.893591547,      -5.202314742,      -7.553662254
          0,           0,        3069,      -7.396375712,      -5.553619739,      -5.819669317,      -5.294809927,       -7.55363976
          0,           0,        3070,      -7.030518706,      -5.522456222,      -5.755084833,      -4.912334719,      -7.553617362
          0,           0,        3071,       -7.34577032,      -5.629421525,      -5.855495262,      -5.293817396,      -7.553594566
          0,           0,        3072,      -7.338994011,      -5.638787535,      -5.881779016,      -5.316338528,      -7.553570886
          0,           0,        3073,      -7.363086151,      -5.640498201,       -5.89038731,      -5.333364616,      -7.553546071
          0,           0,        3074,      -7.420892652,      -5.632673596,      -5.875020432,      -5.331428328,      -7.553519595
          0,           0,        3075,      -7.520706774,      -5.636240802,      -5.884011712,      -5.409461739,      -7.553491383
          0,           0,        3076,      -7.561256578,      -5.696361765,      -5.902320989,      -5.466109767,      -7.553460991
          0,           0,        3077,      -7.622063294,       -5.66127857,      -5.894719135,      -5.501615677,      -7.553428656
          0,           0,        3078,       -7.60618231,      -5.648167336,      -5.888198025,      -5.513160434,      -7.553394039
          0,           0,        3079,      -7.560463664,      -5.687225425,      -5.899255812,      -5.486039469,      -7.553357503
          0,           0,        3080,      -7.631098421,      -5.645398142,      -5.882030446,      -5.534304773,      -7.553319089
          0,           0,        3081,      -7.573992325,      -5.670342336,      -5.889480768,      -5.483903806,      -7.553279097
          0,           0,        3082,      -7.627872754,      -5.706546947,      -5.900120903,      -5.529145819,      -7.553237556
          0,           0,        3083,      -7.643780486,      -5.688423173,      -5.896518753,      -5.538341314,      -7.553194985
          0,           0,        3084,      -7.635767743,      -5.700771113,       -5.89775529,      -5.535191936,      -7.553151202
          0,           0,        3085,      -7.645985088,      -5.675003699,      -5.891715582,      -5.539101313,      -7.553106608
          0,           0,        3086,      -7.621825188,      -5.683452048,      -5.889835091,      -5.516451061,      -7.553061149
          0,           0,        3087,      -7.627208425,      -5.691624789,      -5.890652411,      -5.523841641,      -7.553015064
          0,           0,        3088,       -7.64771941,      -5.703691702,      -5.894947307,      -5.539235607,      -7.552968261
          0,           0,        3089,      -7.681354957,      -5.697108663,      -5.893070439,      -5.559333383,      -7.552921031
          0,           0,        3090,      -7.683912418,      -5.683659891,      -5.889607355,        -5.5605444,      -7.552873138
          0,           0,        3091,      -7.654859202,        -5.6704844,       -5.86373156,       -5.53568203,      -7.552824782
          0,           0,        3092,      -7.488528112,      -5.706876742,      -5.882938973,       -5.39242798,      -7.552775778
          0,           0,        3093,      -7.680137355,      -5.697110172,      -5.891600008,      -5.565252184,       -7.55272627
          0,           0,        3094,      -7.680207681,      -5.687017085,      -5.886012897,      -5.562764286,      -7.552676032
          0,           0,        3095,      -7.644551262,       -5.69319338,       -5.88876256,      -5.540129006,      -7.552625153
          0,           0,        3096,       -7.66719926,      -5.706898124,      -5.874730236,      -5.545211536,      -7.552573411
          0,           0,        3097,      -7.522880613,       -5.68843694,      -5.866150108,      -5.423133114,      -7.552520862
          0,           0,        3098,      -7.624129592,      -5.665657663,      -5.874447648,      -5.528143542,      -7.552467553
          0,           0,        3099,      -7.596638157,      -5.685737931,      -5.880152375,      -5.507043618,       -7.55241328
          0,           0,        3100,      -7.610672368,      -5.722674422,      -5.894399722,      -5.530329052,      -7.552357898
          0,           0,        3101,      -7.631888267,      -5.704473784,      -5.885446587,      -5.538752802,      -7.552301708
          0,           0,        3102,      -7.629776398,      -5.649383662,      -5.877867919,      -5.531246886,      -7.552244415
          0,           0,        3103,      -7.607473053,      -5.681422713,      -5.865290547,      -5.524784473,      -7.552186319
          0,           0,        3104,       -7.56095078,      -5.722036026,      -5.889270197,      -5.487416378,      -7.552127107
          0,           0,        3105,      -7.660809962,      -5.712122537,      -5.890124177,      -5.569115308,      -7.552067088
          0,           0,        3106,      -7.656919003,      -5.684976308,      -5.879799538,      -5.563925535,      -7.552006136
          0,           0,        3107,      -7.614660182,       -5.70276722,      -5.882847813,      -5.524993013,      -7.551944568
          0,           0,        3108,      -7.654386101,      -5.731460004,      -5.892826413,      -5.561536917,       -7.55188239
          0,           0,        3109,      -7.690394509,       -5.70667398,      -5.888450993,      -5.590428421,      -7.551819938
          0,           0,        3110,      -7.668347257,      -5.722412404,      -5.867514666,      -5.569343149,      -7.551757099
          0,           0,        3111,      -7.472178474,      -5.716875452,      -5.875510413,      -5.391927393,      -7.551694248
          0,           0,        3112,      -7.653348849,      -5.675817803,      -5.873027695,      -5.557339414,      -7.551631279
          0,           0,        3113,      -7.516231649,      -5.706612868,      -5.878422173,      -5.438588775,      -7.551568535
          0,           0,        3114,      -7.672514722,      -5.732597724,      -5.893095727,      -5.580276101,      -7.551505907
          0,           0,        3115,      -7.706309049,      -5.700420152,      -5.843940572,      -5.593025682,      -7.551443786
          0,           0,        3116,      -7.291811285,      -5.702168885,      -5.840667923,      -5.149912736,      -7.551382012
          0,           0,        3117,      -7.521269237,      -5.714602787,       -5.87985781,      -5.463384744,      -7.551320821
          0,           0,        3118,      -7.511705666,      -5.690879166,      -5.881598106,      -5.485141797,      -7.551260156
          0,           0,        3119,      -7.540132643,      -5.707654394,      -5.885947246,      -5.493446105,      -7.551200184
          0,           0,        3120,      -7.597000479,      -5.438883842,      -5.579862079,      -5.118830015,      -7.551140722
          0,           0,        3121,      -7.209170586,      -5.705400321,      -5.872529979,      -5.153799227,      -7.551081486
          0,           0,        3122,      -7.617356473,      -5.671516387,      -5.882369354,      -5.515223897,      -7.551022124
          0,           0,        3123,      -7.585017435,      -4.979213087,      -5.784713509,      -5.261353214,      -7.550969163
          0,           0,        3124,      -7.287853728,      -5.452161747,      -5.885722212,       -5.21749674,      -7.550918802
          0,           0,        3125,      -7.375319035,      -5.714745663,      -5.887788618,      -5.324538786,      -7.550867999
          0,           0,        3126,      -7.583641811,      -5.729215233,       -5.88958094,      -5.514598364,      -7.550816019
          0,           0,        3127,      -7.597623963,      -5.722244982,      -5.891943518,      -5.520418022,      -7.550764372
          0,           0,        3128,      -7.601982767,      -5.692254634,      -5.885941705,      -5.518716735,       -7.55071349
          0,           0,        3129,      -7.586097709,      -5.719528822,      -5.890449131,      -5.511569688,      -7.550663324
          0,           0,        3130,       -7.66868947,      -5.747244128,      -5.899409374,      -5.592219917,       -7.55061332
          0,           0,        3131,      -7.687780134,       -5.73279042,       -5.89794345,      -5.608344167,      -7.550563499
          0,           0,        3132,      -7.686191393,      -5.730451666,       -5.89583616,      -5.603026077,      -7.550513475
          0,           0,        3133,      -7.671927906,      -5.732373533,      -5.897284626,      -5.588959276,      -7.550463501
          0,           0,        3134,      -7.708049371,      -5.742864474,      -5.901513521,      -5.624602427,       -7.55041354
          0,           0,        3135,      -7.717397972,      -5.560435334,      -5.838551366,      -5.538106215,      -7.550363871
          0,           0,        3136,      -6.675963428,      -5.402491407,      -5.502099699,      -4.648447475,      -7.550314631
          0,           0,        3137,      -6.998972747,      -5.434466377,      -5.684248846,      -4.936431675,      -7.550266265
          0,           0,        3138,      -6.919326047,        -5.3927021,      -5.736851629,      -4.849581604,      -7.550218536
          0,           0,        3139,      -7.036978987,      -5.617088395,       -5.84648647,      -4.978048592,      -7.550171654
          0,           0,        3140,      -7.182431514,        -5.6187731,      -5.881311076,      -5.126941331,      -7.550125272
          0,           0,        3141,      -7.281258823,      -5.678175789,      -5.891494503,      -5.231822023,      -7.550079614
          0,           0,        3142,        -7.4017619,      -5.646393738,      -5.889966639,      -5.337116001,       -7.55003476
          0,           0,        3143,      -7.443147062,       -5.71120833,      -5.895592873,       -5.39723921,      -7.549991202
          0,           0,        3144,      -7.577516932,      -5.756705371,      -5.911537025,      -5.521153918,       -7.54994894
          0,           0,        3145,      -7.640677755,      -5.740254851,      -5.909146541,      -5.574314774,       -7.54990828
          0,           0,        3146,      -7.643481965,      -5.723611551,      -5.911537958,       -5.56494737,      -7.549868916
          0,           0,        3147,      -7.682612902,      -5.740160368,      -5.912326039,      -5.609345205,      -7.549830816
          0,           0,        3148,      -7.694716092,      -5.740454289,      -5.885453479,      -5.617153409,      -7.549793632
          0,           0,        3149,      -7.447529096,      -5.746245508,      -5.896637568,      -5.388809262,      -7.549757406
          0,           0,        3150,      -7.639354861,      -5.751101737,      -5.918386389,      -5.575612577,       -7.54972176
          0,           0,        3151,      -7.703780846,      -5.750570945,      -5.915688521,      -5.631667531,      -7.549686982
          0,           0,        3152,      -7.666647027,      -5.707056713,      -5.910693303,      -5.590046441,      -7.549652666
          0,           0,        3153,      -7.639230718,      -5.728681399,      -5.911270117,      -5.559983702,      -7.549618985
          0,           0,        3154,        -7.6739851,      -5.766378707,      -5.925857619,       -5.60673181,      -7.549585708
          0,           0,        3155,      -7.733014541,      -5.751101305,      -5.921758602,      -5.662955744,      -7.549552939
          0,           0,        3156,      -7.681861853,      -5.744890559,      -5.923322575,        -5.6104026,       -7.54952029
          0,           0,        3157,      -7.707119091,      -5.532547889,      -5.880367548,      -5.596838216,      -7.549487887
          0,           0,        3158,      -7.341062724,       -5.53490547,      -5.870661544,       -5.22322168,      -7.549455346
          0,           0,        3159,      -7.572447803,      -5.718515412,      -5.912252802,      -5.444730311,      -7.549422734
          0,           0,        3160,       -7.60311748,        -5.6933935,      -5.924248349,      -5.495704225,      -7.549389763
          0,           0,        3161,      -7.634249029,      -5.720777108,      -5.889937871,      -5.549606533,      -7.549356483
          0,           0,        3162,       -7.52497722,      -5.666301031,      -5.918103565,      -5.445220212,       -7.54932258
          0,           0,        3163,      -7.604743573,      -5.723189846,      -5.924142565,      -5.531571827,      -7.549288185
          0,           0,        3164,      -7.653744876,      -5.767368298,      -5.940679052,      -5.603132136,      -7.549252965
          0,           0,        3165,      -7.694557265,      -5.747211073,      -5.933146888,      -5.642803121,      -7.549217159
          0,           0,        3166,      -7.647687562,      -5.737975353,       -5.93662037,      -5.571199034,       -7.54918054
          0,           0,        3167,      -7.712797425,      -5.746218482,      -5.938388414,      -5.623771483,      -7.549143343
          0,           0,        3168,      -7.706464394,      -5.728857422,      -5.940172831,      -5.624767756,      -7.549105494
          0,           0,        3169,      -7.717683316,      -5.735407371,      -5.940071652,      -5.620880867,      -7.549067327
          0,           0,        3170,       -7.70744232,      -5.763215084,      -5.949156181,      -5.637807404,      -7.549028717
          0,           0,        3171,      -7.757229608,      -5.593604824,        -5.4717474,       -5.64749122,      -7.548989971
          0,           0,        3172,      -7.003018456,      -5.694101266,      -5.712870218,      -4.977882082,      -7.548950917
          0,           0,        3173,      -7.229481726,      -5.730876127,      -5.838212676,      -5.166285748,      -7.548911689
          0,           0,        3174,      -7.227811788,       -5.76167709,      -5.919089493,      -5.161665176,      -7.548872218
          0,           0,        3175,      -7.324796287,      -5.744229372,      -5.940413339,      -5.259591856,      -7.548832711
          0,           0,        3176,       -7.46705448,      -5.735304028,      -5.939976304,      -5.401488857,      -7.548793054
          0,           0,        3177,      -7.541523405,      -5.737669032,      -5.949228963,      -5.467779715,      -7.548753586
          0,           0,        3178,      -7.638432016,      -5.754823311,      -5.957139893,      -5.568682827,      -7.548714154
          0,           0,        3179,      -7.657933057,      -5.723698789,        -5.9376034,      -5.581153232,      -7.548674985
          0,           0,        3180,      -7.547755282,        -5.7404723,      -5.948571248,      -5.477071811,      -7.548635829
          0,           0,        3181,      -7.684057086,      -5.741454893,      -5.956825449,      -5.602278744,      -7.548597013
          0,           0,        3182,      -7.708656101,      -5.721549506,      -5.955376428,      -5.623721206,      -7.548558195
          0,           0,        3183,      -7.681456135,       -5.73304203,      -5.955427125,      -5.602342958,      -7.548519639
          0,           0,        3184,      -7.668328385,      -5.762225726,      -5.968792199,      -5.596984066,      -7.548481228
          0,           0,        3185,      -7.763380392,      -5.745837518,      -5.967089919,      -5.673489373,      -7.548443289
          0,           0,        3186,      -7.742037015,      -5.706577842,      -5.952737575,      -5.643360761,      -7.548405602
          0,           0,        3187,      -7.680691632,      -5.456919501,       -5.28915531,      -5.567633985,      -7.548368404
          0,           0,        3188,      -7.015585844,      -5.698028135,      -5.842935815,      -4.973884825,      -7.548331463
          0,           0,        3189,      -7.405410756,      -5.708147891,      -5.896283693,       -5.34390189,      -7.548294881
          0,           0,        3190,      -7.339150259,       -5.71558631,      -5.938034657,      -5.278320239,       -7.54825845
          0,           0,        3191,      -7.438482294,       -5.73027175,      -5.958443492,      -5.369779058,      -7.548222447
          0,           0,        3192,      -7.586817972,       -5.60698358,      -5.914471854,      -5.507654168,      -7.548186938
          0,           0,        3193,      -7.389885641,      -5.732966963,      -5.956644152,      -5.326838857,      -7.548152298
          0,           0,        3194,      -7.605480512,      -5.751286162,      -5.977322467,      -5.527943335,      -7.548118288
          0,           0,        3195,      -7.669048915,      -5.743373154,      -5.972072344,      -5.587133835,      -7.548084951
          0,           0,        3196,      -7.679210749,      -5.253228225,      -5.493539972,      -5.580520792,      -7.548051803
          0,           0,        3197,      -7.200268116,      -5.688599339,       -5.92323993,      -5.143438134,      -7.548018786
          0,           0,        3198,      -7.085808454,      -5.507576909,      -5.787605806,      -4.948319154,      -7.547985586
          0,           0,        3199,      -7.354406087,      -5.708335662,      -5.922272116,      -5.286553415,      -7.547952371
          0,           0,        3200,      -7.330474709,       -5.70471515,      -5.746095108,      -5.291450981,      -7.547919011
          0,           0,        3201,      -6.745022636,      -5.404723476,      -5.545924961,      -4.734924492,      -7.547886095
          0,           0,        3202,      -7.106095187,      -5.615424896,      -5.740909261,      -5.033463622,      -7.547853801
          0,           0,        3203,      -7.060736612,      -5.615125044,       -5.86977618,      -4.965923387,       -7.54782249
          0,           0,        3204,       -7.15610558,      -5.617747735,      -5.936722612,      -5.067501555,      -7.547791657
          0,           0,        3205,      -7.303944259,       -5.70057721,      -5.952776536,      -5.239101498,      -7.547761192
          0,           0,        3206,      -7.392810022,       -5.72288432,      -5.981171987,      -5.329066459,      -7.547730576
          0,           0,        3207,      -7.492272794,      -5.718808589,      -5.984578968,      -5.432672169,      -7.547699854
          0,           0,        3208,      -7.551850465,      -5.695730196,      -5.967302232,       -5.49116135,      -7.547668884
          0,           0,        3209,       -7.55640379,      -5.707298929,       -5.97815838,      -5.466885612,      -7.547637984
          0,           0,        3210,      -7.667933795,      -5.742034279,      -5.989426645,      -5.573730803,       -7.54760717
          0,           0,        3211,      -7.686412324,      -5.723390497,      -5.988386061,      -5.606257711,      -7.547576739
          0,           0,        3212,      -7.714303283,      -5.746487674,      -5.993586024,      -5.612370218,      -7.547546589
          0,           0,        3213,       -7.79199178,      -5.734113933,      -5.992729745,      -5.667973136,      -7.547516873
          0,           0,        3214,      -7.787422517,      -5.696228015,      -5.962689447,      -5.655111069,      -7.547487359
          0,           0,        3215,      -7.624662236,      -5.720489552,      -5.977080412,      -5.516128348,      -7.547458133
          0,           0,        3216,      -7.755119812,      -5.715573744,      -5.908262053,      -5.623799555,      -7.547428852
          0,           0,        3217,      -7.176947775,      -5.715116034,       -5.87129815,      -5.106577746,      -7.547399612
          0,           0,        3218,      -7.520575589,      -5.743539214,      -5.964683594,      -5.429555608,      -7.547369964
          0,           0,        3219,      -7.520909497,      -5.710334224,      -5.945330409,      -5.373363988,      -7.547340073
          0,           0,        3220,       -7.28071518,      -5.661834677,      -5.924429974,      -5.197211274,       -7.54730963
          0,           0,        3221,      -7.509461709,      -5.707155582,      -5.922204399,      -5.323100149,      -7.547278777
          0,           0,        3222,      -7.464461432,      -5.735115508,      -5.985910005,      -5.325985594,       -7.54724732
          0,           0,        3223,      -7.614500891,      -5.715678294,      -5.989059127,      -5.462689606,       -7.54721557
          0,           0,        3224,      -7.630928506,      -5.738825373,      -5.995123039,      -5.508472301,      -7.547183309
          0,           0,        3225,      -7.703724447,      -5.730794973,      -5.985092703,       -5.59466953,      -7.547150922
          0,           0,        3226,      -7.664875744,      -5.690991518,      -5.972977817,      -5.567038666,      -7.547118383
          0,           0,        3227,      -7.654520001,      -5.716625043,      -5.977876082,      -5.551954403,      -7.547085923
          0,           0,        3228,      -7.725545603,      -5.650337842,      -5.964293434,      -5.584711108,      -7.547053384
          0,           0,        3229,      -7.576149871,      -5.713462001,      -5.974915965,      -5.467660963,      -7.547021032
          0,           0,        3230,      -7.745740586,      -5.734331419,      -5.988048636,      -5.634703428,       -7.54698845
          0,           0,        3231,      -7.716311612,      -5.726342064,      -5.974740973,      -5.595976649,      -7.546955814
          0,           0,        3232,      -7.682982426,      -5.725077287,      -5.988590728,      -5.559091046,      -7.546922948
          0,           0,        3233,      -7.737349182,      -5.686224051,      -5.685513463,      -5.420951487,      -7.546889986
          0,           0,        3234,      -6.418720122,      -5.623813826,       -5.27642065,      -4.386126599,      -7.546857213
          0,           0,        3235,      -6.748021345,      -5.696139175,      -5.526417603,      -4.691229025,      -7.546825405
          0,           0,        3236,      -6.748269967,      -5.723161341,      -5.729158324,        -4.6848051,       -7.54679451
          0,           0,        3237,      -6.832683545,      -5.714132148,       -5.86977548,      -4.772130072,      -7.546763928
          0,           0,        3238,      -6.969652004,      -5.698136883,      -5.898702635,      -4.917784185,       -7.54673312
          0,           0,        3239,      -7.102707713,      -5.712747628,       -5.93746432,      -5.047150387,      -7.546701526
          0,           0,        3240,      -7.247687136,      -5.735476053,      -5.973412697,      -5.188276034,      -7.546669204
          0,           0,        3241,      -7.325947583,      -5.718218309,      -5.974388852,      -5.268715625,      -7.546636986
          0,           0,        3242,      -7.393972547,      -5.695361872,      -5.981476068,      -5.327476549,      -7.546605488
          0,           0,        3243,      -7.494784771,      -5.621499402,      -5.980286236,      -5.419879572,      -7.546576315
          0,           0,        3244,      -7.553142697,      -5.261816355,      -5.979162365,        -5.4460889,      -7.546554554
          0,           0,        3245,      -7.543025168,      -5.197461183,      -5.975653005,      -5.400423222,      -7.546536729
          0,           0,        3246,      -7.496010292,      -5.595392311,      -5.964865836,      -5.396990692,       -7.54651345
          0,           0,        3247,      -7.572110391,      -5.658156473,      -5.897145734,      -5.458626471,      -7.546487302
          0,           0,        3248,      -7.170722771,      -5.391047087,      -5.743488744,      -5.088964768,      -7.546463528
          0,           0,        3249,      -7.014852326,      -5.228348489,      -5.874956784,      -4.958862112,       -7.54644703
          0,           0,        3250,       -7.40310269,      -5.531322811,      -5.922498391,      -5.317803352,      -7.546430342
          0,           0,        3251,      -7.323729229,      -5.675495437,      -5.964356459,      -5.254999138,      -7.546413691
          0,           0,        3252,      -7.408501928,      -5.699008947,      -5.965481314,      -5.328247723,      -7.546399633
          0,           0,        3253,       -7.53665781,      -5.514360091,      -5.961876822,      -5.436614827,      -7.546392015
          0,           0,        3254,      -7.611885369,       -5.42218346,      -5.942833256,      -5.484752474,      -7.546389275
          0,           0,        3255,      -7.506383485,      -5.620765424,      -5.956941899,      -5.416275406,      -7.546388672
          0,           0,        3256,       -7.54187507,      -5.718776998,      -5.970729382,      -5.456874986,      -7.546390073
          0,           0,        3257,      -7.615476878,      -5.709433322,      -5.975098428,      -5.518770421,      -7.546395183
          0,           0,        3258,      -7.676579789,      -5.691178316,      -5.968042339,      -5.563250093,      -7.546405095
          0,           0,        3259,      -7.675840451,      -5.610299566,      -5.945111781,      -5.557323392,      -7.546419659
          0,           0,        3260,      -7.569075662,       -5.53692504,      -5.710083477,      -5.463668709,      -7.546436026
          0,           0,        3261,      -7.266905061,      -5.695551645,      -5.916933635,      -5.212431576,      -7.546452687
          0,           0,        3262,      -7.464262313,      -5.697659907,      -5.943561787,      -5.399101359,      -7.546469123
          0,           0,        3263,      -7.513222746,      -5.703087103,      -5.952873661,      -5.444221141,      -7.546487169
          0,           0,        3264,      -7.559887678,      -5.725013516,      -5.959338004,      -5.483344634,      -7.546507717
          0,           0,        3265,      -7.571636581,      -5.680173363,      -5.941413541,      -5.498119119,       -7.54653041
          0,           0,        3266,      -7.527714179,      -5.662475754,      -5.908453479,       -5.46227873,      -7.546552503
          0,           0,        3267,      -7.431421283,      -5.701960445,      -5.925653444,      -5.374410278,      -7.546571669
          0,           0,        3268,      -7.460383761,      -5.725702413,      -5.953596274,      -5.406643234,      -7.546587755
          0,           0,        3269,      -7.526911528,      -5.710986759,      -5.955273294,      -5.471064265,      -7.546602588
          0,           0,        3270,      -7.551098483,      -5.671023549,      -5.927870913,      -5.490681321,      -7.546617491
          0,           0,        3271,      -7.480569343,      -5.682726338,      -5.926067694,      -5.418778725,      -7.546632474
          0,           0,        3272,      -7.563121861,       -5.69477704,      -5.896522641,      -5.506220831,      -7.546645045
          0,           0,        3273,      -7.416899545,      -5.696562504,      -5.883890341,      -5.366753929,      -7.546652557
          0,           0,        3274,       -7.37696196,      -5.728967829,      -5.930744768,      -5.330729208,      -7.546653641
          0,           0,        3275,       -7.46789441,      -5.673946504,      -5.923577964,      -5.420963648,      -7.546650911
          0,           0,        3276,      -7.460907695,      -5.641067464,      -5.762379649,      -5.413377688,      -7.546647512
          0,           0,        3277,      -7.275487639,      -5.690669103,      -5.929742766,      -5.224599729,      -7.546645209
          0,           0,        3278,      -7.554283448,      -5.675694356,      -5.882039803,      -5.497150997,      -7.546642124
          0,           0,        3279,      -7.416168331,      -5.656163273,      -5.810075039,      -5.364647313,      -7.546633267
          0,           0,        3280,      -7.247223996,      -5.732648008,      -5.887896817,      -5.200151337,      -7.546614135
          0,           0,        3281,       -7.36415099,      -5.694649112,      -5.911569918,      -5.316752966,      -7.546587948
          0,           0,        3282,      -7.398909864,      -5.660293762,      -5.885923808,      -5.350056001,      -7.546560971
          0,           0,        3283,      -7.311539089,      -5.704039231,      -5.938511914,      -5.261514029,      -7.546537128
          0,           0,        3284,      -7.468938921,      -5.613184784,      -5.809607751,      -5.419165866,      -7.546514831
          0,           0,        3285,      -7.300642378,      -5.600102699,      -5.682476486,      -5.252592327,      -7.546484795
          0,           0,        3286,      -7.065275145,      -5.730900761,      -5.849944155,      -5.018987729,      -7.546439507
          0,           0,        3287,      -7.280202365,       -5.66364568,      -5.823894979,       -5.23416838,      -7.546386417
          0,           0,        3288,      -7.208439997,      -5.636232495,      -5.816669348,      -5.161274224,      -7.546336768
          0,           0,        3289,      -7.132338443,      -5.573153362,      -5.895129099,      -5.084452264,      -7.546295747
          0,           0,        3290,        -7.2884214,      -5.373499854,      -5.520924467,      -5.232294771,      -7.546258149
          0,           0,        3291,      -6.917163964,      -5.630711362,      -5.597399577,      -4.870919597,      -7.546202232
          0,           0,        3292,      -6.930080512,       -5.64348578,      -5.616306345,      -4.884365368,      -7.546126888
          0,           0,        3293,      -6.342038671,      -5.591209504,      -5.189847625,      -4.299066217,      -7.546054133
          0,           0,        3294,      -6.621416326,       -5.65134679,      -5.434986084,      -4.568033112,      -7.546000099
          0,           0,        3295,      -6.639265322,      -5.195843257,      -5.390422428,      -4.575568989,      -7.545968615
          0,           0,        3296,      -6.649556234,      -5.399163164,      -5.335375753,      -4.601240005,      -7.545930263
          0,           0,        3297,      -6.620040056,      -5.682401478,      -5.622038202,      -4.572956423,      -7.545877241
          0,           0,        3298,      -6.908441834,      -5.566994573,      -5.508501453,      -4.859808772,      -7.545840138
          0,           0,        3299,      -6.750668062,      -5.631441347,      -5.622033697,      -4.703204096,      -7.545813007
          0,           0,        3300,      -6.784310859,      -4.918092574,      -5.236929449,      -4.735376662,      -7.545768917
          0,           0,        3301,      -6.657923722,      -5.361756073,      -5.351692788,      -4.610090968,      -7.545676341
          0,           0,        3302,       -6.66589936,      -5.648004564,      -5.533123339,      -4.619775994,      -7.545541922
          0,           0,        3303,      -6.927120855,       -5.55277201,      -5.462749322,      -4.878427349,      -7.545410153
          0,           0,        3304,      -6.696346754,      -5.682997886,      -5.645731379,      -4.649448907,      -7.545305956
          0,           0,        3305,      -6.785439106,      -4.567057231,       -4.79346247,      -4.718649084,      -7.545223213
          0,           0,        3306,      -6.094469209,       -5.39493908,      -5.147879416,      -4.048012262,      -7.545296295
          0,           0,        3307,      -6.473825989,      -5.416755751,       -5.39381714,      -4.426069391,      -7.545370621
          0,           0,        3308,      -6.514809844,      -5.526060159,      -5.656926948,      -4.468921505,      -7.545511223
          0,           0,        3309,      -6.683300154,       -5.56917888,      -5.754782824,       -4.63868983,      -7.545428827
          0,           0,        3310,      -6.822919759,      -5.589376471,      -5.805263798,      -4.761284562,      -7.545431054
          0,           0,        3311,      -6.912885402,      -5.628600529,      -5.866681726,      -4.873768862,      -7.545416085
          0,           0,        3312,      -6.975828898,      -5.662518273,      -5.899892957,      -4.934947579,       -7.54536232
          0,           0,        3313,      -7.047146174,      -5.662414568,       -5.91078361,      -5.003985354,      -7.545277079
          0,           0,        3314,      -7.140952952,      -5.569384445,      -5.704157945,       -4.91173354,      -7.545172567
          0,           0,        3315,      -5.971936491,      -5.509385042,      -4.843535565,      -3.946555463,      -7.545064234
          0,           0,        3316,      -6.301763381,      -5.586789024,      -5.120043535,      -4.235270105,      -7.544960874
          0,           0,        3317,      -6.321923463,      -5.663381533,      -5.349366947,      -4.249412362,       -7.54487165
          0,           0,        3318,      -6.402075931,      -5.661257461,      -5.552481724,      -4.335498384,      -7.544783893
          0,           0,        3319,      -6.550381483,      -5.693015873,      -5.698311078,      -4.486279158,      -7.544695545
          0,           0,        3320,      -6.702148292,      -5.728182828,      -5.785397769,      -4.647392161,      -7.544603979
          0,           0,        3321,      -6.816561398,      -5.721822374,      -5.852789411,      -4.766956919,      -7.544506619
          0,           0,        3322,      -6.904029883,      -5.698086313,      -5.831326471,        -4.8520929,       -7.54440324
          0,           0,        3323,      -6.872819825,      -5.712844486,      -5.832387509,      -4.775113485,      -7.544295611
          0,           0,        3324,      -7.034162561,      -5.656273769,      -5.884190775,      -4.988844102,      -7.544185625
          0,           0,        3325,      -7.117323886,       -5.71833503,      -5.911144601,      -5.086704535,      -7.544075488
          0,           0,        3326,      -7.195977101,      -5.744550414,      -5.926385296,      -5.175216035,      -7.543966278
          0,           0,        3327,      -7.273180479,      -5.711227556,      -5.863936999,      -5.234263161,      -7.543859021
          0,           0,        3328,      -7.211985154,       -5.71360838,       -5.91838651,      -5.164600831,      -7.543753935
          0,           0,        3329,      -7.338080912,      -5.731530561,      -5.933080363,      -5.288967204,      -7.543651339
          0,           0,        3330,      -7.353055351,      -5.686802838,      -5.922448435,      -5.302839377,      -7.543550941
          0,           0,        3331,      -7.326130012,      -5.732999821,      -5.880713158,      -5.262109399,      -7.543452833
          0,           0,        3332,      -7.155046359,       -5.74458955,      -5.887530406,       -5.05966619,      -7.543356665
          0,           0,        3333,       -7.30613354,      -5.744476042,      -5.926208082,      -5.278452042,       -7.54326257
          0,           0,        3334,      -7.322645833,      -5.757644886,      -5.937530532,      -5.294805018,      -7.543170553
          0,           0,        3335,       -7.32514128,       -5.74842293,      -5.938231992,      -5.300506838,      -7.543081031
          0,           0,        3336,      -7.339219102,      -5.698237242,      -5.857170724,      -5.197927859,      -7.542994493
          0,           0,        3337,      -6.986096975,      -5.731127715,      -5.803453707,      -4.877117481,      -7.542911624
          0,           0,        3338,      -7.281527982,      -5.763951458,      -5.906878978,      -5.252507262,      -7.542833668
          0,           0,        3339,      -7.269317331,      -5.528618193,      -5.877361639,      -5.221449648,       -7.54274234
          0,           0,        3340,      -7.210833883,      -5.752329518,      -5.942770476,      -5.185601477,      -7.542666893
          0,           0,        3341,      -7.309781657,       -5.72192185,      -5.856920892,      -5.286546842,      -7.542601343
          0,           0,        3342,      -7.214700673,      -5.737452758,      -5.934703097,      -5.162389918,      -7.542543728
          0,           0,        3343,      -7.368143422,      -5.749861445,      -5.947252155,      -5.314945499,      -7.542493307
          0,           0,        3344,      -7.392111176,      -5.603534791,      -5.911231048,      -5.325529513,      -7.542449395
          0,           0,        3345,      -7.285536785,      -5.611466718,      -5.880380791,      -5.178146494,      -7.542412151
          0,           0,        3346,      -7.264452237,      -5.721995566,      -5.926207207,      -5.187809827,      -7.542380656
          0,           0,        3347,      -7.330662286,      -5.736682648,      -5.942955912,      -5.275042442,      -7.542354701
          0,           0,        3348,      -7.386213401,      -5.754085831,      -5.958195945,      -5.328865572,      -7.542333828
          0,           0,        3349,      -7.393244701,      -5.762633982,        -5.9515633,      -5.340987954,      -7.542317836
          0,           0,        3350,      -7.396883016,      -5.688053374,      -5.943341744,       -5.32793141,      -7.542306061
          0,           0,        3351,      -7.397023692,      -5.745027243,      -5.944759509,      -5.331032794,      -7.542298193
          0,           0,        3352,      -7.417738609,      -5.787670175,      -5.961613084,      -5.363889917,      -7.542293445
          0,           0,        3353,      -7.439313557,      -5.758596569,      -5.823455745,      -5.347247631,      -7.542291582
          0,           0,        3354,      -6.523579201,      -5.770543265,      -5.527258507,      -4.348355527,      -7.542291774
          0,           0,        3355,       -6.97819116,      -5.728849206,       -5.70428421,      -4.832033216,      -7.542293499
          0,           0,        3356,      -6.908152195,      -5.741549571,      -5.816321391,      -4.875013958,      -7.542296244
          0,           0,        3357,      -6.969809408,      -5.761578405,      -5.880716709,      -4.985152984,      -7.542299344
          0,           0,        3358,       -7.05020689,      -5.745738592,      -5.946343706,       -4.99399461,      -7.542299155
          0,           0,        3359,      -7.244934325,      -5.708290778,      -5.928643688,      -5.188013643,      -7.542312231
          0,           0,        3360,      -7.259756095,      -5.748992002,      -5.938708515,      -5.162387235,      -7.542318925
          0,           0,        3361,      -7.328672555,       -5.63365027,      -5.801079398,      -5.173400408,      -7.542326609
          0,           0,        3362,      -7.258420398,      -5.785241635,       -5.94488956,      -5.209279528,      -7.542332752
          0,           0,        3363,      -7.423432146,      -5.741107094,      -5.944016123,      -5.330509586,      -7.542336546
          0,           0,        3364,      -7.374939349,       -5.75711774,      -5.952029907,       -5.37462938,      -7.542337923
          0,           0,        3365,      -7.353924873,      -5.773381229,      -5.963042463,      -5.350158681,      -7.542336874
          0,           0,        3366,      -7.470913349,      -5.795437177,      -5.974531476,      -5.484830484,      -7.542333057
          0,           0,        3367,      -7.540822924,      -5.781151504,      -5.971362414,      -5.538416312,      -7.542326417
          0,           0,        3368,      -7.579319829,      -5.759669261,      -5.957296386,      -5.482488309,      -7.542316687
          0,           0,        3369,      -7.551342801,      -5.774370656,      -5.967019973,      -5.453741442,      -7.542304049
          0,           0,        3370,      -7.632223498,      -5.735060499,      -5.785310028,       -5.15300793,      -7.542288372
          0,           0,        3371,      -7.286458513,      -5.782765713,      -5.964514296,      -5.218571671,      -7.542270001
          0,           0,        3372,      -7.587922813,      -5.727656414,       -5.96640538,      -5.521238921,      -7.542248901
          0,           0,        3373,      -7.547331439,      -5.769944604,      -5.976204357,      -5.473158568,      -7.542225398
          0,           0,        3374,      -7.605061693,      -5.803160167,      -5.987969806,      -5.544851051,      -7.542199531
          0,           0,        3375,      -7.573638076,      -5.791943855,      -5.986773396,      -5.503156999,      -7.542171808
          0,           0,        3376,      -7.610034874,      -5.800773573,      -5.990517864,      -5.540197566,      -7.542142171
          0,           0,        3377,      -7.633470641,      -5.796687134,      -5.988618845,      -5.557002609,      -7.542111087
          0,           0,        3378,      -7.647866643,      -5.704704883,      -5.955064245,      -5.559918457,      -7.542078637
          0,           0,        3379,       -7.57831141,      -5.766079439,       -5.97242909,      -5.487012456,      -7.542045153
          0,           0,        3380,      -7.640280211,      -5.816581991,      -5.997327318,      -5.572027784,      -7.542010626
          0,           0,        3381,      -7.699815391,      -5.793672065,      -5.988828361,        -5.6225804,      -7.541975461
          0,           0,        3382,      -7.686488071,      -5.779729635,      -5.990860752,       -5.60707861,      -7.541939457
          0,           0,        3383,      -7.653324999,      -5.550371429,      -5.919162036,      -5.576539287,      -7.541902899
          0,           0,        3384,      -7.519174113,      -5.792715038,      -5.984281382,      -5.444945565,      -7.541865682
          0,           0,        3385,      -7.678335867,       -5.79205154,      -5.987122175,      -5.604142757,      -7.541827992
          0,           0,        3386,      -7.617497758,       -5.81349735,      -5.992813524,      -5.544552098,       -7.54178971
          0,           0,        3387,      -7.686205631,      -5.793192244,      -5.958416932,      -5.565516851,      -7.541751029
          0,           0,        3388,      -7.424086603,      -5.749322584,      -5.939914177,      -5.316196087,      -7.541711856
          0,           0,        3389,      -7.560494635,      -5.772020873,      -5.985725526,      -5.512596548,      -7.541672384
          0,           0,        3390,      -7.608468337,      -5.825123091,      -6.002465646,      -5.584357492,      -7.541632587
          0,           0,        3391,      -7.646210349,      -5.786330601,      -5.999220282,      -5.644272622,      -7.541592683
          0,           0,        3392,       -7.62199662,      -5.629673152,      -5.723657575,      -5.323047176,      -7.541552509
          0,           0,        3393,      -5.991592584,      -5.702621867,       -4.86326451,      -3.961115523,      -7.541513033
          0,           0,        3394,      -6.325702821,      -5.787767656,       -5.13924273,      -4.265882217,      -7.541475621
          0,           0,        3395,      -6.337144287,      -5.790699448,      -5.374606835,        -4.2715456,      -7.541440537
          0,           0,        3396,      -6.424392829,      -5.793993015,      -5.583291784,      -4.362395344,      -7.541405698
          0,           0,        3397,      -6.570814399,      -5.795883131,      -5.716454965,      -4.518778446,      -7.541369212
          0,           0,        3398,      -6.724987457,      -5.800159973,      -5.843944848,      -4.665760699,        -7.5413298
          0,           0,        3399,      -6.845607264,      -5.797665968,      -5.905244163,      -4.797188254,      -7.541287819
          0,           0,        3400,      -6.946634225,      -4.495130043,      -4.194655992,      -3.555253174,      -7.541244228
          0,           0,        3401,      -6.818460514,      -5.764260191,      -5.837122073,      -4.802066308,      -7.541200776
          0,           0,        3402,      -6.899870547,      -5.653379742,      -5.875103938,      -4.821749855,      -7.541158535
          0,           0,        3403,       -7.13708747,       -5.77969655,         -5.993186,      -5.080234765,      -7.541118096
          0,           0,        3404,      -7.283335432,      -5.826415476,      -6.006866271,      -5.237319151,      -7.541078911
          0,           0,        3405,      -7.392989874,       -5.13387102,      -5.621091807,      -4.611563725,      -7.541040544
          0,           0,        3406,      -7.136423824,      -5.737302991,      -5.962811988,       -5.04143263,      -7.541002113
          0,           0,        3407,      -7.450866367,      -5.790417829,       -5.99649702,      -5.372222144,      -7.540963314
          0,           0,        3408,      -7.503608133,      -5.819883416,      -6.014549564,      -5.444546532,      -7.540923695
          0,           0,        3409,      -7.626169933,      -5.806809137,      -6.002922335,      -5.570094346,      -7.540883289
          0,           0,        3410,      -7.525785153,      -5.798629466,      -5.992338434,      -5.459932503,      -7.540841787
          0,           0,        3411,       -7.62660046,      -5.185289987,      -5.714394344,      -5.269560383,      -7.540799288
          0,           0,        3412,      -6.849450546,      -4.177850086,      -5.563184829,      -4.614302758,      -7.540755633
          0,           0,        3413,      -6.967103357,      -5.479006663,      -5.765531487,      -4.939821603,      -7.540711072
          0,           0,        3414,      -7.043636083,      -5.727516764,      -5.929366566,      -5.008865804,      -7.540665633
          0,           0,        3415,      -7.200344132,      -5.731430175,       -5.99005446,       -5.16535052,      -7.540619969
          0,           0,        3416,      -7.287181634,      -5.806990586,       -6.01222782,      -5.249258484,      -7.540574179
          0,           0,        3417,      -7.441686678,      -5.778756246,      -6.019259415,      -5.387774114,      -7.540528844
          0,           0,        3418,      -7.524377045,      -5.787803962,       -5.99712471,      -5.484778485,      -7.540483982
          0,           0,        3419,      -7.532893018,      -4.664417499,      -4.933014847,      -4.713428468,      -7.540439732
          0,           0,        3420,      -7.217408173,      -5.672074679,      -5.945007084,      -5.122399356,      -7.540395749
          0,           0,        3421,      -6.922948393,      -5.357405756,      -5.668619145,      -4.877231175,      -7.540351912
          0,           0,        3422,      -7.227277612,      -5.615173713,      -5.855343188,      -5.171654829,      -7.540307629
          0,           0,        3423,      -7.215179218,      -5.646425213,      -5.915735049,      -5.171933496,      -7.540262877
          0,           0,        3424,      -7.194078063,      -5.738140125,       -5.97069655,      -5.143266678,      -7.540217354
          0,           0,        3425,      -7.375285853,      -5.744386623,      -6.018439084,      -5.318422007,      -7.540171214
          0,           0,        3426,      -7.476583944,      -5.747747034,      -5.986584583,      -5.430192651,      -7.540124416
          0,           0,        3427,      -7.511286296,      -5.763147333,      -6.018389967,      -5.428168922,      -7.540077303
          0,           0,        3428,      -7.620830653,      -5.797492419,      -5.934839942,       -5.50869138,      -7.540029998
          0,           0,        3429,      -7.170131313,      -5.786728652,      -5.906761543,      -5.096902531,       -7.53998298
          0,           0,        3430,      -7.507544939,      -5.830290113,      -5.999008636,      -5.430343121,      -7.539936132
          0,           0,        3431,      -7.510420992,       -5.80917151,      -6.011422571,      -5.449167705,      -7.539889794
          0,           0,        3432,      -7.519152133,      -5.765777209,      -6.001874761,      -5.461061032,       -7.53984376
          0,           0,        3433,      -7.526003092,      -5.777843576,      -5.881199478,      -5.364277758,      -7.539798218
          0,           0,        3434,      -6.796583069,      -5.811851922,      -5.695937029,      -4.645792584,      -7.539752926
          0,           0,        3435,      -7.227499604,      -5.792676824,      -5.874439774,      -5.109498306,      -7.539707915
          0,           0,        3436,      -7.181655985,      -5.830079941,      -5.951973485,      -5.155365892,      -7.539662855
          0,           0,        3437,        -7.2047397,      -5.816185998,      -5.995742237,      -5.202797093,      -7.539617834
          0,           0,        3438,      -7.284935988,        -5.7554036,       -5.99003079,      -5.217082153,      -7.539572705
          0,           0,        3439,      -7.451831382,      -5.454848169,      -5.869049619,      -5.321655337,       -7.53952769
          0,           0,        3440,      -6.858861254,      -4.451646444,      -5.429997877,      -4.787222949,      -7.539482639
          0,           0,        3441,      -7.330705403,      -4.982935895,      -5.789821639,      -5.206089737,      -7.539437864
          0,           0,        3442,      -7.306358546,      -4.860201482,      -5.781069888,      -5.139755892,      -7.539393113
          0,           0,        3443,      -7.364113052,      -4.975606578,      -5.857495294,      -5.249145119,      -7.539348686
          0,           0,        3444,      -7.430189731,      -5.072751562,      -5.918981517,      -5.307649815,      -7.539304272
          0,           0,        3445,      -7.448947718,      -5.191760237,      -5.958064846,      -5.415967372,      -7.539260353
          0,           0,        3446,      -7.568222116,      -5.280625053,      -5.995690487,       -5.47687879,      -7.539216441
          0,           0,        3447,      -7.611473416,      -5.392741548,      -6.000730579,      -5.536426556,      -7.539172765
          0,           0,        3448,      -7.589602935,      -5.445336131,      -6.003183479,      -5.475983107,      -7.539129044
          0,           0,        3449,      -7.663243702,      -5.156133967,      -5.916708264,      -5.508295573,      -7.539085451
          0,           0,        3450,      -7.651083992,      -5.733805998,      -6.010346016,      -5.571624307,      -7.539041735
          0,           0,        3451,      -7.704635844,      -5.765282699,      -6.021261522,      -5.627211778,      -7.538998073
          0,           0,        3452,      -7.692812583,      -5.750977885,      -6.020052572,      -5.601747858,       -7.53895435
          0,           0,        3453,      -7.770834633,      -5.794153156,       -6.02256228,      -5.671481783,      -7.538910738
          0,           0,        3454,        -7.7687018,      -5.729842768,      -5.984163795,      -5.630595929,      -7.538867138
          0,           0,        3455,      -7.542751063,      -5.800525867,      -6.003093116,      -5.439095746,      -7.538823766
          0,           0,        3456,      -7.734524583,      -5.807733356,      -6.028979342,       -5.64859857,       -7.53878042
          0,           0,        3457,      -7.840063311,      -5.821700557,      -6.022698366,      -5.734301336,      -7.538737297
          0,           0,        3458,      -7.779311244,      -5.758007648,       -6.00707891,      -5.669178923,      -7.538694103
          0,           0,        3459,        -7.6947329,      -5.788007713,      -6.010918674,      -5.596546384,      -7.538650936
          0,           0,        3460,       -7.81035225,      -5.827797095,      -6.030233085,      -5.701861058,      -7.538607569
          0,           0,        3461,      -7.826606406,      -5.822959013,      -6.025989221,      -5.730397717,      -7.538564138
          0,           0,        3462,       -7.74721076,      -5.808723232,      -6.023432919,      -5.644193733,      -7.538520357
          0,           0,        3463,       -7.77683686,       -5.82084203,      -6.026080203,        -5.6640951,      -7.538476463
          0,           0,        3464,      -7.770993172,      -5.792404414,      -6.017239164,       -5.66054749,      -7.538432276
          0,           0,        3465,      -7.687355431,      -5.787145129,      -5.974583749,      -5.569869956,      -7.538388054
          0,           0,        3466,      -7.491447642,      -5.803855698,      -6.006306363,      -5.409764822,      -7.538343687
          0,           0,        3467,      -7.696640434,      -5.690636221,      -5.936636858,      -5.567620509,      -7.538299388
          0,           0,        3468,      -6.893495457,       -5.19779008,      -5.967578402,      -4.952644164,      -7.538255253
          0,           0,        3469,      -7.239059066,      -5.198117477,      -5.903956017,      -5.126153108,      -7.538211146
          0,           0,        3470,      -7.345068318,      -5.200789181,      -5.961940755,      -5.091945478,      -7.538167143
          0,           0,        3471,      -7.451230087,      -5.193362778,      -5.970775624,      -5.143965572,      -7.538123428
          0,           0,        3472,      -7.327460589,      -4.684480739,      -5.822077403,      -4.678645005,      -7.538079819
          0,           0,        3473,      -7.322861371,      -4.657237381,      -5.790641217,      -4.642979173,      -7.538036498
          0,           0,        3474,       -6.34265868,      -4.427299646,      -5.331356523,      -4.010211275,      -7.537993111
          0,           0,        3475,      -6.787920369,      -4.715063586,      -5.558906134,      -4.494432477,      -7.537950043
          0,           0,        3476,      -6.735992516,       -4.65728642,      -5.631072288,       -4.59032116,      -7.537907818
          0,           0,        3477,      -6.806114978,      -4.880083442,       -5.83171742,      -4.824090063,      -7.537867285
          0,           0,        3478,      -6.982609864,      -4.991779613,      -5.894600367,      -4.955322407,      -7.537828347
          0,           0,        3479,       -7.09976752,      -5.084153844,      -5.929608208,      -5.027913945,      -7.537790335
          0,           0,        3480,      -7.188605685,      -5.170379254,      -5.955496678,      -5.111601752,      -7.537751953
          0,           0,        3481,      -7.253941613,        -5.2583061,      -5.975740664,       -5.13269244,       -7.53771258
          0,           0,        3482,      -7.281079339,      -5.315650291,      -5.985549404,      -5.214132935,      -7.537671824
          0,           0,        3483,      -7.296026505,      -5.358970914,      -5.988247021,      -5.279219908,      -7.537630304
          0,           0,        3484,      -7.367964903,      -5.353148238,      -6.008239824,      -5.252859635,      -7.537588702
          0,           0,        3485,      -7.395274984,      -5.073961754,      -5.992285605,      -4.840734239,      -7.537547983
          0,           0,        3486,      -7.022878862,      -5.104133823,      -5.958620507,      -4.697609323,       -7.53750839
          0,           0,        3487,      -7.353438207,      -5.532560652,      -5.991849989,      -5.256871079,       -7.53747025
          0,           0,        3488,      -7.387193118,      -5.343724587,      -6.007771907,      -5.262462543,      -7.537433305
          0,           0,        3489,      -7.383675217,      -5.395450978,      -6.000916874,      -5.296484176,      -7.537397567
          0,           0,        3490,      -7.475281153,      -5.405713294,      -6.000964108,      -5.284049557,       -7.53736235
          0,           0,        3491,      -7.428647337,      -3.482187044,      -4.786964274,      -3.291286125,       -7.53732705
          0,           0,        3492,      -6.742449713,       -4.85150891,      -5.637458684,      -4.491110481,      -7.537290346
          0,           0,        3493,       -6.86032766,      -5.037291051,      -5.737904438,      -4.670804865,      -7.537250979
          0,           0,        3494,       -7.04943736,      -5.262135919,      -5.905172073,      -4.857613885,      -7.537208175
          0,           0,        3495,       -7.19986057,      -5.376124401,      -5.954595018,      -5.029123494,       -7.53716373
          0,           0,        3496,      -7.264066509,      -5.456736524,      -5.979841857,      -5.156265074,      -7.537120488
          0,           0,        3497,      -7.335910363,      -5.515499528,       -6.00174486,      -5.271049993,      -7.537081748
          0,           0,        3498,      -7.337507982,      -5.562535807,      -6.020279253,      -5.296280772,      -7.537045904
          0,           0,        3499,      -7.351821659,      -5.399878747,      -5.988045966,      -5.320578567,      -7.537023779
          0,           0,        3500,      -7.227515784,      -5.595382321,      -5.956443705,      -5.190350014,      -7.536965293
          0,           0,        3501,      -7.365429579,      -5.558977321,      -5.982484362,      -5.326837332,      -7.536898743
          0,           0,        3502,      -7.272279129,      -5.629802576,      -6.007244485,      -5.230403487,      -7.536829837
          0,           0,        3503,      -7.341177064,      -5.673447633,      -6.018195697,      -5.309902876,      -7.536762782
          0,           0,        3504,      -7.473528118,      -5.707407289,      -6.030622246,       -5.42363829,      -7.536698825
          0,           0,        3505,      -7.553923821,      -5.756461435,      -6.034535307,      -5.506535498,      -7.536639298
          0,           0,        3506,      -7.614058882,      -5.762414518,      -6.032353666,      -5.573777856,      -7.536584826
          0,           0,        3507,      -7.650548195,      -5.784572286,      -6.038885299,      -5.613633131,      -7.536536126
          0,           0,        3508,      -7.702043169,       -5.78437285,      -6.046364908,      -5.663032814,       -7.53649328
          0,           0,        3509,      -7.721473685,      -5.792077967,      -6.044875466,      -5.671991606,      -7.536456375
          0,           0,        3510,      -7.721112588,      -5.660862545,      -5.961208828,      -5.495228797,       -7.53642461
          0,           0,        3511,       -7.29678261,      -5.735636413,      -5.973243308,      -5.098493464,      -7.536398145
          0,           0,        3512,      -7.490706847,      -5.775398042,      -6.020696108,      -5.552224824,      -7.536376049
          0,           0,        3513,      -7.492650359,       -5.78828055,      -6.031752373,      -5.560508242,      -7.536357468
          0,           0,        3514,      -7.522738009,      -5.828804536,      -6.057573796,      -5.589554371,      -7.536341135
          0,           0,        3515,       -7.58653736,      -5.639575396,      -5.955282606,      -5.353202999,      -7.536326266
          0,           0,        3516,      -7.230025371,      -5.551841576,       -5.92718602,      -5.108202812,      -7.536311663
          0,           0,        3517,      -7.591142253,      -5.748891087,      -6.025399387,       -5.52751313,       -7.53629663
          0,           0,        3518,      -7.571218027,      -5.700872139,      -6.019172965,      -5.546091319,       -7.53628034
          0,           0,        3519,      -7.544422944,       -5.74817307,      -6.040164269,      -5.514880135,      -7.536262325
          0,           0,        3520,      -7.610040338,      -5.330085302,      -5.817936819,      -5.221566133,      -7.536242179
          0,           0,        3521,      -5.253392994,      -5.245632999,      -4.778070974,      -3.257484695,      -7.536218501
          0,           0,        3522,      -5.567450081,       -4.61337013,      -4.686541207,      -3.001316579,      -7.536189383
          0,           0,        3523,      -5.687214304,       -5.08908958,      -4.763847436,      -3.625390811,      -7.536154885
          0,           0,        3524,      -5.691405972,       -5.12731636,      -5.002072267,      -3.774398875,      -7.536115938
          0,           0,        3525,      -5.752487347,      -5.211769124,      -5.185480847,      -3.930466355,      -7.536073691
          0,           0,        3526,      -5.842062372,      -5.599427595,      -5.349417467,      -3.901993753,      -7.536028377
          0,           0,        3527,      -6.016395065,      -5.387918884,       -5.49402714,      -4.166520301,      -7.535980284
          0,           0,        3528,      -6.122429718,       -5.43822977,      -5.641602746,      -4.285725604,      -7.535929525
          0,           0,        3529,      -6.180871544,      -5.659595314,      -5.743145178,      -4.422511233,      -7.535877135
          0,           0,        3530,      -6.311738408,      -5.520056385,       -5.80638952,      -4.569666391,      -7.535824151
          0,           0,        3531,      -6.391810447,      -5.636953281,      -5.876200791,       -4.70318719,         -7.535772
          0,           0,        3532,      -6.457784395,      -5.293652121,      -5.885422231,      -3.965708881,        -7.5357213
          0,           0,        3533,      -6.308709536,      -5.776221893,      -5.742847102,      -4.347039726,      -7.535672742
          0,           0,        3534,      -6.502367345,      -5.813738824,      -5.990167291,      -4.702642608,      -7.535626069
          0,           0,        3535,        -6.6889661,      -5.808927337,      -6.011844612,      -4.964289133,      -7.535581396
          0,           0,        3536,      -6.815804779,      -5.659329479,      -5.951442332,      -4.310255447,      -7.535538397
          0,           0,        3537,      -6.729785158,      -5.752907475,      -5.863884286,      -4.345100168,      -7.535497117
          0,           0,        3538,      -7.010322466,      -5.388303235,      -5.819909697,      -4.660978218,      -7.535457142
          0,           0,        3539,      -6.350041026,      -5.117117108,      -5.264706306,      -4.239193351,      -7.535418458
          0,           0,        3540,      -6.615572382,      -5.441010232,      -5.548793412,      -4.539075103,      -7.535380564
          0,           0,        3541,      -6.633289819,      -5.263715902,      -5.655175618,      -3.997115102,      -7.535343695
          0,           0,        3542,      -6.498668953,      -5.607994969,      -5.693787256,      -4.421429511,      -7.535307881
          0,           0,        3543,      -6.693266309,      -5.655851896,      -5.921743111,      -4.678211032,      -7.535273729
          0,           0,        3544,      -6.898456879,      -5.718635415,      -6.007433888,       -4.90571114,      -7.535241459
          0,           0,        3545,       -7.04114076,      -5.710251625,      -6.002050958,      -4.922793922,      -7.535211515
          0,           0,        3546,      -7.163612011,      -5.844402932,      -6.053369948,      -5.164240256,       -7.53518374
          0,           0,        3547,      -7.188514709,      -5.803077781,      -6.066832313,      -5.221241661,       -7.53515809
          0,           0,        3548,      -7.184401475,      -5.841978443,      -6.076649119,      -5.184425293,      -7.535134008
          0,           0,        3549,      -7.305530271,      -5.820330618,      -6.079768407,       -5.29571669,      -7.535111486
          0,           0,        3550,      -7.316856257,      -5.875124053,      -6.094142298,      -5.372069907,      -7.535090255
          0,           0,        3551,      -7.326877123,      -5.842163381,      -6.085246282,      -5.297005458,      -7.535070618
          0,           0,        3552,      -7.434772321,      -5.829598891,      -6.072729071,        -5.3989839,      -7.535052637
          0,           0,        3553,      -7.420094308,      -5.830043108,      -6.082592304,      -5.404476237,      -7.535036689
          0,           0,        3554,      -7.396491603,      -5.897731403,      -6.098373768,      -5.305592776,      -7.535022787
          0,           0,        3555,      -7.517681027,      -5.857210307,      -6.094200759,        -5.4220091,      -7.535011286
          0,           0,        3556,       -7.47408546,      -5.808299899,      -6.076835508,      -5.343472751,      -7.535001943
          0,           0,        3557,      -7.421898453,      -5.834197153,      -6.078259447,      -5.370268358,      -7.534994863
          0,           0,        3558,      -7.494003431,      -5.907924019,      -6.111187935,      -5.557756995,      -7.534989766
          0,           0,        3559,      -7.503584022,      -5.867428153,       -6.10560134,      -5.531999026,      -7.534986667
          0,           0,        3560,      -7.482713836,      -5.557155329,      -5.702935941,      -4.356835043,      -7.534985272
          0,           0,        3561,       -5.95465245,      -5.454719522,      -4.883469437,      -3.784171863,      -7.534984688
          0,           0,        3562,       -6.28254028,      -5.657067076,      -5.235781596,      -4.076985101,      -7.534983287
          0,           0,        3563,      -6.417716292,      -5.735959813,      -5.451437046,      -4.201783318,      -7.534981057
          0,           0,        3564,      -6.509592357,       -5.83473032,      -5.627295071,      -4.352711093,      -7.534978871
          0,           0,        3565,      -6.594480044,      -5.841491566,      -5.767361379,      -4.558823876,      -7.534978413
          0,           0,        3566,      -6.698397977,       -5.88261725,      -5.885150742,      -4.674202816,      -7.534980453
          0,           0,        3567,      -6.790937618,      -5.875211523,      -5.972355823,      -4.810044834,      -7.534984297
          0,           0,        3568,      -6.875849282,      -5.778904029,      -5.991079029,      -4.930556142,      -7.534988833
          0,           0,        3569,      -6.981824464,       -5.84203592,      -6.039600558,       -5.04212033,      -7.534993137
          0,           0,        3570,      -7.082721455,      -5.921761929,      -6.096447078,      -5.163530996,      -7.534996111
          0,           0,        3571,      -7.163455506,       -5.81736747,      -5.933599155,      -4.604728962,      -7.534997666
          0,           0,        3572,      -6.497565225,      -5.838737771,      -5.973867142,      -4.228058463,       -7.53499728
          0,           0,        3573,      -7.017945719,      -5.884202283,      -5.915509138,      -4.715712409,      -7.534995143
          0,           0,        3574,      -6.988173646,      -5.797354889,      -6.008448684,      -4.907868563,      -7.534991289
          0,           0,        3575,      -6.991484946,      -5.860878399,      -6.048806609,      -5.132052895,       -7.53498628
          0,           0,        3576,       -7.03566085,      -5.873619341,      -5.991169735,      -4.571033479,       -7.53498038
          0,           0,        3577,      -6.961344795,      -5.850765894,       -6.01614733,      -4.582077624,      -7.534973969
          0,           0,        3578,      -7.439126675,      -5.848620924,      -6.043213415,       -5.14367633,      -7.534966588
          0,           0,        3579,      -7.216268039,      -5.870822257,      -6.098678474,      -5.178594861,      -7.534958624
          0,           0,        3580,       -7.17353873,      -5.896683444,      -6.119023074,      -5.312727499,       -7.53494945
          0,           0,        3581,      -7.180258926,       -5.87183541,      -6.086045141,      -4.973528401,      -7.534939363
          0,           0,        3582,      -7.460249763,       -5.90541557,      -6.106034607,      -5.124239618,      -7.534928176
          0,           0,        3583,      -7.426875936,      -5.735505856,      -5.973592957,      -4.495678652,      -7.534915991
          0,           0,        3584,      -6.985315492,      -5.837771677,      -5.988161813,      -4.952914894,      -7.534902548
          0,           0,        3585,       -7.15310162,      -5.880441241,      -6.091392982,      -5.214623321,      -7.534887982
          0,           0,        3586,      -7.344477296,      -5.933277391,      -6.127804861,      -5.420088242,      -7.534872112
          0,           0,        3587,      -7.470329022,      -5.570325195,      -5.598858103,      -4.262502199,      -7.534855102
          0,           0,        3588,      -6.108712335,      -5.853298501,      -5.071130739,      -4.010583986,       -7.53483754
          0,           0,        3589,      -6.495812673,      -5.875889236,      -5.358599259,      -4.267166666,      -7.534820571
          0,           0,        3590,       -6.60844983,      -5.887765126,      -5.597861243,      -4.364602922,      -7.534804048
          0,           0,        3591,      -6.721623859,      -5.886957764,       -5.76022281,      -4.522872968,      -7.534786962
          0,           0,        3592,      -6.800025925,      -5.901136714,      -5.876051535,      -4.719116788,      -7.534768078
          0,           0,        3593,      -6.876975544,      -5.887508628,      -5.976299513,      -4.848963782,      -7.534747233
          0,           0,        3594,      -6.946605607,      -5.912038342,      -6.047911352,       -4.98043177,      -7.534724549
          0,           0,        3595,      -7.031126629,      -5.885205452,      -6.044624839,      -5.058923487,      -7.534700907
          0,           0,        3596,      -7.211510036,       -5.88560261,      -6.086338891,      -5.110783392,        -7.5346767
          0,           0,        3597,      -7.244049142,      -5.801433115,      -6.080800806,      -5.285198604,       -7.53465227
          0,           0,        3598,      -7.308587283,      -5.914045181,      -6.116407368,      -5.395985236,      -7.534627382
          0,           0,        3599,      -7.361592019,      -5.887458079,      -6.127250425,      -5.462553045,      -7.534601941
          0,           0,        3600,      -7.406743593,      -5.892893257,      -6.120246583,      -5.526188589,       -7.53457551
          0,           0,        3601,      -7.559260477,      -5.883589193,      -6.131747377,      -5.602540775,      -7.534548119
          0,           0,        3602,      -7.562020477,      -5.926807436,      -6.138479314,      -5.668222144,      -7.534519493
          0,           0,        3603,      -7.590614956,      -5.899152259,      -6.135096156,      -5.654318531,      -7.534489807
          0,           0,        3604,      -7.672621616,      -5.847406228,      -6.109555516,      -5.673817823,      -7.534458944
          0,           0,        3605,      -7.647173937,      -5.867565719,       -6.12212047,      -5.636829751,      -7.534427079
          0,           0,        3606,      -7.666414016,      -5.324366742,      -5.246647844,      -4.967543418,      -7.534394037
          0,           0,        3607,       -7.01834765,      -5.881705956,      -5.953031659,      -5.000657445,       -7.53436029
          0,           0,        3608,      -7.468523025,      -5.899436017,      -6.010736406,      -5.374517441,      -7.534325161
          0,           0,        3609,      -7.417258721,      -5.897641173,      -6.095416145,      -5.315538362,      -7.534289085
          0,           0,        3610,      -7.502501646,      -5.908195898,       -6.12374604,      -5.409911651,      -7.534252171
          0,           0,        3611,      -7.633235248,       -5.87923323,      -6.024092766,      -5.491623967,      -7.534215038
          0,           0,        3612,      -7.353660259,        -5.9293286,      -6.063601094,      -5.252259158,      -7.534177815
          0,           0,        3613,      -7.517346554,      -5.903359113,      -6.126969888,      -5.495803547,      -7.534140719
          0,           0,        3614,      -7.594666807,      -5.869510574,      -6.114791015,      -5.547560696,      -7.534103487
          0,           0,        3615,      -7.638655594,      -5.619427322,      -6.020188296,      -5.518611567,       -7.53406601
          0,           0,        3616,      -7.350410667,      -5.505330379,      -5.545517693,       -4.90166765,      -7.534027926
          0,           0,        3617,      -7.238088909,       -5.86367353,      -6.030408638,       -5.22138424,      -7.533989256
          0,           0,        3618,      -7.621632366,      -5.842071387,      -6.125288782,      -5.496795608,      -7.533949688
          0,           0,        3619,      -7.646161689,       -3.64181682,      -3.428963147,      -2.949418801,      -7.533909389
          0,           0,        3620,      -7.086515028,      -5.434117297,      -5.382785625,      -4.705831342,      -7.533868293
          0,           0,        3621,      -7.077094189,      -5.870900133,      -5.931647923,      -5.043892172,      -7.533826572
          0,           0,        3622,      -6.930329902,      -5.923739603,      -5.644130998,      -4.935513032,       -7.53378407
          0,           0,        3623,      -7.143119402,      -5.904682014,      -5.860609639,      -5.024220125,      -7.533741078
          0,           0,        3624,      -7.132541159,       -5.86871391,      -6.009768198,      -5.022920941,      -7.533697619
          0,           0,        3625,      -7.249644414,      -5.901635441,      -6.081596778,      -5.150963174,      -7.533653981
          0,           0,        3626,      -7.390757131,      -5.907898697,      -6.102990489,       -5.30867799,      -7.533610181
          0,           0,        3627,      -7.478315036,      -5.910427099,      -6.128703915,      -5.408678691,      -7.533566508
          0,           0,        3628,      -7.566916241,      -5.843204114,      -6.122599053,      -5.496589949,      -7.533522692
          0,           0,        3629,      -7.608539114,      -5.882450255,      -6.093779763,      -5.549233412,      -7.533478808
          0,           0,        3630,      -7.592558995,      -5.951227722,      -6.140597968,      -5.519420432,      -7.533434582
          0,           0,        3631,      -7.715593234,      -5.918375693,      -6.148310518,      -5.659013722,       -7.53339009
          0,           0,        3632,      -7.770574349,      -5.865667105,      -6.121152705,      -5.701308656,       -7.53334512
          0,           0,        3633,      -7.769320976,      -5.900639613,       -6.12795806,      -5.688153664,      -7.533299844
          0,           0,        3634,      -7.784941881,      -5.239347429,      -5.475019281,      -5.201805603,      -7.533254035
          0,           0,        3635,      -7.078471036,      -5.794732736,      -5.921060146,       -5.06479804,      -7.533205428
          0,           0,        3636,      -7.590580832,       -5.48303963,       -5.64774924,      -5.347330448,      -7.533162418
          0,           0,        3637,      -6.788098071,       -5.51658826,      -5.738106467,      -4.773958383,      -7.533116711
          0,           0,        3638,      -7.269394295,      -5.679147582,      -5.905452172,       -5.20051265,       -7.53307075
          0,           0,        3639,      -7.347632655,      -5.718488065,      -6.020012824,      -5.239864674,      -7.533024681
          0,           0,        3640,       -7.33328348,      -5.781338673,      -6.087960722,      -5.214625894,      -7.532978425
          0,           0,        3641,      -7.398164901,      -5.829525634,      -6.120970877,      -5.328655595,      -7.532932359
          0,           0,        3642,      -7.540891053,       -5.87941603,      -6.131601812,      -5.489291182,      -7.532886526
          0,           0,        3643,      -7.598998847,      -5.882889939,      -6.145510942,      -5.550230185,      -7.532841254
          0,           0,        3644,      -7.749017168,      -5.864968469,      -6.136170567,      -5.659628528,      -7.532796396
          0,           0,        3645,      -7.726712903,       -5.87968334,       -6.12811479,      -5.651153747,      -7.532751941
          0,           0,        3646,      -7.821966374,      -5.938790416,      -6.124217312,      -5.710777767,      -7.532707619
          0,           0,        3647,      -7.754650756,       -5.90896852,      -6.134704247,      -5.659473421,      -7.532663572
          0,           0,        3648,      -7.809598334,      -5.886175754,      -6.135504362,      -5.761618628,      -7.532619545
          0,           0,        3649,       -7.82706638,       -5.89914326,       -6.13281204,      -5.742363598,       -7.53257579
          0,           0,        3650,      -7.852830747,      -5.957424889,      -6.156666919,      -5.714168347,      -7.532532192
          0,           0,        3651,      -7.856165789,      -5.911247718,      -6.143725489,       -5.78662463,      -7.532489012
          0,           0,        3652,      -7.896819107,      -5.819498316,      -6.108578596,      -5.781285115,      -7.532446139
          0,           0,        3653,      -7.783160682,      -5.870499571,      -6.124972611,      -5.723489875,      -7.532403671
          0,           0,        3654,      -7.833783552,      -5.972049054,       -6.14867269,      -5.715637895,      -7.532361402
          0,           0,        3655,      -7.817831267,      -5.912893256,      -6.149771603,      -5.735618119,      -7.532319589
          0,           0,        3656,      -7.886453359,      -5.918975341,      -5.969191852,      -5.366725677,      -7.532277875
          0,           0,        3657,      -7.542231802,       -5.92967058,      -6.127821143,      -5.519890447,      -7.532236466
          0,           0,        3658,      -7.843889432,      -5.825103501,       -6.10737985,       -5.71792896,      -7.532195175
          0,           0,        3659,      -7.741502082,      -5.880377914,      -6.131761287,      -5.689387548,      -7.532154148
          0,           0,        3660,      -7.831980672,      -5.916560918,      -5.913704398,      -5.380518045,      -7.532113266
          0,           0,        3661,      -6.877721013,      -5.810275013,      -5.791698541,      -4.716998081,      -7.532072731
          0,           0,        3662,      -7.245541587,       -5.93316479,      -6.026705105,      -5.030323324,      -7.532032088
          0,           0,        3663,      -7.351766079,       -5.85827397,      -6.078556049,      -5.138535199,      -7.531991611
          0,           0,        3664,      -7.410415351,      -5.799971701,      -6.083550597,      -5.278644109,      -7.531951229
          0,           0,        3665,       -7.50056346,      -5.869773177,        -6.0997429,      -5.392647397,       -7.53191136
          0,           0,        3666,      -7.609508144,      -5.959900383,      -6.138757553,      -5.510574867,      -7.531871881
          0,           0,        3667,      -7.627520929,      -5.903274355,      -6.123743767,       -5.35337394,      -7.531833272
          0,           0,        3668,      -7.648214487,      -5.952086741,      -6.115901218,      -5.393467007,      -7.531794899
          0,           0,        3669,      -7.800066064,      -5.937428372,      -6.168928028,      -5.669252557,      -7.531756942
          0,           0,        3670,      -7.817898322,      -5.840104761,      -6.114404332,      -5.590007764,      -7.531719152
          0,           0,        3671,        -7.6700318,      -5.889496048,      -6.140463892,      -5.602770124,      -7.531681622
          0,           0,        3672,      -7.750509664,      -5.984359621,      -6.156984578,      -5.594713049,      -7.531644172
          0,           0,        3673,      -7.807730509,      -5.925675172,       -6.15666586,      -5.676310975,      -7.531607579
          0,           0,        3674,      -7.887145278,      -5.877674929,      -6.018877476,      -5.254563706,      -7.531571353
          0,           0,        3675,      -7.260453554,       -5.89276341,      -5.996367937,      -5.116446116,      -7.531535463
          0,           0,        3676,      -7.601410754,      -5.962576287,      -6.143891175,      -5.355769755,       -7.53149964
          0,           0,        3677,      -7.660152559,      -5.934281612,      -6.156141643,      -5.433731603,      -7.531464259
          0,           0,        3678,      -7.668773769,      -5.851753734,      -6.129775211,      -5.529959711,      -7.531429243
          0,           0,        3679,      -7.650943355,      -5.825916677,      -5.776632511,       -4.84321868,      -7.531394736
          0,           0,        3680,      -6.257997839,      -5.816675879,      -5.177087355,      -4.136645447,      -7.531361092
          0,           0,        3681,      -6.616969947,      -5.911754496,      -5.433346522,      -4.506657981,      -7.531329294
          0,           0,        3682,      -6.636492783,      -5.858869908,      -5.648212746,      -4.573028491,      -7.531299265
          0,           0,        3683,      -6.693377263,      -5.898638456,      -5.847281511,      -4.654288985,      -7.531270266
          0,           0,        3684,      -6.834309341,      -5.840160124,      -5.954911316,      -4.801986134,      -7.531241011
          0,           0,        3685,      -6.977686537,      -5.872938673,      -6.028029979,      -4.960415321,         -7.531211
          0,           0,        3686,      -7.116961794,      -5.934329843,      -6.120604836,      -5.095582902,      -7.531179971
          0,           0,        3687,      -7.201300828,      -5.902946723,      -6.099597694,       -5.16814433,      -7.531148603
          0,           0,        3688,      -7.267826144,      -5.897253729,      -6.164745423,      -5.251886111,      -7.531117405
          0,           0,        3689,      -7.382988531,      -5.951689112,       -6.07888731,      -5.292997004,      -7.531087076
          0,           0,        3690,      -7.469502306,      -5.942966657,      -6.167909127,      -5.434105088,      -7.531057685
          0,           0,        3691,      -7.603087252,      -5.959964508,      -6.183029559,      -5.560204938,      -7.531029484
          0,           0,        3692,      -7.645036437,      -5.846145536,      -6.118385457,      -5.628063417,      -7.531001956
          0,           0,        3693,      -7.642246062,      -5.849829252,      -6.144598324,       -5.54335926,      -7.530975362
          0,           0,        3694,      -7.729073114,      -5.993882547,      -6.189286516,      -5.701064229,       -7.53094896
          0,           0,        3695,      -7.853981848,      -5.957225314,       -6.18944885,      -5.747225704,      -7.530922812
          0,           0,        3696,      -7.801805406,      -5.918975778,      -6.163737104,      -5.758198439,      -7.530896519
          0,           0,        3697,      -7.829420832,      -5.941621676,      -6.182218844,       -5.78171314,       -7.53087015
          0,           0,        3698,       -7.86687792,      -5.995987514,      -6.203052818,      -5.798816924,      -7.530843438
          0,           0,        3699,      -7.918295938,       -5.95748959,      -6.189567398,      -5.841339319,      -7.530816565
          0,           0,        3700,      -7.888896156,      -5.847468825,      -6.139569409,       -5.83745791,      -7.530789414
          0,           0,        3701,      -7.776780754,      -5.906255403,      -6.163370622,      -5.735421421,      -7.530762182
          0,           0,        3702,      -7.852466715,      -5.924580301,      -5.864656997,      -5.352897884,      -7.530734821
          0,           0,        3703,      -6.490711033,      -5.298643099,      -5.379409622,      -4.458527276,      -7.530707456
          0,           0,        3704,      -6.829589459,      -5.577170815,      -5.657729583,       -4.76918828,      -7.530679457
          0,           0,        3705,      -6.844989419,        -5.5880712,      -5.838401043,      -4.776922494,      -7.530651114
          0,           0,        3706,      -6.907750991,      -5.658114144,       -5.97990996,      -4.844593442,      -7.530622597
          0,           0,        3707,      -7.046481181,      -5.850849529,      -6.081350819,      -5.006280164,      -7.530594659
          0,           0,        3708,      -7.220808181,      -5.862808892,      -6.157857142,      -5.167135191,      -7.530567504
          0,           0,        3709,      -7.334239173,      -5.816030869,      -6.173192941,      -5.267571479,      -7.530541418
          0,           0,        3710,      -7.410374545,      -5.973447497,      -6.192967788,      -5.370939254,      -7.530515826
          0,           0,        3711,      -7.513492175,      -5.906529374,      -6.187003682,      -5.470382392,      -7.530490684
          0,           0,        3712,      -7.602292845,      -5.856679352,       -6.14927376,      -5.557451466,      -7.530465398
          0,           0,        3713,      -7.601730698,      -5.913068614,      -6.168616506,      -5.573249686,       -7.53043999
          0,           0,        3714,      -7.717261436,      -6.019032089,      -6.227682198,      -5.681340694,      -7.530414255
          0,           0,        3715,      -7.836275555,      -5.953523054,      -6.211093558,      -5.775437241,      -7.530388448
          0,           0,        3716,      -7.854243043,      -5.983779029,      -6.204769967,      -5.793300659,      -7.530362428
          0,           0,        3717,      -7.858073449,      -5.967019177,      -6.208159826,      -5.814276712,      -7.530336529
          0,           0,        3718,       -7.93213933,      -5.944429371,      -6.196012595,      -5.842723957,      -7.530310631
          0,           0,        3719,       -7.86025569,      -5.947605648,      -6.183518887,      -5.805792286,      -7.530285081
          0,           0,        3720,      -7.831120646,      -6.029147253,      -6.226219996,      -5.789562514,        -7.5302597
          0,           0,        3721,      -7.940741946,      -5.972122729,      -6.204715846,      -5.828742847,      -7.530234716
          0,           0,        3722,      -7.860375356,      -5.859152065,      -6.169000096,       -5.79479998,      -7.530209946
          0,           0,        3723,      -7.766248983,      -5.904382333,      -6.181670877,      -5.732908687,      -7.530185599
          0,           0,        3724,      -7.847862486,      -6.050063115,      -6.242943549,      -5.791429906,      -7.530161426
          0,           0,        3725,      -7.957208655,      -5.973924333,      -6.209551283,      -5.859506421,      -7.530137695
          0,           0,        3726,      -7.850440856,      -6.027441861,      -6.228296873,      -5.799766584,      -7.530114154
          0,           0,        3727,      -7.955242907,      -5.973766837,      -6.211139841,      -5.849811708,      -7.530090997
          0,           0,        3728,      -7.913950669,      -5.848789987,      -6.156914821,      -5.839136697,      -7.530068046
          0,           0,        3729,      -7.773105049,      -5.922149869,       -6.18536701,      -5.732148159,       -7.53004552
          0,           0,        3730,      -7.882189976,      -6.058233225,      -6.251170908,      -5.821709898,      -7.530023174
          0,           0,        3731,       -8.00693218,      -5.950124436,      -6.048745555,      -5.701687907,      -7.530001305
          0,           0,        3732,      -7.284089242,      -5.858758322,      -6.074640894,       -5.32023346,      -7.529979611
          0,           0,        3733,      -7.639608091,      -5.930152511,      -6.199094516,      -5.527222257,      -7.529958182
          0,           0,        3734,      -7.696167583,      -5.832414202,      -6.149385402,      -5.553083381,      -7.529936773
          0,           0,        3735,      -7.652226354,       -5.90358048,      -6.188402188,       -5.56254685,      -7.529915459
          0,           0,        3736,      -7.754506546,       -5.99163814,      -6.051398694,       -5.61464905,      -7.529894128
          0,           0,        3737,      -7.250594939,       -5.83536695,      -5.997000759,      -5.300950643,      -7.529873126
          0,           0,        3738,      -7.590063484,      -5.969404432,       -6.18136878,      -5.442073946,      -7.529852191
          0,           0,        3739,      -7.621930345,      -5.891050082,      -6.199129216,      -5.460677897,      -7.529831643
          0,           0,        3740,      -7.620697959,      -5.930916244,      -6.204577362,      -5.501318442,      -7.529811307
          0,           0,        3741,      -7.689466412,      -5.975831912,      -6.166737526,      -5.663588181,      -7.529791403
          0,           0,        3742,      -7.692979681,      -6.007702215,      -6.204610349,       -5.73202999,      -7.529771778
          0,           0,        3743,      -7.916658139,      -5.988380809,      -6.237607448,      -5.812732046,       -7.52975248
          0,           0,        3744,       -7.93583231,       -5.94716463,       -6.21714377,      -5.838720642,      -7.529733437
          0,           0,        3745,       -7.82502354,      -5.975829847,      -6.220086157,      -5.724920411,      -7.529714568
          0,           0,        3746,      -7.903852886,       -6.04780402,      -6.255632337,      -5.853957623,       -7.52969575
          0,           0,        3747,      -8.001202804,      -5.995380837,      -6.244030188,      -5.934521998,      -7.529677207
          0,           0,        3748,      -7.971846228,      -5.950949732,      -6.224578426,      -5.894592989,      -7.529658717
          0,           0,        3749,      -7.909237659,      -5.974295091,      -6.219153196,      -5.859917942,      -7.529640473
          0,           0,        3750,      -7.932520605,       -6.06100178,      -6.267874593,      -5.895330986,      -7.529622357
          0,           0,        3751,      -8.092187001,      -5.780608028,      -6.177437335,      -5.871359649,       -7.52960454
          0,           0,        3752,      -7.673956477,      -5.885794002,      -6.175139607,      -5.616265159,      -7.529586845
          0,           0,        3753,      -7.764301352,       -5.95279683,      -6.232951391,      -5.751021263,      -7.529569474
          0,           0,        3754,      -8.027962152,      -6.039261375,      -6.267843499,       -5.94780163,       -7.52955221
          0,           0,        3755,      -8.009860953,      -5.621261283,      -5.167478631,      -4.751558983,      -7.529535306
          0,           0,        3756,      -7.006580929,      -5.661400199,      -5.942213914,       -4.97640271,      -7.529518338
          0,           0,        3757,      -7.384697675,       -5.85904307,      -6.030634966,      -5.159248655,      -7.529501173
          0,           0,        3758,      -7.319024237,      -5.994093641,      -6.156471545,      -5.261109484,      -7.529483626
          0,           0,        3759,      -7.406537853,      -5.877361106,      -6.203561526,      -5.244413118,      -7.529466124
          0,           0,        3760,      -7.608775641,      -6.013943335,      -6.170682146,      -5.494681475,       -7.52944883
          0,           0,        3761,      -7.697413978,      -5.995388731,      -6.228488698,      -5.701405933,      -7.529432242
          0,           0,        3762,      -7.853587679,      -5.691060481,      -6.146720752,      -5.689737656,      -7.529416343
          0,           0,        3763,       -7.67381765,      -5.917920083,      -6.212351966,      -5.565602904,      -7.529401081
          0,           0,        3764,      -7.770375598,       -6.04566653,      -6.207209513,      -5.662021704,      -7.529386038
          0,           0,        3765,      -7.663112254,      -5.906153477,      -6.212535786,      -5.507252778,      -7.529371158
          0,           0,        3766,      -7.745716378,      -5.857783788,      -6.156590278,      -5.633377545,      -7.529355987
          0,           0,        3767,      -7.429496107,      -5.660821221,      -6.008937157,      -5.509927903,      -7.529340591
          0,           0,        3768,        -7.5544822,      -4.223485924,      -4.841207673,      -4.158694857,       -7.52932508
          0,           0,        3769,      -7.012965078,      -3.719865171,      -4.642719271,      -3.792828427,      -7.529309431
          0,           0,        3770,      -6.635640373,      -3.564819115,      -4.688333186,      -3.715621338,      -7.529293328
          0,           0,        3771,      -6.152948296,      -4.042206806,      -4.746816358,      -4.005355101,       -7.52927569
          0,           0,        3772,      -6.116760714,      -4.236178397,      -4.042110151,      -4.026005904,      -7.529252648
          0,           0,        3773,      -5.657142788,       -3.23696998,      -3.477768206,       -3.56300014,      -7.529215219
          0,           0,        3774,      -5.403395711,      -2.684126508,      -3.037367668,      -3.175938906,       -7.52913427
          0,           0,        3775,      -5.122683677,       -2.33135712,      -2.803900282,      -2.831532568,      -7.513993231
          0,           0,        3776,      -3.870220508,      -2.624505939,      -2.668447922,      -1.839719256,      -7.506232759
          0,           0,        3777,      -4.164346322,      -3.922569244,      -3.022401904,      -2.105935465,      -7.505250614
          0,           0,        3778,      -4.288764484,      -4.247689996,      -3.225236647,       -2.20162699,      -7.510202001
          0,           0,        3779,      -4.383247466,      -4.143318374,      -3.466629057,        -2.3072098,      -7.512840596
          0,           0,        3780,      -4.578967822,      -4.169451181,      -3.731402707,       -2.51419281,      -7.512879991
          0,           0,        3781,      -4.750631435,      -4.290751452,      -3.958326781,      -2.696671929,      -7.512814249
          0,           0,        3782,      -4.839370191,      -4.425947873,      -4.122544033,      -2.793308397,      -7.513300879
          0,           0,        3783,      -4.913732255,      -4.499224371,      -4.227284765,      -2.868140261,      -7.513914856
          0,           0,        3784,      -4.976897904,      -4.515978779,      -4.297317811,      -2.929400895,      -7.514317656
          0,           0,        3785,      -5.039178979,      -4.516936656,      -4.350350397,      -2.991466019,      -7.514207641
          0,           0,        3786,      -5.109693055,       -4.52204126,      -4.385039781,      -3.064889414,      -7.513498674
          0,           0,        3787,      -5.186607227,      -4.534886371,        -4.4067823,      -3.147853766,       -7.51224965
          0,           0,        3788,       -5.25845167,      -4.553191565,      -4.426740789,      -3.226930179,      -7.510601513
          0,           0,        3789,      -5.307837214,      -4.572050994,      -4.450825466,      -3.280174805,      -7.508692672
          0,           0,        3790,      -5.329066149,      -4.585893967,      -4.477805571,      -3.299586158,      -7.506668334
          0,           0,        3791,      -5.333344563,      -4.590479688,      -4.501834633,      -3.299408847,      -7.504648896
          0,           0,        3792,      -5.334337569,      -4.585529144,      -4.516852451,      -3.296530706,      -7.502761283
          0,           0,        3793,       -5.33878595,      -4.573907855,      -4.520780022,      -3.298616671,      -7.501072053
          0,           0,        3794,       -5.34706938,      -4.559263779,      -4.515872285,      -3.305867766,      -7.499638155
          0,           0,        3795,      -5.357116991,      -4.544044502,      -4.506626551,      -3.315802688,      -7.498524847
          0,           0,        3796,      -5.365996914,      -4.529670652,      -4.496819895,      -3.325081405,      -7.497848722
          0,           0,        3797,       -5.37130494,      -4.516867395,      -4.488817106,      -3.331002743,      -7.497693218
          0,           0,        3798,      -5.370799339,      -4.505714764,      -4.482737153,      -3.331018469,      -7.498122172
          0,           0,        3799,      -5.364984732,      -4.495923349,      -4.478726333,      -3.325449476,       -7.49914993
          0,           0,        3800,      -5.354809696,      -4.487418938,      -4.475502203,      -3.315181515,      -7.500759125
          0,           0,        3801,      -5.342283205,      -4.480240756,      -4.471876914,      -3.302232172,      -7.502907477
          0,           0,        3802,      -5.329362672,      -4.474505213,       -4.46690252,      -3.288624778,      -7.505545362
          0,           0,        3803,      -5.317321669,      -4.470755721,      -4.460529477,      -3.275712389,      -7.508573833
          0,           0,        3804,      -5.307221672,      -4.468406319,      -4.452779945,        -3.2646788,      -7.511883876
          0,           0,        3805,      -5.299197385,      -4.466655358,      -4.444119825,      -3.255785918,      -7.515372858
          0,           0,        3806,      -5.293358639,      -4.463586043,      -4.434452018,      -3.249272633,       -7.51895289
          0,           0,        3807,      -5.289547058,      -4.456943161,      -4.424052772,      -3.245099229,      -7.522515659
          0,           0,        3808,      -5.287359818,      -4.444904555,      -4.412794657,      -3.242946552,      -7.526092363
          0,           0,        3809,      -5.286155261,      -4.427181257,      -4.400697815,      -3.242174874,      -7.529695304
          0,           0,        3810,      -5.285034603,      -4.405400436,      -4.388151762,      -3.241791285,      -7.533496097
          0,           0,        3811,      -5.282984962,      -4.382105564,      -4.375670349,      -3.240578499,      -7.537510995
          0,           0,        3812,      -5.279105338,      -4.361999786,      -4.364673124,      -3.237349416,      -7.541848541
          0,           0,        3813,      -5.273178997,      -4.347047994,      -4.356252301,      -3.231660128,      -7.546637538
          0,           0,        3814,      -5.265269897,      -4.339299166,      -4.350994638,      -3.223410085,      -7.549311468
          0,           0,        3815,      -5.256363956,      -4.340340087,      -4.349680792,      -3.213627808,      -7.551302886
          0,           0,        3816,      -5.247887687,      -4.350599633,      -4.352260088,      -3.203920791,      -7.553085099
          0,           0,        3817,      -5.241362295,       -4.36958268,       -4.35797699,      -3.196050094,      -7.554733228
          0,           0,        3818,      -5.238171261,      -4.395280495,      -4.365259639,      -3.191630275,       -7.55631701
          0,           0,        3819,      -5.239335307,      -4.423399509,      -4.371887105,      -3.191868617,      -7.557907842
          0,           0,        3820,      -5.245330089,      -4.446986259,      -4.375441113,      -3.197374563,      -7.559276884
          0,           0,        3821,      -5.255984856,      -4.458180955,      -4.374137598,      -3.208059491,      -7.559952009
          0,           0,        3822,      -5.270404267,      -4.452531826,      -4.367682338,      -3.223052006,       -7.56019006
          0,           0,        3823,      -5.286809268,      -4.432837129,      -4.357483865,      -3.240496096,      -7.560283546
          0,           0,        3824,      -5.302698235,      -4.406660356,      -4.345985301,      -3.257667139,      -7.560307376
          0,           0,        3825,      -5.315308257,      -4.381643916,      -4.335918383,      -3.271422216,      -7.560244127
          0,           0,        3826,       -5.32254771,      -4.363069973,      -4.329527041,      -3.279244429,      -7.559461432
          0,           0,        3827,      -5.323980371,      -4.353708163,      -4.328321562,      -3.280449361,       -7.55928219
          0,           0,        3828,      -5.321103313,      -4.354781635,      -4.332969533,      -3.276596202,      -7.558695344
          0,           0,        3829,      -5.316740346,        -4.3665098,      -4.343338764,      -3.270811292,       -7.55810158
          0,           0,        3830,      -5.313997941,      -4.388255331,      -4.358419338,      -3.266542944,      -7.557636438
          0,           0,        3831,      -5.315530296,      -4.418352394,      -4.376296645,      -3.266702658,      -7.557403165
          0,           0,        3832,      -5.323233248,      -4.453496242,      -4.394170984,      -3.273337392,      -7.557175916
          0,           0,        3833,      -5.338223005,      -4.488246753,      -4.408871378,      -3.287645499,      -7.556455254
          0,           0,        3834,      -5.360831498,      -4.515252701,      -4.417746936,      -3.310005595,      -7.555948908
          0,           0,        3835,      -5.390522338,      -4.528973168,      -4.420154605,      -3.339925586,      -7.555654967
          0,           0,        3836,       -5.42557022,      -4.526756547,      -4.417115427,      -3.375680418,       -7.55544373
          0,           0,        3837,      -5.462659437,      -3.433061292,      -3.670132581,      -2.670603422,      -7.554841696
          0,           0,        3838,      -5.495431377,      -3.119955475,      -3.278081591,      -2.297622084,       -7.55334678
          0,           0,        3839,      -5.448243815,      -4.462172026,      -4.354648089,      -3.398507835,      -7.552866389
          0,           0,        3840,      -5.521978481,      -4.480603246,      -4.397380017,      -3.475499496,      -7.552624783
          0,           0,        3841,      -5.526809526,      -4.482840898,      -4.414022416,      -3.480272763,       -7.55255968
          0,           0,        3842,      -5.529283845,      -4.493630106,       -4.42900817,      -3.482001482,      -7.552791754
          0,           0,        3843,      -5.526780741,      -4.512738033,      -4.447828796,      -3.478395629,      -7.553198167
          0,           0,        3844,      -5.527067717,      -4.539038005,       -4.46890925,      -3.477661483,      -7.553771997
          0,           0,        3845,      -5.534094063,      -4.570944716,      -4.489971073,       -3.48389796,      -7.554631278
          0,           0,        3846,      -5.550353997,      -4.604620346,      -4.508165351,      -3.499593748,      -7.556147259
          0,           0,        3847,      -5.577002562,       -4.63655488,      -4.521362922,      -3.525887098,      -7.558667928
          0,           0,        3848,      -5.614563546,      -4.661856126,      -4.528985675,      -3.563315019,      -7.563056879
          0,           0,        3849,      -5.662244612,      -4.676613306,      -4.531840625,      -3.611018205,      -7.571632754
          0,           0,        3850,      -5.717760586,      -4.681950825,      -4.532401413,      -3.666750628,       -7.58699691
          0,           0,        3851,      -5.775652019,      -4.660104356,      -4.531985652,      -3.724899501,      -7.616010637
          0,           0,        3852,       -5.81950067,      -4.070012108,      -4.502821941,      -3.761689873,      -7.666803735
          0,           0,        3853,      -5.835402351,       -4.35864315,      -4.538648646,      -3.777038237,      -7.717346798
          0,           0,        3854,      -5.858920055,      -4.371127986,      -4.553070536,      -3.801944766,      -7.750246209
          0,           0,        3855,      -5.854345862,       -4.45236509,      -4.571216489,      -3.803185412,       -7.76563909
          0,           0,        3856,      -5.838871843,      -4.520061824,      -4.592963994,      -3.789886284,      -7.772301828
          0,           0,        3857,      -5.828109263,      -4.575627944,      -4.616822367,      -3.779310602,      -7.775228575
          0,           0,        3858,      -5.827202855,      -4.621519833,      -4.640975423,      -3.778010693,      -7.776740641
          0,           0,        3859,      -5.838587959,      -4.661525487,      -4.663380272,      -3.788933124,      -7.777284841
          0,           0,        3860,      -5.863809223,      -4.695309027,      -4.682305959,      -3.813672981,      -7.777301428
          0,           0,        3861,      -5.903661872,      -4.725927837,      -4.697027158,      -3.852949779,      -7.777084096
          0,           0,        3862,      -5.958742576,      -4.750837826,      -4.708078528,      -3.907258649,      -7.776746538
          0,           0,        3863,      -6.027902416,      -4.768576055,      -4.716861913,      -3.975293905,      -7.776274095
          0,           0,        3864,      -6.106860804,      -4.794357601,      -4.725536047,      -4.052687698,      -7.775559396
          0,           0,        3865,      -6.182731827,      -4.805212472,      -4.735718975,      -4.126783227,      -7.774630075
          0,           0,        3866,       -6.23211793,      -4.816802942,      -4.748919312,      -4.175285292,      -7.773597566
          0,           0,        3867,       -6.23811474,      -4.824340353,      -4.765603865,      -4.182326608,      -7.772524984
          0,           0,        3868,      -6.212365168,      -4.834635594,      -4.785805791,      -4.158756468,      -7.771441064
          0,           0,        3869,      -6.179513126,      -4.842266709,      -4.808511045,      -4.127776545,       -7.77039956
          0,           0,        3870,      -6.155036766,      -4.851251918,      -4.832657814,      -4.104836875,      -7.769416517
          0,           0,        3871,       -6.14547948,      -4.868758858,      -4.856598344,      -4.096777991,      -7.768578148
          0,           0,        3872,      -6.152202503,      -4.876228264,      -4.878344407,      -4.104659875,      -7.767855366
          0,           0,        3873,      -6.175102763,      -4.882897296,      -4.896745085,      -4.128803044,      -7.767389278
          0,           0,        3874,      -6.213109368,      -4.894977535,      -4.911683342,      -4.168272223,      -7.767043881
          0,           0,        3875,      -6.263995858,      -4.896469076,      -4.923501341,       -4.22100182,      -7.766745939
          0,           0,        3876,       -6.32141295,      -4.903440054,      -4.934126669,      -4.280737045,      -7.766394386
          0,           0,        3877,      -6.374359168,      -4.908351417,      -4.944347284,      -4.335299771,      -7.766157231
          0,           0,        3878,      -6.407151124,      -4.910660921,      -4.955493984,      -4.367998955,      -7.765997069
          0,           0,        3879,      -6.412229407,      -4.910772913,      -4.968142695,      -4.371094692,       -7.76637891
          0,           0,        3880,      -6.397096315,      -4.899093632,      -4.982250783,      -4.351931094,      -7.767253195
          0,           0,        3881,      -6.376635572,      -4.918063615,      -4.997618818,      -4.329653524,      -7.768126319
          0,           0,        3882,      -6.363294611,      -4.922562593,      -5.013185603,       -4.31380816,      -7.769324602
          0,           0,        3883,      -6.362103643,      -4.925974018,      -5.027688454,       -4.31032141,      -7.770994463
          0,           0,        3884,      -6.375825388,      -4.929847308,      -5.040310559,      -4.321555383,      -7.772244222
          0,           0,        3885,      -6.405537129,      -4.933448352,      -5.050733155,      -4.348378784,      -7.772953207
          0,           0,        3886,       -6.45122166,      -4.938413774,      -5.059285809,      -4.390192273,      -7.773798462
          0,           0,        3887,      -6.511243224,      -4.942378931,      -5.066347282,      -4.444561715,      -7.775363936
          0,           0,        3888,      -6.580425152,      -4.947247846,      -5.072808338,       -4.50588442,      -7.778072956
          0,           0,        3889,      -6.646117547,      -4.951663663,      -5.079228214,      -4.562475634,       -7.78125127
          0,           0,        3890,      -6.687514198,      -4.955929216,      -5.086203572,      -4.598025396,      -7.783780732
          0,           0,        3891,      -6.690662063,      -4.961068946,      -5.093880732,      -4.602967071,      -7.785982374
          0,           0,        3892,      -6.666273442,      -4.967599607,      -5.102268403,      -4.585756178,      -7.788168487
          0,           0,        3893,      -6.633840176,      -4.972356461,      -5.110850439,      -4.561287718,      -7.790159459
          0,           0,        3894,      -6.608245247,      -4.977579561,      -5.119310838,       -4.54252042,      -7.792389064
          0,           0,        3895,      -6.594003035,      -4.982892203,      -5.127266492,       -4.53363739,      -7.795773122
          0,           0,        3896,      -6.591174059,      -4.988996322,       -5.13473428,       -4.53537332,      -7.797620018
          0,           0,        3897,      -6.598605274,      -4.993501404,      -5.141361189,      -4.547163432,      -7.796993391
          0,           0,        3898,      -6.612787717,      -4.998292139,       -5.14740213,      -4.565724607,      -7.795819346
          0,           0,        3899,      -6.629838258,      -5.002561186,      -5.153126466,      -4.587297124,      -7.794508277
          0,           0,        3900,       -6.64547159,      -5.006686816,      -5.158728062,      -4.607294677,      -7.793032691
          0,           0,        3901,      -6.655157915,      -5.010436152,      -5.164338726,       -4.62057447,      -7.788808298
          0,           0,        3902,      -6.660906263,      -5.015055261,      -5.169876212,       -4.62824829,       -7.78591635
          0,           0,        3903,      -6.662596439,      -5.018136399,      -5.175219997,      -4.630430668,      -7.784542004
          0,           0,        3904,      -6.663120938,      -5.021586499,      -5.179998815,      -4.629725573,      -7.782467563
          0,           0,        3905,      -6.666375591,      -5.022264239,      -5.183915914,        -4.6310584,       -7.77882972
          0,           0,        3906,      -6.676704689,      -5.029229064,      -5.188293286,      -4.639957072,      -7.775712882
          0,           0,        3907,      -6.694985552,       -5.03177627,      -5.191707617,      -4.655431796,      -7.773624894
          0,           0,        3908,      -6.722417967,      -5.034802716,      -5.194089759,      -4.678387965,      -7.771167466
          0,           0,        3909,      -6.757301328,      -5.037327745,      -5.195856187,      -4.707801332,      -7.768594983
          0,           0,        3910,      -6.796089743,      -5.036628222,          -5.19699,      -4.740369218,      -7.766086621
          0,           0,        3911,      -6.834577444,      -5.041809636,      -5.198716486,      -4.772653185,      -7.763849698
          0,           0,        3912,      -6.869979651,      -5.045334496,      -5.200375828,      -4.801977223,      -7.762177278
          0,           0,        3913,      -6.895494246,      -5.046817769,      -5.202039599,      -4.823216569,      -7.761489627
          0,           0,        3914,      -6.908835331,      -5.048778944,      -5.203832632,      -4.835558637,      -7.762178077
          0,           0,        3915,      -6.911746597,      -5.049701348,       -5.20554607,      -4.840529541,       -7.76342789
          0,           0,        3916,      -6.909274642,      -5.053227381,      -5.207572274,      -4.842474438,      -7.761599157
          0,           0,        3917,      -6.905760803,       -5.05291095,      -5.208089348,      -4.844757746,      -7.758049721
          0,           0,        3918,      -6.895536703,      -5.055862761,      -5.210767703,      -4.842394788,      -7.754035373
          0,           0,        3919,      -6.898467152,      -5.057461562,         -5.212426,      -4.853174636,      -7.750226877
          0,           0,        3920,      -6.908219721,      -5.059702072,      -5.213795535,      -4.870723757,      -7.746953417
          0,           0,        3921,      -6.913137775,      -5.040590896,      -5.211911256,      -4.883412031,      -7.744297568
          0,           0,        3922,      -6.908802632,      -5.061617168,      -5.216139354,      -4.886900686,      -7.742250078
          0,           0,        3923,      -6.918322631,      -5.062204162,      -5.217353775,      -4.902310431,      -7.740831127
          0,           0,        3924,      -6.918793992,      -5.062786835,      -5.218521379,      -4.909060958,      -7.740300401
          0,           0,        3925,      -6.917175003,      -5.059001817,      -5.219101341,      -4.909195214,      -7.740437292
          0,           0,        3926,       -6.91407954,      -5.064220256,      -5.220778919,      -4.905819292,      -7.742068126
          0,           0,        3927,      -6.912386129,       -5.06348225,      -5.221817357,      -4.901504491,      -7.746033178
          0,           0,        3928,      -6.911107696,      -5.063369422,      -5.222757801,      -4.896345388,      -7.753319633
          0,           0,        3929,      -6.913222184,      -5.062281715,      -5.223721013,      -4.893685549,      -7.762108493
          0,           0,        3930,      -6.918410185,      -5.060737024,      -5.224368127,      -4.893298332,      -7.766523105
          0,           0,        3931,      -6.927198431,      -5.060909949,      -5.225113534,       -4.89521713,      -7.769066862
          0,           0,        3932,      -6.938350863,      -5.047718182,      -5.224094425,      -4.900145894,      -7.771860051
          0,           0,        3933,      -6.926686667,      -5.057438287,      -5.225580948,      -4.881300489,      -7.775141416
          0,           0,        3934,      -6.964396256,      -5.056070636,       -5.22587243,      -4.908293092,      -7.778884437
          0,           0,        3935,      -6.975156955,      -5.054066764,       -5.22611382,       -4.91366295,      -7.782406332
          0,           0,        3936,       -6.98715336,      -5.052485258,       -5.22633017,      -4.919875462,      -7.785926568
          0,           0,        3937,      -6.994870741,      -5.050166662,      -5.226557602,      -4.922884955,      -7.789432539
          0,           0,        3938,      -6.997988847,      -5.047458947,      -5.226702979,       -4.92356366,      -7.792964362
          0,           0,        3939,      -6.998159563,      -5.044365145,      -5.226654281,      -4.923161443,      -7.796489573
          0,           0,        3940,      -6.994659976,      -5.043892251,      -5.226760764,       -4.92130719,      -7.799930348
          0,           0,        3941,      -6.989690163,      -5.041212859,      -5.226687336,      -4.920320297,      -7.803238928
          0,           0,        3942,      -6.986139842,       -5.03842496,       -5.22639313,       -4.91857421,       -7.80652345
          0,           0,        3943,      -6.981220343,      -5.036361577,      -5.226114333,      -4.917137082,      -7.809799833
          0,           0,        3944,      -6.976432935,      -5.034944292,      -5.225882379,      -4.915964181,      -7.813043968
          0,           0,        3945,      -6.973257885,      -5.032066813,      -5.225364957,      -4.915756223,      -7.816234999
          0,           0,        3946,      -6.970105211,      -5.010182354,       -5.22244559,      -4.914690236,      -7.819356651
          0,           0,        3947,      -6.795861997,      -4.354523539,      -5.148022077,      -4.365333413,      -7.822388715
          0,           0,        3948,       -6.91070198,      -4.768734534,      -5.212823836,      -4.721176668,      -7.825304406
          0,           0,        3949,       -6.93202051,      -4.714729959,      -5.209803905,      -4.732430252,      -7.828077905
          0,           0,        3950,      -6.935346765,      -4.784984436,      -5.214928047,      -4.809230841,      -7.830683479
          0,           0,        3951,      -6.938346544,        -4.8589045,      -5.217390762,       -4.86431442,      -7.833102315
          0,           0,        3952,      -6.952623108,      -4.885281941,      -5.217473621,      -4.877453154,      -7.835315663
          0,           0,        3953,      -6.961872763,      -4.909695473,      -5.209246846,      -4.885672851,      -7.837308022
          0,           0,        3954,      -6.900525108,      -4.894123736,      -5.214717439,      -4.818477614,      -7.839068218
          0,           0,        3955,        -6.9698066,      -4.916015147,      -5.214425605,      -4.879633412,      -7.840608309
          0,           0,        3956,      -6.969717263,       -4.99284732,      -5.215142958,      -4.886100099,      -7.842051506
          0,           0,        3957,      -6.973358946,      -4.958929886,      -5.213117563,      -4.877096263,       -7.84329346
          0,           0,        3958,      -6.975510255,      -4.992799958,      -5.214126044,      -4.881657772,      -7.844327713
          0,           0,        3959,      -6.987226513,      -4.990387474,      -5.213505708,      -4.884441277,      -7.845191494
          0,           0,        3960,      -6.996258695,       -4.98763381,      -5.212689409,      -4.885676917,      -7.845956039
          0,           0,        3961,      -7.001068045,      -4.984918892,      -5.211796548,      -4.883479101,       -7.84676731
          0,           0,        3962,      -7.004344013,      -4.980908449,      -5.210730548,      -4.880913448,      -7.847871731
          0,           0,        3963,      -7.008756784,      -4.978436606,      -5.209759077,      -4.879741545,      -7.849641966
          0,           0,        3964,      -7.012726681,      -4.974492828,      -5.208435206,      -4.878932183,      -7.851982833
          0,           0,        3965,      -7.013947907,      -4.971617561,       -5.20736068,      -4.876652046,      -7.853799057
          0,           0,        3966,      -7.018584678,       -4.96281814,      -5.199305273,      -4.871984937,      -7.855508456
          0,           0,        3967,      -6.255353263,      -4.962408617,      -5.012987875,       -4.21757039,      -7.855506335
          0,           0,        3968,      -6.564434689,      -4.960756739,      -5.130211464,      -4.494712684,      -7.853487677
          0,           0,        3969,      -6.579830801,      -4.957362001,      -5.174531454,      -4.504215025,      -7.849650627
          0,           0,        3970,      -6.642847173,      -4.953725391,      -5.190577576,      -4.564894848,      -7.843152576
          0,           0,        3971,      -6.752674319,      -4.950489844,       -5.19408187,      -4.667644921,      -7.831540409
          0,           0,        3972,      -6.849413068,      -4.947409288,      -5.194757063,      -4.747018772,       -7.82531824
          0,           0,        3973,      -6.905112824,      -4.943750603,      -5.193783214,      -4.789460195,       -7.82374679
          0,           0,        3974,       -6.93281919,       -4.94014219,       -5.19226962,      -4.808506865,      -7.822393327
          0,           0,        3975,      -6.950628214,      -4.936886889,      -5.190391501,      -4.817996113,      -7.821003043
          0,           0,        3976,      -6.964099535,      -4.933984891,      -5.188326715,      -4.824817208,      -7.819561224
          0,           0,        3977,      -6.974488782,      -4.930252422,      -5.186212426,      -4.828887217,      -7.818119538
          0,           0,        3978,      -6.979451844,      -4.926603822,      -5.183909698,       -4.82838218,      -7.816659541
          0,           0,        3979,      -6.983635702,      -4.923316828,      -5.181798999,      -4.827636938,      -7.814693082
          0,           0,        3980,      -6.984285089,      -4.920226462,      -5.179552875,      -4.824522473,      -7.811706717
          0,           0,        3981,      -6.984039748,      -4.910069509,      -5.171699082,       -4.81951011,      -7.807714712
          0,           0,        3982,      -6.925565826,      -4.840361533,      -5.120008327,       -4.76462776,      -7.803297982
          0,           0,        3983,      -6.607802527,      -4.900993638,      -5.148123152,      -4.536696942,      -7.798396014
          0,           0,        3984,      -6.890119924,      -4.904444974,      -5.164065218,       -4.74931957,      -7.793470431
          0,           0,        3985,      -6.840997412,      -4.901699926,      -5.167255696,      -4.714166148,      -7.788700049
          0,           0,        3986,      -6.890101536,      -4.899162748,      -5.166419949,      -4.746294606,      -7.784181939
          0,           0,        3987,      -6.946463008,      -4.895659441,      -5.164483682,      -4.778883052,      -7.779978489
          0,           0,        3988,      -6.970305846,      -4.892038494,      -5.162358958,      -4.789525432,      -7.776127448
          0,           0,        3989,      -6.977008071,      -4.888677322,      -5.160308725,      -4.790121412,      -7.772657347
          0,           0,        3990,      -6.979699651,      -4.885941785,      -5.158404084,      -4.788489609,      -7.769567159
          0,           0,        3991,      -6.982210312,      -4.882253331,      -5.156304895,      -4.786846679,      -7.766629834
          0,           0,        3992,      -6.982767316,      -4.878796141,      -5.154026573,      -4.784091435,      -7.763745677
          0,           0,        3993,      -6.982886715,      -4.875594699,      -5.152071331,      -4.781306856,      -7.761034023
          0,           0,        3994,      -6.984759303,      -4.872580955,      -5.149717419,      -4.779650441,      -7.758625549
          0,           0,        3995,      -6.982020774,      -4.869148074,       -5.14796145,       -4.77562959,      -7.756674931
          0,           0,        3996,      -6.985757195,      -4.866444975,      -5.145988612,      -4.774896785,      -7.755282964
          0,           0,        3997,      -6.987480129,      -4.863101455,      -5.143935426,      -4.773185159,       -7.75367968
          0,           0,        3998,      -6.987817962,      -4.859753123,      -5.141769856,      -4.770929317,      -7.751253758
          0,           0,        3999,      -6.987785711,        -4.8566262,      -5.139700244,      -4.768623727,      -7.748371143
          0,           0,        4000,      -6.987863323,      -4.854243354,        -5.1378388,      -4.766415674,      -7.745339046
          0,           0,        4001,      -6.987710489,      -4.850863712,      -5.135531743,      -4.764037953,      -7.742232309
          0,           0,        4002,      -6.982448215,      -4.847808096,      -5.133508881,       -4.75951437,       -7.73914553
          0,           0,        4003,      -6.983459458,      -4.844892708,      -5.131528452,      -4.758016668,      -7.736103575
          0,           0,        4004,      -6.980691381,      -4.842342553,        -5.1294639,      -4.754829436,      -7.733115332
          0,           0,        4005,      -6.976842142,      -4.839028015,      -5.127231005,      -4.751182608,       -7.73016749
          0,           0,        4006,      -6.970654451,      -4.836513462,      -5.125123144,      -4.746412878,      -7.727226099
          0,           0,        4007,      -6.967084362,      -4.833363826,      -5.122892667,      -4.742828126,      -7.724243643
          0,           0,        4008,      -6.960854812,      -4.830352555,      -5.120536022,      -4.738037618,      -7.721220697
          0,           0,        4009,      -6.954732456,      -4.827333884,      -5.118118317,      -4.733330955,      -7.718158448
          0,           0,        4010,      -6.948411584,      -4.825244682,      -5.116100348,      -4.728425504,       -7.71510245
          0,           0,        4011,      -6.943609151,      -4.822218972,      -5.113783754,      -4.724243793,      -7.711995127
          0,           0,        4012,      -6.937083281,      -4.819371624,       -5.11130051,       -4.71921841,      -7.708873822
          0,           0,        4013,      -6.931513178,      -4.816754173,      -5.109175029,      -4.714643904,      -7.705760415
          0,           0,        4014,      -6.927710402,      -4.814522435,      -5.107061872,      -4.711000961,       -7.70266792
          0,           0,        4015,      -6.923808105,      -4.811468902,      -5.104399287,      -4.707189863,      -7.699617381
          0,           0,        4016,      -6.914028294,      -4.809336102,      -5.102450952,      -4.700616564,      -7.696675755
          0,           0,        4017,      -6.916634661,      -4.806744967,      -5.100539817,      -4.700358061,      -7.693950595
          0,           0,        4018,      -6.914305892,      -4.804115718,      -5.098367662,      -4.697594632,      -7.691573161
          0,           0,        4019,      -6.911426905,      -4.633243328,      -5.034163276,      -4.692467345,      -7.689539583
          0,           0,        4020,      -6.858699483,      -4.489864275,      -5.059260297,      -4.646865048,      -7.687066279
          0,           0,        4021,       -6.86831078,      -4.779862858,      -5.090688698,      -4.671713618,      -7.684212269
          0,           0,        4022,      -6.849270781,       -4.79265107,       -5.09021941,      -4.659693115,      -7.681217681
          0,           0,        4023,      -6.857726456,      -4.792579675,      -5.089113532,      -4.663415705,      -7.678182675
          0,           0,        4024,      -6.891269414,      -4.790954857,      -5.087178764,      -4.677699439,      -7.675151466
          0,           0,        4025,      -6.892418321,      -4.787515694,      -5.084777979,      -4.678104163,      -7.672138433
          0,           0,        4026,      -6.891834355,      -4.787625883,       -5.08434092,      -4.677069452,      -7.669148757
          0,           0,        4027,      -6.895015839,      -4.785579951,       -5.08281368,      -4.677616991,      -7.666204055
          0,           0,        4028,      -6.894583201,      -4.783367377,      -5.081172837,      -4.676662019,      -7.663306598
          0,           0,        4029,      -6.890100405,      -4.782018528,      -5.079744652,      -4.673717523,      -7.660460632
          0,           0,        4030,      -6.889107845,      -4.781027336,      -5.078636724,      -4.672539268,      -7.657671137
          0,           0,        4031,      -6.887427371,      -4.779218867,      -5.077212572,      -4.671041451,      -7.654940656
          0,           0,        4032,       -6.88412022,      -4.777951654,      -5.075938022,       -4.66878586,      -7.652243943
          0,           0,        4033,      -6.882575041,      -4.775791798,      -5.074511477,        -4.6673752,       -7.64956942
          0,           0,        4034,      -6.878177823,      -4.774976317,      -5.073328274,      -4.664666093,      -7.646927468
          0,           0,        4035,      -6.876997362,      -4.773857955,      -5.072256972,      -4.663444948,      -7.644295634
          0,           0,        4036,      -6.875189176,      -4.772993788,      -5.071272362,      -4.661984656,      -7.641685494
          0,           0,        4037,      -6.873561147,      -4.771780539,      -5.070166405,      -4.660651721,      -7.639097981
          0,           0,        4038,      -6.871138046,        -4.7696646,      -5.068902863,      -4.658926856,      -7.636524219
          0,           0,        4039,      -6.867869587,      -4.769646198,       -5.06806742,      -4.656869374,      -7.633964849
          0,           0,        4040,      -6.867884266,      -4.769271707,      -5.067406331,      -4.656428897,      -7.631424988
          0,           0,        4041,      -6.867557121,      -4.768299034,      -5.066327047,       -4.65584224,      -7.628911025
          0,           0,        4042,      -6.864777049,       -4.76622063,      -5.064974246,      -4.654182881,      -7.626430423
          0,           0,        4043,      -6.857663276,      -4.766170516,      -5.064148746,      -4.650789579,       -7.62399481
          0,           0,        4044,      -6.861948638,      -4.766064128,      -5.063695506,      -4.652417037,      -7.621612648
          0,           0,        4045,      -6.860229698,      -4.766054013,      -5.063395095,      -4.651525538,      -7.619220907
          0,           0,        4046,      -6.863646173,      -4.765832871,      -5.062905652,       -4.65323378,      -7.616783744
          0,           0,        4047,      -6.862629457,      -4.765650316,      -5.062301361,      -4.652922443,      -7.614336985
          0,           0,        4048,      -6.860873808,       -4.76543234,      -5.061807421,      -4.652226819,      -7.611865245
          0,           0,        4049,      -6.861891619,      -4.765469158,      -5.061312953,      -4.652989398,      -7.609332588
          0,           0,        4050,      -6.860516905,      -4.765394305,      -5.060859347,      -4.652688373,      -7.606513542
          0,           0,        4051,      -6.859563666,       -4.76547415,      -5.060366769,      -4.652618929,      -7.602528908
          0,           0,        4052,      -6.857546573,      -4.765277684,      -5.059946679,      -4.652179534,       -7.59200584
          0,           0,        4053,      -6.853631707,      -4.763897813,      -5.059479992,      -4.650929119,      -7.544679484
          0,           0,        4054,      -6.849242686,      -4.750505272,      -5.058334802,      -4.649057319,      -7.344480792
          0,           0,        4055,      -6.368504915,      -4.278627392,      -5.006167905,      -3.979319512,       -6.97862908
          0,           0,        4056,      -5.948680503,       -3.87427955,       -4.46999855,      -3.374303889,      -6.552081331
          0,           0,        4057,      -5.382725272,       -4.23781392,      -4.096063394,      -2.969233785,      -6.118367465
          0,           0,        4058,      -4.992675231,      -4.142647389,      -3.897853484,      -2.823443386,       -5.69952613
          0,           0,        4059,      -4.748561477,      -4.012137891,       -3.70544646,        -2.6610152,      -5.275003287
          0,           0,        4060,      -4.585223899,      -3.933604873,      -3.570861985,      -2.586879634,      -4.862581994
          0,           0,        4061,      -4.446781713,      -3.464824622,      -3.313183948,      -2.445266043,      -4.427915879
          0,           0,        4062,      -4.223830139,      -3.381786343,      -3.236904254,      -2.105138812,      -4.018860764
          0,           0,        4063,      -4.206823491,      -2.934327858,       -2.90095531,      -1.841136336,       -3.56680479
          0,           0,        4064,      -4.286114436,      -2.931307739,      -2.899170164,      -1.812392234,      -3.168931908
          0,           0,        4065,       -4.33510053,      -2.371015015,      -2.455887107,      -1.201204487,      -2.681837128
          0,           0,        4066,      -4.323443829,      -2.319754822,       -2.42274674,      -1.129922271,      -2.303876122
          0,           0,        4067,      -4.313602084,      -1.721584793,      -1.853641062,     -0.5233753805,      -1.738360491
          0,           0,        4068,      -4.248804114,      -1.575549519,      -1.700351442,     -0.3537876153,      -1.417996785
          0,           0,        4069,      -4.257279974,      -1.166999166,      -1.306199567,     0.05604804391,     -0.8352839336
          0,           0,        4070,       -4.18773161,      -1.042064913,      -1.163258046,      0.2064713279,     -0.5578372952
          0,           0,        4071,      -4.206336549,     -0.6764334757,     -0.8081791197,      0.5767019238,     0.03521912678
          0,           0,        4072,      -4.146497689,     -0.6969521449,     -0.8523497529,      0.4961727568,      0.3092966634
          0,           0,        4073,      -4.160708822,     -0.1985849709,     -0.3220897404,       1.080226533,      0.9037052318
          0,           0,        4074,      -4.116665429,     -0.3937023072,     -0.5619876323,      0.8057455002,       1.178513589
          0,           0,        4075,      -4.112442043,      0.2517023146,      0.1299214442,       1.543381712,       1.772849621
          0,           0,        4076,       -4.04492011,      0.0240582219,      -0.137751369,       1.231047789,       2.047968305
          0,           0,        4077,      -4.038469628,      0.6702980162,       0.541189368,       1.958465879,       2.642241053
          0,           0,        4078,      -3.966565115,      0.4349884636,      0.2743410939,       1.649424837,       2.917423271
          0,           0,        4079,      -3.945811404,       1.071113689,      0.9282827481,       2.342914075,       3.511683017
          0,           0,        4080,      -3.850742168,      0.8344410833,      0.6655679772,       2.037046424,       3.786878738
          0,           0,        4081,      -3.724826919,       1.461741502,       1.300571561,       2.707849905,       4.381136641
          0,           0,        4082,      -3.662627017,       1.218813565,       1.036809638,       2.394414641,       4.656337509
          0,           0,        4083,      -3.634587454,       1.847650266,       1.666225942,       3.060118741,       5.250594933
          0,           0,        4084,      -3.589152756,       1.754580369,       1.679013943,       3.163860114,       5.525798536
          0,           0,        4085,      -3.560544608,        2.21062473,       1.999476638,       3.365118792,       6.120055743
          0,           0,        4086,      -3.506442448,       1.956399357,       1.753336957,       3.095674112,       6.395261037
          0,           0,        4087,      -3.468283457,       2.497870706,       2.222160303,       3.507955264,       6.989518233
          0,           0,        4088,       -3.41064409,        2.25207544,        1.99527085,       3.263151899,        7.26472428
