"Time_Iter","Outer_Iter","Inner_Iter",    "rms[Rho]"    ,    "rms[RhoU]"   ,    "rms[RhoV]"   ,    "rms[RhoW]"   ,    "rms[RhoE]"   
          0,           0,           0,      -5.284698573,      -5.300112177,      -6.421032795,      -6.123929676,      -4.713187049
          0,           0,           1,      -5.137902404,      -4.938164609,      -5.292105736,       -5.07931376,      -4.558237311
          0,           0,           2,      -4.959202504,      -4.784763533,      -5.180372768,      -5.030907127,      -4.376455345
          0,           0,           3,      -4.829616875,      -4.691664786,      -5.109303746,      -4.919754594,      -4.257219136
          0,           0,           4,      -4.759096451,      -4.674025962,      -5.022104802,      -4.836600509,      -4.186491887
          0,           0,           5,      -4.758152136,      -4.747927269,       -4.97977894,      -4.808714317,      -4.192530717
          0,           0,           6,      -4.724971295,       -4.85318815,      -5.026391693,      -4.861814518,      -4.169282042
          0,           0,           7,      -4.725531425,      -4.855883021,       -5.03385627,        -4.8850583,       -4.15692602
          0,           0,           8,      -4.746155141,      -4.809000053,      -5.025048831,      -4.863294236,      -4.155690555
          0,           0,           9,      -4.790579412,      -4.878327543,      -5.042408177,      -4.872907431,       -4.21730197
          0,           0,          10,      -4.820245011,      -4.951953799,      -5.107586118,      -4.937682662,      -4.259557398
          0,           0,          11,      -4.873585723,      -5.027247163,      -5.170575123,      -5.007511293,      -4.301753812
          0,           0,          12,      -4.926661281,      -5.111746796,      -5.221352095,      -5.065628577,      -4.366497469
          0,           0,          13,      -4.974521642,      -5.154732293,      -5.278379961,      -5.124813764,      -4.412998669
          0,           0,          14,      -5.040465884,      -5.172791448,      -5.321879002,      -5.178083475,      -4.459698643
          0,           0,          15,      -5.090341557,      -5.193789998,      -5.359796911,      -5.233670863,      -4.516576535
          0,           0,          16,      -5.134917252,      -5.225172821,      -5.417471691,       -5.30362455,      -4.562044023
          0,           0,          17,      -5.200383524,      -5.280145807,       -5.49040715,      -5.369165707,      -4.618754897
          0,           0,          18,      -5.278768347,      -5.364843002,      -5.581811713,      -5.432090051,      -4.692977086
          0,           0,          19,      -5.346948102,      -5.451166214,      -5.659171994,       -5.48506068,      -4.777215653
          0,           0,          20,      -5.416013537,      -5.551226746,       -5.73760236,      -5.553972656,      -4.851757609
          0,           0,          21,      -5.503893545,      -5.651519736,      -5.800837307,      -5.637110457,      -4.929333697
          0,           0,          22,      -5.597768042,      -5.748482593,      -5.855084107,      -5.732421911,      -5.012716139
          0,           0,          23,      -5.670220726,      -5.823516524,      -5.899662369,       -5.81260205,      -5.096885792
          0,           0,          24,      -5.736926032,      -5.895543945,      -5.964809645,      -5.900785833,      -5.168060812
          0,           0,          25,      -5.817564357,      -5.962030909,      -6.050184489,      -5.985077236,      -5.241203408
          0,           0,          26,      -5.908180384,      -6.036865607,      -6.156352611,      -6.063422874,      -5.324105187
          0,           0,          27,      -5.984658104,      -6.107650832,      -6.249247505,      -6.124168524,      -5.410837538
          0,           0,          28,      -6.062655785,      -6.186725239,      -6.351662192,      -6.199402535,      -5.493200822
          0,           0,          29,      -6.156125992,      -6.269353298,      -6.448514657,       -6.28870599,      -5.579546318
          0,           0,          30,      -6.258978389,      -6.356093189,      -6.531865357,      -6.392080632,      -5.673908186
          0,           0,          31,      -6.343669692,      -6.428853936,      -6.587004827,      -6.482113117,      -5.768472153
          0,           0,          32,      -6.426346865,      -6.509539557,      -6.651463281,      -6.583713219,      -5.855674969
          0,           0,          33,      -6.518286612,      -6.590893738,      -6.728490941,       -6.68146166,      -5.941619766
          0,           0,          34,      -6.616517944,        -6.6782117,      -6.822965128,      -6.768377269,       -6.03248708
          0,           0,          35,      -6.697893152,      -6.755998563,      -6.910086889,      -6.831224964,      -6.122375765
          0,           0,          36,      -6.779826607,      -6.844374249,      -7.016582837,      -6.901452638,       -6.20753181
          0,           0,          37,      -6.871693855,      -6.937175539,      -7.132287355,       -6.97903743,      -6.293678718
          0,           0,          38,      -6.971031227,      -7.034414359,      -7.244776279,      -7.065192206,       -6.38581249
          0,           0,          39,       -7.07277716,      -7.134141672,      -7.341559575,       -7.15968377,      -6.482576977
          0,           0,          40,      -7.161550078,      -7.221055413,      -7.410094025,      -7.250577111,      -6.579451243
          0,           0,          41,      -7.249844948,      -7.305852991,      -7.478990678,      -7.350082236,      -6.670382028
          0,           0,          42,      -7.343658339,      -7.386230586,      -7.553244233,      -7.449091687,      -6.760306898
          0,           0,          43,      -7.424191653,      -7.456503513,       -7.61810814,      -7.526599384,      -6.850263239
          0,           0,          44,      -7.505270537,      -7.536560983,      -7.700235277,      -7.606862646,      -6.934501668
          0,           0,          45,      -7.593820587,      -7.620212576,      -7.795432989,      -7.684313244,      -7.017371422
          0,           0,          46,       -7.68552135,      -7.708594673,      -7.898559664,      -7.759819671,      -7.102423474
          0,           0,          47,      -7.759623117,      -7.787066884,        -7.9833557,      -7.822226989,      -7.185829241
          0,           0,          48,      -7.828575294,      -7.871909096,      -8.075819162,      -7.895534096,      -7.258144807
          0,           0,          49,      -7.905166346,      -7.959752211,      -8.171921701,      -7.978011162,      -7.328940969
          0,           0,          50,      -7.979849245,      -8.043884072,      -8.268034341,      -8.064622597,      -7.396853899
          0,           0,          51,       -8.05063431,      -8.125809057,      -8.362492817,      -8.151073855,      -7.465003647
          0,           0,          52,      -8.121122768,      -8.206614449,      -8.453658936,      -8.234226426,      -7.534808537
          0,           0,          53,      -8.185803073,      -8.278509718,      -8.520780437,      -8.301020868,      -7.610084906
          0,           0,          54,      -8.255051494,      -8.356385291,      -8.593024027,      -8.369490452,      -7.681542923
          0,           0,          55,      -8.335548905,      -8.435886519,      -8.666367229,      -8.438652161,      -7.755896357
          0,           0,          56,      -8.423975618,      -8.519642516,      -8.738020256,      -8.510999143,      -7.837733099
          0,           0,          57,      -8.500983774,      -8.596018402,      -8.785321609,      -8.576317858,      -7.923748455
          0,           0,          58,      -8.575188896,      -8.678462273,      -8.842226445,      -8.653377472,      -8.002110979
          0,           0,          59,      -8.655394973,      -8.755833329,      -8.906163254,      -8.739982116,      -8.077700664
          0,           0,          60,      -8.734720798,      -8.826035091,      -8.975658178,      -8.831813847,      -8.151384807
          0,           0,          61,      -8.792428735,      -8.886146142,      -9.035784729,      -8.913209953,      -8.222394326
          0,           0,          62,      -8.848644704,      -8.948359597,      -9.110787165,       -8.99792331,      -8.282556478
          0,           0,          63,      -8.911894836,      -9.005327552,      -9.195840013,      -9.077470874,      -8.339565698
          0,           0,          64,      -8.976988928,      -9.062550798,      -9.290154035,      -9.148552803,      -8.397862843
          0,           0,          65,      -9.034341858,      -9.122053741,      -9.372913556,      -9.206377352,       -8.46469079
          0,           0,          66,      -9.099553981,      -9.188256919,      -9.459299195,      -9.262612332,      -8.529503893
          0,           0,          67,      -9.173206666,      -9.254142928,      -9.540874163,      -9.317427419,      -8.595387423
          0,           0,          68,      -9.251151915,      -9.322774144,      -9.613567356,      -9.372797631,      -8.666083585
          0,           0,          69,      -9.322764881,      -9.391076849,      -9.658403222,      -9.428091494,      -8.745459291
          0,           0,          70,      -9.397445562,      -9.464498897,      -9.707933288,      -9.488402648,       -8.82046767
          0,           0,          71,        -9.4785693,      -9.536040678,      -9.760193359,      -9.552835778,      -8.895350267
          0,           0,          72,      -9.559643395,      -9.605609181,      -9.814321006,      -9.619586348,       -8.97079063
          0,           0,          73,       -9.62483583,      -9.672294735,      -9.860324365,      -9.689408318,      -9.048580123
          0,           0,          74,      -9.687966203,      -9.741048181,      -9.923175587,      -9.763861296,      -9.114992209
          0,           0,          75,      -9.755982147,      -9.806293633,      -9.996426351,      -9.839131705,      -9.178013045
          0,           0,          76,      -9.811257699,      -9.869306196,      -10.06368284,      -9.911499096,      -9.243781589
          0,           0,          77,      -9.868455109,      -9.934054313,      -10.14337626,      -9.983718989,      -9.299985446
          0,           0,          78,       -9.92848934,      -9.994600274,      -10.22617114,      -10.04982426,      -9.352010585
          0,           0,          79,      -9.977376767,      -10.05397734,      -10.29345549,      -10.10943279,      -9.410684245
          0,           0,          80,      -10.02963876,      -10.11300548,      -10.35993727,      -10.16005373,      -9.459418372
          0,           0,          81,      -10.08518634,      -10.16669152,      -10.40723343,      -10.19517685,       -9.50536875
          0,           0,          82,      -10.13220258,      -10.22027966,      -10.43091465,       -10.2279747,       -9.56215353
          0,           0,          83,      -10.18219556,      -10.27196996,      -10.45493477,      -10.25189929,      -9.609356565
          0,           0,          84,      -10.23914839,      -10.31724178,      -10.46314248,      -10.26291286,      -9.656343983
          0,           0,          85,      -10.28878713,      -10.36575624,      -10.47023525,      -10.28522394,      -9.715777436
          0,           0,          86,       -10.3407969,      -10.40875637,      -10.47776005,      -10.29747231,      -9.764814691
          0,           0,          87,      -10.40131911,      -10.44628261,      -10.47803297,      -10.29762866,      -9.816952839
          0,           0,          88,      -10.46079651,      -10.48538608,      -10.48353035,      -10.30284184,      -9.873614548
          0,           0,          89,      -10.51218187,      -10.53214282,      -10.50453247,      -10.32795708,       -9.93658792
          0,           0,          90,      -10.56863672,      -10.57682629,      -10.53409844,      -10.35841962,      -9.991674242
          0,           0,          91,      -10.62686162,      -10.61675025,      -10.56886309,      -10.39031539,      -10.04333216
          0,           0,          92,      -10.67321223,      -10.66464064,      -10.61060694,      -10.43032609,      -10.10026571
          0,           0,          93,      -10.72260885,      -10.71439155,      -10.66371328,      -10.47840765,      -10.14720058
          0,           0,          94,      -10.76777416,      -10.75904496,       -10.7251387,       -10.5310931,      -10.18489751
          0,           0,          95,      -10.80317156,      -10.81098677,      -10.78462827,      -10.58466624,      -10.23388805
          0,           0,          96,      -10.83988672,      -10.86314652,      -10.85723869,      -10.64806563,      -10.26602121
          0,           0,          97,      -10.87646272,       -10.9087021,      -10.93872252,      -10.71707984,      -10.29284651
          0,           0,          98,      -10.90780358,      -10.95819727,      -11.00660848,      -10.77916945,      -10.33688687
          0,           0,          99,      -10.94429117,      -11.01067858,      -11.08700436,      -10.84964176,      -10.37044922
          0,           0,         100,      -10.98934882,      -11.05804344,      -11.16242112,      -10.91801523,      -10.40471192
          0,           0,         101,      -11.03181774,      -11.10943461,      -11.20934365,      -10.97493889,      -10.45855515
          0,           0,         102,      -11.07879324,      -11.15913516,      -11.24154914,      -11.02086873,      -10.50238398
          0,           0,         103,      -11.13753188,      -11.20512982,      -11.24381951,      -11.04017159,      -10.55150568
          0,           0,         104,      -11.19918365,      -11.25074563,       -11.2351602,      -11.04627921,      -10.60943427
          0,           0,         105,       -11.2611567,      -11.29411898,      -11.23160448,      -11.05118694,      -10.67044022
          0,           0,         106,      -11.32350291,      -11.33608816,      -11.23881812,      -11.06152625,       -10.7325146
          0,           0,         107,      -11.38486561,      -11.37835516,      -11.25778037,      -11.07971907,       -10.7939098
          0,           0,         108,       -11.4357522,      -11.42212183,       -11.2889338,      -11.11079924,      -10.85647756
          0,           0,         109,      -11.49195003,       -11.4702455,       -11.3293747,      -11.14965205,      -10.91195533
          0,           0,         110,      -11.54467408,      -11.51622583,      -11.37457931,      -11.19077115,      -10.95896045
          0,           0,         111,      -11.58107455,      -11.56190377,       -11.4211559,      -11.23441155,      -11.00661995
          0,           0,         112,      -11.61998601,      -11.61284043,      -11.47849636,      -11.28786592,      -11.04338099
          0,           0,         113,      -11.65669319,      -11.66014057,      -11.54119845,      -11.34754465,      -11.07282796
          0,           0,         114,      -11.68414775,      -11.70399665,      -11.58960122,      -11.40494882,      -11.11182782
          0,           0,         115,      -11.71085695,      -11.73737208,      -11.63012385,      -11.47435329,      -11.13555757
          0,           0,         116,      -11.73053015,      -11.74033824,       -11.6303923,      -11.55090097,      -11.14835535
          0,           0,         117,      -11.76370202,      -11.77690908,      -11.60708518,      -11.61952418,      -11.19206534
          0,           0,         118,      -11.78938051,      -11.81042197,      -11.62480381,      -11.70164629,      -11.21595801
          0,           0,         119,      -11.80667843,      -11.82206742,      -11.65121168,        -11.784873,      -11.22805835
          0,           0,         120,      -11.82071442,      -11.82685124,      -11.66637722,      -11.84770743,      -11.24021541
          0,           0,         121,      -11.84229764,      -11.84754878,      -11.65254284,      -11.88790442,      -11.27082692
          0,           0,         122,      -11.85978755,      -11.85575462,      -11.66473795,      -11.89904351,      -11.28756117
          0,           0,         123,      -11.87418438,      -11.85765781,      -11.67246864,      -11.91035064,      -11.29947032
          0,           0,         124,      -11.89562636,       -11.8777741,      -11.65686775,      -11.92797354,      -11.32542931
          0,           0,         125,      -11.91144092,      -11.88905384,      -11.66985182,      -11.94212923,      -11.34000029
          0,           0,         126,      -11.90999261,      -11.87984845,      -11.67772627,      -11.94519753,      -11.33692203
          0,           0,         127,      -11.92284143,      -11.89473939,      -11.66365032,      -11.96839479,      -11.35350044
          0,           0,         128,      -11.93606702,      -11.90698627,      -11.67819864,      -11.99897027,      -11.36535643
          0,           0,         129,      -11.93196027,      -11.89961528,      -11.68878104,      -12.03214262,      -11.35997549
          0,           0,         130,       -11.9229602,      -11.88909594,      -11.69445127,      -12.06574321,      -11.35097488
          0,           0,         131,      -11.93686429,      -11.90768013,      -11.67559013,      -12.11019276,      -11.36827516
          0,           0,         132,      -11.94924599,      -11.92026089,      -11.69076707,      -12.17027403,      -11.37915785
          0,           0,         133,      -11.94282648,      -11.91100941,      -11.70119211,      -12.23440484,      -11.37154408
          0,           0,         134,      -11.93287638,      -11.89946796,      -11.70569447,      -12.29202793,      -11.36157126
          0,           0,         135,       -11.9380361,      -11.90450296,      -11.68332748,      -12.27797868,      -11.36939074
          0,           0,         136,      -11.94879726,      -11.91601378,      -11.69733466,      -12.39333734,      -11.37905428
          0,           0,         137,      -11.94553039,      -11.91168529,      -11.70607455,      -12.47820396,      -11.37457821
          0,           0,         138,      -11.93721909,       -11.9023833,      -11.70894939,      -12.50587988,      -11.36618617
          0,           0,         139,      -11.94567958,      -11.91203144,      -11.68585585,      -12.45001056,       -11.3771372
          0,           0,         140,      -11.93286366,      -11.88997101,       -11.6971046,      -12.27184615,      -11.36287779
          0,           0,         141,      -11.93032986,      -11.88895116,      -11.70624041,      -12.44828804,      -11.35984717
          0,           0,         142,      -11.94774048,      -11.91163249,       -11.6870238,       -12.5276588,      -11.37897982
          0,           0,         143,      -11.95515624,      -11.91927056,      -11.69975433,      -12.53994699,      -11.38505932
          0,           0,         144,      -11.94638968,      -11.90897192,      -11.70733065,      -12.60351522,      -11.37525359
          0,           0,         145,      -11.95687606,      -11.92272427,      -11.68763927,      -12.58954956,      -11.38801748
          0,           0,         146,       -11.9623898,      -11.92792145,      -11.70008813,      -12.61192422,      -11.39229367
          0,           0,         147,      -11.94996612,      -11.91268304,      -11.70737554,      -12.55358547,      -11.37907575
          0,           0,         148,      -11.94867382,      -11.91085015,       -11.6872362,      -12.41386713,      -11.37977023
          0,           0,         149,      -11.95520997,      -11.91851422,      -11.70008076,      -12.57591404,      -11.38524803
          0,           0,         150,       -11.9498318,      -11.91318484,      -11.70769667,       -12.6389451,      -11.37894803
          0,           0,         151,      -11.93997824,      -11.90316822,      -11.70971479,      -12.57815193,      -11.36914764
          0,           0,         152,      -11.94755179,      -11.91201779,      -11.68615576,      -12.47109616,      -11.37903311
          0,           0,         153,      -11.93153691,      -11.88661888,      -11.69703866,      -12.26591687,      -11.36150906
          0,           0,         154,      -11.93012415,      -11.88754531,      -11.70624178,      -12.44132892,      -11.35976135
          0,           0,         155,      -11.94819849,      -11.91121164,      -11.68696958,      -12.52128735,      -11.37947602
          0,           0,         156,      -11.95537127,      -11.91902096,      -11.69967176,      -12.52968043,       -11.3853065
          0,           0,         157,      -11.94708119,      -11.90882539,      -11.70734131,      -12.53002581,      -11.37598377
          0,           0,         158,      -11.94289021,      -11.90367356,      -11.68662014,      -12.36007833,      -11.37380559
          0,           0,         159,       -11.9475904,      -11.90985379,       -11.6997705,      -12.52081118,       -11.3777237
          0,           0,         160,      -11.95397797,      -11.91693608,      -11.70070684,      -12.59615655,      -11.38319632
          0,           0,         161,      -11.94739903,      -11.90949024,      -11.70699909,      -12.58014479,      -11.37622609
          0,           0,         162,       -11.9297517,      -11.88871905,      -11.70898315,      -12.42256829,      -11.35878451
          0,           0,         163,      -11.94526157,      -11.91030958,      -11.68619457,      -12.54919388,      -11.37690518
          0,           0,         164,      -11.95910806,      -11.92515163,      -11.69928735,      -12.64932525,      -11.38916479
          0,           0,         165,      -11.95042099,      -11.91434979,      -11.70726372,      -12.62381343,      -11.37961324
          0,           0,         166,      -11.93458581,      -11.89592939,      -11.70936541,      -12.48117747,      -11.36387971
          0,           0,         167,      -11.92463391,       -11.8809194,      -11.68412576,      -12.24691155,      -11.35586288
          0,           0,         168,      -11.93797795,      -11.89777442,      -11.69832526,      -12.43018179,       -11.3686655
          0,           0,         169,      -11.95512824,      -11.91808496,      -11.68766027,      -12.51665691,      -11.38622866
          0,           0,         170,      -11.95775048,       -11.9204618,      -11.70068375,      -12.52986421,      -11.38742466
          0,           0,         171,       -11.9323909,      -11.88871761,      -11.70685732,      -12.35538612,      -11.36123848
          0,           0,         172,      -11.94380974,      -11.90585568,      -11.68765919,      -12.50816912,       -11.3750718
          0,           0,         173,      -11.95770411,      -11.92161246,      -11.70024068,      -12.61680226,       -11.3874715
          0,           0,         174,      -11.94880855,      -11.91112326,      -11.70761044,      -12.59135978,      -11.37784374
          0,           0,         175,      -11.93437976,      -11.89328526,      -11.70593822,       -12.4274883,      -11.36344346
          0,           0,         176,      -11.94827422,      -11.91266051,      -11.68669119,      -12.56233604,      -11.37970776
          0,           0,         177,      -11.96021728,      -11.92556529,      -11.69983912,      -12.65813988,      -11.39004246
          0,           0,         178,      -11.95071118,      -11.91409799,      -11.70746529,       -12.6162068,      -11.37977736
          0,           0,         179,      -11.93424344,      -11.89504989,      -11.70934582,      -12.46685297,      -11.36344633
          0,           0,         180,      -11.94881543,      -11.91487443,      -11.68626207,      -12.55798003,      -11.38048763
          0,           0,         181,      -11.96044642,      -11.92702066,      -11.69924947,      -12.63564954,      -11.39058186
          0,           0,         182,      -11.95140514,      -11.91578401,      -11.70717612,      -12.61544184,      -11.38065558
          0,           0,         183,      -11.93693189,      -11.89929977,      -11.70935097,      -12.50429163,      -11.36625037
          0,           0,         184,      -11.95077651,      -11.91648481,      -11.68601569,      -12.46887238,      -11.38242298
          0,           0,         185,       -11.9428798,      -11.90247598,      -11.69768816,      -12.33428937,      -11.37293993
          0,           0,         186,      -11.93597734,      -11.89621676,      -11.70656508,      -12.48999558,      -11.36549455
          0,           0,         187,      -11.95126542,      -11.91582938,      -11.68722007,      -12.55327261,      -11.38253525
          0,           0,         188,      -11.95792261,      -11.92232422,      -11.69993778,      -12.57718568,       -11.3878097
          0,           0,         189,      -11.93925007,      -11.89818494,      -11.70704686,      -12.43154099,      -11.36822787
          0,           0,         190,       -11.9493467,      -11.91342035,      -11.68771172,      -12.56357273,      -11.38065019
          0,           0,         191,      -11.96016511,      -11.92517172,      -11.70033223,      -12.66020075,      -11.38997874
          0,           0,         192,      -11.95057541,      -11.91368154,      -11.70774437,      -12.63237696,       -11.3796611
          0,           0,         193,       -11.9335041,      -11.89387489,      -11.70952953,      -12.47225664,      -11.36275116
          0,           0,         194,      -11.94823073,      -11.91404331,      -11.68643087,      -12.57717165,      -11.37995453
          0,           0,         195,      -11.96032981,      -11.92678093,      -11.69941216,      -12.66720543,      -11.39048207
          0,           0,         196,       -11.9513646,      -11.91566122,      -11.70734433,      -12.64347792,      -11.38062263
          0,           0,         197,      -11.93682173,      -11.89905565,      -11.70949449,       -12.5206489,      -11.36614975
          0,           0,         198,      -11.93366773,      -11.89322431,      -11.68489158,      -12.31042389,      -11.36504052
          0,           0,         199,      -11.94553132,      -11.90757599,      -11.69866883,      -12.48046487,      -11.37611951
          0,           0,         200,      -11.95271451,      -11.91601916,      -11.70027241,      -12.57994284,      -11.38221417
          0,           0,         201,       -11.9465234,      -11.90916789,      -11.70690051,      -12.57725363,      -11.37547445
          0,           0,         202,      -11.94315856,      -11.90623952,      -11.70614375,      -12.56890949,      -11.37201189
          0,           0,         203,      -11.94514442,      -11.90732642,      -11.68589076,       -12.4006821,      -11.37615437
          0,           0,         204,      -11.95157145,      -11.91535345,      -11.69947556,      -12.56484524,      -11.38165681
          0,           0,         205,      -11.94860113,      -11.91202027,      -11.70741669,      -12.63443126,      -11.37760787
          0,           0,         206,      -11.93914845,      -11.90221105,      -11.70970686,      -12.58596278,      -11.36824184
          0,           0,         207,      -11.94585213,       -11.9099994,      -11.68620247,      -12.46281765,      -11.37730714
          0,           0,         208,      -11.95483088,      -11.91747376,      -11.69878242,      -12.45279344,      -11.38497005
          0,           0,         209,      -11.94185182,      -11.90413441,      -11.70715915,      -12.59765366,      -11.37108858
          0,           0,         210,      -11.95472086,      -11.92040274,      -11.68766901,      -12.61915845,       -11.3859272
          0,           0,         211,      -11.96108457,      -11.92628077,      -11.70030522,      -12.65169055,      -11.39098396
          0,           0,         212,      -11.94715477,      -11.90886769,      -11.70768952,      -12.55329307,      -11.37620867
          0,           0,         213,      -11.95571002,      -11.92126373,      -11.68795468,      -12.62636342,      -11.38698167
          0,           0,         214,      -11.96296938,      -11.92869984,      -11.70041769,      -12.68522571,      -11.39283843
          0,           0,         215,      -11.95253657,      -11.91632931,       -11.7077014,      -12.64538424,      -11.38167218
          0,           0,         216,      -11.93918815,      -11.90186737,      -11.70962591,       -12.5387455,       -11.3684662
          0,           0,         217,      -11.94043065,        -11.902186,      -11.68547152,      -12.36951646,      -11.37187073
          0,           0,         218,      -11.95151684,      -11.91513251,      -11.69897119,      -12.53795588,      -11.38197204
          0,           0,         219,      -11.94856317,      -11.91228688,      -11.70728051,      -12.62949228,      -11.37786656
          0,           0,         220,      -11.93904356,       -11.9024383,      -11.70974492,      -12.59513917,      -11.36828474
          0,           0,         221,      -11.94559013,       -11.9099734,       -11.6861372,      -12.46261026,      -11.37709669
          0,           0,         222,      -11.92436924,        -11.877842,      -11.69613202,      -12.22079133,      -11.35434528
          0,           0,         223,      -11.92456032,      -11.88080742,       -11.7055899,      -12.38856158,       -11.3542757
          0,           0,         224,      -11.94492924,      -11.90704478,      -11.68634101,      -12.46647995,      -11.37618757
          0,           0,         225,      -11.95262565,      -11.91570827,      -11.69904143,      -12.46982745,      -11.38254031
          0,           0,         226,      -11.92823424,      -11.88400926,      -11.70567847,      -12.31312609,      -11.35708739
          0,           0,         227,      -11.93997848,      -11.90198548,      -11.68687989,      -12.46028729,      -11.37132768
          0,           0,         228,      -11.96252733,       -11.9275293,      -11.68698967,      -12.54136212,      -11.39415933
          0,           0,         229,      -11.96253074,      -11.92574043,      -11.70153659,      -12.56199433,      -11.39219482
          0,           0,         230,      -11.94939113,      -11.91183664,      -11.70796482,      -12.59244109,      -11.37836747
          0,           0,         231,        -11.958017,      -11.92358816,      -11.68790202,      -12.56149748,      -11.38926363
          0,           0,         232,      -11.96310227,      -11.92804417,      -11.69997829,      -12.56868005,      -11.39305381
          0,           0,         233,      -11.95082491,      -11.91315318,      -11.70702915,      -12.52284032,      -11.37996428
          0,           0,         234,      -11.95055567,      -11.91271996,      -11.68703328,      -12.42000397,      -11.38166152
          0,           0,         235,      -11.96427091,      -11.92898943,      -11.68724347,      -12.54962583,      -11.39618416
          0,           0,         236,      -11.97358114,      -11.93909548,      -11.68928762,      -12.63209446,       -11.4050978
          0,           0,         237,      -11.97621431,       -11.9413869,      -11.69039271,      -12.64943327,      -11.40749085
          0,           0,         238,      -11.97266571,      -11.93568363,        -11.690808,      -12.55232239,      -11.40369935
          0,           0,         239,      -11.95390916,      -11.90996971,      -11.68965268,      -12.31249167,      -11.38463967
          0,           0,         240,      -11.95861128,      -11.91643676,      -11.69056274,      -12.47808054,       -11.3899044
          0,           0,         241,      -11.97023258,      -11.93065508,      -11.69079853,      -12.57586719,      -11.40107552
          0,           0,         242,      -11.97290519,      -11.93436035,      -11.69086837,      -12.57276119,      -11.40375953
          0,           0,         243,      -11.96243014,      -11.92108563,      -11.69036445,      -12.40460611,       -11.3930838
          0,           0,         244,        -11.967577,      -11.92586442,      -11.68971975,      -12.34037471,      -11.39836883
          0,           0,         245,      -11.96638264,      -11.92495387,      -11.68898524,      -12.32037577,      -11.39725163
          0,           0,         246,      -11.95245919,      -11.91014369,      -11.68935854,      -12.42362229,       -11.3835483
          0,           0,         247,      -11.96680512,      -11.92615441,      -11.68951691,      -12.46028065,      -11.39757002
          0,           0,         248,      -11.97169127,      -11.93194089,      -11.68988933,      -12.48874797,      -11.40253233
          0,           0,         249,      -11.96750951,      -11.92661852,      -11.69031657,      -12.43888108,      -11.39822295
          0,           0,         250,      -11.97116406,      -11.93036031,      -11.69046642,      -12.42044564,      -11.40200868
          0,           0,         251,      -11.94349447,      -11.89509655,      -11.68851329,      -12.22586152,      -11.37390585
          0,           0,         252,      -11.94292918,      -11.89701022,      -11.68990343,      -12.39827397,       -11.3743268
          0,           0,         253,      -11.95945158,      -11.91650588,      -11.69012347,      -12.48683875,       -11.3902051
          0,           0,         254,      -11.96914692,      -11.92811786,      -11.69023165,      -12.51596301,      -11.40004165
          0,           0,         255,      -11.96987736,      -11.92910608,      -11.69060845,      -12.49510674,       -11.4006419
          0,           0,         256,      -11.95207269,      -11.90557614,      -11.69005946,      -12.30966016,      -11.38257644
          0,           0,         257,      -11.95712314,      -11.91390657,      -11.69077525,      -12.50803374,      -11.38834241
          0,           0,         258,      -11.97062148,      -11.93067366,      -11.69105822,      -12.62434282,      -11.40136685
          0,           0,         259,      -11.97333546,       -11.9345216,      -11.69112737,      -12.60143532,      -11.40416087
          0,           0,         260,      -11.97415006,      -11.93600402,      -11.69070073,      -12.61844822,      -11.40502498
          0,           0,         261,      -11.97766961,      -11.94013133,      -11.69044474,      -12.57082213,      -11.40854488
          0,           0,         262,      -11.97871988,      -11.94148186,      -11.69013564,      -12.52821328,      -11.40971811
          0,           0,         263,      -11.97734945,      -11.93942186,      -11.69000577,      -12.49329321,      -11.40832191
          0,           0,         264,      -11.96890976,      -11.92772712,      -11.68983945,      -12.40435857,      -11.39972759
          0,           0,         265,      -11.97130014,      -11.93184622,      -11.69015887,      -12.52303255,      -11.40240613
          0,           0,         266,      -11.97638983,      -11.93848366,      -11.69047685,       -12.5819429,      -11.40728746
          0,           0,         267,      -11.97761729,      -11.94027993,      -11.69064001,      -12.58451358,      -11.40853814
          0,           0,         268,      -11.97340761,      -11.93437919,      -11.69068001,      -12.50681719,      -11.40424138
          0,           0,         269,      -11.94294981,      -11.89461513,      -11.70157327,      -12.29052498,      -11.37208637
          0,           0,         270,      -11.94911847,      -11.90553932,      -11.68969688,      -12.45709842,      -11.38028868
          0,           0,         271,       -11.9663089,      -11.92672798,      -11.68928733,      -12.56831579,      -11.39756753
          0,           0,         272,      -11.97145393,      -11.93315343,      -11.69012181,      -12.56951167,       -11.4026596
          0,           0,         273,      -11.97490954,      -11.93732873,      -11.69067525,      -12.57231364,      -11.40592176
          0,           0,         274,      -11.96324943,      -11.92169033,      -11.69021603,      -12.39468276,      -11.39391565
          0,           0,         275,      -11.96336761,      -11.92319931,       -11.6908035,      -12.55983663,      -11.39449578
          0,           0,         276,      -11.97305671,      -11.93455279,       -11.6910167,      -12.63983367,      -11.40384308
          0,           0,         277,      -11.97543845,      -11.93744426,       -11.6911466,      -12.63231892,      -11.40627841
          0,           0,         278,      -11.96877519,      -11.92847824,      -11.69101006,      -12.48319003,      -11.39951441
          0,           0,         279,      -11.97035884,      -11.93128229,      -11.69116326,      -12.63691578,      -11.40136083
          0,           0,         280,      -11.97646668,      -11.93881468,      -11.69120651,      -12.68765045,      -11.40732331
          0,           0,         281,      -11.97779372,      -11.94052115,      -11.69118256,      -12.66070781,      -11.40870279
          0,           0,         282,      -11.97350992,      -11.93440621,      -11.69114654,      -12.54443834,       -11.4043415
          0,           0,         283,      -11.97528484,      -11.93591656,      -11.69104242,      -12.50904068,      -11.40613371
          0,           0,         284,       -11.9544042,      -11.90924743,      -11.68967917,      -12.30398785,      -11.38492658
          0,           0,         285,      -11.95467416,      -11.91122279,      -11.69056498,      -12.47833195,      -11.38601112
          0,           0,         286,      -11.96850686,      -11.92795244,      -11.69081869,      -12.57437442,      -11.39935274
          0,           0,         287,      -11.97183782,      -11.93231458,      -11.69092412,      -12.56665106,      -11.40271511
          0,           0,         288,      -11.97499036,      -11.93636745,      -11.69107911,      -12.56623824,      -11.40577226
          0,           0,         289,      -11.97213204,      -11.93371926,      -11.69105949,      -12.65576955,      -11.40298852
          0,           0,         290,       -11.9769676,      -11.93942061,      -11.69098627,      -12.64723544,      -11.40784083
          0,           0,         291,      -11.97841091,      -11.94116791,      -11.69083994,      -12.62075499,      -11.40938352
          0,           0,         292,      -11.97709906,      -11.93920229,       -11.6908412,       -12.5717945,      -11.40804888
          0,           0,         293,      -11.96807884,      -11.92653767,      -11.69057186,      -12.43463575,       -11.3988834
          0,           0,         294,       -11.9704318,      -11.93071616,      -11.69085239,      -12.58526547,      -11.40154626
          0,           0,         295,      -11.97625476,      -11.93817063,      -11.69103875,      -12.65872957,      -11.40713756
          0,           0,         296,      -11.97750948,      -11.94001417,      -11.69110774,      -12.65070717,      -11.40841644
          0,           0,         297,      -11.97264806,      -11.93336416,      -11.69102632,      -12.52817593,      -11.40345502
          0,           0,         298,       -11.9500242,      -11.90344863,      -11.68938992,      -12.27980845,       -11.3805517
          0,           0,         299,      -11.95499357,      -11.91081613,      -11.69044188,      -12.45502587,      -11.38644662
          0,           0,         300,      -11.96876059,      -11.92784095,      -11.69075479,      -12.56343993,      -11.39961657
          0,           0,         301,      -11.97179646,       -11.9322861,      -11.69085834,      -12.55996518,       -11.4026595
          0,           0,         302,      -11.97494458,      -11.93641011,      -11.69098894,      -12.55675399,      -11.40576161
          0,           0,         303,      -11.96200817,      -11.91954403,      -11.69031774,      -12.38049234,      -11.39258556
          0,           0,         304,      -11.96240387,      -11.92156652,      -11.69077681,      -12.55049806,      -11.39349869
          0,           0,         305,      -11.97278224,      -11.93394489,      -11.69096492,      -12.63069466,      -11.40355571
          0,           0,         306,      -11.97495018,      -11.93666209,      -11.69108504,       -12.6183105,      -11.40578644
          0,           0,         307,      -11.96709766,       -11.9262791,        -11.690947,      -12.46346169,      -11.39779337
          0,           0,         308,      -11.96924336,      -11.92979883,      -11.69111501,      -12.62156204,      -11.40025538
          0,           0,         309,       -11.9760725,      -11.93825683,      -11.69116235,      -12.67953782,      -11.40691796
          0,           0,         310,      -11.97748148,      -11.94005976,       -11.6911468,      -12.65291911,      -11.40837945
          0,           0,         311,      -11.97234823,       -11.9328663,      -11.69107217,      -12.52815367,      -11.40314603
          0,           0,         312,      -11.97390803,      -11.93558784,      -11.69106525,      -12.64750472,      -11.40490205
          0,           0,         313,      -11.97802748,      -11.94073828,      -11.69106774,      -12.67231167,      -11.40891694
          0,           0,         314,      -11.97887472,       -11.9418169,      -11.69100566,      -12.64457133,      -11.40979955
          0,           0,         315,      -11.97560723,      -11.93726153,      -11.69097405,      -12.56081757,      -11.40646065
          0,           0,         316,      -11.97712645,      -11.93877687,      -11.69096586,      -12.54007583,       -11.4080004
          0,           0,         317,      -11.96167319,      -11.91825695,      -11.69008356,      -12.35612346,      -11.39231262
          0,           0,         318,      -11.96196317,      -11.92036208,      -11.69075234,      -12.52328078,      -11.39321023
          0,           0,         319,       -11.9720386,      -11.93264638,       -11.6910105,      -12.61373777,      -11.40293874
          0,           0,         320,      -11.97458146,      -11.93593585,      -11.69111895,      -12.61293038,       -11.4054745
          0,           0,         321,      -11.96699361,       -11.9258874,      -11.69084414,      -12.45895125,      -11.39770542
          0,           0,         322,       -11.9320102,      -11.88033928,      -11.68765548,      -12.17327483,      -11.36238567
          0,           0,         323,      -11.93868896,      -11.89041554,      -11.68928199,      -12.34667615,      -11.37037313
          0,           0,         324,      -11.95359442,      -11.91304872,      -11.71992649,       -12.4456744,      -11.38514103
          0,           0,         325,      -11.97185264,      -11.93101292,      -11.70091379,      -12.46622044,      -11.40189431
          0,           0,         326,      -11.97399142,      -11.93068927,      -11.69037011,       -12.4762763,      -11.40461093
          0,           0,         327,      -11.97764949,      -11.93546784,      -11.68878309,      -12.48007105,      -11.40871575
          0,           0,         328,      -11.97841546,       -11.9379109,      -11.68925167,      -12.47903366,       -11.4097566
          0,           0,         329,      -11.97455271,      -11.93372487,      -11.68975307,      -12.45251313,      -11.40580231
          0,           0,         330,      -11.95746307,      -11.91139113,      -11.68929895,      -12.31606979,      -11.38828172
          0,           0,         331,      -11.96165638,      -11.91863352,      -11.69038389,      -12.48664164,      -11.39296663
          0,           0,         332,      -11.97124217,      -11.93127421,      -11.69091489,      -12.59825875,      -11.40215248
          0,           0,         333,      -11.97374603,      -11.93502437,      -11.69110357,       -12.6012437,      -11.40468772
          0,           0,         334,      -11.96552537,      -11.92426578,      -11.69078774,      -12.44385332,      -11.39628265
          0,           0,         335,      -11.96832992,      -11.92865638,      -11.69110965,      -12.61308916,        -11.399406
          0,           0,         336,      -11.97548094,      -11.93734308,      -11.69125853,      -12.69108026,      -11.40632559
          0,           0,         337,      -11.97719968,      -11.93952698,      -11.69130114,      -12.67605685,       -11.4080777
          0,           0,         338,      -11.97155445,      -11.93194771,      -11.69116505,      -12.52983197,      -11.40232784
          0,           0,         339,      -11.97404012,      -11.93402178,      -11.69096381,      -12.47960584,      -11.40487913
          0,           0,         340,      -11.96813477,      -11.92843262,      -11.69116513,      -12.63831433,      -11.39919759
          0,           0,         341,      -11.97536662,      -11.93709116,      -11.69119764,       -12.6837257,      -11.40622032
          0,           0,         342,      -11.97750301,       -11.9397277,      -11.69121634,      -12.67583097,      -11.40841251
          0,           0,         343,      -11.97456179,      -11.93565812,      -11.69122516,      -12.58334822,      -11.40539813
          0,           0,         344,      -11.95654114,      -11.91142802,      -11.69019838,      -12.33887915,      -11.38716738
          0,           0,         345,      -11.96076195,      -11.91809025,      -11.69090656,       -12.5288635,      -11.39205307
          0,           0,         346,      -11.97197738,       -11.9321471,      -11.69115626,      -12.64428241,      -11.40280962
          0,           0,         347,       -11.9743846,      -11.93562453,      -11.69123022,      -12.63004386,      -11.40524287
          0,           0,         348,      -11.96586636,      -11.92455621,      -11.69087086,      -12.44683525,      -11.39658289
          0,           0,         349,      -11.96941751,      -11.92764767,      -11.69043348,      -12.38657618,      -11.40019336
          0,           0,         350,      -11.95997902,      -11.91853986,      -11.69080707,      -12.55953987,      -11.39110596
          0,           0,         351,      -11.97149669,       -11.9320322,      -11.69091463,      -12.61550836,      -11.40227543
          0,           0,         352,      -11.97486628,      -11.93618199,      -11.69100608,      -12.61948736,       -11.4057265
          0,           0,         353,       -11.9701176,      -11.92970655,      -11.69105013,      -12.51063018,      -11.40084617
          0,           0,         354,      -11.97332191,      -11.93327294,      -11.69097769,      -12.47351374,       -11.4041415
          0,           0,         355,      -11.96735582,      -11.92750976,      -11.69113443,      -12.63277585,      -11.39838896
          0,           0,         356,       -11.9750226,      -11.93675782,      -11.69113099,        -12.669858,      -11.40585855
          0,           0,         357,      -11.97725877,      -11.93947598,      -11.69109531,      -12.65097424,      -11.40816697
          0,           0,         358,      -11.97422933,      -11.93523142,      -11.69112835,      -12.55909058,      -11.40506581
          0,           0,         359,      -11.95668326,      -11.91133847,       -11.6901556,      -12.33456958,      -11.38731118
          0,           0,         360,      -11.96092109,      -11.91839378,       -11.6908811,      -12.53007891,      -11.39218676
          0,           0,         361,      -11.97208254,      -11.93236179,      -11.69116605,      -12.64567366,      -11.40290539
          0,           0,         362,      -11.97430898,      -11.93563659,      -11.69125692,      -12.62993963,      -11.40517362
          0,           0,         363,      -11.97673294,      -11.93866367,      -11.69131474,      -12.61937382,      -11.40757876
          0,           0,         364,      -11.96726175,      -11.92599967,      -11.69092351,      -12.44626075,      -11.39792513
          0,           0,         365,      -11.96705408,      -11.92713789,      -11.69117617,      -12.61944429,      -11.39811372
          0,           0,         366,      -11.97489226,      -11.93650821,      -11.69126707,      -12.69107765,      -11.40570621
          0,           0,         367,      -11.97662167,      -11.93872612,      -11.69126896,      -12.66435974,      -11.40749172
          0,           0,         368,      -11.97071764,      -11.93062949,      -11.69113775,      -12.51361301,      -11.40147825
          0,           0,         369,      -11.94194302,      -11.89257027,      -11.68906738,       -12.2348713,      -11.37238389
          0,           0,         370,      -11.94809222,      -11.90207918,      -11.69037335,       -12.4274512,      -11.37959561
          0,           0,         371,       -11.9655641,      -11.92374649,      -11.69071205,      -12.55593532,      -11.39633877
          0,           0,         372,      -11.96935436,      -11.92907764,      -11.69084012,      -12.53826819,      -11.40015256
          0,           0,         373,      -11.97045813,      -11.93104444,      -11.69076943,      -12.61187281,       -11.4013185
          0,           0,         374,      -11.97580365,      -11.93737908,      -11.69082176,      -12.61475141,      -11.40660568
          0,           0,         375,       -11.9775118,      -11.93963769,      -11.69078044,      -12.59244484,      -11.40846678
          0,           0,         376,      -11.97573818,      -11.93714078,      -11.69079383,      -12.54454261,       -11.4066885
          0,           0,         377,      -11.96382493,      -11.92049647,      -11.69034226,      -12.39146826,      -11.39459371
          0,           0,         378,      -11.96716368,      -11.92635142,      -11.69082419,      -12.56081726,      -11.39833005
          0,           0,         379,       -11.9746716,      -11.93598496,      -11.69107386,      -12.65367941,      -11.40552624
          0,           0,         380,      -11.97629275,       -11.9383508,      -11.69114481,      -12.64135151,      -11.40717467
          0,           0,         381,       -11.9700991,      -11.92999952,      -11.69103439,      -12.49802175,      -11.40086929
          0,           0,         382,      -11.97266935,       -11.9323968,      -11.69088069,      -12.45189899,      -11.40350414
          0,           0,         383,      -11.96632839,      -11.92614849,      -11.69110741,       -12.6179851,      -11.39739999
          0,           0,         384,        -11.974327,      -11.93569279,      -11.69118736,      -12.67163866,      -11.40517666
          0,           0,         385,      -11.97674941,      -11.93868393,      -11.69119948,       -12.6652285,      -11.40764801
          0,           0,         386,      -11.97336225,      -11.93420183,      -11.69123561,      -12.56329479,      -11.40416213
          0,           0,         387,      -11.95337315,       -11.9071231,      -11.68992019,      -12.31113692,      -11.38393839
          0,           0,         388,      -11.95813226,      -11.91497822,       -11.6907682,      -12.50145559,      -11.38945404
          0,           0,         389,      -11.97059537,      -11.93043081,      -11.69103872,      -12.61638053,        -11.401419
          0,           0,         390,      -11.97354979,      -11.93458983,      -11.69112018,       -12.6062026,       -11.4043869
          0,           0,         391,      -11.96267387,      -11.92050861,      -11.69071434,       -12.4199898,      -11.39331032
          0,           0,         392,      -11.96577315,      -11.92542262,        -11.691053,      -12.59657125,      -11.39682813
          0,           0,         393,      -11.97451176,      -11.93612037,      -11.69119322,      -12.67710945,      -11.40531457
          0,           0,         394,      -11.97633071,      -11.93845539,      -11.69123498,       -12.6548811,      -11.40718943
          0,           0,         395,      -11.96964877,      -11.92925601,       -11.6910684,      -12.50283124,      -11.40039526
          0,           0,         396,      -11.93913739,      -11.88972725,      -11.68892292,      -12.22204672,      -11.36952988
          0,           0,         397,      -11.94563292,      -11.89910017,      -11.69023212,      -12.41211198,      -11.37716772
          0,           0,         398,      -11.96115928,      -11.91811132,      -11.69050003,      -12.53027008,      -11.39197367
          0,           0,         399,      -11.97032696,      -11.92956884,      -11.69063705,      -12.56418759,      -11.40122098
          0,           0,         400,      -11.97040142,      -11.92999705,       -11.6909118,      -12.52719901,      -11.40117389
          0,           0,         401,        -11.972177,      -11.93317966,      -11.69089562,      -12.61832965,      -11.40302554
          0,           0,         402,      -11.97703245,      -11.93935873,      -11.69089999,      -12.62272632,      -11.40791299
          0,           0,         403,      -11.97831617,      -11.94103037,      -11.69078979,      -12.60000019,      -11.40930653
          0,           0,         404,      -11.97596599,      -11.93756537,      -11.69075938,      -12.54500454,      -11.40688805
          0,           0,         405,      -11.97740614,      -11.93909234,      -11.69079706,      -12.53282439,      -11.40832607
          0,           0,         406,      -11.96393871,      -11.92127764,      -11.69030652,       -12.3863239,      -11.39459288
          0,           0,         407,      -11.96446498,      -11.92339404,      -11.69083058,      -12.55352616,       -11.3956317
          0,           0,         408,      -11.97317077,      -11.93417674,      -11.69110076,      -12.64341386,      -11.40405508
          0,           0,         409,      -11.97547141,      -11.93723966,      -11.69118418,      -12.63605886,      -11.40639291
          0,           0,         410,      -11.96877401,      -11.92826465,      -11.69101715,      -12.48761247,      -11.39952649
          0,           0,         411,      -11.97171981,      -11.93081251,       -11.6907477,      -12.43588538,      -11.40253275
          0,           0,         412,      -11.96462177,      -11.92407706,      -11.69104124,      -12.60277805,      -11.39570848
          0,           0,         413,      -11.97372289,      -11.93488284,      -11.69113986,      -12.65927715,      -11.40454678
          0,           0,         414,      -11.97632311,      -11.93807871,       -11.6911894,      -12.65811154,      -11.40721345
          0,           0,         415,      -11.97261069,      -11.93310073,      -11.69121393,      -12.55252401,      -11.40340414
          0,           0,         416,      -11.95151979,      -11.90484345,      -11.68983825,       -12.2976063,      -11.38208585
          0,           0,         417,       -11.9564435,      -11.91284615,      -11.69068598,      -12.48914724,      -11.38779778
          0,           0,         418,      -11.96983614,      -11.92949743,      -11.69098613,      -12.60528228,      -11.40063348
          0,           0,         419,       -11.9727555,       -11.9335672,      -11.69108788,       -12.5919754,      -11.40357545
          0,           0,         420,      -11.96168089,      -11.91893911,      -11.69061963,      -12.40504478,      -11.39232775
          0,           0,         421,      -11.96453032,       -11.9237362,       -11.6910071,      -12.58574528,      -11.39558364
          0,           0,         422,      -11.97398402,      -11.93534575,      -11.69114488,      -12.66665451,      -11.40477442
          0,           0,         423,      -11.97604199,      -11.93799129,      -11.69121553,      -12.64204256,       -11.4068817
          0,           0,         424,      -11.95987996,      -11.91727563,      -11.70328779,      -12.48034206,      -11.38902019
          0,           0,         425,      -11.96152075,      -11.92221229,      -11.69044268,       -12.6151871,      -11.39231584
          0,           0,         426,      -11.97286951,      -11.93601252,      -11.68962317,      -12.66722103,      -11.40404684
          0,           0,         427,       -11.9766943,      -11.94023917,      -11.69029539,      -12.64736909,      -11.40788333
          0,           0,         428,       -11.9729495,      -11.93458935,      -11.69068531,       -12.5358267,      -11.40391943
          0,           0,         429,      -11.94938576,      -11.90296176,      -11.68942367,      -12.28230437,      -11.37994921
          0,           0,         430,      -11.95499872,      -11.91135578,      -11.69052466,      -12.47134377,      -11.38638635
          0,           0,         431,      -11.96900228,      -11.92865832,      -11.69096016,      -12.59233256,       -11.3998225
          0,           0,         432,      -11.97195514,      -11.93274063,      -11.69108176,      -12.58376498,      -11.40280468
          0,           0,         433,      -11.96031276,      -11.91764876,      -11.69058037,      -12.39202443,      -11.39094602
          0,           0,         434,       -11.9632409,      -11.92233054,      -11.69099863,      -12.57547531,      -11.39428556
          0,           0,         435,      -11.97338083,      -11.93468313,      -11.69116208,      -12.66355707,      -11.40414906
          0,           0,         436,      -11.97547234,      -11.93736689,      -11.69120865,      -12.64051528,       -11.4063022
          0,           0,         437,       -11.9680781,      -11.92742554,      -11.69105466,      -12.47856544,      -11.39877621
          0,           0,         438,      -11.96990658,      -11.93063038,      -11.69118243,      -12.63573238,      -11.40090652
          0,           0,         439,      -11.97637047,      -11.93859825,       -11.6912168,      -12.69043193,      -11.40721346
          0,           0,         440,      -11.97772092,       -11.9403045,      -11.69116994,        -12.656213,      -11.40861332
          0,           0,         441,      -11.97312036,      -11.93390061,      -11.69113242,      -12.53362729,      -11.40392968
          0,           0,         442,      -11.97413972,       -11.9359155,      -11.69106817,      -12.65030368,      -11.40513249
          0,           0,         443,      -11.97813058,      -11.94089323,      -11.69103507,      -12.67133129,      -11.40902003
          0,           0,         444,      -11.97902424,         -11.94202,       -11.6909642,      -12.64331566,      -11.40995375
          0,           0,         445,       -11.9757981,       -11.9374844,      -11.69095321,      -12.56176766,       -11.4066585
          0,           0,         446,      -11.97679339,      -11.93928738,      -11.69091076,      -12.64255632,      -11.40777489
          0,           0,         447,      -11.97928434,      -11.94240908,      -11.69091869,      -12.65777469,       -11.4102107
          0,           0,         448,      -11.97979627,      -11.94305407,      -11.69088957,      -12.64175031,      -11.41074611
          0,           0,         449,       -11.9775697,      -11.93989385,      -11.69090924,      -12.58668414,      -11.40846577
          0,           0,         450,      -11.96678902,      -11.92514967,      -11.69041144,      -12.41921429,      -11.39753645
          0,           0,         451,      -11.97006473,      -11.92816176,      -11.68997815,      -12.36852885,      -11.40100129
          0,           0,         452,       -11.9685256,      -11.92659098,      -11.68958619,       -12.3499366,      -11.39953134
          0,           0,         453,      -11.96637428,      -11.92501131,      -11.68893577,      -12.32824692,      -11.39734796
          0,           0,         454,       -11.9552803,      -11.91291213,      -11.68917239,      -12.41718516,      -11.38650923
          0,           0,         455,      -11.96772182,       -11.9267744,       -11.6894093,      -12.45585997,      -11.39863308
          0,           0,         456,      -11.97208438,      -11.93221095,      -11.68989947,      -12.49487326,      -11.40293566
          0,           0,         457,      -11.96907878,      -11.92852766,      -11.69035543,      -12.46474466,      -11.39983702
          0,           0,         458,      -11.97117169,      -11.93245773,      -11.69069131,      -12.57168383,      -11.40215021
          0,           0,         459,      -11.97649084,       -11.9390857,      -11.69085263,      -12.61269355,      -11.40744615
          0,           0,         460,      -11.97793802,       -11.9408168,      -11.69088844,      -12.61055501,      -11.40893377
          0,           0,         461,      -11.97503909,       -11.9365326,      -11.69094487,      -12.54600275,      -11.40594113
          0,           0,         462,      -11.95880977,      -11.91452582,      -11.69020753,      -12.34909984,      -11.38944345
          0,           0,         463,       -11.9626259,      -11.92049751,      -11.69084976,      -12.53543843,      -11.39385517
          0,           0,         464,      -11.97262968,      -11.93319291,      -11.69116497,      -12.64758702,      -11.40347738
          0,           0,         465,      -11.97464003,       -11.9361304,       -11.6912297,      -12.63278878,      -11.40552476
          0,           0,         466,      -11.96623296,      -11.92485401,      -11.69087662,      -12.45261483,      -11.39696138
          0,           0,         467,      -11.93079929,      -11.87860983,      -11.68757887,      -12.16824833,      -11.36116357
          0,           0,         468,       -11.9373748,      -11.88862657,      -11.68933172,      -12.34155552,      -11.36911566
          0,           0,         469,      -11.95639083,      -11.91161492,      -11.68966155,       -12.4451944,      -11.38722913
          0,           0,         470,      -11.96736851,       -11.9254312,      -11.68994205,      -12.48896576,      -11.39824993
          0,           0,         471,      -11.96712459,      -11.92558297,      -11.69032055,      -12.46195938,      -11.39783007
          0,           0,         472,      -11.96937173,      -11.92964336,      -11.69054175,      -12.56451077,      -11.40020108
          0,           0,         473,      -11.97552436,      -11.93759754,      -11.69067326,      -12.58881026,      -11.40640159
          0,           0,         474,      -11.97722867,      -11.93986208,      -11.69068508,      -12.57538678,      -11.40823645
          0,           0,         475,      -11.97434612,      -11.93559078,      -11.69073057,      -12.51590575,      -11.40528959
          0,           0,         476,       -11.9576783,      -11.91243049,      -11.69003087,      -12.33554333,      -11.38833794
          0,           0,         477,      -11.96171119,      -11.91929598,      -11.69073076,      -12.52182527,       -11.3929456
          0,           0,         478,       -11.9719749,      -11.93234714,      -11.69107096,      -12.63393235,      -11.40279802
          0,           0,         479,      -11.97421037,       -11.9356598,      -11.69116795,      -12.61923614,        -11.405073
          0,           0,         480,      -11.96585707,      -11.92453689,      -11.69091033,      -12.44756666,      -11.39655889
          0,           0,         481,      -11.96810706,      -11.92825218,      -11.69115516,      -12.62052283,      -11.39914835
          0,           0,         482,       -11.9754416,      -11.93726146,      -11.69125888,       -12.6896312,      -11.40627618
          0,           0,         483,      -11.97708335,      -11.93936701,      -11.69123908,      -12.66146794,      -11.40796279
          0,           0,         484,      -11.97131219,      -11.93140501,      -11.69110872,      -12.51999596,      -11.40208115
          0,           0,         485,      -11.97412618,      -11.93434841,      -11.69097752,      -12.48014047,      -11.40495278
          0,           0,         486,      -11.94817252,      -11.90037021,      -11.68886243,      -12.24730485,      -11.37859849
          0,           0,         487,         -11.94754,       -11.9024335,       -11.6901284,      -12.41947901,      -11.37899664
          0,           0,         488,      -11.96218845,      -11.91967655,      -11.69034709,      -12.51075294,      -11.39303102
          0,           0,         489,      -11.97078923,      -11.93014147,      -11.69050215,      -12.54998473,      -11.40168296
          0,           0,         490,      -11.97111487,      -11.93081396,      -11.69084462,      -12.52983224,      -11.40188565
          0,           0,         491,      -11.95601836,      -11.91083445,      -11.69025472,      -12.33993056,      -11.38657653
          0,           0,         492,      -11.95997562,      -11.91776496,      -11.69087214,      -12.53228865,      -11.39117273
          0,           0,         493,      -11.97188374,      -11.93243924,       -11.6911112,      -12.64249465,      -11.40266621
          0,           0,         494,      -11.97443907,      -11.93593034,      -11.69120444,      -12.62378724,      -11.40527256
          0,           0,         495,      -11.97679115,      -11.93883464,      -11.69121998,       -12.6090343,      -11.40762254
          0,           0,         496,      -11.96756629,      -11.92634871,      -11.69097166,      -12.45030831,      -11.39823944
          0,           0,         497,      -11.96913141,      -11.92724253,      -11.69056353,      -12.39000269,      -11.39989974
          0,           0,         498,      -11.95923844,      -11.91746117,      -11.69095573,      -12.57133334,      -11.39036053
          0,           0,         499,      -11.97102232,      -11.93136306,      -11.69105395,      -12.62999928,      -11.40181987
          0,           0,         500,      -11.97457733,      -11.93566484,      -11.69107382,      -12.62487297,      -11.40544622
          0,           0,         501,      -11.97040769,      -11.93015619,      -11.69114198,       -12.5078072,      -11.40114448
          0,           0,         502,      -11.97175359,      -11.93291478,      -11.69107638,      -12.63732436,      -11.40270568
          0,           0,         503,      -11.97713863,      -11.93962225,      -11.69105342,      -12.65696123,      -11.40801072
          0,           0,         504,       -11.9782738,      -11.94106574,      -11.69093258,      -12.62507008,      -11.40920865
          0,           0,         505,      -11.97443661,      -11.93556156,      -11.69087453,      -12.53627295,      -11.40528755
          0,           0,         506,      -11.97567393,      -11.93781681,      -11.69078528,      -12.61980268,      -11.40666581
          0,           0,         507,      -11.97870491,      -11.94166351,      -11.69074869,      -12.63057902,      -11.40961784
          0,           0,         508,      -11.97934951,       -11.9425116,      -11.69068089,      -12.60797783,       -11.4102926
          0,           0,         509,      -11.97673308,      -11.93880056,      -11.69069146,      -12.54940921,      -11.40761472
          0,           0,         510,      -11.96432385,      -11.92187627,      -11.69018064,      -12.38630667,      -11.39503357
          0,           0,         511,      -11.96721314,       -11.9239221,      -11.68971751,      -12.33365271,      -11.39811324
          0,           0,         512,      -11.95814375,      -11.91544676,      -11.69040678,      -12.49042475,      -11.38944517
          0,           0,         513,      -11.96987001,      -11.92953946,      -11.69069474,      -12.56088818,       -11.4007948
          0,           0,         514,      -11.97381597,      -11.93456467,      -11.69088448,       -12.5896274,      -11.40474865
          0,           0,         515,      -11.96913557,      -11.92877799,      -11.69093469,      -12.49392632,      -11.39988632
          0,           0,         516,      -11.97192067,      -11.93163388,      -11.69075328,      -12.44808186,      -11.40270512
          0,           0,         517,      -11.96597183,      -11.92611032,      -11.69100523,      -12.60668412,      -11.39701108
          0,           0,         518,       -11.9743632,      -11.93595482,      -11.69109233,      -12.65898718,      -11.40518111
          0,           0,         519,      -11.97674121,      -11.93880031,      -11.69113369,      -12.65522143,      -11.40763766
          0,           0,         520,      -11.97345854,      -11.93430236,      -11.69118599,      -12.56026314,      -11.40428441
          0,           0,         521,      -11.95507885,      -11.90943956,      -11.69009894,      -12.32303705,      -11.38570021
          0,           0,         522,      -11.95903257,      -11.91601556,       -11.6908522,      -12.51615376,      -11.39033538
          0,           0,         523,      -11.97105844,      -11.93097139,      -11.69109908,      -12.63189201,      -11.40186659
          0,           0,         524,      -11.97358361,       -11.9346402,      -11.69117368,      -12.61346599,      -11.40442814
          0,           0,         525,      -11.96312919,      -11.92091122,      -11.69070079,      -12.42188114,      -11.39379368
          0,           0,         526,      -11.96597913,      -11.92566458,       -11.6910907,      -12.60054698,      -11.39702719
          0,           0,         527,      -11.97466365,       -11.9362662,      -11.69122296,      -12.68025321,      -11.40546902
          0,           0,         528,      -11.97642185,      -11.93856373,      -11.69125832,       -12.6568134,      -11.40728055
          0,           0,         529,      -11.96978152,       -11.9296859,      -11.69113259,      -12.50707768,      -11.40051466
          0,           0,         530,      -11.97173078,      -11.93282811,        -11.691202,      -12.65202136,      -11.40272645
          0,           0,         531,      -11.97714324,       -11.9395438,      -11.69120758,      -12.69525757,      -11.40801133
          0,           0,         532,      -11.97824658,        -11.940947,      -11.69115662,      -12.66262656,      -11.40915391
          0,           0,         533,      -11.97414923,      -11.93520016,      -11.69110421,      -12.55225443,      -11.40497706
          0,           0,         534,      -11.95433524,      -11.90881674,      -11.68993837,      -12.31082615,      -11.38492338
          0,           0,         535,      -11.95862309,      -11.91541901,      -11.69076708,      -12.50077398,      -11.38994044
          0,           0,         536,      -11.97065467,      -11.93045897,      -11.69106829,      -12.62119389,      -11.40148953
          0,           0,         537,      -11.97320289,      -11.93415761,      -11.69115556,      -12.60620656,      -11.40406363
          0,           0,         538,      -11.97599718,      -11.93768908,      -11.69122643,      -12.59448402,      -11.40682759
          0,           0,         539,      -11.96552089,      -11.92358786,      -11.69065781,      -12.41381998,      -11.39614002
          0,           0,         540,      -11.96476688,      -11.92444319,      -11.69104622,      -12.58872401,      -11.39584288
          0,           0,         541,      -11.97393156,      -11.93534397,      -11.69116524,      -12.66579954,      -11.40472612
          0,           0,         542,       -11.9758747,      -11.93776099,      -11.69120936,       -12.6483429,      -11.40672808
          0,           0,         543,      -11.96897552,      -11.92859764,      -11.69107507,      -12.49526703,      -11.39969893
          0,           0,         544,      -11.93710254,       -11.8865068,      -11.68860781,      -12.21043062,      -11.36748417
          0,           0,         545,       -11.9446052,      -11.89784758,      -11.69005423,      -12.40014054,      -11.37617066
          0,           0,         546,      -11.96056595,      -11.91734605,      -11.69037183,      -12.51252063,      -11.39137383
          0,           0,         547,      -11.97006534,      -11.92914746,      -11.69053401,      -12.54951471,      -11.40093971
          0,           0,         548,      -11.97021694,      -11.92971509,      -11.69080619,      -12.51945916,      -11.40099176
          0,           0,         549,      -11.95079422,      -11.90445121,        -11.689954,      -12.30878822,      -11.38126668
          0,           0,         550,      -11.95617614,      -11.91289317,      -11.69075059,      -12.50214173,      -11.38743021
          0,           0,         551,      -11.97015323,      -11.93007288,      -11.69102782,      -12.62149636,       -11.4009062
          0,           0,         552,      -11.97311966,       -11.9342485,      -11.69115988,      -12.60444829,      -11.40392758
          0,           0,         553,      -11.97384625,      -11.93554844,      -11.69083437,      -12.63422777,      -11.40470821
          0,           0,         554,      -11.97747193,      -11.93984004,       -11.6906796,      -12.59666535,      -11.40834255
          0,           0,         555,      -11.97856865,      -11.94122624,      -11.69042638,      -12.55586349,      -11.40956885
          0,           0,         556,      -11.97715157,      -11.93913751,      -11.69030946,      -12.51743381,       -11.4081225
          0,           0,         557,      -11.96795039,      -11.92645847,      -11.69010255,      -12.40910993,      -11.39875298
          0,           0,         558,      -11.97049752,      -11.93084439,      -11.69044393,        -12.544004,      -11.40161354
          0,           0,         559,      -11.97610743,      -11.93813292,      -11.69071795,      -12.61106698,      -11.40700231
          0,           0,         560,       -11.9773715,      -11.93990201,      -11.69083064,      -12.60948308,      -11.40829499
          0,           0,         561,      -11.97286559,       -11.9337981,       -11.6908476,      -12.51089488,      -11.40369377
          0,           0,         562,      -11.97510628,      -11.93595276,      -11.69080966,      -12.48586878,      -11.40597787
          0,           0,         563,      -11.95351716,      -11.90783059,      -11.68919311,      -12.28088111,       -11.3840596
          0,           0,         564,      -11.95356919,       -11.9099519,      -11.69021384,       -12.4412344,      -11.38495103
          0,           0,         565,      -11.96773806,      -11.92699046,      -11.69050734,        -12.532017,      -11.39861723
          0,           0,         566,      -11.97127951,      -11.93162076,      -11.69065325,      -12.53667908,      -11.40215655
          0,           0,         567,      -11.97444344,       -11.9357554,      -11.69085193,      -12.54415718,      -11.40521772
          0,           0,         568,      -11.96318511,      -11.92105327,      -11.69036302,      -12.39043922,      -11.39376485
          0,           0,         569,      -11.95490803,      -11.91303174,      -11.70312449,      -12.56211847,      -11.38436344
          0,           0,         570,      -11.96333755,      -11.92450191,      -11.69028542,      -12.61109937,      -11.39389904
          0,           0,         571,      -11.97140464,       -11.9340806,      -11.68949644,      -12.59950015,      -11.40255623
          0,           0,         572,      -11.96675102,      -11.92694448,      -11.69010773,      -12.46714869,      -11.39768909
          0,           0,         573,      -11.96922325,       -11.9306872,       -11.6907043,      -12.62063461,      -11.40038384
          0,           0,         574,      -11.97599792,      -11.93881351,      -11.69096787,      -12.67321698,      -11.40690284
          0,           0,         575,      -11.97743106,      -11.94050905,      -11.69106774,      -12.64900781,      -11.40835945
          0,           0,         576,      -11.97249576,      -11.93357085,      -11.69104031,      -12.53131509,      -11.40332032
          0,           0,         577,      -11.94937028,      -11.90229438,      -11.68960604,      -12.27901497,       -11.3799014
          0,           0,         578,      -11.95450023,      -11.91037408,      -11.69060912,      -12.47022305,      -11.38585931
          0,           0,         579,      -11.96860646,      -11.92792154,       -11.6909796,      -12.59240086,      -11.39943276
          0,           0,         580,      -11.97179976,      -11.93251386,      -11.69107279,      -12.58094788,      -11.40264387
          0,           0,         581,      -11.95927743,      -11.91645217,      -11.69049224,      -12.38283717,       -11.3899004
          0,           0,         582,      -11.96293658,      -11.92205052,      -11.69097468,      -12.56837794,      -11.39398051
          0,           0,         583,      -11.97315896,      -11.93438395,       -11.6911515,      -12.65819064,      -11.40391441
          0,           0,         584,      -11.97534353,      -11.93722046,      -11.69121134,      -12.63748413,      -11.40616445
          0,           0,         585,      -11.96732463,      -11.92640507,      -11.69102422,      -12.47316802,       -11.3980132
          0,           0,         586,      -11.96950225,      -11.93007224,      -11.69116418,      -12.63149628,       -11.4005084
          0,           0,         587,      -11.97613721,      -11.93824311,      -11.69119521,      -12.68500969,      -11.40698328
          0,           0,         588,      -11.97752203,      -11.94005535,      -11.69114562,       -12.6502887,       -11.4084257
          0,           0,         589,      -11.97216525,        -11.932648,      -11.69105189,      -12.52292212,      -11.40295652
          0,           0,         590,      -11.97370752,      -11.93534885,      -11.69102666,      -12.64002969,      -11.40469593
          0,           0,         591,      -11.97792261,      -11.94060719,      -11.69101297,      -12.66392858,       -11.4088096
          0,           0,         592,      -11.97880847,      -11.94174786,      -11.69094248,      -12.63636528,      -11.40973499
          0,           0,         593,      -11.97546924,      -11.93704829,      -11.69090564,       -12.5553524,      -11.40632446
          0,           0,         594,      -11.95953922,      -11.91557505,      -11.69002666,      -12.34951719,      -11.39017585
          0,           0,         595,      -11.96325839,      -11.91840077,      -11.68931572,      -12.28829154,      -11.39416123
          0,           0,         596,      -11.95108115,       -11.9064535,      -11.69016563,      -12.44602819,      -11.38246692
          0,           0,         597,      -11.96631957,      -11.92459106,      -11.69042212,      -12.52095197,      -11.39720503
          0,           0,         598,      -11.97138911,      -11.93118773,       -11.6906362,      -12.54623571,      -11.40230688
          0,           0,         599,      -11.97483771,      -11.93601008,      -11.69091121,      -12.57296451,      -11.40564311
          0,           0,         600,      -11.96772841,      -11.92676356,      -11.69080317,      -12.45495788,      -11.39838429
          0,           0,         601,      -11.96781783,      -11.92831343,      -11.69107217,      -12.61125186,       -11.3988485
          0,           0,         602,      -11.97525913,      -11.93724776,       -11.6911675,      -12.67420651,      -11.40609388
          0,           0,         603,      -11.97699324,      -11.93936243,      -11.69118702,      -12.65504973,      -11.40789136
          0,           0,         604,      -11.97205575,      -11.93238627,      -11.69114687,      -12.52823161,      -11.40286074
          0,           0,         605,      -11.97346051,       -11.9349859,      -11.69112255,      -12.65444023,      -11.40445113
          0,           0,         606,      -11.97786898,      -11.94052257,      -11.69111381,      -12.68019821,      -11.40874875
          0,           0,         607,      -11.97875733,      -11.94165646,      -11.69104978,      -12.65068155,      -11.40968458
          0,           0,         608,      -11.97541221,      -11.93700402,      -11.69100586,       -12.5630582,      -11.40626606
          0,           0,         609,      -11.95843298,      -11.91391879,       -11.6900374,      -12.34600085,       -11.3890525
          0,           0,         610,      -11.96268374,      -11.92074016,      -11.69079894,      -12.52419696,      -11.39396698
          0,           0,         611,      -11.97251646,      -11.93298725,      -11.69110698,      -12.63274143,      -11.40340031
          0,           0,         612,      -11.97462262,      -11.93608095,      -11.69120447,      -12.62336127,      -11.40551191
          0,           0,         613,      -11.96633731,      -11.92526442,      -11.69087426,      -12.45330483,      -11.39707244
          0,           0,         614,       -11.9686447,      -11.92901906,      -11.69115529,      -12.62190633,      -11.39967379
          0,           0,         615,      -11.97572796,      -11.93763535,      -11.69127001,      -12.69699183,      -11.40655731
          0,           0,         616,      -11.97727965,      -11.93962391,      -11.69129841,       -12.6773343,      -11.40815181
          0,           0,         617,      -11.97141907,      -11.93160092,      -11.69114726,      -12.52684162,      -11.40219576
          0,           0,         618,      -11.97419806,       -11.9344417,      -11.69102466,      -12.48341445,      -11.40505173
          0,           0,         619,      -11.94869373,      -11.90153012,      -11.68890748,      -12.25254319,      -11.37915664
          0,           0,         620,      -11.94803425,      -11.90315736,      -11.69003965,      -12.41950146,      -11.37947262
          0,           0,         621,      -11.96251896,      -11.92010871,      -11.69023125,      -12.50254781,      -11.39336038
          0,           0,         622,      -11.97087121,      -11.93029508,      -11.69039398,      -12.54090623,      -11.40177879
          0,           0,         623,      -11.97110215,      -11.93082887,      -11.69074172,      -12.52284723,      -11.40188494
          0,           0,         624,      -11.95589558,      -11.91066459,      -11.69013822,      -12.33770348,      -11.38646159
          0,           0,         625,      -11.95981212,      -11.91741653,      -11.69082307,      -12.52379397,        -11.391021
          0,           0,         626,       -11.9718846,      -11.93240112,      -11.69105731,      -12.63349953,      -11.40267553
          0,           0,         627,      -11.97442263,      -11.93586353,       -11.6911747,      -12.61814975,      -11.40525857
          0,           0,         628,      -11.97519546,      -11.93727629,      -11.69086075,      -12.64097378,      -11.40607216
          0,           0,         629,      -11.97818049,      -11.94079075,      -11.69072285,      -12.60329703,      -11.40907242
          0,           0,         630,      -11.97907357,      -11.94191505,       -11.6905004,      -12.56767413,      -11.41007215
          0,           0,         631,      -11.97782733,      -11.94008306,      -11.69039825,      -12.53447559,      -11.40880033
          0,           0,         632,      -11.97059563,      -11.93004717,      -11.69025435,       -12.4440694,      -11.40142155
          0,           0,         633,      -11.97270908,      -11.93369727,       -11.6905036,      -12.56374521,      -11.40378657
          0,           0,         634,      -11.97713653,      -11.93948233,      -11.69074294,      -12.62055888,      -11.40804149
          0,           0,         635,      -11.97816235,      -11.94094542,      -11.69085269,      -12.61931726,       -11.4090942
          0,           0,         636,      -11.97415351,      -11.93556875,      -11.69087081,      -12.53485184,      -11.40499604
          0,           0,         637,      -11.95596046,      -11.91128246,      -11.68969092,      -12.31822995,      -11.38656173
          0,           0,         638,       -11.9603201,      -11.91775956,      -11.69056369,      -12.48703244,      -11.39166922
          0,           0,         639,      -11.97137238,      -11.93152625,      -11.69088439,      -12.58870564,      -11.40227446
          0,           0,         640,      -11.97393149,      -11.93514765,      -11.69100098,      -12.59195443,      -11.40481122
          0,           0,         641,      -11.96419111,      -11.92247901,      -11.69053305,      -12.41985832,      -11.39489599
          0,           0,         642,      -11.96702927,       -11.9271403,      -11.69094908,      -12.58392439,       -11.3980657
          0,           0,         643,      -11.97490151,      -11.93670556,      -11.69111307,      -12.66498677,       -11.4057161
          0,           0,         644,      -11.97657896,      -11.93881941,      -11.69120643,      -12.65264747,      -11.40743828
          0,           0,         645,       -11.9781133,      -11.94070909,      -11.69126126,        -12.644583,      -11.40897639
          0,           0,         646,      -11.96317991,      -11.92178265,      -11.70343249,      -12.51558323,      -11.39236463
          0,           0,         647,      -11.96294305,      -11.92414225,      -11.69051151,      -12.63923133,      -11.39374121
          0,           0,         648,      -11.97347584,      -11.93678951,      -11.68970496,       -12.6852799,      -11.40467004
          0,           0,         649,      -11.97719413,      -11.94085819,      -11.69040231,      -12.67165862,       -11.4084035
          0,           0,         650,       -11.9740845,      -11.93603584,      -11.69077843,      -12.56865601,      -11.40508525
          0,           0,         651,      -11.95471675,      -11.90977817,      -11.68971565,      -12.31688236,      -11.38537543
          0,           0,         652,      -11.95920379,       -11.9168111,      -11.69067342,      -12.49751255,      -11.39052608
          0,           0,         653,      -11.97083301,      -11.93106117,      -11.69099331,      -12.60789612,      -11.40167295
          0,           0,         654,       -11.9735308,      -11.93477522,      -11.69108435,      -12.60132561,      -11.40439617
          0,           0,         655,      -11.96369541,      -11.92192297,      -11.69061147,      -12.42029296,      -11.39437986
          0,           0,         656,      -11.96628992,      -11.92625017,        -11.690986,      -12.58875158,       -11.3973217
          0,           0,         657,      -11.97462411,      -11.93639927,      -11.69115126,      -12.66931302,      -11.40541964
          0,           0,         658,       -11.9764422,      -11.93867203,      -11.69122027,      -12.65273884,      -11.40729431
          0,           0,         659,      -11.97034534,      -11.93033695,      -11.69108945,      -12.50549269,       -11.4010955
          0,           0,         660,      -11.97167112,      -11.93285875,      -11.69120757,      -12.65089867,      -11.40267657
          0,           0,         661,      -11.97715507,       -11.9396307,      -11.69121379,      -12.69534688,      -11.40802601
          0,           0,         662,      -11.97821075,      -11.94097568,      -11.69117323,      -12.66355317,       -11.4091263
          0,           0,         663,      -11.97391857,      -11.93500324,      -11.69111093,      -12.55031099,      -11.40474798
          0,           0,         664,      -11.95340855,       -11.9068878,      -11.68977445,      -12.30794541,      -11.38398177
          0,           0,         665,      -11.95818571,      -11.91465122,      -11.69072659,      -12.49675857,      -11.38952981
          0,           0,         666,      -11.97050734,      -11.93014537,      -11.69103774,      -12.61206123,      -11.40136852
          0,           0,         667,      -11.97322081,      -11.93405348,      -11.69113169,      -12.60063624,      -11.40409411
          0,           0,         668,      -11.96339068,      -11.92138825,      -11.69068754,      -12.41886865,      -11.39405491
          0,           0,         669,      -11.96566287,      -11.92533366,      -11.69103351,      -12.59212784,      -11.39670627
          0,           0,         670,      -11.97440409,      -11.93594183,      -11.69118749,      -12.67424873,      -11.40520109
          0,           0,         671,      -11.97628958,      -11.93839606,      -11.69124154,      -12.65336558,      -11.40713506
          0,           0,         672,        -11.969708,      -11.92945533,      -11.69109914,      -12.49835583,      -11.40045099
          0,           0,         673,      -11.97126834,      -11.93232565,      -11.69119496,      -12.64788692,      -11.40227449
          0,           0,         674,      -11.97690198,      -11.93930299,      -11.69122312,      -12.69601032,      -11.40776365
          0,           0,         675,      -11.97808353,      -11.94079263,      -11.69116644,      -12.66277646,      -11.40899423
          0,           0,         676,      -11.97369233,      -11.93469835,      -11.69112695,      -12.54706674,      -11.40450868
          0,           0,         677,      -11.97570027,      -11.93656393,      -11.69104977,      -12.51631583,      -11.40655548
          0,           0,         678,      -11.95484187,      -11.90943014,      -11.68961573,      -12.30190357,      -11.38538346
          0,           0,         679,      -11.95535735,      -11.91203964,      -11.69054585,      -12.47611252,       -11.3866864
          0,           0,         680,       -11.9688473,      -11.92836918,      -11.69082297,      -12.57269643,      -11.39971128
          0,           0,         681,      -11.97201653,      -11.93257192,      -11.69092109,      -12.57068035,      -11.40289173
          0,           0,         682,      -11.96193395,      -11.91939249,      -11.69053193,       -12.4035188,      -11.39257205
          0,           0,         683,      -11.96462871,      -11.92407743,      -11.69094654,      -12.57760142,      -11.39565336
          0,           0,         684,      -11.97400802,       -11.9355119,      -11.69110127,      -12.65759851,       -11.4047835
          0,           0,         685,      -11.97579364,      -11.93777793,      -11.69116366,      -12.63681062,      -11.40665382
          0,           0,         686,      -11.96942027,      -11.92904427,      -11.69104633,      -12.49161823,       -11.4001692
          0,           0,         687,      -11.97182045,      -11.93117706,      -11.69085399,      -12.43631973,      -11.40261625
          0,           0,         688,      -11.96447019,      -11.92397704,      -11.69110212,       -12.6114505,      -11.39554361
          0,           0,         689,      -11.97359508,      -11.93483492,      -11.69113412,      -12.66301291,      -11.40440455
          0,           0,         690,      -11.97637318,      -11.93823481,      -11.69111658,       -12.6463883,      -11.40727036
          0,           0,         691,      -11.97249074,      -11.93290517,      -11.69114673,      -12.54009036,       -11.4032792
          0,           0,         692,      -11.97414865,      -11.93581181,      -11.69105979,      -12.64837328,      -11.40510389
          0,           0,         693,      -11.97817554,      -11.94089438,      -11.69101266,      -12.66193775,      -11.40906808
          0,           0,         694,      -11.97904232,       -11.9420234,      -11.69090163,      -12.63457013,      -11.40998507
          0,           0,         695,      -11.97628379,      -11.93812371,       -11.6908915,      -12.56242919,      -11.40716258
          0,           0,         696,      -11.97708284,       -11.9396358,      -11.69079135,      -12.62873053,      -11.40807079
          0,           0,         697,      -11.97935356,      -11.94251498,      -11.69077147,      -12.63610389,      -11.41028538
          0,           0,         698,      -11.97982096,      -11.94311335,      -11.69073931,      -12.61961986,      -11.41077612
          0,           0,         699,      -11.97783485,      -11.94031718,      -11.69075531,      -12.57377461,      -11.40873825
          0,           0,         700,      -11.96809589,      -11.92669617,      -11.69036574,      -12.42620861,      -11.39886469
          0,           0,         701,      -11.97071877,      -11.93104735,       -11.6908352,      -12.57311936,      -11.40185897
          0,           0,         702,      -11.97630819,      -11.93814778,       -11.6910991,      -12.65641535,      -11.40722632
          0,           0,         703,      -11.97766711,      -11.94009868,      -11.69120506,      -12.66116766,      -11.40859577
          0,           0,         704,      -11.97262191,      -11.93341749,      -11.69107952,      -12.53117608,      -11.40343204
          0,           0,         705,      -11.97511081,      -11.93595654,       -11.6909029,       -12.4931977,       -11.4060029
          0,           0,         706,      -11.97422569,      -11.93517527,      -11.69069327,      -12.48110646,      -11.40513268
          0,           0,         707,       -11.9677333,      -11.92824389,      -11.69086243,       -12.5919132,      -11.39875103
          0,           0,         708,      -11.97461959,      -11.93607305,       -11.6909118,       -12.6284516,      -11.40549135
          0,           0,         709,      -11.97699247,      -11.93887682,      -11.69102846,      -12.64299184,      -11.40790557
          0,           0,         710,      -11.97475886,      -11.93597474,      -11.69116244,      -12.58260686,      -11.40559785
          0,           0,         711,       -11.9607311,      -11.91693505,      -11.69036909,      -12.37285079,      -11.39143677
          0,           0,         712,      -11.96423109,      -11.92281679,      -11.69092719,      -12.55118438,      -11.39543871
          0,           0,         713,      -11.97360017,      -11.93451644,      -11.69112631,      -12.65126234,      -11.40443824
          0,           0,         714,      -11.97549886,      -11.93721077,      -11.69118799,      -12.63831509,      -11.40636092
          0,           0,         715,      -11.96797735,      -11.92730271,      -11.69095041,      -12.47020243,      -11.39871954
          0,           0,         716,      -11.96980305,      -11.93038557,      -11.69116078,      -12.63353536,      -11.40082299
          0,           0,         717,       -11.9762111,      -11.93832479,      -11.69126345,      -12.69982939,      -11.40705604
          0,           0,         718,      -11.97773071,      -11.94020504,      -11.69128766,      -12.67976446,      -11.40861933
          0,           0,         719,      -11.97252667,      -11.93313794,      -11.69119286,      -12.54207384,       -11.4033285
          0,           0,         720,      -11.97401625,      -11.93571665,      -11.69123927,      -12.67509971,      -11.40499556
          0,           0,         721,      -11.97818821,      -11.94086307,      -11.69127604,      -12.71407088,      -11.40907253
          0,           0,         722,        -11.979034,      -11.94196538,      -11.69123339,      -12.68792669,      -11.40995153
          0,           0,         723,      -11.97578412,      -11.93748297,      -11.69118026,      -12.58907162,       -11.4066468
          0,           0,         724,      -11.95974246,      -11.91580047,      -11.69023977,      -12.36314625,      -11.39037934
          0,           0,         725,      -11.96379521,        -11.922123,      -11.69089496,      -12.53815911,      -11.39505824
          0,           0,         726,       -11.9731529,      -11.93383385,      -11.69114699,      -12.64257619,      -11.40403229
          0,           0,         727,      -11.97513729,       -11.9367175,      -11.69121867,      -12.63487369,      -11.40603069
          0,           0,         728,       -11.9772503,      -11.93944379,      -11.69128017,      -12.62908463,      -11.40811544
          0,           0,         729,      -11.96935947,      -11.92888398,      -11.69089474,      -12.46305528,      -11.40007335
          0,           0,         730,      -11.96871726,      -11.92929657,      -11.69115225,      -12.62582293,      -11.39976667
          0,           0,         731,       -11.9757045,      -11.93761873,      -11.69125867,      -12.69400579,      -11.40654458
          0,           0,         732,      -11.97719589,      -11.93947038,      -11.69128966,      -12.67673927,      -11.40809041
          0,           0,         733,      -11.97219132,      -11.93259449,      -11.69119594,      -12.53666091,      -11.40299372
          0,           0,         734,      -11.97356022,       -11.9351349,      -11.69124719,      -12.67250028,      -11.40455048
          0,           0,         735,      -11.97799877,      -11.94061403,      -11.69127672,      -12.71203525,      -11.40888142
          0,           0,         736,      -11.97886103,      -11.94171919,       -11.6912408,      -12.68479071,      -11.40978391
          0,           0,         737,      -11.97540396,      -11.93690865,      -11.69118853,      -12.58213633,       -11.4062576
          0,           0,         738,      -11.95890579,      -11.91477365,      -11.69018688,       -12.3541659,       -11.3895384
          0,           0,         739,      -11.96272914,      -11.92061279,      -11.69089533,      -12.53173001,      -11.39399752
          0,           0,         740,      -11.97261921,      -11.93304292,      -11.69113437,        -12.641192,      -11.40349381
          0,           0,         741,      -11.97483766,      -11.93624357,      -11.69120784,      -12.63153508,      -11.40572386
          0,           0,         742,      -11.96636994,      -11.92518159,      -11.69084075,      -12.45315198,      -11.39708536
          0,           0,         743,       -11.9687377,      -11.92913279,      -11.69113331,      -12.62121928,      -11.39976762
          0,           0,         744,      -11.97577409,      -11.93768661,      -11.69126047,      -12.69567971,      -11.40660264
          0,           0,         745,      -11.97729425,       -11.9396425,      -11.69128593,      -12.67548833,      -11.40816714
          0,           0,         746,       -11.9715708,      -11.93192455,      -11.69117361,      -12.52994717,      -11.40235144
          0,           0,         747,      -11.97405769,      -11.93423276,      -11.69099038,      -12.48243015,      -11.40488952
          0,           0,         748,      -11.97369199,      -11.93405516,       -11.6908713,      -12.47746088,      -11.40458167
          0,           0,         749,      -11.94941067,      -11.90328159,       -11.6887303,       -12.2553107,      -11.37983804
          0,           0,         750,      -11.94791978,      -11.90362745,      -11.68979052,      -12.40864278,      -11.37929494
          0,           0,         751,      -11.96508585,      -11.92369694,      -11.69000268,      -12.48888543,      -11.39589794
          0,           0,         752,        -11.970999,      -11.93097404,      -11.69015027,      -12.52379641,       -11.4018609
          0,           0,         753,      -11.97163583,      -11.93180155,      -11.69056411,      -12.51398533,      -11.40235629
          0,           0,         754,      -11.95722632,      -11.91266971,      -11.69013661,      -12.34465017,      -11.38777796
          0,           0,         755,      -11.96062413,      -11.91870512,      -11.69077342,      -12.52835534,      -11.39176928
          0,           0,         756,      -11.97212546,      -11.93286678,      -11.69101456,      -12.62771217,        -11.402899
          0,           0,         757,      -11.97450843,      -11.93606575,      -11.69111102,      -12.61159286,       -11.4053364
          0,           0,         758,      -11.96629916,      -11.92493727,       -11.6909246,      -12.44898161,      -11.39698292
          0,           0,         759,      -11.96967922,       -11.9279367,      -11.69069063,      -12.40073458,      -11.40044984
          0,           0,         760,      -11.96050045,      -11.91908029,       -11.6910228,      -12.58720573,      -11.39158833
          0,           0,         761,      -11.97167718,      -11.93229525,      -11.69107013,      -12.64154813,      -11.40246097
          0,           0,         762,      -11.97503991,      -11.93637197,      -11.69106462,       -12.6261938,       -11.4059109
          0,           0,         763,      -11.97043105,      -11.93009841,      -11.69110072,      -12.50666902,      -11.40117506
          0,           0,         764,      -11.97218968,      -11.93332358,      -11.69104093,       -12.6323546,      -11.40315272
          0,           0,         765,      -11.97731648,      -11.93980655,      -11.69097632,      -12.65266088,      -11.40819295
          0,           0,         766,       -11.9783495,      -11.94116175,      -11.69085008,      -12.61855704,      -11.40928208
          0,           0,         767,      -11.97487321,      -11.93622878,       -11.6908113,      -12.53167127,      -11.40573072
          0,           0,         768,      -11.95652086,      -11.91121929,      -11.68987692,      -12.32345357,      -11.38712582
          0,           0,         769,      -11.96079523,      -11.91820645,      -11.69067944,      -12.50852013,      -11.39207977
          0,           0,         770,      -11.97169088,      -11.93194386,      -11.69105002,      -12.62326181,      -11.40254918
          0,           0,         771,      -11.97419614,      -11.93549577,      -11.69118009,      -12.61501562,      -11.40506893
          0,           0,         772,      -11.96504688,      -11.92354981,      -11.69087453,      -12.43830682,        -11.395745
          0,           0,         773,      -11.96751594,      -11.92774104,      -11.69114724,      -12.61539106,      -11.39853833
          0,           0,         774,      -11.97524296,      -11.93712686,      -11.69128336,      -12.69285184,      -11.40604812
          0,           0,         775,      -11.97688917,      -11.93919971,      -11.69127974,      -12.66662436,      -11.40775237
          0,           0,         776,      -11.97066981,      -11.93059482,      -11.69112843,      -12.51448579,      -11.40142487
          0,           0,         777,      -11.94177797,      -11.89223396,      -11.68896041,      -12.23157396,      -11.37220686
          0,           0,         778,      -11.94784765,       -11.9019564,      -11.69026009,      -12.42046974,      -11.37937475
          0,           0,         779,      -11.96264783,      -11.92007756,      -11.69056202,      -12.53403942,      -11.39348156
          0,           0,         780,      -11.97119481,      -11.93081543,      -11.69070304,      -12.57169725,      -11.40207451
          0,           0,         781,      -11.97107746,      -11.93083373,      -11.69093565,      -12.53702483,      -11.40188686
          0,           0,         782,      -11.97445091,      -11.93496073,      -11.69107408,      -12.53163521,      -11.40523846
          0,           0,         783,      -11.97510541,       -11.9362116,      -11.69119184,      -12.54714598,      -11.40595351
          0,           0,         784,      -11.95901246,      -11.91508528,      -11.69015246,      -12.34761525,      -11.38954057
          0,           0,         785,      -11.95778671,      -11.91568054,      -11.69082257,      -12.52638182,      -11.38894924
          0,           0,         786,      -11.97035461,      -11.93058695,      -11.69098496,      -12.61377872,      -11.40112049
          0,           0,         787,      -11.97344365,      -11.93445823,      -11.69105818,      -12.60143713,      -11.40427233
          0,           0,         788,       -11.9641983,      -11.92230231,      -11.69088107,      -12.43627422,      -11.39484364
          0,           0,         789,      -11.96668747,      -11.92670321,      -11.69109822,      -12.60940941,      -11.39769099
          0,           0,         790,      -11.97497036,      -11.93677445,      -11.69118724,       -12.6725907,      -11.40577691
          0,           0,         791,      -11.97662345,      -11.93888863,      -11.69116545,       -12.6404176,      -11.40750623
          0,           0,         792,      -11.97025048,      -11.93010789,      -11.69104187,      -12.50073214,      -11.40100064
          0,           0,         793,      -11.97342877,      -11.93309636,       -11.6909492,       -12.4594675,      -11.40424541
          0,           0,         794,      -11.94520421,      -11.89740831,      -11.68891527,      -12.23842468,      -11.37556801
          0,           0,         795,      -11.94512145,      -11.89945818,      -11.69016842,      -12.41596619,      -11.37658373
          0,           0,         796,      -11.96042106,      -11.91753126,      -11.69039809,      -12.51158857,      -11.39125944
          0,           0,         797,      -11.96980221,      -11.92874536,      -11.69051239,      -12.54613129,      -11.40071645
          0,           0,         798,      -11.97006387,      -11.92938531,      -11.69081203,      -12.51834365,      -11.40082177
          0,           0,         799,      -11.97384242,      -11.93416865,      -11.69106764,      -12.51662277,      -11.40461517
          0,           0,         800,      -11.97462869,      -11.93546574,      -11.69113544,      -12.53419783,      -11.40547128
          0,           0,         801,      -11.95772742,      -11.91345694,      -11.69017451,      -12.33647529,      -11.38825777
          0,           0,         802,      -11.95663312,      -11.91420751,      -11.69084554,      -12.52093499,      -11.38782679
          0,           0,         803,      -11.96986583,      -11.92994882,      -11.69100229,      -12.61312829,      -11.40061389
          0,           0,         804,      -11.97296196,      -11.93390182,      -11.69108237,       -12.5972705,      -11.40378434
          0,           0,         805,      -11.97575819,      -11.93737259,       -11.6911645,       -12.5852455,       -11.4065505
          0,           0,         806,      -11.96524193,      -11.92332503,      -11.69086336,      -12.42455732,      -11.39583997
          0,           0,         807,      -11.96803551,      -11.92562919,      -11.69045957,      -12.37024752,      -11.39880417
          0,           0,         808,       -11.9567717,       -11.9145414,       -11.6909143,       -12.5549033,      -11.38788513
          0,           0,         809,      -11.96965831,      -11.92957182,      -11.69097687,       -12.6127614,      -11.40041735
          0,           0,         810,      -11.97377351,      -11.93460686,      -11.69100349,      -12.60581256,       -11.4046307
          0,           0,         811,      -11.96854665,      -11.92760749,      -11.69104025,      -12.48802484,      -11.39925872
          0,           0,         812,      -11.97072258,      -11.93148933,       -11.6909797,      -12.61479896,      -11.40167758
          0,           0,         813,      -11.97663229,      -11.93892011,      -11.69091728,      -12.63270938,      -11.40749132
          0,           0,         814,      -11.97784868,      -11.94050451,      -11.69075809,       -12.6000644,      -11.40878133
          0,           0,         815,      -11.97395362,      -11.93502969,      -11.69072228,      -12.51276305,      -11.40478734
          0,           0,         816,      -11.95291171,      -11.90693747,      -11.68970325,      -12.30116369,      -11.38345133
          0,           0,         817,      -11.95796634,       -11.9146114,      -11.69059849,      -12.48738367,      -11.38928515
          0,           0,         818,      -11.97039592,      -11.93012918,      -11.69099338,       -12.6074425,      -11.40121942
          0,           0,         819,       -11.9730789,      -11.93406547,      -11.69113621,      -12.59676779,       -11.4039316
          0,           0,         820,      -11.96224703,      -11.91979804,      -11.69071736,      -12.40906002,      -11.39286679
          0,           0,         821,      -11.96522079,      -11.92471628,      -11.69108153,      -12.59131729,      -11.39628654
          0,           0,         822,      -11.97423582,      -11.93574328,      -11.69123489,      -12.67645505,       -11.4050384
          0,           0,         823,      -11.97614639,      -11.93817499,      -11.69126138,      -12.65393074,      -11.40699168
          0,           0,         824,      -11.96879457,      -11.92819082,      -11.69108476,      -12.49174667,      -11.39951595
          0,           0,         825,      -11.93614614,      -11.88524938,      -11.68863079,      -12.20426581,      -11.36651241
          0,           0,         826,      -11.94329264,      -11.89581248,      -11.69012688,      -12.39601121,      -11.37488111
          0,           0,         827,      -11.95967874,      -11.91589294,      -11.69043275,      -12.51708091,      -11.39049651
          0,           0,         828,      -11.96957296,      -11.92844806,      -11.69058665,      -12.55340942,      -11.40043732
          0,           0,         829,      -11.96982888,      -11.92915856,      -11.69086922,      -12.51882038,      -11.40060341
          0,           0,         830,      -11.95016416,      -11.90324346,      -11.68993085,      -12.30535816,      -11.38061248
          0,           0,         831,       -11.9557531,      -11.91231026,      -11.69076976,      -12.50449588,      -11.38701566
          0,           0,         832,       -11.9698907,      -11.92977556,      -11.69104808,      -12.62277893,      -11.40064572
          0,           0,         833,      -11.97283321,      -11.93378798,      -11.69114662,      -12.60452142,      -11.40363033
          0,           0,         834,      -11.96229763,      -11.91990976,      -11.69081457,      -12.41522414,      -11.39291089
          0,           0,         835,      -11.96493223,      -11.92445722,      -11.69110017,      -12.59894408,      -11.39597146
          0,           0,         836,      -11.97426085,      -11.93580176,       -11.6911663,      -12.66964563,      -11.40505315
          0,           0,         837,      -11.97597692,      -11.93802232,      -11.69113979,      -12.63159443,      -11.40683509
          0,           0,         838,      -11.96892962,      -11.92829092,      -11.69101649,      -12.48160274,      -11.39966788
          0,           0,         839,      -11.97082364,      -11.93165691,      -11.69102178,      -12.62397133,      -11.40181255
          0,           0,         840,      -11.97671427,      -11.93901199,      -11.69100864,      -12.65518329,      -11.40755917
          0,           0,         841,      -11.97782421,      -11.94048202,      -11.69093011,       -12.6197475,      -11.40872745
          0,           0,         842,      -11.97314573,      -11.93400167,      -11.69086758,      -12.51502151,      -11.40395431
          0,           0,         843,      -11.97510632,      -11.93566112,      -11.69082866,      -12.48750382,      -11.40594559
          0,           0,         844,      -11.97036081,      -11.93133761,      -11.69097548,      -12.62521325,      -11.40137752
          0,           0,         845,      -11.97617316,      -11.93834135,      -11.69102502,      -12.65786316,      -11.40705151
          0,           0,         846,      -11.97801812,      -11.94053193,      -11.69099502,      -12.64695242,      -11.40894407
          0,           0,         847,      -11.97554377,      -11.93709733,      -11.69103548,      -12.57264308,      -11.40638782
          0,           0,         848,      -11.96129473,       -11.9177113,      -11.69028272,      -12.36921306,      -11.39195879
          0,           0,         849,      -11.96513776,      -11.92072599,      -11.68959624,      -12.30810397,      -11.39603998
          0,           0,         850,      -11.96350214,      -11.91935595,      -11.68880768,       -12.2918919,      -11.39446027
          0,           0,         851,      -11.94756062,      -11.90291896,      -11.68946501,      -12.40785986,      -11.37883362
          0,           0,         852,      -11.96400897,        -11.921642,      -11.68965299,      -12.45863784,      -11.39489258
          0,           0,         853,      -11.96983146,      -11.92894721,      -11.69004278,      -12.49448212,      -11.40069329
          0,           0,         854,        -11.965026,      -11.92309678,      -11.69039099,      -12.42965271,      -11.39566537
          0,           0,         855,      -11.96750049,      -11.92768389,      -11.69072776,      -12.56653387,      -11.39845167
          0,           0,         856,      -11.97497672,      -11.93704827,      -11.69089487,      -12.61911492,      -11.40585211
          0,           0,         857,      -11.97682394,      -11.93931564,      -11.69092464,      -12.60809578,      -11.40777716
          0,           0,         858,      -11.97234174,       -11.9329184,      -11.69093096,      -12.51326827,      -11.40318427
          0,           0,         859,      -11.94936138,      -11.90150048,      -11.68959612,      -12.28081678,      -11.37990248
          0,           0,         860,       -11.9545047,      -11.91008355,       -11.6906525,      -12.48028639,      -11.38587662
          0,           0,         861,      -11.96873295,      -11.92788677,      -11.69104017,       -12.6081157,      -11.39953213
          0,           0,         862,      -11.97171505,      -11.93226894,      -11.69114193,      -12.59030097,      -11.40254524
          0,           0,         863,      -11.95977979,      -11.91694316,      -11.69063099,      -12.38745357,      -11.39039522
          0,           0,         864,      -11.96284697,      -11.92192791,      -11.69103905,      -12.57786192,      -11.39391487
          0,           0,         865,      -11.97324695,      -11.93451372,      -11.69119707,      -12.66697978,      -11.40401374
          0,           0,         866,       -11.9752915,      -11.93720258,      -11.69122483,      -12.63814741,      -11.40612389
          0,           0,         867,      -11.97732597,      -11.93960676,      -11.69125392,      -12.61977345,      -11.40816021
          0,           0,         868,      -11.97799632,      -11.94043375,      -11.69127002,      -12.62414789,      -11.40883511
          0,           0,         869,      -11.96971302,      -11.92927925,      -11.69098215,       -12.4715323,      -11.40041065
          0,           0,         870,      -11.97135367,      -11.93072041,      -11.69071998,      -12.41983442,       -11.4021693
          0,           0,         871,      -11.96953559,      -11.92864336,      -11.69044805,      -12.40533631,      -11.40034084
          0,           0,         872,      -11.95871112,      -11.91734824,      -11.69073671,      -12.54896661,       -11.3897786
          0,           0,         873,      -11.97032545,      -11.93038366,      -11.69076735,        -12.586732,      -11.40113235
          0,           0,         874,      -11.97419136,      -11.93500853,      -11.69088215,      -12.59457224,      -11.40504179
          0,           0,         875,       -11.9706222,      -11.93015518,      -11.69103237,      -12.50974557,      -11.40135531
          0,           0,         876,      -11.97224974,      -11.93341873,      -11.69100809,      -12.62192565,      -11.40321495
          0,           0,         877,      -11.97725922,      -11.93975953,      -11.69093187,      -12.64023369,      -11.40816874
          0,           0,         878,      -11.97841053,      -11.94123542,      -11.69080189,      -12.61317404,      -11.40937768
          0,           0,         879,      -11.96664851,      -11.92636492,      -11.70295529,      -12.53093124,       -11.3958929
          0,           0,         880,      -11.94947734,      -11.90484016,      -11.68918028,      -12.32868546,      -11.37989655
          0,           0,         881,      -11.95912091,      -11.91786316,      -11.68909044,      -12.50522724,      -11.39071466
          0,           0,         882,      -11.97129671,      -11.93269865,      -11.69021458,      -12.61616921,      -11.40247925
          0,           0,         883,      -11.97429711,      -11.93659731,      -11.69076109,       -12.6151353,      -11.40536417
          0,           0,         884,      -11.96662322,      -11.92606594,      -11.69070708,      -12.45026945,      -11.39743971
          0,           0,         885,      -11.96876728,      -11.92974719,      -11.69109022,      -12.62080674,      -11.39983259
          0,           0,         886,      -11.97573956,      -11.93808876,      -11.69127367,      -12.69501414,      -11.40657046
          0,           0,         887,      -11.97717654,       -11.9397844,      -11.69131666,      -12.67711667,      -11.40804591
          0,           0,         888,      -11.97203486,      -11.93272071,      -11.69121365,      -12.53686192,       -11.4028231
          0,           0,         889,      -11.94565667,      -11.89753673,      -11.68931334,       -12.2590698,      -11.37614958
          0,           0,         890,      -11.95188792,      -11.90703131,      -11.69047457,      -12.44821141,      -11.38331363
          0,           0,         891,      -11.96737141,      -11.92607474,      -11.69078373,      -12.56956474,      -11.39817751
          0,           0,         892,      -11.97268514,      -11.93324371,      -11.69085545,      -12.60223499,      -11.40355512
          0,           0,         893,      -11.97295146,       -11.9337125,      -11.69106667,      -12.56537887,      -11.40373032
          0,           0,         894,      -11.97357003,      -11.93520304,      -11.69102336,      -12.64945967,      -11.40443824
          0,           0,         895,      -11.97764993,      -11.94024793,      -11.69100202,      -12.64845743,      -11.40853334
          0,           0,         896,       -11.9703033,      -11.93142819,      -11.70310719,      -12.61448407,      -11.39959023
          0,           0,         897,      -11.96756993,      -11.92938843,      -11.69009705,      -12.54888344,      -11.39827278
          0,           0,         898,      -11.96262614,      -11.92151744,       -11.6888616,      -12.40987537,      -11.39366203
          0,           0,         899,      -11.96790518,      -11.92864361,      -11.69001494,      -12.56675934,       -11.3993448
          0,           0,         900,      -11.97509007,      -11.93744942,      -11.69070887,      -12.65373755,      -11.40613431
          0,           0,         901,      -11.97670035,       -11.9396038,      -11.69102285,      -12.65006108,       -11.4076811
          0,           0,         902,      -11.97124372,      -11.93209763,       -11.6910069,      -12.51505002,      -11.40207801
          0,           0,         903,       -11.9729092,      -11.93467535,      -11.69120732,      -12.65798972,      -11.40392582
          0,           0,         904,      -11.97752111,      -11.94018696,      -11.69131325,      -12.71270456,      -11.40839406
          0,           0,         905,      -11.97846681,      -11.94133317,      -11.69131378,      -12.69575386,      -11.40937125
          0,           0,         906,      -11.97506898,       -11.9365598,      -11.69125878,       -12.5831147,      -11.40591157
          0,           0,         907,      -11.95628174,      -11.91170992,       -11.6900556,      -12.33440003,      -11.38688283
          0,           0,         908,      -11.96115426,      -11.91880513,      -11.69075965,      -12.50813023,      -11.39245949
          0,           0,         909,       -11.9719107,      -11.93225181,      -11.69100878,      -12.61526042,      -11.40277689
          0,           0,         910,      -11.97425991,      -11.93552249,      -11.69109266,      -12.60914468,      -11.40514422
          0,           0,         911,      -11.96451993,      -11.92290368,      -11.69063986,      -12.43349508,      -11.39520557
          0,           0,         912,      -11.96740281,      -11.92759248,      -11.69103084,      -12.60224076,      -11.39845401
          0,           0,         913,      -11.97523295,      -11.93704049,      -11.69117891,      -12.67802411,      -11.40606115
          0,           0,         914,      -11.97691065,      -11.93924352,      -11.69123514,       -12.6628642,      -11.40777861
          0,           0,         915,      -11.97119972,      -11.93143034,      -11.69113224,      -12.51666097,      -11.40197097
          0,           0,         916,      -11.97255021,      -11.93393958,        -11.691225,      -12.66014459,      -11.40354322
          0,           0,         917,      -11.97754605,      -11.94011244,      -11.69127141,        -12.707476,      -11.40841963
          0,           0,         918,      -11.97859161,      -11.94144309,      -11.69124603,      -12.68167715,      -11.40950745
          0,           0,         919,       -11.9746363,      -11.93591344,      -11.69117355,      -12.57270961,       -11.4054747
          0,           0,         920,      -11.95677454,      -11.91202965,      -11.69007513,      -12.33513277,      -11.38737594
          0,           0,         921,      -11.96084406,      -11.91830397,      -11.69083528,      -12.51561284,      -11.39213606
          0,           0,         922,      -11.97158902,      -11.93177788,      -11.69110371,      -12.62888436,      -11.40245143
          0,           0,         923,      -11.97542906,      -11.93698857,      -11.69111264,      -12.65673409,      -11.40635337
          0,           0,         924,      -11.97568315,      -11.93726303,      -11.69124541,       -12.6233313,      -11.40653067
          0,           0,         925,      -11.97726914,      -11.93918619,      -11.69131845,      -12.61081965,      -11.40811482
          0,           0,         926,      -11.96648664,      -11.92466331,      -11.69073682,       -12.4316322,      -11.39717622
          0,           0,         927,       -11.9586749,      -11.91707538,       -11.7034213,      -12.60612373,      -11.38814847
          0,           0,         928,      -11.96530668,      -11.92669476,       -11.6905174,      -12.65481497,      -11.39593183
          0,           0,         929,      -11.97262562,      -11.93555909,      -11.68967596,      -12.63960857,      -11.40383342
          0,           0,         930,      -11.96947269,      -11.93043221,      -11.69025554,      -12.50938547,      -11.40048223
          0,           0,         931,      -11.94065742,      -11.89203878,      -11.68848708,      -12.23142382,      -11.37121206
          0,           0,         932,       -11.9478551,      -11.90248073,      -11.69001648,      -12.41655206,      -11.37938322
          0,           0,         933,      -11.96239158,      -11.92015326,      -11.69040191,      -12.52682557,      -11.39318979
          0,           0,         934,      -11.97107335,      -11.93081863,      -11.69061006,      -12.56470404,      -11.40196166
          0,           0,         935,       -11.9708115,      -11.93062874,      -11.69088039,      -12.53272292,      -11.40160764
          0,           0,         936,      -11.97274345,      -11.93394132,      -11.69093036,      -12.62658792,      -11.40361195
          0,           0,         937,      -11.97723302,      -11.93971339,      -11.69096672,      -12.63755401,      -11.40812494
          0,           0,         938,        -11.978459,      -11.94131431,      -11.69088317,      -12.61667071,      -11.40945561
          0,           0,         939,      -11.97628031,      -11.93811047,      -11.69087356,       -12.5606964,      -11.40721976
          0,           0,         940,      -11.96346113,      -11.92057538,      -11.69037421,      -12.39140695,      -11.39419238
          0,           0,         941,      -11.96692931,      -11.92606063,      -11.69086493,      -12.56206518,      -11.39809014
          0,           0,         942,       -11.9746228,      -11.93585336,      -11.69113877,      -12.65932057,      -11.40548256
          0,           0,         943,      -11.97625373,      -11.93832923,      -11.69121638,      -12.64946914,      -11.40715415
          0,           0,         944,      -11.96968974,      -11.92954671,      -11.69102859,      -12.49630885,      -11.40045111
          0,           0,         945,      -11.97174701,      -11.93289857,      -11.69120783,      -12.64953238,      -11.40276385
          0,           0,         946,      -11.97718901,      -11.93956742,      -11.69130777,      -12.70937117,      -11.40805614
          0,           0,         947,      -11.97823988,      -11.94093566,      -11.69128997,      -12.68810019,      -11.40914339
          0,           0,         948,      -11.97428099,      -11.93544901,      -11.69123003,      -12.56943475,      -11.40511207
          0,           0,         949,      -11.95384417,      -11.90774236,      -11.68992836,      -12.31565216,      -11.38444766
          0,           0,         950,      -11.95878009,      -11.91555298,       -11.6907151,      -12.50091899,       -11.3901219
          0,           0,         951,      -11.97084195,      -11.93067068,      -11.69098153,      -12.61390058,      -11.40168809
          0,           0,         952,      -11.97340218,      -11.93435171,      -11.69108377,       -12.5997762,      -11.40426884
          0,           0,         953,      -11.96362615,      -11.92152364,      -11.69063947,      -12.41634584,      -11.39431098
          0,           0,         954,      -11.96606017,      -11.92587228,      -11.69101395,      -12.59290632,      -11.39709565
          0,           0,         955,      -11.97457576,       -11.9362636,      -11.69116183,      -12.67386156,      -11.40537404
          0,           0,         956,       -11.9764268,      -11.93858067,      -11.69121855,      -12.65330776,      -11.40727535
          0,           0,         957,      -11.96963045,      -11.92939389,      -11.69107434,      -12.49869592,      -11.40038607
          0,           0,         958,      -11.93717692,      -11.88667712,       -11.6886431,       -12.2122856,      -11.36756325
          0,           0,         959,      -11.94452378,      -11.89750247,      -11.69000989,      -12.39768239,      -11.37609452
          0,           0,         960,        -11.960373,      -11.91691485,      -11.69028792,      -12.51068424,      -11.39119215
          0,           0,         961,      -11.97000524,      -11.92901441,      -11.69047769,      -12.54466313,      -11.40087903
          0,           0,         962,      -11.97422625,      -11.93475203,      -11.69068619,      -12.57050363,      -11.40505721
          0,           0,         963,      -11.97255986,      -11.93263088,      -11.69098289,      -12.52527744,       -11.4033017
          0,           0,         964,      -11.97300278,      -11.93447373,      -11.69096109,      -12.62205392,      -11.40396592
          0,           0,         965,      -11.97752914,      -11.94015989,      -11.69089736,      -12.63652457,      -11.40844518
          0,           0,         966,      -11.97866358,      -11.94152741,      -11.69077545,      -12.61331706,      -11.40963525
          0,           0,         967,      -11.97603403,      -11.93770568,      -11.69078548,      -12.54799422,      -11.40693981
          0,           0,         968,       -11.9774308,      -11.93907262,      -11.69080902,       -12.5310268,       -11.4083352
          0,           0,         969,       -11.9771815,      -11.93887701,      -11.69090122,      -12.54897079,      -11.40807417
          0,           0,         970,      -11.96480405,      -11.92300116,      -11.69035343,      -12.39126607,      -11.39545603
          0,           0,         971,      -11.96402104,      -11.92340325,      -11.69087661,      -12.55452942,      -11.39519235
          0,           0,         972,      -11.97303288,      -11.93410404,       -11.6910936,      -12.63599953,      -11.40393142
          0,           0,         973,      -11.97532532,      -11.93700506,       -11.6911978,      -12.63308459,      -11.40622221
          0,           0,         974,      -11.96806497,      -11.92718857,      -11.69094919,       -12.4815984,      -11.39877535
          0,           0,         975,      -11.97036007,      -11.93121711,      -11.69120202,      -12.63914818,      -11.40136051
          0,           0,         976,      -11.97650817,      -11.93874325,      -11.69127531,      -12.70158614,      -11.40735612
          0,           0,         977,      -11.97784012,      -11.94043792,      -11.69127263,      -12.68133779,      -11.40873451
          0,           0,         978,      -11.97324354,       -11.9340215,      -11.69119099,      -12.55116871,       -11.4040628
          0,           0,         979,      -11.95019646,      -11.90320904,      -11.68964049,      -12.29100842,      -11.38071874
          0,           0,         980,      -11.95591652,      -11.91181215,      -11.69062834,      -12.47666119,      -11.38731973
          0,           0,         981,       -11.9694751,      -11.92865541,      -11.69095086,      -12.59388874,      -11.40031218
          0,           0,         982,      -11.97397558,      -11.93486748,      -11.69098851,      -12.62665435,      -11.40487489
          0,           0,         983,      -11.97423099,      -11.93535805,      -11.69116662,      -12.59113952,      -11.40505962
          0,           0,         984,      -11.97478786,      -11.93660523,      -11.69107501,      -12.66326902,      -11.40567506
          0,           0,         985,      -11.97821938,      -11.94089632,      -11.69103642,       -12.6557495,      -11.40911815
          0,           0,         986,       -11.9791495,      -11.94208422,      -11.69091935,      -12.63001776,      -11.41013004
          0,           0,         987,      -11.97752258,      -11.93968599,      -11.69087591,      -12.58285989,      -11.40846585
          0,           0,         988,      -11.96787236,      -11.92661728,       -11.6905516,      -12.43488541,      -11.39864792
          0,           0,         989,      -11.97037838,      -11.93064973,      -11.69090688,      -12.58638946,      -11.40150492
          0,           0,         990,      -11.97621669,      -11.93810239,      -11.69111861,       -12.6685502,       -11.4071083
          0,           0,         991,       -11.9775287,      -11.93998966,      -11.69120543,      -12.66283308,      -11.40845207
          0,           0,         992,      -11.97271966,      -11.93345929,      -11.69110366,      -12.54145535,      -11.40354236
          0,           0,         993,      -11.97499955,      -11.93567368,      -11.69093101,      -12.49652505,      -11.40585474
          0,           0,         994,      -11.97460504,      -11.93553211,       -11.6908349,       -12.4909017,       -11.4055179
          0,           0,         995,      -11.96776644,      -11.92823236,      -11.69100489,      -12.60897332,       -11.3988026
          0,           0,         996,      -11.97472575,      -11.93618531,      -11.69104479,      -12.64501202,      -11.40560303
          0,           0,         997,      -11.97702985,      -11.93894529,      -11.69111152,      -12.65471483,      -11.40795038
          0,           0,         998,      -11.97486199,      -11.93599084,      -11.69120668,      -12.58957037,      -11.40570802
          0,           0,         999,      -11.95909468,      -11.91455406,      -11.69032071,      -12.36700885,      -11.38978574
          0,           0,        1000,      -11.96358387,      -11.92160293,      -11.69096607,      -12.54701313,      -11.39482706
          0,           0,        1001,      -11.97320003,      -11.93373985,      -11.69118085,      -12.65814226,       -11.4040413
          0,           0,        1002,      -11.97536681,      -11.93689208,      -11.69123485,      -12.64590322,      -11.40623287
          0,           0,        1003,      -11.96771284,      -11.92688859,      -11.69094244,      -12.47019489,       -11.3984446
          0,           0,        1004,      -11.96979938,      -11.93039022,      -11.69118806,      -12.63630918,      -11.40082339
          0,           0,        1005,      -11.97632316,      -11.93840446,      -11.69128536,      -12.70473254,      -11.40716484
          0,           0,        1006,      -11.97774633,      -11.94027696,      -11.69129827,      -12.68285239,      -11.40863643
          0,           0,        1007,      -11.97258999,      -11.93327905,      -11.69120085,      -12.54584998,      -11.40338183
          0,           0,        1008,      -11.94851023,      -11.90137612,      -11.68946868,      -12.27519234,      -11.37903214
          0,           0,        1009,      -11.95337025,      -11.90873974,      -11.69056895,      -12.46059109,      -11.38476728
          0,           0,        1010,      -11.96844127,      -11.92741861,      -11.69083964,      -12.57969658,      -11.39926121
          0,           0,        1011,      -11.97152512,      -11.93185818,      -11.69092276,       -12.5658684,        -11.402354
          0,           0,        1012,      -11.95846074,      -11.91511486,      -11.69025323,      -12.37227826,       -11.3890579
          0,           0,        1013,      -11.96186525,      -11.92053835,      -11.69081177,      -12.54781853,      -11.39293178
          0,           0,        1014,      -11.97266618,      -11.93366028,      -11.69101026,       -12.6383927,       -11.4034285
          0,           0,        1015,      -11.97508749,      -11.93683367,      -11.69111611,      -12.62323275,      -11.40590955
          0,           0,        1016,      -11.96742767,      -11.92643279,       -11.6909537,      -12.46403611,      -11.39813049
          0,           0,        1017,      -11.96921187,      -11.92971871,      -11.69114191,      -12.62491443,      -11.40021869
          0,           0,        1018,      -11.97602598,      -11.93815009,      -11.69118791,      -12.68204827,      -11.40685692
          0,           0,        1019,       -11.9773833,      -11.93983136,      -11.69116504,       -12.6519153,      -11.40827284
          0,           0,        1020,      -11.97220637,      -11.93287585,      -11.69112099,      -12.52208235,      -11.40300028
          0,           0,        1021,      -11.97364823,      -11.93525333,      -11.69105073,      -12.64558041,      -11.40462664
          0,           0,        1022,       -11.9778835,      -11.94055849,      -11.69106319,      -12.66955961,      -11.40876597
          0,           0,        1023,      -11.97878766,      -11.94169508,      -11.69098123,      -12.64101368,      -11.40971114
          0,           0,        1024,      -11.97550393,      -11.93708402,      -11.69093371,      -12.55837264,      -11.40635379
          0,           0,        1025,      -11.95866909,      -11.91416894,       -11.6900528,      -12.34315932,      -11.38929815
          0,           0,        1026,      -11.96245202,      -11.92033459,      -11.69079146,       -12.5219301,      -11.39372142
          0,           0,        1027,      -11.97240955,      -11.93285439,      -11.69108694,      -12.63222959,      -11.40328671
          0,           0,        1028,      -11.97480139,      -11.93617667,      -11.69119862,      -12.62565108,      -11.40568806
          0,           0,        1029,      -11.97694869,      -11.93901801,      -11.69127513,      -12.62175228,      -11.40780485
          0,           0,        1030,      -11.96791392,      -11.92675617,      -11.69083934,      -12.45493884,        -11.398596
          0,           0,        1031,      -11.96810651,      -11.92849732,      -11.69114171,      -12.61966097,      -11.39916467
          0,           0,        1032,      -11.97553247,      -11.93737005,      -11.69126116,      -12.69099685,      -11.40636099
          0,           0,        1033,      -11.97709353,      -11.93934652,       -11.6912867,      -12.67439537,      -11.40796755
          0,           0,        1034,      -11.97167269,      -11.93218855,      -11.69121115,      -12.53829173,      -11.40245267
          0,           0,        1035,      -11.97323904,      -11.93476467,      -11.69124765,      -12.67232892,       -11.4042269
          0,           0,        1036,      -11.97777541,      -11.94038871,      -11.69126677,      -12.70980137,      -11.40865665
          0,           0,        1037,      -11.97866708,      -11.94150502,      -11.69121179,      -12.67794685,      -11.40958734
          0,           0,        1038,      -11.97514276,       -11.9365474,      -11.69114638,      -12.57670583,      -11.40599087
          0,           0,        1039,      -11.95700605,      -11.91260018,      -11.69011884,      -12.34534494,      -11.38760777
          0,           0,        1040,       -11.9617598,      -11.91942149,      -11.69083371,      -12.52230891,      -11.39304828
          0,           0,        1041,      -11.97212917,      -11.93241816,      -11.69111864,      -12.63346243,      -11.40299898
          0,           0,        1042,      -11.97433861,      -11.93563133,      -11.69118024,      -12.62036038,      -11.40521579
          0,           0,        1043,      -11.96537801,        -11.924048,      -11.69075879,      -12.44148293,      -11.39609621
          0,           0,        1044,      -11.96779088,       -11.9279159,      -11.69109257,      -12.60876516,      -11.39883605
          0,           0,        1045,      -11.97544518,       -11.9372504,       -11.6912195,      -12.68657561,      -11.40627152
          0,           0,        1046,      -11.97703537,      -11.93931271,      -11.69126103,      -12.66935704,      -11.40790471
          0,           0,        1047,      -11.97118497,      -11.93139273,      -11.69114305,      -12.52322963,      -11.40196137
          0,           0,        1048,      -11.94382863,      -11.89479295,      -11.68910004,      -12.24025756,      -11.37431558
          0,           0,        1049,      -11.94961412,      -11.90398867,      -11.69030484,      -12.42750677,      -11.38109379
          0,           0,        1050,      -11.96639743,      -11.92457747,      -11.69058481,      -12.54558391,      -11.39719343
          0,           0,        1051,      -11.96992489,      -11.92985093,      -11.69067367,      -12.53243252,      -11.40073646
          0,           0,        1052,      -11.95576582,      -11.91185817,      -11.68995292,      -12.34002835,      -11.38633793
          0,           0,        1053,      -11.95924788,       -11.9174939,      -11.69060295,      -12.51596002,      -11.39032199
          0,           0,        1054,      -11.97157117,      -11.93234212,      -11.69083509,      -12.60793244,      -11.40229522
          0,           0,        1055,      -11.97419761,      -11.93574278,      -11.69099134,      -12.59457902,      -11.40499962
          0,           0,        1056,       -11.9643492,      -11.92240556,      -11.69078011,      -12.43007458,      -11.39499645
          0,           0,        1057,        -11.966833,      -11.92680648,      -11.69104654,      -12.59824124,      -11.39785661
          0,           0,        1058,       -11.9749598,      -11.93677991,      -11.69112472,      -12.66261059,      -11.40577136
          0,           0,        1059,      -11.97672015,      -11.93903382,      -11.69109391,      -12.63308632,      -11.40759265
          0,           0,        1060,      -11.96199937,      -11.92015205,      -11.70324697,      -12.49811423,      -11.39117447
          0,           0,        1061,      -11.96390125,      -11.92348177,      -11.69012848,      -12.44790394,      -11.39449424
          0,           0,        1062,      -11.94339098,      -11.89556694,       -11.6872929,      -12.23790264,      -11.37406171
          0,           0,        1063,      -11.94482307,      -11.90002012,       -11.6894062,      -12.41929278,      -11.37662982
          0,           0,        1064,       -11.9605825,      -11.91820484,      -11.69006774,      -12.51421852,      -11.39163858
          0,           0,        1065,      -11.96988476,      -11.92943229,       -11.6904093,      -12.55275431,      -11.40088047
          0,           0,        1066,      -11.97031047,      -11.93008374,      -11.69083803,      -12.52789023,      -11.40112504
          0,           0,        1067,      -11.95390814,       -11.9085516,      -11.69026325,       -12.3308693,      -11.38446013
          0,           0,        1068,      -11.95833412,       -11.9155252,      -11.69090219,      -12.52578712,      -11.38953236
          0,           0,        1069,      -11.97104037,      -11.93131063,      -11.69112424,      -12.64176731,      -11.40180166
          0,           0,        1070,      -11.97376594,      -11.93505634,      -11.69119412,      -12.62060137,      -11.40459274
          0,           0,        1071,      -11.96397102,      -11.92157447,      -11.69090303,       -12.4333734,       -11.3946199
          0,           0,        1072,      -11.96669151,      -11.92647423,       -11.6911441,      -12.61249101,      -11.39770825
          0,           0,        1073,      -11.97489378,      -11.93661983,      -11.69118381,      -12.67533637,       -11.4056949
          0,           0,        1074,      -11.97664165,      -11.93891546,      -11.69114219,      -12.64036483,      -11.40749826
          0,           0,        1075,      -11.97000497,      -11.92978414,      -11.69098667,      -12.49077668,      -11.40073858
          0,           0,        1076,      -11.97178259,      -11.93293902,      -11.69103179,      -12.62799104,      -11.40278468
          0,           0,        1077,      -11.97708892,       -11.9395196,      -11.69103178,      -12.66349898,      -11.40795615
          0,           0,        1078,      -11.97820491,      -11.94097426,      -11.69095396,       -12.6325084,      -11.40911598
          0,           0,        1079,      -11.97382794,      -11.93501758,      -11.69089793,       -12.5368378,      -11.40463984
          0,           0,        1080,      -11.95356591,      -11.90746952,      -11.68976346,      -12.30391646,      -11.38413864
          0,           0,        1081,      -11.95825365,      -11.91488339,      -11.69064008,      -12.49098872,        -11.389594
          0,           0,        1082,      -11.97042401,      -11.93017583,      -11.69101904,      -12.61100489,      -11.40127096
          0,           0,        1083,      -11.97317238,      -11.93413683,      -11.69114125,      -12.60351101,      -11.40403013
          0,           0,        1084,      -11.96283643,      -11.92093124,      -11.69072243,      -12.41640199,      -11.39348416
          0,           0,        1085,      -11.96582811,      -11.92564731,      -11.69107924,      -12.59695186,      -11.39687159
          0,           0,        1086,       -11.9745763,      -11.93629922,      -11.69123234,      -12.68176761,      -11.40537779
          0,           0,        1087,      -11.97638327,      -11.93857104,      -11.69126546,      -12.66012556,      -11.40722445
          0,           0,        1088,      -11.96919056,      -11.92895371,      -11.69109211,      -12.49885452,      -11.39991525
          0,           0,        1089,      -11.97268009,      -11.93246212,      -11.69091806,      -12.45042674,      -11.40351407
          0,           0,        1090,      -11.97214356,      -11.93186257,      -11.69072938,      -12.44718585,       -11.4029816
          0,           0,        1091,      -11.97079313,      -11.93095439,      -11.69051772,       -12.4401847,      -11.40163232
          0,           0,        1092,      -11.96099286,      -11.92016487,      -11.69065147,      -12.55079224,       -11.3919843
          0,           0,        1093,      -11.97117742,       -11.9316116,      -11.69065813,      -12.58021051,      -11.40198123
          0,           0,        1094,      -11.97471949,       -11.9356603,      -11.69079256,      -12.58631505,      -11.40558839
          0,           0,        1095,      -11.97195459,      -11.93202143,      -11.69098557,      -12.52138615,      -11.40275268
          0,           0,        1096,      -11.97357705,      -11.93512016,      -11.69090919,      -12.61432706,      -11.40454713
          0,           0,        1097,       -11.9778129,       -11.9404752,      -11.69084855,      -12.62715913,      -11.40874598
          0,           0,        1098,       -11.9787932,      -11.94176556,      -11.69072099,      -12.60561347,      -11.40976845
          0,           0,        1099,      -11.97600351,      -11.93780438,      -11.69071302,      -12.54429619,      -11.40689797
          0,           0,        1100,      -11.96272855,      -11.91952332,      -11.69019228,      -12.37356902,      -11.39342081
          0,           0,        1101,      -11.96588215,      -11.92477135,      -11.69074305,      -12.54349822,      -11.39707457
          0,           0,        1102,      -11.97402329,       -11.9350991,      -11.69107187,      -12.64086653,       -11.4048969
          0,           0,        1103,      -11.97589128,      -11.93780598,      -11.69117335,      -12.63592476,      -11.40681411
          0,           0,        1104,      -11.96940404,      -11.92905364,      -11.69097559,      -12.48693157,      -11.40017611
          0,           0,        1105,      -11.93609627,      -11.88549283,      -11.68819863,      -12.20157648,      -11.36647549
          0,           0,        1106,      -11.94374553,      -11.89663697,      -11.68974909,      -12.37740001,      -11.37537653
          0,           0,        1107,      -11.95740591,      -11.91936907,      -11.72768119,      -12.48620647,      -11.38916907
          0,           0,        1108,      -11.97532791,      -11.93582912,      -11.70395832,      -12.50363875,      -11.40517984
          0,           0,        1109,      -11.97576412,      -11.93259923,      -11.69081146,      -12.51092007,      -11.40632113
          0,           0,        1110,      -11.97924829,      -11.93690073,      -11.68877627,      -12.50994794,      -11.41035364
          0,           0,        1111,      -11.97981097,      -11.93916579,       -11.6892922,      -12.50470161,      -11.41117788
          0,           0,        1112,      -11.97623311,      -11.93558799,       -11.6898534,      -12.47946014,      -11.40748855
          0,           0,        1113,      -11.96051055,       -11.9151119,      -11.68949915,      -12.33835299,      -11.39135883
          0,           0,        1114,      -11.96444907,      -11.92211802,       -11.6905069,       -12.5052033,      -11.39572701
          0,           0,        1115,      -11.97269972,      -11.93298333,      -11.69098227,      -12.61371522,      -11.40361585
          0,           0,        1116,      -11.97481076,      -11.93631589,      -11.69114175,      -12.61861458,      -11.40574559
          0,           0,        1117,      -11.96772442,      -11.92726408,       -11.6909158,      -12.47045983,      -11.39851263
          0,           0,        1118,      -11.97167034,      -11.93116628,      -11.69061092,      -12.42385335,      -11.40254177
          0,           0,        1119,      -11.93821518,      -11.88803982,      -11.68735866,      -12.18919096,      -11.36855399
          0,           0,        1120,      -11.93860897,      -11.89129227,      -11.68888666,      -12.33546677,      -11.37024007
          0,           0,        1121,      -11.95666578,      -11.91236005,      -11.68911748,      -12.41007261,      -11.38755171
          0,           0,        1122,      -11.96720726,      -11.92511696,      -11.68944285,      -12.45282833,      -11.39810065
          0,           0,        1123,      -11.96766163,      -11.92637819,      -11.69002805,      -12.44991249,      -11.39839605
          0,           0,        1124,      -11.96995963,      -11.93049466,        -11.690341,      -12.54036981,       -11.4007914
          0,           0,        1125,      -11.97559546,      -11.93775381,        -11.690556,      -12.56419655,      -11.40652379
          0,           0,        1126,      -11.97731531,      -11.93998218,      -11.69056835,      -12.56015917,      -11.40837611
          0,           0,        1127,      -11.97485282,      -11.93623655,      -11.69063305,      -12.51746087,      -11.40581901
          0,           0,        1128,      -11.96052162,      -11.91658109,      -11.69017897,      -12.35503179,      -11.39123006
          0,           0,        1129,      -11.96401167,      -11.92234727,      -11.69072564,      -12.53335537,      -11.39519535
          0,           0,        1130,      -11.97304841,      -11.93393956,      -11.69105032,      -12.63717363,      -11.40387538
          0,           0,        1131,      -11.97507555,      -11.93686628,      -11.69113851,      -12.62539015,      -11.40595864
          0,           0,        1132,      -11.96778824,      -11.92711418,      -11.69095309,       -12.4696077,      -11.39853496
          0,           0,        1133,      -11.97014253,      -11.93097865,      -11.69114587,      -12.63193623,      -11.40116128
          0,           0,        1134,         -11.97638,      -11.93856173,      -11.69124885,      -12.69346192,      -11.40721871
          0,           0,        1135,      -11.97767938,      -11.94020553,      -11.69124275,       -12.6703862,      -11.40856625
          0,           0,        1136,      -11.97257159,      -11.93324896,      -11.69112903,      -12.53742959,      -11.40336025
          0,           0,        1137,      -11.97500731,      -11.93557023,      -11.69103592,      -12.49913192,       -11.4058627
          0,           0,        1138,      -11.97419549,      -11.93462786,      -11.69095245,      -12.49869597,      -11.40507337
          0,           0,        1139,      -11.97352652,      -11.93445381,      -11.69084706,      -12.49536118,      -11.40437693
          0,           0,        1140,      -11.96621285,      -11.92654336,      -11.69092692,      -12.60508917,      -11.39720866
          0,           0,        1141,      -11.97380781,      -11.93499924,      -11.69093947,      -12.62954794,      -11.40466688
          0,           0,        1142,      -11.97648031,      -11.93812103,      -11.69101423,      -12.63218333,         -11.40739
          0,           0,        1143,      -11.97408988,      -11.93489754,      -11.69110842,      -12.56865949,      -11.40492615
          0,           0,        1144,       -11.9593385,      -11.91501505,      -11.69039232,      -12.36589462,      -11.39000611
          0,           0,        1145,      -11.96328294,      -11.92146642,      -11.69097196,      -12.54992381,      -11.39451106
          0,           0,        1146,      -11.97303004,      -11.93369058,      -11.69119715,      -12.66138084,      -11.40386161
          0,           0,        1147,      -11.97539338,      -11.93700013,      -11.69126722,      -12.64741463,      -11.40624775
          0,           0,        1148,      -11.97743662,      -11.93959756,      -11.69132666,      -12.63451883,      -11.40829553
          0,           0,        1149,      -11.96862291,      -11.92787392,      -11.69097251,      -12.46758099,      -11.39929496
          0,           0,        1150,      -11.96144004,      -11.91834116,      -11.70289842,      -12.41774818,      -11.39066715
          0,           0,        1151,      -11.95355728,      -11.91252813,      -11.69027051,      -12.57127741,      -11.38441716
          0,           0,        1152,      -11.96852075,      -11.93018515,      -11.68950861,      -12.62570851,      -11.39970906
          0,           0,        1153,      -11.97411615,      -11.93644992,      -11.69025305,      -12.62908638,      -11.40533567
          0,           0,        1154,      -11.97079476,      -11.93144861,      -11.69074565,       -12.5312904,      -11.40171065
          0,           0,        1155,       -11.9727886,      -11.93479739,      -11.69098028,      -12.65264405,      -11.40382502
          0,           0,        1156,      -11.97754943,      -11.94059214,      -11.69109188,      -12.68104582,      -11.40846175
          0,           0,        1157,       -11.9784881,       -11.9416151,       -11.6910854,      -12.65579921,      -11.40944304
          0,           0,        1158,      -11.97502294,      -11.93655175,      -11.69105553,      -12.56603109,      -11.40589805
          0,           0,        1159,      -11.95901346,      -11.91490045,      -11.69022196,      -12.35498242,      -11.38965848
          0,           0,        1160,      -11.96290338,      -11.92076087,      -11.69087113,      -12.53620434,      -11.39413363
          0,           0,        1161,      -11.97261703,      -11.93315569,      -11.69116367,      -12.64832359,      -11.40346661
          0,           0,        1162,       -11.9746637,      -11.93612502,      -11.69123858,      -12.63415288,      -11.40554069
          0,           0,        1163,      -11.96689368,      -11.92598822,      -11.69091494,      -12.46090736,      -11.39762831
          0,           0,        1164,       -11.9227941,      -11.86872222,      -11.69988734,      -12.18191912,      -11.35187359
          0,           0,        1165,      -11.93177842,      -11.88370621,      -11.68872161,      -12.35361315,      -11.36319573
          0,           0,        1166,      -11.95375023,      -11.91010572,      -11.68829836,      -12.45784783,      -11.38499813
          0,           0,        1167,      -11.96671541,      -11.92588276,       -11.6892372,      -12.49695154,      -11.39796001
          0,           0,        1168,      -11.96706532,       -11.9263561,      -11.68997008,      -12.46985483,      -11.39796652
          0,           0,        1169,      -11.96937345,      -11.93038131,      -11.69044784,      -12.57332988,      -11.40032043
          0,           0,        1170,      -11.97554635,      -11.93814227,      -11.69068413,      -12.60108708,      -11.40647995
          0,           0,        1171,      -11.97721407,      -11.94016966,      -11.69076291,      -12.58937401,      -11.40825072
          0,           0,        1172,      -11.97421816,      -11.93564169,      -11.69081826,      -12.52823943,      -11.40517353
          0,           0,        1173,      -11.95658179,      -11.91194125,      -11.69007043,      -12.33839032,      -11.38723167
          0,           0,        1174,      -11.96219614,      -11.91663577,      -11.68947688,      -12.28459367,      -11.39304672
          0,           0,        1175,      -11.94890329,      -11.90386862,      -11.69035673,      -12.46318078,      -11.38023422
          0,           0,        1176,      -11.96523739,      -11.92350097,      -11.69064722,      -12.54181618,      -11.39607984
          0,           0,        1177,      -11.97089534,      -11.93083691,      -11.69082925,      -12.56116198,      -11.40183143
          0,           0,        1178,      -11.96405258,      -11.92205621,      -11.69076089,       -12.4411734,      -11.39470902
          0,           0,        1179,      -11.96695463,      -11.92685889,      -11.69103501,      -12.60358407,      -11.39790027
          0,           0,        1180,      -11.97491374,      -11.93668367,      -11.69115164,      -12.66535081,      -11.40571639
          0,           0,        1181,      -11.97683206,      -11.93912696,      -11.69112665,      -12.64087485,      -11.40772341
          0,           0,        1182,      -11.97126842,      -11.93143029,      -11.69108083,      -12.51346836,      -11.40205953
          0,           0,        1183,      -11.94391706,      -11.89513843,      -11.68923651,      -12.24657441,      -11.37435328
          0,           0,        1184,      -11.95018571,      -11.90478942,      -11.69049632,      -12.44461914,      -11.38164138
          0,           0,        1185,      -11.96395294,      -11.92176248,      -11.69081042,      -12.56869736,      -11.39477655
          0,           0,        1186,      -11.97192627,      -11.93189943,      -11.69088365,      -12.59994534,      -11.40282326
          0,           0,        1187,      -11.97199384,      -11.93208957,      -11.69107579,      -12.55577345,      -11.40278903
          0,           0,        1188,      -11.95602864,        -11.910821,      -11.69037864,      -12.35003702,      -11.38658067
          0,           0,        1189,      -11.96008057,      -11.91759858,      -11.69098419,       -12.5443325,      -11.39127715
          0,           0,        1190,      -11.97185131,      -11.93222618,      -11.69119169,      -12.65836226,      -11.40264319
          0,           0,        1191,      -11.97444257,      -11.93581591,       -11.6912488,      -12.63470798,      -11.40526706
          0,           0,        1192,      -11.96447126,      -11.92234629,      -11.69094278,      -12.44090345,      -11.39512565
          0,           0,        1193,      -11.96732965,      -11.92724122,      -11.69116173,      -12.61826179,      -11.39836237
          0,           0,        1194,      -11.97523741,      -11.93709189,      -11.69121867,      -12.68591539,      -11.40605211
          0,           0,        1195,      -11.97694056,      -11.93925292,      -11.69116966,      -12.64848004,      -11.40781317
          0,           0,        1196,      -11.97113957,      -11.93131811,       -11.6910737,      -12.50969022,      -11.40190164
          0,           0,        1197,      -11.97257173,       -11.9339586,      -11.69105958,      -12.63913297,      -11.40356443
          0,           0,        1198,      -11.97750006,      -11.94003468,      -11.69105824,        -12.666958,      -11.40837199
          0,           0,        1199,      -11.97841512,      -11.94121239,      -11.69095818,      -12.63570038,      -11.40933434
          0,           0,        1200,      -11.97463636,      -11.93596552,      -11.69092927,      -12.54390733,      -11.40547346
          0,           0,        1201,       -11.9557605,      -11.91040476,      -11.68988342,      -12.32028652,      -11.38634345
          0,           0,        1202,      -11.96012161,      -11.91724218,      -11.69070885,      -12.50246881,      -11.39144111
          0,           0,        1203,       -11.9714724,       -11.9314413,      -11.69104661,      -12.61750046,      -11.40233143
          0,           0,        1204,      -11.97385769,       -11.9350655,       -11.6911541,      -12.61000266,      -11.40472782
          0,           0,        1205,      -11.97471515,      -11.93653221,      -11.69107274,      -12.67128855,      -11.40561797
          0,           0,        1206,       -11.9779536,      -11.94035151,      -11.69106943,      -12.66382117,      -11.40881584
          0,           0,        1207,      -11.97048892,      -11.93147567,       -11.7032043,      -12.62890331,      -11.39974852
          0,           0,        1208,      -11.96846927,      -11.93050173,      -11.69018635,      -12.57048211,      -11.39918195
          0,           0,        1209,      -11.97518631,      -11.93840078,      -11.68930341,      -12.56800334,      -11.40645127
          0,           0,        1210,      -11.96996861,      -11.93044579,      -11.68978584,      -12.46463102,      -11.40102073
          0,           0,        1211,      -11.97099733,      -11.93258822,      -11.69056987,      -12.60482497,      -11.40224908
          0,           0,        1212,      -11.97641565,      -11.93907788,      -11.69097311,      -12.67163747,      -11.40739138
          0,           0,        1213,      -11.97785624,      -11.94081986,      -11.69118217,      -12.67340814,      -11.40881246
          0,           0,        1214,      -11.97377105,      -11.93519845,      -11.69117625,      -12.56473796,      -11.40461573
          0,           0,        1215,      -11.95470158,      -11.90982104,      -11.68978316,      -12.31678427,      -11.38531035
          0,           0,        1216,      -11.95938883,      -11.91258899,      -11.68825166,      -12.23088454,      -11.39031486
          0,           0,        1217,      -11.94380451,      -11.89769122,      -11.68924372,       -12.3734504,      -11.37529311
          0,           0,        1218,       -11.9625413,      -11.91975595,      -11.68943891,      -12.43726887,      -11.39340226
          0,           0,        1219,      -11.96871512,      -11.92773034,      -11.68974898,      -12.46466661,      -11.39957377
          0,           0,        1220,      -11.96110897,      -11.91845326,      -11.68971764,      -12.37215457,      -11.39172657
          0,           0,        1221,      -11.96388467,      -11.92333283,      -11.69031084,      -12.51548402,      -11.39483265
          0,           0,        1222,      -11.97340403,      -11.93513512,      -11.69063375,      -12.58621664,      -11.40419558
          0,           0,        1223,      -11.97557283,      -11.93776674,      -11.69083219,      -12.58828529,      -11.40646205
          0,           0,        1224,      -11.96932642,      -11.92904944,      -11.69088907,       -12.4795926,      -11.40011126
          0,           0,        1225,      -11.97118351,       -11.9322237,      -11.69100379,      -12.61346911,      -11.40220088
          0,           0,        1226,      -11.97679208,      -11.93920935,      -11.69102195,      -12.65491187,      -11.40766435
          0,           0,        1227,      -11.97799241,       -11.9407652,      -11.69096639,      -12.62831878,      -11.40891365
          0,           0,        1228,      -11.97379472,       -11.9348551,      -11.69093163,      -12.53420692,      -11.40462319
          0,           0,        1229,      -11.97567145,      -11.93667112,      -11.69093545,       -12.5065313,      -11.40652998
          0,           0,        1230,      -11.95605936,      -11.91060884,      -11.68963718,      -12.31133221,      -11.38660745
          0,           0,        1231,      -11.95636243,      -11.91326378,      -11.69058689,      -12.48496027,        -11.387696
          0,           0,        1232,      -11.96930408,      -11.92904105,      -11.69089255,       -12.5798184,      -11.40019616
          0,           0,        1233,       -11.9726737,      -11.93349456,      -11.69100089,       -12.5808461,      -11.40356401
          0,           0,        1234,       -11.9628842,      -11.92063756,      -11.69064961,      -12.40964418,      -11.39353116
          0,           0,        1235,      -11.96519615,      -11.92486701,       -11.6910231,      -12.59023034,      -11.39621351
          0,           0,        1236,      -11.97425305,      -11.93588169,      -11.69117379,      -12.66884117,      -11.40504012
          0,           0,        1237,      -11.97614704,      -11.93821521,      -11.69121858,       -12.6468731,      -11.40699734
          0,           0,        1238,      -11.96943332,      -11.92909632,       -11.6911155,      -12.49266359,      -11.40017506
          0,           0,        1239,      -11.97105998,      -11.93202989,       -11.6911656,      -12.64207017,      -11.40206332
          0,           0,        1240,      -11.97685661,      -11.93919854,      -11.69117132,      -12.68390982,      -11.40771381
          0,           0,        1241,      -11.97800031,       -11.9406822,      -11.69110384,      -12.65029694,      -11.40890817
          0,           0,        1242,      -11.97330013,      -11.93417667,      -11.69100298,      -12.53642684,      -11.40410989
          0,           0,        1243,      -11.97548313,      -11.93623244,      -11.69096138,      -12.50284712,      -11.40633595
          0,           0,        1244,      -11.97079312,      -11.93174326,      -11.69110108,      -12.64594323,      -11.40181967
          0,           0,        1245,      -11.97651351,      -11.93864885,      -11.69113833,      -12.67854962,      -11.40738469
          0,           0,        1246,      -11.97824531,      -11.94078931,      -11.69111973,      -12.66512603,      -11.40916806
          0,           0,        1247,      -11.97602007,      -11.93765495,      -11.69114569,      -12.59091945,      -11.40687768
          0,           0,        1248,      -11.96199609,      -11.91857401,      -11.69036801,      -12.38126197,      -11.39266779
          0,           0,        1249,      -11.96558303,      -11.92453592,      -11.69093528,       -12.5562477,      -11.39679601
          0,           0,        1250,      -11.97416664,      -11.93523778,      -11.69117686,      -12.65698109,      -11.40504473
          0,           0,        1251,      -11.97588758,      -11.93769847,      -11.69125451,      -12.64903175,      -11.40676138
          0,           0,        1252,      -11.96921469,      -11.92893291,       -11.6910313,      -12.48709272,      -11.39997766
          0,           0,        1253,      -11.97209581,      -11.93154921,      -11.69069835,      -12.43158191,      -11.40292085
          0,           0,        1254,      -11.93899345,       -11.8892837,      -11.68742238,      -12.18735815,      -11.36936811
          0,           0,        1255,      -11.93927408,       -11.8925388,      -11.68897087,      -12.34027799,      -11.37087899
          0,           0,        1256,      -11.95714898,      -11.91327999,      -11.68922632,      -12.41598488,      -11.38799981
          0,           0,        1257,      -11.96756252,      -11.92582506,      -11.68952485,      -12.45778039,      -11.39844751
          0,           0,        1258,      -11.96794411,      -11.92676223,      -11.69006431,       -12.4541562,      -11.39867609
          0,           0,        1259,      -11.94990486,      -11.90383502,        -11.689453,      -12.28325826,      -11.38039605
          0,           0,        1260,      -11.95431227,      -11.91102809,      -11.69037725,      -12.46828786,      -11.38554624
          0,           0,        1261,      -11.96924498,      -11.92926718,      -11.69075963,      -12.57994452,      -11.39998228
          0,           0,        1262,      -11.97228094,      -11.93325798,      -11.69092441,      -12.57141064,      -11.40307865
          0,           0,        1263,      -11.97545971,      -11.93708969,      -11.69105817,      -12.56277819,      -11.40625775
          0,           0,        1264,      -11.96407277,       -11.9218974,       -11.6907284,      -12.40238719,      -11.39465723
          0,           0,        1265,      -11.96340688,      -11.92265984,      -11.69102549,      -12.58440518,      -11.39449523
          0,           0,        1266,      -11.97330816,      -11.93453224,      -11.69112538,      -12.65670158,       -11.4040896
          0,           0,        1267,       -11.9753531,      -11.93715144,      -11.69113094,       -12.6261964,      -11.40620869
          0,           0,        1268,      -11.96852567,      -11.92788707,      -11.69100595,      -12.47812141,      -11.39923649
          0,           0,        1269,       -11.9702126,      -11.93099284,      -11.69103754,      -12.62179716,      -11.40120726
          0,           0,        1270,       -11.9764473,      -11.93874888,      -11.69102155,       -12.6556349,      -11.40729837
          0,           0,        1271,      -11.97766425,      -11.94028519,      -11.69092688,      -12.61994467,      -11.40857045
          0,           0,        1272,      -11.97262124,      -11.93325813,      -11.69086159,      -12.51060346,      -11.40342616
          0,           0,        1273,      -11.97505076,      -11.93553526,      -11.69082384,      -12.48035841,       -11.4059089
          0,           0,        1274,      -11.95227988,      -11.90600766,      -11.68945058,       -12.2812183,      -11.38276695
          0,           0,        1275,      -11.95235526,      -11.90806097,      -11.69049393,      -12.46172179,      -11.38372133
          0,           0,        1276,      -11.96737028,      -11.92619645,      -11.69081829,      -12.57210552,      -11.39820752
          0,           0,        1277,      -11.97096023,      -11.93102602,      -11.69096899,      -12.56764392,      -11.40183054
          0,           0,        1278,      -11.97217208,      -11.93320871,       -11.6908859,      -12.63217199,      -11.40299821
          0,           0,        1279,      -11.97648527,      -11.93837249,      -11.69089258,       -12.6223579,      -11.40730102
          0,           0,        1280,      -11.97799967,      -11.94039182,      -11.69077196,      -12.59609523,      -11.40897773
          0,           0,        1281,      -11.97646749,      -11.93820407,      -11.69074057,      -12.55346344,      -11.40744499
          0,           0,        1282,      -11.97808904,      -11.94003914,      -11.69072396,      -12.54745513,      -11.40906395
          0,           0,        1283,      -11.96810419,      -11.92651188,      -11.69040975,       -12.4280725,      -11.39885336
          0,           0,        1284,      -11.97026884,      -11.92869924,      -11.69021498,      -12.38350034,      -11.40113475
          0,           0,        1285,      -11.93621493,      -11.88619634,      -11.68718406,      -12.17107274,       -11.3665654
          0,           0,        1286,      -11.93576171,      -11.88786198,      -11.68888291,       -12.3201399,      -11.36751214
          0,           0,        1287,      -11.95831862,       -11.9145558,      -11.68921289,      -12.40736713,      -11.38925485
          0,           0,        1288,      -11.96651125,      -11.92485991,      -11.68949713,      -12.45418698,      -11.39744423
          0,           0,        1289,      -11.96723882,      -11.92608017,      -11.69004281,       -12.4490999,      -11.39789808
          0,           0,        1290,      -11.97106868,      -11.93106863,      -11.69044552,      -12.45629466,      -11.40173605
          0,           0,        1291,      -11.95074282,      -11.90379245,      -11.68922852,      -12.27112822,      -11.38120652
          0,           0,        1292,      -11.95065145,      -11.90692768,      -11.69024484,      -12.45111889,       -11.3819043
          0,           0,        1293,      -11.96717345,      -11.92650361,      -11.69053989,      -12.54578222,      -11.39784097
          0,           0,        1294,      -11.97099695,      -11.93147776,      -11.69073419,      -12.54025971,       -11.4017602
          0,           0,        1295,       -11.9584802,      -11.91532045,      -11.69052981,      -12.37486057,      -11.38903733
          0,           0,        1296,      -11.96185336,      -11.92066494,      -11.69086199,      -12.55348478,      -11.39287051
          0,           0,        1297,      -11.97276169,      -11.93403701,      -11.69099019,      -12.62545428,      -11.40350518
          0,           0,        1298,      -11.97487927,      -11.93672862,      -11.69096488,      -12.59090797,      -11.40573529
          0,           0,        1299,      -11.96708555,      -11.92604821,      -11.69084261,      -12.45035215,      -11.39778291
          0,           0,        1300,      -11.96889986,      -11.92940196,      -11.69082377,      -12.58973581,      -11.39989402
          0,           0,        1301,      -11.97572579,      -11.93787653,      -11.69080751,      -12.61796804,      -11.40655915
          0,           0,        1302,      -11.97719934,      -11.93972386,      -11.69068573,      -12.58404135,       -11.4080992
          0,           0,        1303,      -11.97186049,       -11.9322433,      -11.69062643,      -12.48424374,      -11.40263725
          0,           0,        1304,      -11.97339103,       -11.9350217,      -11.69061265,      -12.58462814,      -11.40439533
          0,           0,        1305,      -11.97770133,      -11.94040028,      -11.69062924,      -12.60789481,      -11.40859345
          0,           0,        1306,      -11.97859428,      -11.94155518,      -11.69059481,      -12.58950603,      -11.40952624
          0,           0,        1307,      -11.97488404,      -11.93633549,      -11.69060776,      -12.52039919,       -11.4057289
          0,           0,        1308,      -11.97666368,      -11.93811965,      -11.69068682,      -12.50259569,      -11.40754714
          0,           0,        1309,      -11.96021587,      -11.91624568,      -11.68979241,       -12.3376475,      -11.39083071
          0,           0,        1310,      -11.96066497,      -11.91867691,      -11.69060284,      -12.50357675,      -11.39194059
          0,           0,        1311,      -11.97144066,      -11.93170662,      -11.69092871,      -12.59792562,      -11.40231528
          0,           0,        1312,      -11.97403948,      -11.93528111,      -11.69107699,      -12.60445641,      -11.40492221
          0,           0,        1313,      -11.97644964,      -11.93842843,      -11.69121447,      -12.60950931,      -11.40728674
          0,           0,        1314,      -11.96698101,       -11.9258039,      -11.69082217,      -12.44998085,      -11.39764046
          0,           0,        1315,      -11.96750166,      -11.92782886,      -11.69114388,      -12.61671276,      -11.39855666
          0,           0,        1316,      -11.97522508,      -11.93705343,      -11.69124497,      -12.68914101,      -11.40605253
          0,           0,        1317,      -11.97694698,      -11.93920199,      -11.69128248,      -12.67058703,      -11.40782789
          0,           0,        1318,      -11.96285601,      -11.92125623,      -11.70345274,      -12.52804003,      -11.39203725
          0,           0,        1319,      -11.96406146,      -11.92543216,      -11.69051317,      -12.64260798,      -11.39484142
          0,           0,        1320,      -11.97405968,      -11.93755765,      -11.68966683,       -12.6800672,      -11.40526416
          0,           0,        1321,      -11.97760046,      -11.94143455,      -11.69034688,      -12.66319776,      -11.40880932
          0,           0,        1322,      -11.97454009,      -11.93676385,      -11.69072952,       -12.5710796,      -11.40554782
          0,           0,        1323,      -11.95634641,       -11.9119045,      -11.68986925,      -12.33566151,      -11.38702891
          0,           0,        1324,      -11.96109406,      -11.91900589,      -11.69076498,      -12.51496078,       -11.3923783
          0,           0,        1325,      -11.97168436,      -11.93214499,      -11.69107669,      -12.62988859,      -11.40252731
          0,           0,        1326,      -11.97411362,      -11.93550596,      -11.69117941,      -12.61980866,      -11.40497836
          0,           0,        1327,      -11.96505129,      -11.92372273,      -11.69074588,      -12.43327316,      -11.39574742
          0,           0,        1328,      -11.96717785,      -11.92723856,      -11.69106826,      -12.60140407,      -11.39822212
          0,           0,        1329,      -11.97517858,      -11.93704075,      -11.69121015,      -12.67964396,      -11.40599215
          0,           0,        1330,      -11.97686822,      -11.93917026,      -11.69127256,      -12.66611466,      -11.40773519
          0,           0,        1331,      -11.97113623,      -11.93133783,      -11.69113716,      -12.52138036,      -11.40190451
          0,           0,        1332,      -11.97265045,      -11.93406131,      -11.69122882,      -12.66238273,       -11.4036477
          0,           0,        1333,      -11.97759939,      -11.94018504,      -11.69125038,      -12.70476575,       -11.4084864
          0,           0,        1334,      -11.97858382,      -11.94141618,      -11.69121803,      -12.67513551,      -11.40949983
          0,           0,        1335,      -11.97460421,      -11.93583237,      -11.69116283,      -12.56623407,      -11.40545178
          0,           0,        1336,      -11.95504873,      -11.90983304,      -11.68998418,      -12.32752141,      -11.38562407
          0,           0,        1337,      -11.95996775,      -11.91707015,      -11.69076697,      -12.50945303,      -11.39128649
          0,           0,        1338,      -11.97136824,      -11.93140334,      -11.69107186,      -12.62100109,      -11.40224817
          0,           0,        1339,      -11.97379022,      -11.93495106,      -11.69115097,      -12.61202915,       -11.4046774
          0,           0,        1340,      -11.96428272,      -11.92257161,      -11.69074313,      -12.42955448,      -11.39498025
          0,           0,        1341,      -11.96709008,      -11.92714655,      -11.69107578,      -12.60602122,      -11.39813376
          0,           0,        1342,      -11.97514644,      -11.93692196,      -11.69121577,      -12.68471996,       -11.4059613
          0,           0,        1343,      -11.97687298,      -11.93914018,      -11.69126045,      -12.66640785,      -11.40774025
          0,           0,        1344,      -11.97110455,      -11.93122462,      -11.69116793,       -12.5177132,      -11.40188235
          0,           0,        1345,       -11.9725444,      -11.93387777,      -11.69122897,      -12.66207596,      -11.40352783
          0,           0,        1346,       -11.9774969,      -11.93999815,      -11.69125397,      -12.70404541,      -11.40836332
          0,           0,        1347,      -11.97847228,      -11.94124075,      -11.69121911,       -12.6731633,      -11.40938552
          0,           0,        1348,      -11.97472447,      -11.93607138,       -11.6911642,      -12.56577837,      -11.40556027
          0,           0,        1349,      -11.97633632,       -11.9375478,      -11.69109389,      -12.52956151,      -11.40720062
          0,           0,        1350,      -11.97572484,       -11.9368787,      -11.69105891,      -12.52900149,      -11.40660676
          0,           0,        1351,      -11.95698034,      -11.91266775,      -11.68963022,      -12.31742168,      -11.38752534
          0,           0,        1352,       -11.9562397,       -11.9136589,      -11.69041896,      -12.47545676,      -11.38756868
          0,           0,        1353,      -11.96944474,      -11.92930913,      -11.69063792,      -12.55528036,       -11.4003211
          0,           0,        1354,       -11.9726033,      -11.93335243,      -11.69076823,      -12.56209675,      -11.40345557
          0,           0,        1355,      -11.96385301,      -11.92165625,      -11.69048516,      -12.41466412,       -11.3945081
          0,           0,        1356,      -11.96609805,      -11.92600067,      -11.69089125,      -12.58199739,      -11.39708628
          0,           0,        1357,      -11.97468498,      -11.93644769,      -11.69108123,      -12.65461184,      -11.40548119
          0,           0,        1358,      -11.97648775,      -11.93872481,      -11.69115287,       -12.6382808,      -11.40735564
          0,           0,        1359,      -11.97029317,      -11.93015937,      -11.69105276,      -12.49971651,      -11.40104955
          0,           0,        1360,       -11.9717276,      -11.93292195,      -11.69113904,      -12.64060284,      -11.40273913
          0,           0,        1361,      -11.97707852,      -11.93953364,      -11.69113799,      -12.67964948,      -11.40795049
          0,           0,        1362,      -11.97824698,       -11.9410168,      -11.69107132,      -12.64789305,      -11.40916318
          0,           0,        1363,      -11.97432322,      -11.93556221,      -11.69102901,      -12.54759276,      -11.40515095
          0,           0,        1364,       -11.9760115,      -11.93705262,      -11.69100161,      -12.51641902,      -11.40687972
          0,           0,        1365,      -11.95598215,      -11.91094633,      -11.68975575,      -12.31572003,       -11.3865106
          0,           0,        1366,      -11.95666832,      -11.91370531,      -11.69062364,      -12.49113909,      -11.38797926
          0,           0,        1367,      -11.96945111,      -11.92915546,      -11.69091519,       -12.5904418,      -11.40032338
          0,           0,        1368,      -11.97253162,      -11.93324674,      -11.69102557,       -12.5845102,       -11.4034021
          0,           0,        1369,      -11.96238383,       -11.9199746,      -11.69063544,      -12.40625727,      -11.39302843
          0,           0,        1370,      -11.96495131,       -11.9245257,      -11.69100677,      -12.58549016,      -11.39598282
          0,           0,        1371,      -11.97416801,      -11.93570707,      -11.69115644,      -12.66744206,      -11.40495199
          0,           0,        1372,      -11.97616732,      -11.93823703,      -11.69122305,      -12.65148696,      -11.40702332
          0,           0,        1373,      -11.96934295,      -11.92902877,      -11.69108285,      -12.49934362,      -11.40007518
          0,           0,        1374,      -11.97247469,      -11.93184841,      -11.69091349,       -12.4475961,      -11.40329487
          0,           0,        1375,      -11.94277193,      -11.89390548,      -11.68845338,      -12.21866009,      -11.37312098
          0,           0,        1376,      -11.94215538,       -11.8957682,       -11.6898226,      -12.39011826,      -11.37366873
          0,           0,        1377,      -11.95876086,      -11.91527849,      -11.69002839,      -12.47750093,      -11.38957623
          0,           0,        1378,      -11.96874943,      -11.92740127,      -11.69020618,      -12.51406242,      -11.39964129
          0,           0,        1379,       -11.9734542,      -11.93365879,      -11.69045359,      -12.54234424,      -11.40425312
          0,           0,        1380,      -11.97166665,      -11.93153704,      -11.69085468,        -12.504572,      -11.40240676
          0,           0,        1381,      -11.95225437,      -11.90593864,      -11.68996336,      -12.30899339,      -11.38284208
          0,           0,        1382,       -11.9569512,      -11.91366664,      -11.69078234,      -12.50658449,      -11.38821289
          0,           0,        1383,      -11.97026937,      -11.93017172,       -11.6910933,      -12.62838221,      -11.40103122
          0,           0,        1384,      -11.97307163,      -11.93405589,       -11.6911813,      -12.60844954,      -11.40388441
          0,           0,        1385,      -11.96234385,      -11.91991429,      -11.69086068,      -12.41334874,       -11.3929592
          0,           0,        1386,      -11.96520424,      -11.92467017,      -11.69110692,      -12.60138012,      -11.39625337
          0,           0,        1387,      -11.97434707,      -11.93589738,      -11.69120075,      -12.67424931,        -11.405131
          0,           0,        1388,      -11.97611776,      -11.93821248,      -11.69116501,      -12.63777765,      -11.40697097
          0,           0,        1389,      -11.96951401,      -11.92911677,      -11.69104379,      -12.48584908,       -11.4002535
          0,           0,        1390,      -11.97099273,      -11.93197261,      -11.69103965,      -12.62791103,      -11.40198799
          0,           0,        1391,      -11.97673184,      -11.93910049,      -11.69103109,      -12.66091076,      -11.40758801
          0,           0,        1392,      -11.97794703,       -11.9406189,      -11.69093669,      -12.62461675,      -11.40885424
          0,           0,        1393,      -11.97363408,      -11.93456155,      -11.69088681,      -12.52155796,      -11.40445067
          0,           0,        1394,      -11.95153614,      -11.90489207,       -11.6895596,      -12.29213138,      -11.38206049
          0,           0,        1395,      -11.95703473,      -11.91346836,      -11.69057915,      -12.47907857,      -11.38840293
          0,           0,        1396,      -11.96973835,      -11.92921383,      -11.69098795,      -12.59877773,      -11.40058104
          0,           0,        1397,      -11.97270603,      -11.93348769,      -11.69109864,      -12.59139133,      -11.40356374
          0,           0,        1398,      -11.96105689,      -11.91822755,      -11.69061777,      -12.39870092,      -11.39167629
          0,           0,        1399,       -11.9641031,      -11.92322858,      -11.69103035,      -12.58141766,       -11.3951886
          0,           0,        1400,      -11.97384583,      -11.93515988,      -11.69119331,      -12.67007466,      -11.40463649
          0,           0,        1401,       -11.9757398,      -11.93770493,      -11.69123365,      -12.64613066,      -11.40659088
          0,           0,        1402,      -11.96876837,      -11.92809277,      -11.69110668,      -12.48655078,      -11.39950726
          0,           0,        1403,      -11.97049729,      -11.93139884,      -11.69119237,      -12.64319446,      -11.40150006
          0,           0,        1404,      -11.97648543,      -11.93875859,      -11.69120782,      -12.68962592,      -11.40733653
          0,           0,        1405,      -11.97782904,      -11.94040433,       -11.6911418,      -12.65564513,      -11.40872548
          0,           0,        1406,      -11.97304185,      -11.93366381,      -11.69104416,      -12.53397697,      -11.40384644
          0,           0,        1407,      -11.97529507,      -11.93606515,      -11.69104224,      -12.50158717,      -11.40616054
          0,           0,        1408,      -11.97474462,      -11.93536761,      -11.69100884,      -12.50744138,      -11.40561579
          0,           0,        1409,      -11.97354996,      -11.93460957,      -11.69096916,      -12.50723272,      -11.40439392
          0,           0,        1410,      -11.96690905,      -11.92742033,      -11.69103939,      -12.62325297,      -11.39790233
          0,           0,        1411,      -11.97415977,      -11.93549434,      -11.69103081,      -12.64302411,       -11.4050304
          0,           0,        1412,      -11.97673875,      -11.93850646,      -11.69105918,      -12.63981662,      -11.40764228
          0,           0,        1413,      -11.97479497,       -11.9357868,      -11.69113691,      -12.57623605,      -11.40563026
          0,           0,        1414,      -11.96008099,      -11.91572202,      -11.69037082,       -12.3691634,      -11.39075987
          0,           0,        1415,      -11.96398487,      -11.92235666,      -11.69098436,      -12.55498862,      -11.39519467
          0,           0,        1416,      -11.97338259,      -11.93416422,      -11.69121575,      -12.66590487,      -11.40422082
          0,           0,        1417,      -11.97546331,      -11.93712342,      -11.69128618,      -12.65025939,       -11.4063203
          0,           0,        1418,      -11.96831411,      -11.92767567,      -11.69103684,      -12.48181997,      -11.39903393
          0,           0,        1419,      -11.97141912,       -11.9305055,      -11.69074327,      -12.42283301,      -11.40223242
          0,           0,        1420,      -11.96321647,      -11.92229533,      -11.69103007,      -12.59561297,      -11.39431073
          0,           0,        1421,      -11.97297997,      -11.93381013,      -11.69110981,      -12.65239751,      -11.40377971
          0,           0,        1422,      -11.97584877,      -11.93744153,      -11.69113851,      -12.64891598,      -11.40673603
          0,           0,        1423,      -11.97142554,      -11.93165199,      -11.69115806,       -12.5340958,      -11.40218082
          0,           0,        1424,      -11.97311921,      -11.93453046,      -11.69117089,      -12.65736374,      -11.40409352
          0,           0,        1425,      -11.97777695,      -11.94038153,       -11.6911528,      -12.68393713,      -11.40867422
          0,           0,        1426,      -11.97874447,       -11.9416302,      -11.69107493,      -12.65551982,      -11.40968669
          0,           0,        1427,      -11.97547431,      -11.93696965,      -11.69101509,      -12.56638678,      -11.40634415
          0,           0,        1428,      -11.97732535,      -11.93884867,      -11.69103586,      -12.54526761,      -11.40821928
          0,           0,        1429,      -11.96277732,      -11.91969152,       -11.6902067,      -12.36916226,      -11.39344884
          0,           0,        1430,      -11.96263438,      -11.92117853,      -11.69086106,      -12.53882447,       -11.3938508
          0,           0,        1431,      -11.97239478,      -11.93303921,      -11.69109237,      -12.63186503,      -11.40327447
          0,           0,        1432,      -11.97477279,      -11.93623697,       -11.6911708,      -12.62546325,      -11.40567804
          0,           0,        1433,      -11.96662094,      -11.92563048,      -11.69091548,      -12.45960971,      -11.39733404
          0,           0,        1434,      -11.96888483,      -11.92930909,      -11.69115701,      -12.62625479,      -11.39989331
          0,           0,        1435,      -11.97591786,      -11.93788292,       -11.6912746,      -12.69839687,      -11.40674421
          0,           0,        1436,      -11.97738652,      -11.93975288,      -11.69129208,      -12.67909513,      -11.40826839
          0,           0,        1437,      -11.97205664,      -11.93241115,       -11.6911681,      -12.53800962,      -11.40285009
          0,           0,        1438,      -11.97483002,      -11.93521767,      -11.69105066,      -12.49531788,      -11.40568534
          0,           0,        1439,      -11.97403813,      -11.93457546,      -11.69095943,      -12.49677929,       -11.4049392
          0,           0,        1440,      -11.95139621,      -11.90563958,      -11.68906789,      -12.27394997,      -11.38183906
          0,           0,        1441,       -11.9500894,      -11.90605758,      -11.69005079,      -12.43328967,       -11.3814605
          0,           0,        1442,      -11.96607197,       -11.9249046,       -11.6902453,       -12.5151125,       -11.3968904
          0,           0,        1443,      -11.97015228,      -11.93020392,      -11.69042233,      -12.51580788,      -11.40096309
          0,           0,        1444,      -11.95809795,      -11.91445697,       -11.6900021,      -12.35504672,      -11.38863938
          0,           0,        1445,      -11.96090224,      -11.91953772,      -11.69057878,      -12.52428902,      -11.39194378
          0,           0,        1446,      -11.97250244,      -11.93367847,      -11.69083147,      -12.60666038,      -11.40324967
          0,           0,        1447,      -11.97472356,      -11.93647338,      -11.69099231,      -12.59421159,      -11.40555995
          0,           0,        1448,      -11.97693971,       -11.9390873,      -11.69106802,      -12.58577986,      -11.40777606
          0,           0,        1449,       -11.9682989,      -11.92739751,      -11.69094737,      -12.44662641,      -11.39898641
          0,           0,        1450,      -11.96783615,      -11.92818035,      -11.69105153,      -12.61007861,      -11.39888541
          0,           0,        1451,      -11.97532349,       -11.9372813,      -11.69108528,      -12.66054373,       -11.4061416
          0,           0,        1452,      -11.97682662,      -11.93916808,      -11.69102039,      -12.62711603,      -11.40771979
          0,           0,        1453,      -11.97152616,      -11.93168585,      -11.69093926,      -12.50582633,      -11.40230674
          0,           0,        1454,      -11.97318131,       -11.9346723,      -11.69092525,       -12.6226578,      -11.40417197
          0,           0,        1455,      -11.97772454,      -11.94032882,      -11.69091178,      -12.64614779,      -11.40860586
          0,           0,        1456,      -11.97864984,      -11.94158585,      -11.69083326,      -12.61942874,      -11.40957938
          0,           0,        1457,      -11.97505838,      -11.93652808,      -11.69078335,      -12.53778663,      -11.40590699
          0,           0,        1458,      -11.95772341,      -11.91311174,      -11.68993049,      -12.33300095,      -11.38835042
          0,           0,        1459,      -11.96181845,      -11.91953477,      -11.69068779,      -12.51122487,      -11.39311156
          0,           0,        1460,      -11.97213824,       -11.9325189,      -11.69103368,      -12.62171549,       -11.4030072
          0,           0,        1461,      -11.97450734,      -11.93586608,      -11.69114122,      -12.61603602,      -11.40539026
          0,           0,        1462,      -11.96621437,      -11.92508235,      -11.69085854,      -12.45008987,       -11.3969154
          0,           0,        1463,      -11.96809228,      -11.92830604,      -11.69113534,       -12.6171143,      -11.39913352
          0,           0,        1464,      -11.97551019,      -11.93738769,       -11.6912657,      -12.69338017,      -11.40634095
          0,           0,        1465,      -11.97714332,      -11.93949893,      -11.69129511,      -12.67394637,      -11.40801734
          0,           0,        1466,      -11.97151423,       -11.9319376,      -11.69119003,       -12.5299767,      -11.40229717
          0,           0,        1467,      -11.94316246,      -11.89404525,      -11.68916762,      -12.24522851,      -11.37365453
          0,           0,        1468,      -11.95031337,      -11.90482788,      -11.69030171,      -12.43198169,      -11.38179851
          0,           0,        1469,      -11.96389647,      -11.92157625,      -11.69057343,      -12.54255208,      -11.39474508
          0,           0,        1470,      -11.97192864,      -11.93177009,      -11.69071424,      -12.57688737,      -11.40282322
          0,           0,        1471,      -11.97179763,      -11.93180446,      -11.69094679,      -12.54525058,      -11.40261793
          0,           0,        1472,      -11.97344384,      -11.93480586,      -11.69097036,      -12.63229848,      -11.40432014
          0,           0,        1473,      -11.97759789,       -11.9401181,      -11.69095503,      -12.63522629,      -11.40850299
          0,           0,        1474,      -11.97875173,       -11.9416229,      -11.69084843,      -12.61441797,      -11.40974211
          0,           0,        1475,      -11.97651369,      -11.93833181,      -11.69082677,      -12.56096943,      -11.40744074
          0,           0,        1476,      -11.96519275,      -11.92278252,      -11.69043466,      -12.40279748,      -11.39593024
          0,           0,        1477,      -11.96777062,      -11.92708853,      -11.69086409,      -12.56722837,      -11.39893289
          0,           0,        1478,      -11.97489133,      -11.93629077,      -11.69112036,      -12.65918466,      -11.40576452
          0,           0,        1479,      -11.97669695,      -11.93883989,      -11.69120372,      -12.65215219,      -11.40760548
          0,           0,        1480,      -11.97047663,      -11.93049808,      -11.69103629,      -12.50582193,      -11.40126804
          0,           0,        1481,      -11.97244924,      -11.93377483,      -11.69121709,      -12.65519773,      -11.40346359
          0,           0,        1482,       -11.9774472,      -11.93989799,      -11.69130742,      -12.71155905,      -11.40831714
          0,           0,        1483,      -11.97851353,      -11.94125232,      -11.69130981,      -12.69445101,      -11.40941729
          0,           0,        1484,      -11.97464159,      -11.93589786,      -11.69124087,      -12.57908647,       -11.4054785
          0,           0,        1485,      -11.97580516,      -11.93798111,      -11.69124515,      -12.69098743,      -11.40678506
          0,           0,        1486,       -11.9789287,      -11.94186054,      -11.69125688,      -12.71762095,      -11.40983307
          0,           0,        1487,      -11.97951721,      -11.94262119,      -11.69121422,      -12.69301634,      -11.41045303
          0,           0,        1488,      -11.97721248,      -11.93930758,      -11.69118288,      -12.61288065,      -11.40809602
          0,           0,        1489,      -11.96406418,      -11.92149643,      -11.69046819,      -12.40005652,      -11.39477655
          0,           0,        1490,      -11.96758784,      -11.92417568,      -11.68966924,      -12.33217463,      -11.39848517
          0,           0,        1491,      -11.95745999,      -11.91439074,      -11.69033356,      -12.47890301,      -11.38877381
          0,           0,        1492,      -11.96963491,      -11.92905029,      -11.69055538,      -12.54257568,      -11.40056134
          0,           0,        1493,      -11.97356197,      -11.93423459,      -11.69072343,      -12.57034495,       -11.4044985
          0,           0,        1494,       -11.9687558,      -11.92813112,      -11.69073864,      -12.47992524,      -11.39949348
          0,           0,        1495,       -11.9707841,      -11.93165118,       -11.6909973,      -12.61920916,      -11.40174141
          0,           0,        1496,      -11.97658705,      -11.93886625,      -11.69113956,      -12.67541583,       -11.4074458
          0,           0,        1497,      -11.97799673,      -11.94063896,      -11.69119944,      -12.66645736,      -11.40891622
          0,           0,        1498,      -11.97396481,      -11.93499988,        -11.691173,      -12.56204247,      -11.40480364
          0,           0,        1499,      -11.95411049,      -11.90817627,      -11.68992233,        -12.315544,      -11.38470477
          0,           0,        1500,      -11.95869198,      -11.91530833,      -11.69075433,      -12.50096453,      -11.39002423
          0,           0,        1501,      -11.97080353,      -11.93057334,      -11.69102481,      -12.61451778,      -11.40163972
          0,           0,        1502,      -11.97344566,      -11.93445491,      -11.69111192,       -12.6017564,      -11.40430552
          0,           0,        1503,      -11.97612029,       -11.9379009,      -11.69118151,       -12.5957427,      -11.40696475
          0,           0,        1504,       -11.9770686,        -11.939225,      -11.69127689,      -12.60847962,       -11.4078921
          0,           0,        1505,      -11.96669158,      -11.92543016,      -11.69075094,      -12.42856287,      -11.39734534
          0,           0,        1506,      -11.96554812,      -11.92547994,      -11.69105852,      -12.59589023,      -11.39661974
          0,           0,        1507,      -11.97415901,      -11.93566417,      -11.69116303,       -12.6675068,       -11.4049643
          0,           0,        1508,      -11.97607069,      -11.93806653,       -11.6912088,      -12.64715072,      -11.40693821
          0,           0,        1509,      -11.96949594,      -11.92914797,        -11.691069,      -12.49956672,      -11.40021712
          0,           0,        1510,      -11.97290385,       -11.9326369,      -11.69093891,      -12.45570473,      -11.40373384
          0,           0,        1511,      -11.96579084,      -11.92568006,      -11.69113401,      -12.62368251,      -11.39684775
          0,           0,        1512,      -11.97421934,      -11.93571084,      -11.69114996,      -12.66903227,      -11.40504171
          0,           0,        1513,      -11.97665917,      -11.93866902,      -11.69115107,      -12.65446625,      -11.40755591
          0,           0,        1514,      -11.97334678,      -11.93407466,      -11.69117168,      -12.55484836,       -11.4041567
          0,           0,        1515,      -11.97470644,      -11.93655672,       -11.6911097,      -12.65795423,      -11.40566882
          0,           0,        1516,      -11.97839263,      -11.94116663,      -11.69106601,      -12.67139127,      -11.40929587
          0,           0,        1517,      -11.97920746,      -11.94221755,      -11.69097017,      -12.64472936,      -11.41015185
          0,           0,        1518,      -11.97645446,      -11.93825136,      -11.69092214,      -12.57041428,      -11.40733571
          0,           0,        1519,      -11.96309441,      -11.92001703,      -11.69033682,      -12.38164059,      -11.39379166
          0,           0,        1520,      -11.92558449,      -11.86959223,      -11.68609389,      -12.12363869,      -11.35595345
          0,           0,        1521,      -11.93202178,      -11.88154566,      -11.68834231,      -12.28539682,      -11.36403049
          0,           0,        1522,      -11.94705523,       -11.9022044,      -11.70888814,      -12.37046077,      -11.37862679
          0,           0,        1523,      -11.96604345,      -11.92258504,      -11.69656832,      -12.40872108,      -11.39651832
          0,           0,        1524,      -11.97088414,      -11.92705027,       -11.6898782,      -12.44795162,      -11.40159207
          0,           0,        1525,      -11.97485633,      -11.93267481,       -11.6891843,       -12.4747669,      -11.40579517
          0,           0,        1526,      -11.97607676,      -11.93550527,      -11.68971947,       -12.4850477,      -11.40730876
          0,           0,        1527,      -11.97174118,      -11.93024466,      -11.69005104,      -12.44897867,      -11.40292198
          0,           0,        1528,       -11.9741256,      -11.93332917,      -11.69034221,      -12.45139564,      -11.40519732
          0,           0,        1529,      -11.95344563,      -11.90674661,      -11.68929732,      -12.28598428,       -11.3840271
          0,           0,        1530,      -11.95396548,      -11.90971844,      -11.69040802,      -12.45897002,      -11.38533813
          0,           0,        1531,      -11.96791791,      -11.92694888,      -11.69077115,      -12.56205249,      -11.39884796
          0,           0,        1532,      -11.97139795,      -11.93170293,      -11.69092796,      -12.56500183,      -11.40233997
          0,           0,        1533,       -11.9745943,      -11.93597369,      -11.69109364,      -12.57211983,      -11.40543814
          0,           0,        1534,      -11.96410949,      -11.92194875,      -11.69062061,      -12.40945108,       -11.3947118
          0,           0,        1535,      -11.96387644,       -11.9233723,      -11.69101695,      -12.58312412,       -11.3949413
          0,           0,        1536,      -11.97351121,      -11.93482408,      -11.69114364,      -12.66174139,      -11.40429106
          0,           0,        1537,      -11.97548317,        -11.937343,      -11.69119702,      -12.64161887,      -11.40633397
          0,           0,        1538,      -11.96836261,      -11.92757074,      -11.69103474,      -12.48544648,       -11.3990842
          0,           0,        1539,      -11.97032314,      -11.93109154,      -11.69117147,      -12.63904003,      -11.40133479
          0,           0,        1540,      -11.97652122,      -11.93876156,      -11.69119185,      -12.68680001,      -11.40738208
          0,           0,        1541,      -11.97782369,      -11.94041915,      -11.69114658,      -12.65589238,      -11.40872764
          0,           0,        1542,      -11.97315613,      -11.93391889,      -11.69107864,      -12.54005772,      -11.40397172
          0,           0,        1543,      -11.97533901,       -11.9360741,      -11.69103019,      -12.50322375,       -11.4061868
          0,           0,        1544,      -11.97444209,      -11.93496601,      -11.69098064,      -12.50430512,      -11.40529574
          0,           0,        1545,      -11.97370422,       -11.9347836,      -11.69095787,       -12.5087084,      -11.40455064
          0,           0,        1546,      -11.95365518,      -11.90950699,      -11.68944556,      -12.29394493,      -11.38416661
          0,           0,        1547,      -11.95286849,      -11.91005007,      -11.69024328,      -12.45443923,      -11.38415865
          0,           0,        1548,      -11.96758095,      -11.92728625,      -11.69044101,      -12.53792314,      -11.39836717
          0,           0,        1549,       -11.9712567,      -11.93168893,      -11.69062079,      -12.53870514,      -11.40203544
          0,           0,        1550,      -11.97182453,      -11.93310762,      -11.69060263,      -12.59147123,      -11.40260552
          0,           0,        1551,      -11.97624233,      -11.93838584,      -11.69065203,      -12.58573379,      -11.40707983
          0,           0,        1552,      -11.97771139,      -11.94027439,      -11.69058277,      -12.56559996,      -11.40875201
          0,           0,        1553,      -11.97646748,       -11.9383744,       -11.6905739,      -12.53130662,      -11.40750039
